v 0 0 -0
v 29.9595 0 36.2345
v 26.2424 0 39.3069
v 19.743 0 44.6836
v -1.26872 0 18.7462
v -16.5044 0 31.0915
v -10.1497 0 38.9396
v -13.5998 0 41.7337
v -20.8003 0 47.5668
v -11.0846 0 59.5671
v -3.61696 0 53.5224
v -0.422906 0 50.9398
v 3.81728 0 56.1829
v 21.4235 0 77.9014
v 25.2297 0 74.829
v 47.5991 0 102.258
v 47.2208 0 105.086
v 48.0221 0 109.761
v 50.6485 0 114.002
v 55.1224 0 117.075
v 60.2641 0 118.01
v 64.9271 0 116.986
v 68.6443 0 114.548
v 71.5935 0 110.306
v 72.6062 0 105.097
v 71.9274 0 101.212
v 70.169 0 97.8387
v 74.6429 0 94.1429
v 76.7462 0 92.3952
v 106.873 0 128.808
v 118.124 0 119.501
v 110.668 0 110.485
v 109.599 0 111.364
v 87.3411 0 84.4581
v 88.532 0 83.4674
v 80.8306 0 74.161
v 79.6064 0 75.174
v 69.6459 0 63.1515
v 66.6076 0 59.4557
v 74.7987 0 52.6653
v 78.8496 0 57.5744
v 82.6558 0 54.4241
v 91.3588 0 64.9438
v 90.3571 0 65.7676
v 98.2477 0 75.3076
v 109.855 0 65.7119
v 101.853 0 56.0382
v 100.785 0 56.9399
v 92.3604 0 46.7542
v 95.9106 0 43.8265
v 93.4622 0 40.9099
v 98.5815 0 36.6575
v 93.8294 0 30.9134
v 89.1441 0 25.2695
v 84.0247 0 29.5219
v 81.6987 0 26.7501
v 78.0929 0 29.7
v 69.2452 0 18.9911
v 70.347 0 18.0783
v 62.846 0 9.00575
v 51.2161 0 18.6238
v 58.7505 0 27.7408
v 59.8745 0 26.8057
v 68.6888 0 37.4701
v 64.827 0 40.6316
v 69.0672 0 45.7634
v 60.7426 0 52.643
v 39.8644 0 27.3957
v 32.5637 0 18.5792
v 38.1728 0 13.9372
v 30.7386 0 4.94259
v 25.2185 0 9.51782
v 18.018 0 0.8015
v 19.053 0 -0.0556597
v 11.3405 0 -9.38423
v 0 10 -0
v 29.9595 10 36.2345
v 26.2424 10 39.3069
v 19.743 10 44.6836
v -1.26872 10 18.7462
v -16.5044 10 31.0915
v -10.1497 10 38.9396
v -13.5998 10 41.7337
v -20.8003 10 47.5668
v -11.0846 10 59.5671
v -3.61696 10 53.5224
v -0.422906 10 50.9398
v 3.81728 10 56.1829
v 21.4235 10 77.9014
v 25.2297 10 74.829
v 47.5991 10 102.258
v 47.2208 10 105.086
v 48.0221 10 109.761
v 50.6485 10 114.002
v 55.1224 10 117.075
v 60.2641 10 118.01
v 64.9271 10 116.986
v 68.6443 10 114.548
v 71.5935 10 110.306
v 72.6062 10 105.097
v 71.9274 10 101.212
v 70.169 10 97.8387
v 74.6429 10 94.1429
v 76.7462 10 92.3952
v 106.873 10 128.808
v 118.124 10 119.501
v 110.668 10 110.485
v 109.599 10 111.364
v 87.3411 10 84.4581
v 88.532 10 83.4674
v 80.8306 10 74.161
v 79.6064 10 75.174
v 69.6459 10 63.1515
v 66.6076 10 59.4557
v 74.7987 10 52.6653
v 78.8496 10 57.5744
v 82.6558 10 54.4241
v 91.3588 10 64.9438
v 90.3571 10 65.7676
v 98.2477 10 75.3076
v 109.855 10 65.7119
v 101.853 10 56.0382
v 100.785 10 56.9399
v 92.3604 10 46.7542
v 95.9106 10 43.8265
v 93.4622 10 40.9099
v 98.5815 10 36.6575
v 93.8294 10 30.9134
v 89.1441 10 25.2695
v 84.0247 10 29.5219
v 81.6987 10 26.7501
v 78.0929 10 29.7
v 69.2452 10 18.9911
v 70.347 10 18.0783
v 62.846 10 9.00575
v 51.2161 10 18.6238
v 58.7505 10 27.7408
v 59.8745 10 26.8057
v 68.6888 10 37.4701
v 64.827 10 40.6316
v 69.0672 10 45.7634
v 60.7426 10 52.643
v 39.8644 10 27.3957
v 32.5637 10 18.5792
v 38.1728 10 13.9372
v 30.7386 10 4.94259
v 25.2185 10 9.51782
v 18.018 10 0.8015
v 19.053 10 -0.0556597
v 11.3405 10 -9.38423
v 57.7783 10 57.3487
v 692.697 0 327.747
v 697.216 0 338.022
v 694.278 0 355.187
v 686.732 0 368.39
v 674.412 0 369.692
v 642.527 0 417.849
v 629.729 0 437.196
v 631.576 0 440.38
v 622.139 0 449.875
v 612.045 0 454.072
v 598.267 0 453.905
v 583.031 0 444.521
v 577.277 0 432.721
v 574.273 0 430.606
v 567.807 0 426.053
v 508.9 0 384.587
v 501.199 0 374.991
v 499.596 0 365.818
v 500.442 0 357.859
v 568.252 0 263.382
v 577.589 0 258.35
v 592.391 0 258.551
v 603.219 0 264.473
v 632.155 0 285.546
v 659.277 0 306.618
v 675.169 0 318.685
v 677.562 0 320.366
v 682.97 0 319.498
v 692.697 30 327.747
v 697.216 30 338.022
v 694.278 30 355.187
v 686.732 30 368.39
v 674.412 30 369.692
v 642.527 30 417.849
v 629.729 30 437.196
v 631.576 30 440.38
v 622.139 30 449.875
v 612.045 30 454.072
v 598.267 30 453.905
v 583.031 30 444.521
v 577.277 30 432.721
v 574.273 30 430.606
v 567.807 30 426.053
v 508.9 30 384.587
v 501.199 30 374.991
v 499.596 30 365.818
v 500.442 30 357.859
v 568.252 30 263.382
v 577.589 30 258.35
v 592.391 30 258.551
v 603.219 30 264.473
v 632.155 30 285.546
v 659.277 30 306.618
v 675.169 30 318.685
v 677.562 30 320.366
v 682.97 30 319.498
v 612.955 30 365.176
v 470.004 0 120.726
v 534.163 0 50.9509
v 536.567 0 49.2255
v 539.527 0 48.5353
v 542.276 0 48.7579
v 545.036 0 49.526
v 547.273 0 51.04
v 548.598 0 52.5873
v 549.9 0 54.8137
v 550.768 0 57.5522
v 550.579 0 59.9344
v 550.056 0 62.851
v 545.737 0 70.8103
v 529.578 0 95.078
v 530.079 0 99.6421
v 533.028 0 102.291
v 556.878 0 120.236
v 557.891 0 118.667
v 579.592 0 136.378
v 592.446 0 146.452
v 590.087 0 149.469
v 598.011 0 155.758
v 580.271 0 178.089
v 577.912 0 176.007
v 577.567 0 179.948
v 575.909 0 183.544
v 573.126 0 186.36
v 569.565 0 188.063
v 565.625 0 188.475
v 561.786 0 187.518
v 558.503 0 185.325
v 556.143 0 182.152
v 554.997 0 178.367
v 551.079 0 183.243
v 528.632 0 166.133
v 533.44 0 159.821
v 529.556 0 156.86
v 521.543 0 167.18
v 492.151 0 147.732
v 485.485 0 142.923
v 475.858 0 136.133
v 478.618 0 132.637
v 476.403 0 133.361
v 474.066 0 133.361
v 471.84 0 132.648
v 469.948 0 131.268
v 468.579 0 129.376
v 467.867 0 127.149
v 467.878 0 124.823
v 468.613 0 122.596
v 470.004 10 120.726
v 534.163 10 50.9509
v 536.567 10 49.2255
v 539.527 10 48.5353
v 542.276 10 48.7579
v 545.036 10 49.526
v 547.273 10 51.04
v 548.598 10 52.5873
v 549.9 10 54.8137
v 550.768 10 57.5522
v 550.579 10 59.9344
v 550.056 10 62.851
v 545.737 10 70.8103
v 529.578 10 95.078
v 530.079 10 99.6421
v 533.028 10 102.291
v 556.878 10 120.236
v 557.891 10 118.667
v 579.592 10 136.378
v 592.446 10 146.452
v 590.087 10 149.469
v 598.011 10 155.758
v 580.271 10 178.089
v 577.912 10 176.007
v 577.567 10 179.948
v 575.909 10 183.544
v 573.126 10 186.36
v 569.565 10 188.063
v 565.625 10 188.475
v 561.786 10 187.518
v 558.503 10 185.325
v 556.143 10 182.152
v 554.997 10 178.367
v 551.079 10 183.243
v 528.632 10 166.133
v 533.44 10 159.821
v 529.556 10 156.86
v 521.543 10 167.18
v 492.151 10 147.732
v 485.485 10 142.923
v 475.858 10 136.133
v 478.618 10 132.637
v 476.403 10 133.361
v 474.066 10 133.361
v 471.84 10 132.648
v 469.948 10 131.268
v 468.579 10 129.376
v 467.867 10 127.149
v 467.878 10 124.823
v 468.613 10 122.596
v 533.821 10 126.847
v 187.292 0 576.156
v 203.106 0 585.14
v 222.504 0 550.998
v 206.69 0 542.003
v 187.292 84 576.156
v 203.106 84 585.14
v 222.504 84 550.998
v 206.69 84 542.003
v 204.898 84 563.574
v 571.212 0 9.51782
v 578.813 0 0.712445
v 607.938 0 -35.3773
v 696.793 0 36.9358
v 649.628 0 96.2914
v 610.075 0 64.3649
v 576.354 0 37.1473
v 571.602 0 43.0361
v 561.919 0 35.2215
v 565.291 0 31.047
v 569.053 0 26.3939
v 562.409 0 21.0394
v 571.212 20 9.51782
v 578.813 20 0.712445
v 607.938 20 -35.3773
v 696.793 20 36.9358
v 649.628 20 96.2914
v 610.075 20 64.3649
v 576.354 20 37.1473
v 571.602 20 43.0361
v 561.919 20 35.2215
v 565.291 20 31.047
v 569.053 20 26.3939
v 562.409 20 21.0394
v 593.424 20 30.5275
v 230.428 0 54.7692
v 238.552 0 52.8434
v 243.683 0 53.0326
v 247.556 0 56.5392
v 248.079 0 67.8604
v 246.187 0 75.5525
v 243.638 0 80.5953
v 238.964 0 85.7494
v 246.009 0 92.2616
v 257.149 0 78.458
v 259.631 0 80.9515
v 264.55 0 75.4969
v 283.035 0 88.8218
v 246.899 0 130.11
v 232.921 0 119.858
v 225.987 0 110.741
v 228.002 0 108.781
v 226.644 0 102.325
v 221.603 0 97.8832
v 215.092 0 104.407
v 208.637 0 101.557
v 211.475 0 98.1838
v 205.655 0 96.6142
v 199.867 0 92.7959
v 198.977 0 86.1613
v 201.937 0 80.9515
v 206.389 0 75.085
v 214.68 0 66.0236
v 221.959 0 60.5689
v 230.428 30 54.7692
v 238.552 30 52.8434
v 243.683 30 53.0326
v 247.556 30 56.5392
v 248.079 30 67.8604
v 246.187 30 75.5525
v 243.638 30 80.5953
v 238.964 30 85.7494
v 246.009 30 92.2616
v 257.149 30 78.458
v 259.631 30 80.9515
v 264.55 30 75.4969
v 283.035 30 88.8218
v 246.899 30 130.11
v 232.921 30 119.858
v 225.987 30 110.741
v 228.002 30 108.781
v 226.644 30 102.325
v 221.603 30 97.8832
v 215.092 30 104.407
v 208.637 30 101.557
v 211.475 30 98.1838
v 205.655 30 96.6142
v 199.867 30 92.7959
v 198.977 30 86.1613
v 201.937 30 80.9515
v 206.389 30 75.085
v 214.68 30 66.0236
v 221.959 30 60.5689
v 231.524 30 85.344
v 600.114 0 541.169
v 607.549 0 544.909
v 613.336 0 533.421
v 627.169 0 540.378
v 628.449 0 537.829
v 635.171 0 541.202
v 637.686 0 536.215
v 647.925 0 541.369
v 651.264 0 534.345
v 658.709 0 538.04
v 655.504 0 545.176
v 665.587 0 550.252
v 662.76 0 555.885
v 668.848 0 558.946
v 667.712 0 561.206
v 681.98 0 568.386
v 675.047 0 582.179
v 681.49 0 585.418
v 678.407 0 591.541
v 595.707 0 549.952
v 600.114 9 541.169
v 607.549 9 544.909
v 613.336 9 533.421
v 627.169 9 540.378
v 628.449 9 537.829
v 635.171 9 541.202
v 637.686 9 536.215
v 647.925 9 541.369
v 651.264 9 534.345
v 658.709 9 538.04
v 655.504 9 545.176
v 665.587 9 550.252
v 662.76 9 555.885
v 668.848 9 558.946
v 667.712 9 561.206
v 681.98 9 568.386
v 675.047 9 582.179
v 681.49 9 585.418
v 678.407 9 591.541
v 595.707 9 549.952
v 647.021 9 551.891
v 897.15 0 481.858
v 910.872 0 489.895
v 914.01 0 484.407
v 919.965 0 486.188
v 917.616 0 493.847
v 927.031 0 499.368
v 915.079 0 515.688
v 906.298 0 530.348
v 899.587 0 551.822
v 898.741 0 554.538
v 897.595 0 558.245
v 871.486 0 642.803
v 838.833 0 615.986
v 842.25 0 610.009
v 832.59 0 603.997
v 833.024 0 603.196
v 831.433 0 602.372
v 833.169 0 599.288
v 832.256 0 598.776
v 830.809 0 597.975
v 886.577 0 498.789
v 897.15 40 481.858
v 910.872 40 489.895
v 914.01 40 484.407
v 919.965 40 486.188
v 917.616 40 493.847
v 927.031 40 499.368
v 915.079 40 515.688
v 906.298 40 530.348
v 899.587 40 551.822
v 898.741 40 554.538
v 897.595 40 558.245
v 871.486 40 642.803
v 838.833 40 615.986
v 842.25 40 610.009
v 832.59 40 603.997
v 833.024 40 603.196
v 831.433 40 602.372
v 833.169 40 599.288
v 832.256 40 598.776
v 830.809 40 597.975
v 886.577 40 498.789
v 877.923 40 553.304
v 449.849 0 351.859
v 452.175 0 348.575
v 456.004 0 346.315
v 459.954 0 346.259
v 464.161 0 347.706
v 473.421 0 333.079
v 462.458 0 326.055
v 464.462 0 322.927
v 460.878 0 320.845
v 457.306 0 326.511
v 449.838 0 323.528
v 455.803 0 314.867
v 449.226 0 310.57
v 443.272 0 318.752
v 422.672 0 307.409
v 428.938 0 298.158
v 421.782 0 293.383
v 409.684 0 313.854
v 394.015 0 305.316
v 356.999 0 284.722
v 356.699 0 280.536
v 361.184 0 279.646
v 360.583 0 273.378
v 356.109 0 273.679
v 356.109 0 268.603
v 363.866 0 261.734
v 402.973 0 283.23
v 409.239 0 271.586
v 377.699 0 254.343
v 383.253 0 244.959
v 369.909 0 236.799
v 332.003 0 275.215
v 333.84 0 286.559
v 449.849 24 351.859
v 452.175 24 348.575
v 456.004 24 346.315
v 459.954 24 346.259
v 464.161 24 347.706
v 473.421 24 333.079
v 462.458 24 326.055
v 464.462 24 322.927
v 460.878 24 320.845
v 457.306 24 326.511
v 449.838 24 323.528
v 455.803 24 314.867
v 449.226 24 310.57
v 443.272 24 318.752
v 422.672 24 307.409
v 428.938 24 298.158
v 421.782 24 293.383
v 409.684 24 313.854
v 394.015 24 305.316
v 356.999 24 284.722
v 356.699 24 280.536
v 361.184 24 279.646
v 360.583 24 273.378
v 356.109 24 273.679
v 356.109 24 268.603
v 363.866 24 261.734
v 402.973 24 283.23
v 409.239 24 271.586
v 377.699 24 254.343
v 383.253 24 244.959
v 369.909 24 236.799
v 332.003 24 275.215
v 333.84 24 286.559
v 412.011 24 300.938
v 361.651 0 340.86
v 426.879 0 385.922
v 426.656 0 389.485
v 426.133 0 398.134
v 429.405 0 404.657
v 430.396 0 406.628
v 410.385 0 442.139
v 397.899 0 434.012
v 411.765 0 409.633
v 408.738 0 394.271
v 353.471 0 356.612
v 361.651 34 340.86
v 426.879 34 385.922
v 426.656 34 389.485
v 426.133 34 398.134
v 429.405 34 404.657
v 430.396 34 406.628
v 410.385 34 442.139
v 397.899 34 434.012
v 411.765 34 409.633
v 408.738 34 394.271
v 353.471 34 356.612
v 407.58 34 396.578
v 329.21 0 409.466
v 376.364 0 438.087
v 371.723 0 443.697
v 368.629 0 451.568
v 369.553 0 458.035
v 376.664 0 466.284
v 384.165 0 470.659
v 367.116 0 500.337
v 298.627 0 456.577
v 329.21 55 409.466
v 376.364 55 438.087
v 371.723 55 443.697
v 368.629 55 451.568
v 369.553 55 458.035
v 376.664 55 466.284
v 384.165 55 470.659
v 367.116 55 500.337
v 298.627 55 456.577
v 360.228 55 454.968
v 310.891 0 484.796
v 341.107 0 502.452
v 343.155 0 499.112
v 350.11 0 503.376
v 349.153 0 504.934
v 348.062 0 506.726
v 361.395 0 514.686
v 325.515 0 577.659
v 297.113 0 561.418
v 292.328 0 558.679
v 273.954 0 548.171
v 310.891 10 484.796
v 341.107 10 502.452
v 343.155 10 499.112
v 350.11 10 503.376
v 349.153 10 504.934
v 348.062 10 506.726
v 361.395 10 514.686
v 325.515 10 577.659
v 297.113 10 561.418
v 292.328 10 558.679
v 273.954 10 548.171
v 326.617 10 523.819
v 372.268 0 52.8656
v 370.844 0 40.3644
v 386.614 0 20.8167
v 390.386 0 16.1525
v 412.789 0 34.509
v 387.048 0 65.4559
v 372.268 44 52.8656
v 370.844 44 40.3644
v 386.614 44 20.8167
v 390.386 44 16.1525
v 412.789 44 34.509
v 387.048 44 65.4559
v 386.658 44 38.3607
v 387.048 0 65.4559
v 412.789 0 34.509
v 436.661 0 54.3684
v 410.92 0 85.3041
v 387.048 44 65.4559
v 412.789 44 34.509
v 436.661 44 54.3684
v 410.92 44 85.3041
v 411.854 44 59.9094
v 253.154 0 412.038
v 244.829 0 428.224
v 237.528 0 442.406
v 279.251 0 463.868
v 294.877 0 433.489
v 253.154 42 412.038
v 244.829 42 428.224
v 237.528 42 442.406
v 279.251 42 463.868
v 294.877 42 433.489
v 261.928 42 436.005
v 386.959 0 201.666
v 395.806 0 206.809
v 386.736 0 218.075
v 404.042 0 228.071
v 445.498 0 252.016
v 439.989 0 260.844
v 372.224 0 219.644
v 386.959 24 201.666
v 395.806 24 206.809
v 386.736 24 218.075
v 404.042 24 228.071
v 445.498 24 252.016
v 439.989 24 260.844
v 372.224 24 219.644
v 404.465 24 226.732
v 429.082 0 288.251
v 437.307 0 293.293
v 446.076 0 278.967
v 451.541 0 282.317
v 445.62 0 292.002
v 453.333 0 296.722
v 458.886 0 287.65
v 463.705 0 290.6
v 455.291 0 304.347
v 463.827 0 309.568
v 466.955 0 304.459
v 483.726 0 277.063
v 448.959 0 255.779
v 429.082 24 288.251
v 437.307 24 293.293
v 446.076 24 278.967
v 451.541 24 282.317
v 445.62 24 292.002
v 453.333 24 296.722
v 458.886 24 287.65
v 463.705 24 290.6
v 455.291 24 304.347
v 463.827 24 309.568
v 466.955 24 304.459
v 483.726 24 277.063
v 448.959 24 255.779
v 454.178 24 289.309
v 430.54 0 184.49
v 433.367 0 186.638
v 449.148 0 198.639
v 470.082 0 171.098
v 462.414 0 165.276
v 455.992 0 173.725
v 445.053 0 165.41
v 430.54 24 184.49
v 433.367 24 186.638
v 449.148 24 198.639
v 470.082 24 171.098
v 462.414 24 165.276
v 455.992 24 173.725
v 445.053 24 165.41
v 449.514 24 177.896
v 413.813 0 210.772
v 415.471 0 211.908
v 438.542 0 227.659
v 439.399 0 227.749
v 440.312 0 227.17
v 440.868 0 226.402
v 440.946 0 225.478
v 443.661 0 227.57
v 444.919 0 227.37
v 448.547 0 229.841
v 450.417 0 229.852
v 452.398 0 229.429
v 454.089 0 228.172
v 454.902 0 227.125
v 455.302 0 225.867
v 455.414 0 224.632
v 455.169 0 223.229
v 454.668 0 221.771
v 449.237 0 217.852
v 448.536 0 218.131
v 446.6 0 217.04
v 447.523 0 216.605
v 448.469 0 215.581
v 448.714 0 213.756
v 425.421 0 197.637
v 423.573 0 196.368
v 421.314 0 199.551
v 417.452 0 196.946
v 411.843 0 205.128
v 415.861 0 207.889
v 413.813 36 210.772
v 415.471 36 211.908
v 438.542 36 227.659
v 439.399 36 227.749
v 440.312 36 227.17
v 440.868 36 226.402
v 440.946 36 225.478
v 443.661 36 227.57
v 444.919 36 227.37
v 448.547 36 229.841
v 450.417 36 229.852
v 452.398 36 229.429
v 454.089 36 228.172
v 454.902 36 227.125
v 455.302 36 225.867
v 455.414 36 224.632
v 455.169 36 223.229
v 454.668 36 221.771
v 449.237 36 217.852
v 448.536 36 218.131
v 446.6 36 217.04
v 447.523 36 216.605
v 448.469 36 215.581
v 448.714 36 213.756
v 425.421 36 197.637
v 423.573 36 196.368
v 421.314 36 199.551
v 417.452 36 196.946
v 411.843 36 205.128
v 415.861 36 207.889
v 440.113 36 218.483
v 478.696 0 311.75
v 490.66 0 319.621
v 507.52 0 293.984
v 495.556 0 286.102
v 478.696 24 311.75
v 490.66 24 319.621
v 507.52 24 293.984
v 495.556 24 286.102
v 493.108 24 302.864
v 303.958 0 309.758
v 286.83 0 338.144
v 312.371 0 353.551
v 311.147 0 355.577
v 335.976 0 370.56
v 336.989 0 368.879
v 355.33 0 338.4
v 308.632 0 308.967
v 303.958 34 309.758
v 286.83 34 338.144
v 312.371 34 353.551
v 311.147 34 355.577
v 335.976 34 370.56
v 336.989 34 368.879
v 355.33 34 338.4
v 308.632 34 308.967
v 318.904 34 342.98
v 276.591 0 340.237
v 250.371 0 390.62
v 308.966 0 420.632
v 318.626 0 403.355
v 323.4 0 394.995
v 336.878 0 371.384
v 276.591 72 340.237
v 250.371 72 390.62
v 308.966 72 420.632
v 318.626 72 403.355
v 323.4 72 394.995
v 336.878 72 371.384
v 302.472 72 386.87
v 384.855 0 411.036
v 383.564 0 401.874
v 339.716 0 376.683
v 327.674 0 397.633
v 376.453 0 425.663
v 384.855 34 411.036
v 383.564 34 401.874
v 339.716 34 376.683
v 327.674 34 397.633
v 376.453 34 425.663
v 362.452 34 402.578
v 197.975 0 332.111
v 219.588 0 344.289
v 234.089 0 318.552
v 212.477 0 306.374
v 197.975 35 332.111
v 219.588 35 344.289
v 234.089 35 318.552
v 212.477 35 306.374
v 216.032 35 325.331
v 56.1018 0 364.115
v 79.6843 0 404.557
v 81.0198 0 405.748
v 83.8577 0 406.951
v 86.2505 0 407.541
v 89.3778 0 407.541
v 92.8167 0 406.795
v 95.866 0 404.613
v 104.313 0 391.867
v 103.924 0 388.794
v 56.1018 20 364.115
v 79.6843 20 404.557
v 81.0198 20 405.748
v 83.8577 20 406.951
v 86.2505 20 407.541
v 89.3778 20 407.541
v 92.8167 20 406.795
v 95.866 20 404.613
v 104.313 20 391.867
v 103.924 20 388.794
v 87.3211 20 398.852
v 226.01 0 262.503
v 211.431 0 254.51
v 207.836 0 253.675
v 204.108 0 254.855
v 201.86 0 257.371
v 186.602 0 285.256
v 207.346 0 296.611
v 226.01 30 262.503
v 211.431 30 254.51
v 207.836 30 253.675
v 204.108 30 254.855
v 201.86 30 257.371
v 186.602 30 285.256
v 207.346 30 296.611
v 206.456 30 266.397
v 146.904 0 262.981
v 140.483 0 275.104
v 162.574 0 286.971
v 168.862 0 274.625
v 161.817 0 270.885
v 146.904 20 262.981
v 140.483 20 275.104
v 162.574 20 286.971
v 168.862 20 274.625
v 161.817 20 270.885
v 156.128 20 274.113
v 209.917 0 371.495
v 216.517 0 375.002
v 223.728 0 372.174
v 229.871 0 355.176
v 264.194 0 292.214
v 261.79 0 283.642
v 234.835 0 268.057
v 230.851 0 269.059
v 218.075 0 292.303
v 216.428 0 295.319
v 217.518 0 299.394
v 241.746 0 314.01
v 224.173 0 345.469
v 209.917 30 371.495
v 216.517 30 375.002
v 223.728 30 372.174
v 229.871 30 355.176
v 264.194 30 292.214
v 261.79 30 283.642
v 234.835 30 268.057
v 230.851 30 269.059
v 218.075 30 292.303
v 216.428 30 295.319
v 217.518 30 299.394
v 241.746 30 314.01
v 224.173 30 345.469
v 229.972 30 317.947
v 132.815 0 383.217
v 198.187 0 419.185
v 211.475 0 394.706
v 208.337 0 393.214
v 209.527 0 390.676
v 206.244 0 388.294
v 207.202 0 385.8
v 156.008 0 357.146
v 154.461 0 359.183
v 151.089 0 357.747
v 149.686 0 360.375
v 146.303 0 358.794
v 132.815 30 383.217
v 198.187 30 419.185
v 211.475 30 394.706
v 208.337 30 393.214
v 209.527 30 390.676
v 206.244 30 388.294
v 207.202 30 385.8
v 156.008 30 357.146
v 154.461 30 359.183
v 151.089 30 357.747
v 149.686 30 360.375
v 146.303 30 358.794
v 177.611 30 379.028
v 109.944 0 286.77
v 113.84 0 288.807
v 129.687 0 296.945
v 140.716 0 302.589
v 144.066 0 304.292
v 147.984 0 306.329
v 151.178 0 308.032
v 157.61 0 295.976
v 135.497 0 284.188
v 116.6 0 274.147
v 112.838 0 281.238
v 109.944 20 286.77
v 113.84 20 288.807
v 129.687 20 296.945
v 140.716 20 302.589
v 144.066 20 304.292
v 147.984 20 306.329
v 151.178 20 308.032
v 157.61 20 295.976
v 135.497 20 284.188
v 116.6 20 274.147
v 112.838 20 281.238
v 132.724 20 293.574
v 156.698 0 340.493
v 157.799 0 344.901
v 174.86 0 354.196
v 181.427 0 342.14
v 178.422 0 340.504
v 179.991 0 337.621
v 197.953 0 347.384
v 196.206 0 350.59
v 185.288 0 344.656
v 178.967 0 356.289
v 205.187 0 370.538
v 216.172 0 350.322
v 215.671 0 347.016
v 187.859 0 331.754
v 192.3 0 323.327
v 172 0 311.984
v 156.698 30 340.493
v 157.799 30 344.901
v 174.86 30 354.196
v 181.427 30 342.14
v 178.422 30 340.504
v 179.991 30 337.621
v 197.953 30 347.384
v 196.206 30 350.59
v 185.288 30 344.656
v 178.967 30 356.289
v 205.187 30 370.538
v 216.172 30 350.322
v 215.671 30 347.016
v 187.859 30 331.754
v 192.3 30 323.327
v 172 30 311.984
v 186.05 30 343.357
v 186.602 0 285.256
v 207.346 0 296.611
v 192.3 0 323.327
v 172 0 311.984
v 186.602 30 285.256
v 207.346 30 296.611
v 192.3 30 323.327
v 172 30 311.984
v 189.562 30 304.295
v 104.413 0 316.092
v 113.94 0 321.557
v 117.067 0 316.114
v 118.258 0 316.804
v 115.041 0 322.404
v 133.627 0 333.057
v 136.476 0 332.289
v 137.845 0 329.149
v 137.211 0 326.489
v 134.862 0 325.175
v 137.433 0 320.6
v 139.793 0 316.426
v 142.107 0 317.739
v 144.778 0 316.715
v 146.281 0 313.854
v 145.969 0 311.182
v 127.428 0 300.529
v 124.123 0 306.273
v 122.643 0 305.416
v 125.948 0 299.65
v 116.967 0 294.496
v 113.272 0 300.941
v 111.169 0 299.728
v 105.827 0 309.034
v 107.819 0 310.169
v 104.413 20 316.092
v 113.94 20 321.557
v 117.067 20 316.114
v 118.258 20 316.804
v 115.041 20 322.404
v 133.627 20 333.057
v 136.476 20 332.289
v 137.845 20 329.149
v 137.211 20 326.489
v 134.862 20 325.175
v 137.433 20 320.6
v 139.793 20 316.426
v 142.107 20 317.739
v 144.778 20 316.715
v 146.281 20 313.854
v 145.969 20 311.182
v 127.428 20 300.529
v 124.123 20 306.273
v 122.643 20 305.416
v 125.948 20 299.65
v 116.967 20 294.496
v 113.272 20 300.941
v 111.169 20 299.728
v 105.827 20 309.034
v 107.819 20 310.169
v 126.412 20 314.475
v 265.574 0 164.196
v 226.9 0 222.416
v 246.999 0 236.231
v 265.329 0 237.845
v 277.86 0 252.773
v 285.027 0 259.341
v 347.172 0 193.295
v 330.757 0 178.634
v 320.652 0 171.321
v 301.176 0 191.637
v 296.891 0 193.462
v 292.228 0 192.371
v 277.838 0 182.364
v 282.468 0 175.662
v 265.574 30 164.196
v 226.9 30 222.416
v 246.999 30 236.231
v 265.329 30 237.845
v 277.86 30 252.773
v 285.027 30 259.341
v 347.172 30 193.295
v 330.757 30 178.634
v 320.652 30 171.321
v 301.176 30 191.637
v 296.891 30 193.462
v 292.228 30 192.371
v 277.838 30 182.364
v 282.468 30 175.662
v 286.919 30 203.682
v 168.639 0 108.069
v 164.688 0 114.336
v 167.115 0 129.42
v 168.016 0 129.665
v 170.275 0 138.938
v 168.483 0 141.287
v 173.636 0 159.176
v 175.038 0 158.341
v 175.984 0 160.356
v 185.322 0 149.636
v 197.018 0 158.53
v 183.107 0 175.451
v 184.609 0 177.699
v 184.175 0 178.378
v 185.388 0 180.839
v 184.465 0 181.885
v 191.665 0 191.514
v 199.244 0 200.253
v 234.212 0 153.777
v 222.894 0 144.237
v 219.388 0 142.211
v 217.585 0 142.3
v 218.698 0 140.452
v 210.473 0 133.583
v 208.938 0 135.153
v 203.44 0 127.116
v 202.238 0 128.986
v 196.484 0 120.982
v 189.974 0 115.416
v 179.089 0 107.624
v 173.636 0 106.054
v 168.639 30 108.069
v 164.688 30 114.336
v 167.115 30 129.42
v 168.016 30 129.665
v 170.275 30 138.938
v 168.483 30 141.287
v 173.636 30 159.176
v 175.038 30 158.341
v 175.984 30 160.356
v 185.322 30 149.636
v 197.018 30 158.53
v 183.107 30 175.451
v 184.609 30 177.699
v 184.175 30 178.378
v 185.388 30 180.839
v 184.465 30 181.885
v 191.665 30 191.514
v 199.244 30 200.253
v 234.212 30 153.777
v 222.894 30 144.237
v 219.388 30 142.211
v 217.585 30 142.3
v 218.698 30 140.452
v 210.473 30 133.583
v 208.938 30 135.153
v 203.44 30 127.116
v 202.238 30 128.986
v 196.484 30 120.982
v 189.974 30 115.416
v 179.089 30 107.624
v 173.636 30 106.054
v 190.449 30 146.183
v 451.752 0 36.2122
v 439.789 0 50.6058
v 436.661 0 54.3684
v 410.92 0 85.3041
v 426.946 0 98.6513
v 429.583 0 95.4787
v 433.089 0 98.3953
v 458.196 0 68.2055
v 471.284 0 52.4649
v 451.752 67 36.2122
v 439.789 67 50.6058
v 436.661 67 54.3684
v 410.92 67 85.3041
v 426.946 67 98.6513
v 429.583 67 95.4787
v 433.089 67 98.3953
v 458.196 67 68.2055
v 471.284 67 52.4649
v 439.802 67 71.0763
v 452.698 0 506.404
v 462.748 0 511.869
v 465.219 0 506.982
v 466.153 0 507.494
v 466.866 0 506.181
v 467.979 0 506.793
v 467.266 0 508.107
v 468.613 0 508.919
v 472.397 0 510.856
v 474.355 0 511.992
v 476.069 0 508.864
v 474.79 0 508.162
v 475.958 0 506.014
v 477.238 0 506.715
v 478.907 0 503.676
v 477.627 0 502.975
v 478.484 0 501.416
v 479.764 0 502.095
v 480.465 0 500.804
v 481.467 0 501.361
v 480.766 0 502.641
v 483.515 0 504.166
v 484.928 0 501.583
v 484.472 0 500.203
v 485.562 0 499.869
v 485.974 0 501.283
v 488.445 0 500.593
v 489.135 0 498.6
v 490.192 0 498.967
v 489.547 0 500.826
v 491.884 0 502.107
v 493.553 0 500.915
v 494.143 0 501.739
v 492.451 0 502.919
v 493.141 0 505.357
v 495.056 0 505.379
v 495.044 0 506.515
v 493.208 0 506.504
v 491.962 0 508.786
v 494.978 0 510.433
v 495.69 0 509.142
v 497.059 0 509.888
v 496.358 0 511.179
v 497.437 0 511.769
v 496.525 0 513.428
v 495.445 0 512.838
v 493.765 0 515.921
v 494.844 0 516.511
v 493.742 0 518.537
v 492.652 0 517.936
v 490.938 0 521.064
v 497.871 0 524.86
v 498.595 0 523.547
v 499.385 0 523.981
v 498.661 0 525.294
v 500.041 0 526.051
v 497.393 0 530.738
v 506.519 0 535.714
v 506.441 0 535.358
v 506.519 0 535.001
v 506.752 0 534.734
v 507.097 0 534.623
v 507.442 0 534.712
v 507.709 0 534.957
v 507.81 0 535.291
v 507.721 0 535.647
v 507.476 0 535.903
v 507.12 0 536.037
v 502.779 0 544.018
v 502.879 0 544.363
v 502.79 0 544.709
v 502.534 0 544.965
v 502.189 0 545.054
v 501.844 0 544.965
v 501.6 0 544.709
v 501.51 0 544.352
v 501.611 0 544.007
v 501.878 0 543.773
v 502.178 0 543.695
v 492.974 0 538.675
v 490.904 0 542.749
v 490.292 0 542.415
v 489.569 0 543.729
v 488.512 0 543.15
v 489.235 0 541.836
v 482.535 0 538.163
v 480.822 0 541.28
v 482.268 0 542.07
v 481.834 0 542.861
v 480.399 0 542.07
v 478.651 0 545.254
v 480.087 0 546.044
v 479.675 0 546.812
v 478.228 0 546.022
v 476.459 0 549.25
v 477.906 0 550.041
v 477.538 0 550.709
v 476.092 0 549.918
v 474.445 0 552.935
v 475.88 0 553.725
v 475.468 0 554.482
v 474.033 0 553.692
v 471.262 0 558.746
v 468.869 0 557.432
v 464.228 0 565.904
v 464.495 0 567.941
v 462.358 0 568.23
v 462.091 0 566.193
v 458.062 0 563.989
v 453.266 0 561.362
v 450.239 0 561.64
v 450.038 0 559.648
v 452.954 0 559.347
v 457.428 0 551.176
v 453.945 0 549.261
v 456.616 0 544.397
v 455.169 0 543.606
v 455.592 0 542.838
v 457.027 0 543.629
v 458.753 0 540.501
v 457.306 0 539.71
v 457.706 0 538.976
v 459.153 0 539.766
v 460.9 0 536.571
v 459.454 0 535.781
v 459.888 0 534.99
v 461.323 0 535.781
v 463.059 0 532.619
v 461.624 0 531.829
v 462.102 0 530.949
v 463.538 0 531.74
v 465.219 0 528.679
v 458.307 0 524.905
v 457.584 0 526.207
v 456.415 0 525.573
v 457.139 0 524.259
v 456.082 0 523.68
v 458.152 0 519.717
v 448.391 0 514.396
v 448.525 0 514.73
v 448.436 0 515.075
v 448.191 0 515.32
v 447.857 0 515.409
v 447.512 0 515.331
v 447.267 0 515.098
v 447.167 0 514.764
v 447.245 0 514.419
v 447.479 0 514.162
v 447.79 0 514.073
v 452.142 0 506.092
v 452.042 0 505.713
v 452.108 0 505.368
v 452.353 0 505.101
v 452.687 0 504.99
v 453.043 0 505.068
v 453.299 0 505.313
v 453.399 0 505.658
v 453.322 0 506.003
v 453.066 0 506.259
v 452.698 10 506.404
v 462.748 10 511.869
v 465.219 10 506.982
v 466.153 10 507.494
v 466.866 10 506.181
v 467.979 10 506.793
v 467.266 10 508.107
v 468.613 10 508.919
v 472.397 10 510.856
v 474.355 10 511.992
v 476.069 10 508.864
v 474.79 10 508.162
v 475.958 10 506.014
v 477.238 10 506.715
v 478.907 10 503.676
v 477.627 10 502.975
v 478.484 10 501.416
v 479.764 10 502.095
v 480.465 10 500.804
v 481.467 10 501.361
v 480.766 10 502.641
v 483.515 10 504.166
v 484.928 10 501.583
v 484.472 10 500.203
v 485.562 10 499.869
v 485.974 10 501.283
v 488.445 10 500.593
v 489.135 10 498.6
v 490.192 10 498.967
v 489.547 10 500.826
v 491.884 10 502.107
v 493.553 10 500.915
v 494.143 10 501.739
v 492.451 10 502.919
v 493.141 10 505.357
v 495.056 10 505.379
v 495.044 10 506.515
v 493.208 10 506.504
v 491.962 10 508.786
v 494.978 10 510.433
v 495.69 10 509.142
v 497.059 10 509.888
v 496.358 10 511.179
v 497.437 10 511.769
v 496.525 10 513.428
v 495.445 10 512.838
v 493.765 10 515.921
v 494.844 10 516.511
v 493.742 10 518.537
v 492.652 10 517.936
v 490.938 10 521.064
v 497.871 10 524.86
v 498.595 10 523.547
v 499.385 10 523.981
v 498.661 10 525.294
v 500.041 10 526.051
v 497.393 10 530.738
v 506.519 10 535.714
v 506.441 10 535.358
v 506.519 10 535.001
v 506.752 10 534.734
v 507.097 10 534.623
v 507.442 10 534.712
v 507.709 10 534.957
v 507.81 10 535.291
v 507.721 10 535.647
v 507.476 10 535.903
v 507.12 10 536.037
v 502.779 10 544.018
v 502.879 10 544.363
v 502.79 10 544.709
v 502.534 10 544.965
v 502.189 10 545.054
v 501.844 10 544.965
v 501.6 10 544.709
v 501.51 10 544.352
v 501.611 10 544.007
v 501.878 10 543.773
v 502.178 10 543.695
v 492.974 10 538.675
v 490.904 10 542.749
v 490.292 10 542.415
v 489.569 10 543.729
v 488.512 10 543.15
v 489.235 10 541.836
v 482.535 10 538.163
v 480.822 10 541.28
v 482.268 10 542.07
v 481.834 10 542.861
v 480.399 10 542.07
v 478.651 10 545.254
v 480.087 10 546.044
v 479.675 10 546.812
v 478.228 10 546.022
v 476.459 10 549.25
v 477.906 10 550.041
v 477.538 10 550.709
v 476.092 10 549.918
v 474.445 10 552.935
v 475.88 10 553.725
v 475.468 10 554.482
v 474.033 10 553.692
v 471.262 10 558.746
v 468.869 10 557.432
v 464.228 10 565.904
v 464.495 10 567.941
v 462.358 10 568.23
v 462.091 10 566.193
v 458.062 10 563.989
v 453.266 10 561.362
v 450.239 10 561.64
v 450.038 10 559.648
v 452.954 10 559.347
v 457.428 10 551.176
v 453.945 10 549.261
v 456.616 10 544.397
v 455.169 10 543.606
v 455.592 10 542.838
v 457.027 10 543.629
v 458.753 10 540.501
v 457.306 10 539.71
v 457.706 10 538.976
v 459.153 10 539.766
v 460.9 10 536.571
v 459.454 10 535.781
v 459.888 10 534.99
v 461.323 10 535.781
v 463.059 10 532.619
v 461.624 10 531.829
v 462.102 10 530.949
v 463.538 10 531.74
v 465.219 10 528.679
v 458.307 10 524.905
v 457.584 10 526.207
v 456.415 10 525.573
v 457.139 10 524.259
v 456.082 10 523.68
v 458.152 10 519.717
v 448.391 10 514.396
v 448.525 10 514.73
v 448.436 10 515.075
v 448.191 10 515.32
v 447.857 10 515.409
v 447.512 10 515.331
v 447.267 10 515.098
v 447.167 10 514.764
v 447.245 10 514.419
v 447.479 10 514.162
v 447.79 10 514.073
v 452.142 10 506.092
v 452.042 10 505.713
v 452.108 10 505.368
v 452.353 10 505.101
v 452.687 10 504.99
v 453.043 10 505.068
v 453.299 10 505.313
v 453.399 10 505.658
v 453.322 10 506.003
v 453.066 10 506.259
v 476.958 10 526.542
v 387.782 0 113.256
v 375.051 0 103.605
v 369.553 0 110.863
v 362.653 0 105.631
v 365.457 0 101.946
v 359.08 0 97.104
v 356.276 0 100.8
v 340.973 0 89.1892
v 335.164 0 96.848
v 329.432 0 104.407
v 344.735 0 116.017
v 341.975 0 119.668
v 348.341 0 124.5
v 351.112 0 120.848
v 358.012 0 126.08
v 352.481 0 133.372
v 365.212 0 143.012
v 370.732 0 135.732
v 378.634 0 141.721
v 390.175 0 126.503
v 382.273 0 120.514
v 387.782 15 113.256
v 375.051 15 103.605
v 369.553 15 110.863
v 362.653 15 105.631
v 365.457 15 101.946
v 359.08 15 97.104
v 356.276 15 100.8
v 340.973 15 89.1892
v 335.164 15 96.848
v 329.432 15 104.407
v 344.735 15 116.017
v 341.975 15 119.668
v 348.341 15 124.5
v 351.112 15 120.848
v 358.012 15 126.08
v 352.481 15 133.372
v 365.212 15 143.012
v 370.732 15 135.732
v 378.634 15 141.721
v 390.175 15 126.503
v 382.273 15 120.514
v 360.243 15 115.791
v 762.232 0 22.1303
v 804.3 0 -31.7038
v 803.699 0 -35.8894
v 792.737 0 -44.5835
v 780.049 0 -42.9471
v 770.2 0 -29.3661
v 770.423 0 -25.4365
v 768.742 0 -23.1433
v 753.529 0 -2.35997
v 747.586 0 5.75522
v 748.254 0 13.7702
v 758.559 0 21.9856
v 762.232 25 22.1303
v 804.3 25 -31.7038
v 803.699 25 -35.8894
v 792.737 25 -44.5835
v 780.049 25 -42.9471
v 770.2 25 -29.3661
v 770.423 25 -25.4365
v 768.742 25 -23.1433
v 753.529 25 -2.35997
v 747.586 25 5.75522
v 748.254 25 13.7702
v 758.559 25 21.9856
v 771.693 25 -14.3157
v 735.856 0 57.3518
v 749.823 0 40.3867
v 748.933 0 35.1658
v 740.719 0 28.7427
v 736.245 0 27.8521
v 732.217 0 28.4421
v 728.934 0 31.1361
v 718.851 0 44.5389
v 735.856 34 57.3518
v 749.823 34 40.3867
v 748.933 34 35.1658
v 740.719 34 28.7427
v 736.245 34 27.8521
v 732.217 34 28.4421
v 728.934 34 31.1361
v 718.851 34 44.5389
v 736.447 34 36.702
v 758.615 0 38.5277
v 763.067 0 42.0342
v 745.594 0 64.2313
v 741.131 0 60.7248
v 758.615 12 38.5277
v 763.067 12 42.0342
v 745.594 12 64.2313
v 741.131 12 60.7248
v 752.102 12 51.3795
v 801.651 0 170.063
v 786.07 0 193.44
v 808.529 0 209.025
v 818.612 0 195.266
v 817.699 0 184.267
v 801.651 26 170.063
v 786.07 26 193.44
v 808.529 26 209.025
v 818.612 26 195.266
v 817.699 26 184.267
v 806.512 26 190.412
v 880.579 0 61.838
v 869.305 0 75.9644
v 893.01 0 94.8776
v 904.406 0 80.5953
v 900.322 0 77.3893
v 880.579 25 61.838
v 869.305 25 75.9644
v 893.01 25 94.8776
v 904.406 25 80.5953
v 900.322 25 77.3893
v 889.524 25 78.1329
v 757.847 0 134.229
v 746.785 0 148.856
v 749.088 0 150.604
v 750.246 0 156.849
v 747.452 0 160.545
v 779.827 0 185.002
v 796.253 0 163.261
v 757.847 26 134.229
v 746.785 26 148.856
v 749.088 26 150.604
v 750.246 26 156.849
v 747.452 26 160.545
v 779.827 26 185.002
v 796.253 26 163.261
v 761.071 26 157.05
v 893.533 0 38.6835
v 877.518 0 59.4223
v 880.579 0 61.838
v 900.322 0 77.3893
v 911.417 0 61.7823
v 909.815 0 51.3517
v 893.533 25 38.6835
v 877.518 25 59.4223
v 880.579 25 61.838
v 900.322 25 77.3893
v 911.417 25 61.7823
v 909.815 25 51.3517
v 895.531 25 58.4112
v 844.799 0 110.284
v 811.356 0 156.493
v 828.728 0 169.963
v 834.727 0 169.361
v 837.342 0 169.105
v 862.995 0 132.537
v 860.368 0 121.984
v 844.799 36 110.284
v 811.356 36 156.493
v 828.728 36 169.963
v 834.727 36 169.361
v 837.342 36 169.105
v 862.995 36 132.537
v 860.368 36 121.984
v 840.045 36 147.104
v 415.661 0 -15.4845
v 396.24 0 8.8833
v 426.089 0 33.3402
v 428.559 0 33.0174
v 447.49 0 11.7553
v 415.661 27 -15.4845
v 396.24 27 8.8833
v 426.089 27 33.3402
v 428.559 27 33.0174
v 447.49 27 11.7553
v 422.808 27 14.3023
v 74.5649 0 540.913
v 79.3616 0 543.35
v 83.5684 0 535.079
v 79.3171 0 532.92
v 84.6034 0 522.523
v 95.4765 0 528.044
v 90.4573 0 537.94
v 90.4016 0 537.907
v 86.0724 0 546.445
v 118.18 0 562.742
v 123.032 0 553.18
v 125.993 0 554.683
v 129.298 0 548.171
v 130.166 0 548.616
v 131.245 0 546.479
v 131.424 0 546.568
v 142.475 0 524.793
v 141.662 0 524.382
v 142.953 0 521.855
v 144.678 0 522.723
v 145.224 0 521.654
v 153.303 0 525.762
v 151.556 0 529.213
v 153.426 0 530.159
v 142.196 0 552.267
v 145.391 0 553.881
v 141.473 0 561.607
v 143.41 0 562.586
v 138.746 0 571.781
v 136.821 0 570.813
v 132.87 0 578.583
v 129.053 0 576.646
v 126.66 0 581.366
v 123.833 0 579.93
v 126.315 0 575.043
v 123.01 0 573.362
v 126.605 0 566.293
v 123.667 0 564.802
v 118.102 0 575.756
v 69.4233 0 551.043
v 74.5649 20 540.913
v 79.3616 20 543.35
v 83.5684 20 535.079
v 79.3171 20 532.92
v 84.6034 20 522.523
v 95.4765 20 528.044
v 90.4573 20 537.94
v 90.4016 20 537.907
v 86.0724 20 546.445
v 118.18 20 562.742
v 123.032 20 553.18
v 125.993 20 554.683
v 129.298 20 548.171
v 130.166 20 548.616
v 131.245 20 546.479
v 131.424 20 546.568
v 142.475 20 524.793
v 141.662 20 524.382
v 142.953 20 521.855
v 144.678 20 522.723
v 145.224 20 521.654
v 153.303 20 525.762
v 151.556 20 529.213
v 153.426 20 530.159
v 142.196 20 552.267
v 145.391 20 553.881
v 141.473 20 561.607
v 143.41 20 562.586
v 138.746 20 571.781
v 136.821 20 570.813
v 132.87 20 578.583
v 129.053 20 576.646
v 126.66 20 581.366
v 123.833 20 579.93
v 126.315 20 575.043
v 123.01 20 573.362
v 126.605 20 566.293
v 123.667 20 564.802
v 118.102 20 575.756
v 69.4233 20 551.043
v 121.9 20 549.546
v 56.5803 0 403.533
v 59.0732 0 402.342
v 60.342 0 401.73
v 63.0352 0 407.351
v 66.1514 0 413.852
v 64.9939 0 414.409
v 62.3341 0 415.689
v 63.0908 0 417.27
v 32.8976 0 431.764
v 34.8897 0 435.905
v 39.141 0 444.766
v 44.6054 0 442.15
v 44.6722 0 442.116
v 43.7262 0 440.157
v 50.0475 0 437.118
v 51.0492 0 439.2
v 58.8729 0 435.437
v 67.9431 0 454.339
v 53.5532 0 461.241
v 45.8853 0 445.267
v 40.5433 0 447.827
v 57.4373 0 483.026
v 66.7968 0 478.54
v 72.3057 0 490.017
v 53.3974 0 499.09
v 49.9585 0 491.932
v 48.4561 0 492.656
v 24.0834 0 441.883
v 13.4773 0 419.775
v 15.7254 0 418.695
v 13.6331 0 414.353
v 33.4541 0 404.836
v 35.9359 0 409.99
v 55.2337 0 400.728
v 56.5803 20 403.533
v 59.0732 20 402.342
v 60.342 20 401.73
v 63.0352 20 407.351
v 66.1514 20 413.852
v 64.9939 20 414.409
v 62.3341 20 415.689
v 63.0908 20 417.27
v 32.8976 20 431.764
v 34.8897 20 435.905
v 39.141 20 444.766
v 44.6054 20 442.15
v 44.6722 20 442.116
v 43.7262 20 440.157
v 50.0475 20 437.118
v 51.0492 20 439.2
v 58.8729 20 435.437
v 67.9431 20 454.339
v 53.5532 20 461.241
v 45.8853 20 445.267
v 40.5433 20 447.827
v 57.4373 20 483.026
v 66.7968 20 478.54
v 72.3057 20 490.017
v 53.3974 20 499.09
v 49.9585 20 491.932
v 48.4561 20 492.656
v 24.0834 20 441.883
v 13.4773 20 419.775
v 15.7254 20 418.695
v 13.6331 20 414.353
v 33.4541 20 404.836
v 35.9359 20 409.99
v 55.2337 20 400.728
v 48.333 20 437.617
v -3.37212 0 289.62
v -0.99049 0 299.216
v 7.81263 0 297.034
v 10.4168 0 296.388
v 12.8652 0 306.262
v 10.1163 0 306.941
v 1.52469 0 309.079
v 8.4915 0 337.153
v 4.26244 0 338.2
v 1.58033 0 327.357
v -17.8399 0 332.166
v -20.5554 0 321.19
v -29.8705 0 323.494
v -35.5797 0 300.451
v -26.12 0 298.114
v -28.8577 0 287.093
v -9.42634 0 282.284
v -7.35633 0 290.611
v -3.37212 20 289.62
v -0.99049 20 299.216
v 7.81263 20 297.034
v 10.4168 20 296.388
v 12.8652 20 306.262
v 10.1163 20 306.941
v 1.52469 20 309.079
v 8.4915 20 337.153
v 4.26244 20 338.2
v 1.58033 20 327.357
v -17.8399 20 332.166
v -20.5554 20 321.19
v -29.8705 20 323.494
v -35.5797 20 300.451
v -26.12 20 298.114
v -28.8577 20 287.093
v -9.42634 20 282.284
v -7.35633 20 290.611
v -6.8277 20 307.925
v 93.1617 0 456.833
v 99.1825 0 465.549
v 102.232 0 469.969
v 102.065 0 470.08
v 104.391 0 473.453
v 78.2709 0 491.487
v 71.638 0 481.88
v 77.9148 0 477.538
v 73.1516 0 470.648
v 93.1617 20 456.833
v 99.1825 20 465.549
v 102.232 20 469.969
v 102.065 20 470.08
v 104.391 20 473.453
v 78.2709 20 491.487
v 71.638 20 481.88
v 77.9148 20 477.538
v 73.1516 20 470.648
v 89.1119 20 473.048
v -140.471 0 219.589
v -144.322 0 220.368
v -146.225 0 211.006
v -147.85 0 203.002
v -144.222 0 202.268
v -151.667 0 165.621
v -131.935 0 161.614
v -124.412 0 198.616
v -121.541 0 198.037
v -119.749 0 206.832
v -118.013 0 215.403
v -120.662 0 215.938
v -112.749 0 254.888
v -132.481 0 258.896
v -140.471 6 219.589
v -144.322 6 220.368
v -146.225 6 211.006
v -147.85 6 203.002
v -144.222 6 202.268
v -151.667 6 165.621
v -131.935 6 161.614
v -124.412 6 198.616
v -121.541 6 198.037
v -119.749 6 206.832
v -118.013 6 215.403
v -120.662 6 215.938
v -112.749 6 254.888
v -132.481 6 258.896
v -132.593 6 209.434
v 138.535 0 518.537
v 136.732 0 521.743
v 133.126 0 519.717
v 136.699 0 513.361
v 134.662 0 512.214
v 139.258 0 504.032
v 141.595 0 505.346
v 141.94 0 504.734
v 145.58 0 506.782
v 145.19 0 507.472
v 149.275 0 509.765
v 147.071 0 513.684
v 145.691 0 512.905
v 144.222 0 515.521
v 142.475 0 514.53
v 139.815 0 519.261
v 138.535 20 518.537
v 136.732 20 521.743
v 133.126 20 519.717
v 136.699 20 513.361
v 134.662 20 512.214
v 139.258 20 504.032
v 141.595 20 505.346
v 141.94 20 504.734
v 145.58 20 506.782
v 145.19 20 507.472
v 149.275 20 509.765
v 147.071 20 513.684
v 145.691 20 512.905
v 144.222 20 515.521
v 142.475 20 514.53
v 139.815 20 519.261
v 141.367 20 512.475
v 145.624 0 434.491
v 150.588 0 437.096
v 152.491 0 433.489
v 160.704 0 437.797
v 163.008 0 433.4
v 168.595 0 436.328
v 166.291 0 440.736
v 169.207 0 442.272
v 167.526 0 445.478
v 172.635 0 448.161
v 169.329 0 454.462
v 164.21 0 451.779
v 162.418 0 455.197
v 159.168 0 453.493
v 157.098 0 457.434
v 151.512 0 454.506
v 153.582 0 450.543
v 145.691 0 446.413
v 148.095 0 441.827
v 143.142 0 439.233
v 144.389 0 436.851
v 145.624 15 434.491
v 150.588 15 437.096
v 152.491 15 433.489
v 160.704 15 437.797
v 163.008 15 433.4
v 168.595 15 436.328
v 166.291 15 440.736
v 169.207 15 442.272
v 167.526 15 445.478
v 172.635 15 448.161
v 169.329 15 454.462
v 164.21 15 451.779
v 162.418 15 455.197
v 159.168 15 453.493
v 157.098 15 457.434
v 151.512 15 454.506
v 153.582 15 450.543
v 145.691 15 446.413
v 148.095 15 441.827
v 143.142 15 439.233
v 144.389 15 436.851
v 157.872 15 444.333
v 96.1888 0 518.381
v 118.792 0 529.625
v 115.709 0 535.814
v 81.5429 0 518.816
v 84.3808 0 513.116
v 91.2697 0 516.545
v 92.2713 0 514.541
v 92.8946 0 513.294
v 89.9454 0 511.825
v 103.144 0 485.464
v 114.585 0 491.242
v 126.994 0 497.509
v 113.405 0 524.638
v 97.1125 0 516.534
v 96.1888 20 518.381
v 118.792 20 529.625
v 115.709 20 535.814
v 81.5429 20 518.816
v 84.3808 20 513.116
v 91.2697 20 516.545
v 92.2713 20 514.541
v 92.8946 20 513.294
v 89.9454 20 511.825
v 103.144 20 485.464
v 114.585 20 491.242
v 126.994 20 497.509
v 113.405 20 524.638
v 97.1125 20 516.534
v 101.303 20 513.382
v 74.7541 0 492.043
v 84.5144 0 506.181
v 78.9053 0 510.044
v 76.1341 0 506.036
v 73.3407 0 507.962
v 68.9002 0 501.505
v 71.6157 0 499.635
v 69.0783 0 495.962
v 74.7541 20 492.043
v 84.5144 20 506.181
v 78.9053 20 510.044
v 76.1341 20 506.036
v 73.3407 20 507.962
v 68.9002 20 501.505
v 71.6157 20 499.635
v 69.0783 20 495.962
v 74.6554 20 502.421
v 132.091 0 463.534
v 130.021 0 467.598
v 115.008 0 459.916
v 121.797 0 446.647
v 136.743 0 454.295
v 134.662 0 458.358
v 138.246 0 460.184
v 135.608 0 465.327
v 132.091 15 463.534
v 130.021 15 467.598
v 115.008 15 459.916
v 121.797 15 446.647
v 136.743 15 454.295
v 134.662 15 458.358
v 138.246 15 460.184
v 135.608 15 465.327
v 130.522 15 459.482
v 895.391 0 475.88
v 885.609 0 491.587
v 879.744 0 487.947
v 889.515 0 472.24
v 895.391 1 475.88
v 885.609 1 491.587
v 879.744 1 487.947
v 889.515 1 472.24
v 887.565 1 481.913
v 6.53278 0 197.848
v 10.0384 0 196.802
v 11.4518 0 193.373
v 9.73796 0 190.011
v 6.3102 0 188.675
v 3.2497 0 189.789
v 2.04775 0 192.772
v 3.01599 0 196.579
v 6.53278 10 197.848
v 10.0384 10 196.802
v 11.4518 10 193.373
v 9.73796 10 190.011
v 6.3102 10 188.675
v 3.2497 10 189.789
v 2.04775 10 192.772
v 3.01599 10 196.579
v 6.54808 10 193.231
v 338.469 0 -12.4678
v 334.107 0 -6.92407
v 327.496 0 -12.1338
v 331.881 0 -17.7109
v 324.736 0 -23.3882
v 318.07 0 -15.9521
v 312.338 0 -19.1024
v 305.26 0 -19.2917
v 299.695 0 -13.748
v 288.322 0 -21.6405
v 286.697 0 -22.776
v 291.616 0 -29.0099
v 298.215 0 -34.3532
v 307.13 0 -36.1566
v 314.141 0 -36.7466
v 319.906 0 -43.4814
v 326.561 0 -50.9509
v 331.714 0 -51.6745
v 343.054 0 -42.5686
v 358.936 0 -60.6691
v 370.009 0 -52.2645
v 354.729 0 -32.7613
v 370.276 0 -20.082
v 357.478 0 -3.29506
v 360.727 0 4.43052
v 361.818 0 10.1635
v 360.939 0 22.5199
v 354.406 0 33.1064
v 341.441 0 22.5311
v 345.08 0 16.3194
v 345.058 0 8.71632
v 340.439 0 2.74959
v 346.504 0 -5.95559
v 338.469 25 -12.4678
v 334.107 25 -6.92407
v 327.496 25 -12.1338
v 331.881 25 -17.7109
v 324.736 25 -23.3882
v 318.07 25 -15.9521
v 312.338 25 -19.1024
v 305.26 25 -19.2917
v 299.695 25 -13.748
v 288.322 25 -21.6405
v 286.697 25 -22.776
v 291.616 25 -29.0099
v 298.215 25 -34.3532
v 307.13 25 -36.1566
v 314.141 25 -36.7466
v 319.906 25 -43.4814
v 326.561 25 -50.9509
v 331.714 25 -51.6745
v 343.054 25 -42.5686
v 358.936 25 -60.6691
v 370.009 25 -52.2645
v 354.729 25 -32.7613
v 370.276 25 -20.082
v 357.478 25 -3.29506
v 360.727 25 4.43052
v 361.818 25 10.1635
v 360.939 25 22.5199
v 354.406 25 33.1064
v 341.441 25 22.5311
v 345.08 25 16.3194
v 345.058 25 8.71632
v 340.439 25 2.74959
v 346.504 25 -5.95559
v 332.341 25 -17.1081
v 486.253 0 -19.5477
v 509.446 0 -0.256035
v 512.818 0 2.54922
v 497.749 0 20.6498
v 471.195 0 -1.43602
v 486.253 27 -19.5477
v 509.446 27 -0.256035
v 512.818 27 2.54922
v 497.749 27 20.6498
v 471.195 27 -1.43602
v 495.492 27 0.391845
v 795.018 0 54.8694
v 803.576 0 61.3148
v 824.577 0 33.4849
v 816.019 0 27.0284
v 795.018 12 54.8694
v 803.576 12 61.3148
v 824.577 12 33.4849
v 816.019 12 27.0284
v 809.798 12 44.1744
v 803.576 0 61.3148
v 808.429 0 64.9883
v 829.429 0 37.1473
v 824.577 0 33.4849
v 803.576 12 61.3148
v 808.429 12 64.9883
v 829.429 12 37.1473
v 824.577 12 33.4849
v 816.503 12 49.2338
v 808.429 0 64.9883
v 812.558 0 68.0941
v 833.558 0 40.2643
v 829.429 0 37.1473
v 808.429 12 64.9883
v 812.558 12 68.0941
v 833.558 12 40.2643
v 829.429 12 37.1473
v 820.993 12 52.6235
v 812.558 0 68.0941
v 821.283 0 74.6842
v 842.283 0 46.8544
v 833.558 0 40.2643
v 812.558 12 68.0941
v 821.283 12 74.6842
v 842.283 12 46.8544
v 833.558 12 40.2643
v 827.421 12 57.4743
v 821.283 0 74.6842
v 825.901 0 78.1685
v 846.902 0 50.3387
v 842.283 0 46.8544
v 821.283 12 74.6842
v 825.901 12 78.1685
v 846.902 12 50.3387
v 842.283 12 46.8544
v 834.092 12 62.5115
v 825.901 0 78.1685
v 830.075 0 81.3189
v 851.075 0 53.4779
v 846.902 0 50.3387
v 825.901 12 78.1685
v 830.075 12 81.3189
v 851.075 12 53.4779
v 846.902 12 50.3387
v 838.488 12 65.826
v 830.075 0 81.3189
v 833.97 0 84.8588
v 849.25 0 64.5653
v 854.37 0 58.9325
v 853.991 0 56.2386
v 851.075 0 53.4779
v 830.075 12 81.3189
v 833.97 12 84.8588
v 849.25 12 64.5653
v 854.37 12 58.9325
v 853.991 12 56.2386
v 851.075 12 53.4779
v 845.455 12 66.5653
v 833.97 0 84.8588
v 838.054 0 88.5213
v 853.524 0 67.749
v 849.25 0 64.5653
v 833.97 12 84.8588
v 838.054 12 88.5213
v 853.524 12 67.749
v 849.25 12 64.5653
v 843.7 12 76.4236
v 838.054 0 88.5213
v 842.706 0 91.9944
v 858.176 0 71.2111
v 853.524 0 67.749
v 838.054 12 88.5213
v 842.706 12 91.9944
v 858.176 12 71.2111
v 853.524 12 67.749
v 848.115 12 79.8689
v 842.706 0 91.9944
v 847.559 0 95.6012
v 863.028 0 74.829
v 858.176 0 71.2111
v 842.706 12 91.9944
v 847.559 12 95.6012
v 863.028 12 74.829
v 858.176 12 71.2111
v 852.867 12 83.4089
v 837.142 0 100.666
v 840.926 0 103.65
v 823.475 0 125.802
v 819.691 0 122.819
v 837.142 12 100.666
v 840.926 12 103.65
v 823.475 12 125.802
v 819.691 12 122.819
v 830.308 12 113.234
v 833.046 0 97.438
v 837.142 0 100.666
v 819.691 0 122.819
v 815.596 0 119.591
v 833.046 12 97.438
v 837.142 12 100.666
v 819.691 12 122.819
v 815.596 12 119.591
v 826.369 12 110.128
v 828.539 0 93.898
v 833.046 0 97.438
v 815.596 0 119.591
v 811.089 0 116.039
v 828.539 12 93.898
v 833.046 12 97.438
v 815.596 12 119.591
v 811.089 12 116.039
v 822.067 12 106.741
v 745.405 0 73.8493
v 740.764 0 69.8307
v 736.513 0 70.0868
v 720.932 0 90.6809
v 728.566 0 96.3804
v 745.405 24 73.8493
v 740.764 24 69.8307
v 736.513 24 70.0868
v 720.932 24 90.6809
v 728.566 24 96.3804
v 734.436 24 80.1656
v 823.987 0 90.3135
v 828.539 0 93.898
v 811.089 0 116.039
v 806.537 0 112.455
v 823.987 12 90.3135
v 828.539 12 93.898
v 811.089 12 116.039
v 806.537 12 112.455
v 817.538 12 103.176
v 750.257 0 77.4784
v 745.405 0 73.8493
v 728.566 0 96.3804
v 733.419 0 100.009
v 750.257 16 77.4784
v 745.405 16 73.8493
v 728.566 16 96.3804
v 733.419 16 100.009
v 739.412 16 86.9294
v 814.416 0 82.766
v 823.987 0 90.3135
v 806.537 0 112.455
v 796.966 0 104.919
v 797.077 0 104.785
v 814.416 12 82.766
v 823.987 12 90.3135
v 806.537 12 112.455
v 796.966 12 104.919
v 797.077 12 104.785
v 807.797 12 99.0476
v 755.042 0 81.0517
v 750.257 0 77.4784
v 733.419 0 100.009
v 738.193 0 103.583
v 755.042 16 81.0517
v 750.257 16 77.4784
v 733.419 16 100.009
v 738.193 16 103.583
v 744.228 16 90.5306
v 759.539 0 84.4136
v 755.042 0 81.0517
v 738.193 0 103.583
v 742.7 0 106.945
v 759.539 16 84.4136
v 755.042 16 81.0517
v 738.193 16 103.583
v 742.7 16 106.945
v 748.869 16 93.9982
v 763.712 0 87.5305
v 759.539 0 84.4136
v 742.7 0 106.945
v 746.863 0 110.062
v 763.712 16 87.5305
v 759.539 16 84.4136
v 742.7 16 106.945
v 746.863 16 110.062
v 753.203 16 97.2376
v 763.868 0 31.3587
v 768.119 0 34.5647
v 789.12 0 6.73483
v 784.868 0 3.52883
v 763.868 12 31.3587
v 768.119 12 34.5647
v 789.12 12 6.73483
v 784.868 12 3.52883
v 776.494 12 19.0468
v 797.077 0 104.785
v 789.498 0 98.8183
v 806.971 0 76.6323
v 814.55 0 82.5991
v 814.416 0 82.766
v 797.077 12 104.785
v 789.498 12 98.8183
v 806.971 12 76.6323
v 814.55 12 82.5991
v 814.416 12 82.766
v 804.502 12 89.1202
v 768.564 0 91.1595
v 763.712 0 87.5305
v 746.863 0 110.062
v 751.715 0 113.691
v 768.564 16 91.1595
v 763.712 16 87.5305
v 746.863 16 110.062
v 751.715 16 113.691
v 757.713 16 100.611
v 803.187 0 73.649
v 806.971 0 76.6323
v 789.498 0 98.8183
v 785.703 0 95.835
v 803.187 12 73.649
v 806.971 12 76.6323
v 789.498 12 98.8183
v 785.703 12 95.835
v 796.34 12 86.2336
v 773.083 0 94.5325
v 768.564 0 91.1595
v 751.715 0 113.691
v 756.233 0 117.064
v 773.083 16 94.5325
v 768.564 16 91.1595
v 751.715 16 113.691
v 756.233 16 117.064
v 762.399 16 104.112
v 777.757 0 98.0391
v 773.083 0 94.5325
v 756.233 0 117.064
v 760.907 0 120.559
v 777.757 16 98.0391
v 773.083 16 94.5325
v 756.233 16 117.064
v 760.907 16 120.559
v 766.995 16 107.549
v 782.253 0 101.401
v 777.757 0 98.0391
v 760.907 0 120.559
v 765.415 0 123.932
v 782.253 16 101.401
v 777.757 16 98.0391
v 760.907 16 120.559
v 765.415 16 123.932
v 771.583 16 110.983
v 786.827 0 104.818
v 782.253 0 101.401
v 765.415 0 123.932
v 769.989 0 127.349
v 786.827 16 104.818
v 782.253 16 101.401
v 765.415 16 123.932
v 769.989 16 127.349
v 776.121 16 114.375
v 791.791 0 108.525
v 786.827 0 104.818
v 769.989 0 127.349
v 774.941 0 131.056
v 791.791 16 108.525
v 786.827 16 104.818
v 769.989 16 127.349
v 774.941 16 131.056
v 780.887 16 117.937
v 796.343 0 111.932
v 791.791 0 108.525
v 774.941 0 131.056
v 779.504 0 134.463
v 796.343 16 111.932
v 791.791 16 108.525
v 774.941 16 131.056
v 779.504 16 134.463
v 785.645 16 121.494
v 851.176 0 98.6291
v 855.638 0 93.0408
v 879.332 0 111.976
v 874.858 0 117.565
v 851.176 12 98.6291
v 855.638 12 93.0408
v 879.332 12 111.976
v 874.858 12 117.565
v 865.251 12 105.303
v 800.516 0 115.049
v 796.343 0 111.932
v 779.504 0 134.463
v 783.678 0 137.58
v 800.516 16 115.049
v 796.343 16 111.932
v 779.504 16 134.463
v 783.678 16 137.58
v 790.01 16 124.756
v 804.611 0 118.11
v 800.516 0 115.049
v 783.678 0 137.58
v 787.762 0 140.641
v 804.611 16 118.11
v 800.516 16 115.049
v 783.678 16 137.58
v 787.762 16 140.641
v 794.142 16 127.845
v 855.638 0 93.0408
v 859.022 0 88.8107
v 882.715 0 107.746
v 879.332 0 111.976
v 855.638 12 93.0408
v 859.022 12 88.8107
v 882.715 12 107.746
v 879.332 12 111.976
v 869.177 12 100.393
v 809.786 0 121.984
v 804.611 0 118.11
v 787.762 0 140.641
v 792.937 0 144.515
v 809.786 16 121.984
v 804.611 16 118.11
v 787.762 16 140.641
v 792.937 16 144.515
v 798.774 16 131.312
v 768.119 0 34.5647
v 772.96 0 38.216
v 793.961 0 10.3861
v 789.12 0 6.73483
v 768.119 12 34.5647
v 772.96 12 38.216
v 793.961 12 10.3861
v 789.12 12 6.73483
v 781.04 12 22.4754
v 814.561 0 125.546
v 809.786 0 121.984
v 792.937 0 144.515
v 797.711 0 148.077
v 814.561 16 125.546
v 809.786 16 121.984
v 792.937 16 144.515
v 797.711 16 148.077
v 803.749 16 135.031
v 859.022 0 88.8107
v 862.438 0 84.536
v 886.132 0 103.471
v 882.715 0 107.746
v 859.022 12 88.8107
v 862.438 12 84.536
v 886.132 12 103.471
v 882.715 12 107.746
v 872.577 12 96.1411
v 819.324 0 129.119
v 814.561 0 125.546
v 797.711 0 148.077
v 802.486 0 151.639
v 819.324 16 129.119
v 814.561 16 125.546
v 797.711 16 148.077
v 802.486 16 151.639
v 808.521 16 138.596

f 1 2 76
f 2 77 76
f 2 3 77
f 3 78 77
f 3 4 78
f 4 79 78
f 4 5 79
f 5 80 79
f 5 6 80
f 6 81 80
f 6 7 81
f 7 82 81
f 7 8 82
f 8 83 82
f 8 9 83
f 9 84 83
f 9 10 84
f 10 85 84
f 10 11 85
f 11 86 85
f 11 12 86
f 12 87 86
f 12 13 87
f 13 88 87
f 13 14 88
f 14 89 88
f 14 15 89
f 15 90 89
f 15 16 90
f 16 91 90
f 16 17 91
f 17 92 91
f 17 18 92
f 18 93 92
f 18 19 93
f 19 94 93
f 19 20 94
f 20 95 94
f 20 21 95
f 21 96 95
f 21 22 96
f 22 97 96
f 22 23 97
f 23 98 97
f 23 24 98
f 24 99 98
f 24 25 99
f 25 100 99
f 25 26 100
f 26 101 100
f 26 27 101
f 27 102 101
f 27 28 102
f 28 103 102
f 28 29 103
f 29 104 103
f 29 30 104
f 30 105 104
f 30 31 105
f 31 106 105
f 31 32 106
f 32 107 106
f 32 33 107
f 33 108 107
f 33 34 108
f 34 109 108
f 34 35 109
f 35 110 109
f 35 36 110
f 36 111 110
f 36 37 111
f 37 112 111
f 37 38 112
f 38 113 112
f 38 39 113
f 39 114 113
f 39 40 114
f 40 115 114
f 40 41 115
f 41 116 115
f 41 42 116
f 42 117 116
f 42 43 117
f 43 118 117
f 43 44 118
f 44 119 118
f 44 45 119
f 45 120 119
f 45 46 120
f 46 121 120
f 46 47 121
f 47 122 121
f 47 48 122
f 48 123 122
f 48 49 123
f 49 124 123
f 49 50 124
f 50 125 124
f 50 51 125
f 51 126 125
f 51 52 126
f 52 127 126
f 52 53 127
f 53 128 127
f 53 54 128
f 54 129 128
f 54 55 129
f 55 130 129
f 55 56 130
f 56 131 130
f 56 57 131
f 57 132 131
f 57 58 132
f 58 133 132
f 58 59 133
f 59 134 133
f 59 60 134
f 60 135 134
f 60 61 135
f 61 136 135
f 61 62 136
f 62 137 136
f 62 63 137
f 63 138 137
f 63 64 138
f 64 139 138
f 64 65 139
f 65 140 139
f 65 66 140
f 66 141 140
f 66 67 141
f 67 142 141
f 67 68 142
f 68 143 142
f 68 69 143
f 69 144 143
f 69 70 144
f 70 145 144
f 70 71 145
f 71 146 145
f 71 72 146
f 72 147 146
f 72 73 147
f 73 148 147
f 73 74 148
f 74 149 148
f 74 75 149
f 75 150 149
f 75 1 150
f 1 76 150
f 151 76 77
f 151 77 78
f 151 78 79
f 151 79 80
f 151 80 81
f 151 81 82
f 151 82 83
f 151 83 84
f 151 84 85
f 151 85 86
f 151 86 87
f 151 87 88
f 151 88 89
f 151 89 90
f 151 90 91
f 151 91 92
f 151 92 93
f 151 93 94
f 151 94 95
f 151 95 96
f 151 96 97
f 151 97 98
f 151 98 99
f 151 99 100
f 151 100 101
f 151 101 102
f 151 102 103
f 151 103 104
f 151 104 105
f 151 105 106
f 151 106 107
f 151 107 108
f 151 108 109
f 151 109 110
f 151 110 111
f 151 111 112
f 151 112 113
f 151 113 114
f 151 114 115
f 151 115 116
f 151 116 117
f 151 117 118
f 151 118 119
f 151 119 120
f 151 120 121
f 151 121 122
f 151 122 123
f 151 123 124
f 151 124 125
f 151 125 126
f 151 126 127
f 151 127 128
f 151 128 129
f 151 129 130
f 151 130 131
f 151 131 132
f 151 132 133
f 151 133 134
f 151 134 135
f 151 135 136
f 151 136 137
f 151 137 138
f 151 138 139
f 151 139 140
f 151 140 141
f 151 141 142
f 151 142 143
f 151 143 144
f 151 144 145
f 151 145 146
f 151 146 147
f 151 147 148
f 151 148 149
f 151 149 150
f 151 150 76
f 152 153 180
f 153 181 180
f 153 154 181
f 154 182 181
f 154 155 182
f 155 183 182
f 155 156 183
f 156 184 183
f 156 157 184
f 157 185 184
f 157 158 185
f 158 186 185
f 158 159 186
f 159 187 186
f 159 160 187
f 160 188 187
f 160 161 188
f 161 189 188
f 161 162 189
f 162 190 189
f 162 163 190
f 163 191 190
f 163 164 191
f 164 192 191
f 164 165 192
f 165 193 192
f 165 166 193
f 166 194 193
f 166 167 194
f 167 195 194
f 167 168 195
f 168 196 195
f 168 169 196
f 169 197 196
f 169 170 197
f 170 198 197
f 170 171 198
f 171 199 198
f 171 172 199
f 172 200 199
f 172 173 200
f 173 201 200
f 173 174 201
f 174 202 201
f 174 175 202
f 175 203 202
f 175 176 203
f 176 204 203
f 176 177 204
f 177 205 204
f 177 178 205
f 178 206 205
f 178 179 206
f 179 207 206
f 179 152 207
f 152 180 207
f 208 180 181
f 208 181 182
f 208 182 183
f 208 183 184
f 208 184 185
f 208 185 186
f 208 186 187
f 208 187 188
f 208 188 189
f 208 189 190
f 208 190 191
f 208 191 192
f 208 192 193
f 208 193 194
f 208 194 195
f 208 195 196
f 208 196 197
f 208 197 198
f 208 198 199
f 208 199 200
f 208 200 201
f 208 201 202
f 208 202 203
f 208 203 204
f 208 204 205
f 208 205 206
f 208 206 207
f 208 207 180
f 209 210 259
f 210 260 259
f 210 211 260
f 211 261 260
f 211 212 261
f 212 262 261
f 212 213 262
f 213 263 262
f 213 214 263
f 214 264 263
f 214 215 264
f 215 265 264
f 215 216 265
f 216 266 265
f 216 217 266
f 217 267 266
f 217 218 267
f 218 268 267
f 218 219 268
f 219 269 268
f 219 220 269
f 220 270 269
f 220 221 270
f 221 271 270
f 221 222 271
f 222 272 271
f 222 223 272
f 223 273 272
f 223 224 273
f 224 274 273
f 224 225 274
f 225 275 274
f 225 226 275
f 226 276 275
f 226 227 276
f 227 277 276
f 227 228 277
f 228 278 277
f 228 229 278
f 229 279 278
f 229 230 279
f 230 280 279
f 230 231 280
f 231 281 280
f 231 232 281
f 232 282 281
f 232 233 282
f 233 283 282
f 233 234 283
f 234 284 283
f 234 235 284
f 235 285 284
f 235 236 285
f 236 286 285
f 236 237 286
f 237 287 286
f 237 238 287
f 238 288 287
f 238 239 288
f 239 289 288
f 239 240 289
f 240 290 289
f 240 241 290
f 241 291 290
f 241 242 291
f 242 292 291
f 242 243 292
f 243 293 292
f 243 244 293
f 244 294 293
f 244 245 294
f 245 295 294
f 245 246 295
f 246 296 295
f 246 247 296
f 247 297 296
f 247 248 297
f 248 298 297
f 248 249 298
f 249 299 298
f 249 250 299
f 250 300 299
f 250 251 300
f 251 301 300
f 251 252 301
f 252 302 301
f 252 253 302
f 253 303 302
f 253 254 303
f 254 304 303
f 254 255 304
f 255 305 304
f 255 256 305
f 256 306 305
f 256 257 306
f 257 307 306
f 257 258 307
f 258 308 307
f 258 209 308
f 209 259 308
f 309 259 260
f 309 260 261
f 309 261 262
f 309 262 263
f 309 263 264
f 309 264 265
f 309 265 266
f 309 266 267
f 309 267 268
f 309 268 269
f 309 269 270
f 309 270 271
f 309 271 272
f 309 272 273
f 309 273 274
f 309 274 275
f 309 275 276
f 309 276 277
f 309 277 278
f 309 278 279
f 309 279 280
f 309 280 281
f 309 281 282
f 309 282 283
f 309 283 284
f 309 284 285
f 309 285 286
f 309 286 287
f 309 287 288
f 309 288 289
f 309 289 290
f 309 290 291
f 309 291 292
f 309 292 293
f 309 293 294
f 309 294 295
f 309 295 296
f 309 296 297
f 309 297 298
f 309 298 299
f 309 299 300
f 309 300 301
f 309 301 302
f 309 302 303
f 309 303 304
f 309 304 305
f 309 305 306
f 309 306 307
f 309 307 308
f 309 308 259
f 310 311 314
f 311 315 314
f 311 312 315
f 312 316 315
f 312 313 316
f 313 317 316
f 313 310 317
f 310 314 317
f 318 314 315
f 318 315 316
f 318 316 317
f 318 317 314
f 319 320 331
f 320 332 331
f 320 321 332
f 321 333 332
f 321 322 333
f 322 334 333
f 322 323 334
f 323 335 334
f 323 324 335
f 324 336 335
f 324 325 336
f 325 337 336
f 325 326 337
f 326 338 337
f 326 327 338
f 327 339 338
f 327 328 339
f 328 340 339
f 328 329 340
f 329 341 340
f 329 330 341
f 330 342 341
f 330 319 342
f 319 331 342
f 343 331 332
f 343 332 333
f 343 333 334
f 343 334 335
f 343 335 336
f 343 336 337
f 343 337 338
f 343 338 339
f 343 339 340
f 343 340 341
f 343 341 342
f 343 342 331
f 344 345 373
f 345 374 373
f 345 346 374
f 346 375 374
f 346 347 375
f 347 376 375
f 347 348 376
f 348 377 376
f 348 349 377
f 349 378 377
f 349 350 378
f 350 379 378
f 350 351 379
f 351 380 379
f 351 352 380
f 352 381 380
f 352 353 381
f 353 382 381
f 353 354 382
f 354 383 382
f 354 355 383
f 355 384 383
f 355 356 384
f 356 385 384
f 356 357 385
f 357 386 385
f 357 358 386
f 358 387 386
f 358 359 387
f 359 388 387
f 359 360 388
f 360 389 388
f 360 361 389
f 361 390 389
f 361 362 390
f 362 391 390
f 362 363 391
f 363 392 391
f 363 364 392
f 364 393 392
f 364 365 393
f 365 394 393
f 365 366 394
f 366 395 394
f 366 367 395
f 367 396 395
f 367 368 396
f 368 397 396
f 368 369 397
f 369 398 397
f 369 370 398
f 370 399 398
f 370 371 399
f 371 400 399
f 371 372 400
f 372 401 400
f 372 344 401
f 344 373 401
f 402 373 374
f 402 374 375
f 402 375 376
f 402 376 377
f 402 377 378
f 402 378 379
f 402 379 380
f 402 380 381
f 402 381 382
f 402 382 383
f 402 383 384
f 402 384 385
f 402 385 386
f 402 386 387
f 402 387 388
f 402 388 389
f 402 389 390
f 402 390 391
f 402 391 392
f 402 392 393
f 402 393 394
f 402 394 395
f 402 395 396
f 402 396 397
f 402 397 398
f 402 398 399
f 402 399 400
f 402 400 401
f 402 401 373
f 403 404 423
f 404 424 423
f 404 405 424
f 405 425 424
f 405 406 425
f 406 426 425
f 406 407 426
f 407 427 426
f 407 408 427
f 408 428 427
f 408 409 428
f 409 429 428
f 409 410 429
f 410 430 429
f 410 411 430
f 411 431 430
f 411 412 431
f 412 432 431
f 412 413 432
f 413 433 432
f 413 414 433
f 414 434 433
f 414 415 434
f 415 435 434
f 415 416 435
f 416 436 435
f 416 417 436
f 417 437 436
f 417 418 437
f 418 438 437
f 418 419 438
f 419 439 438
f 419 420 439
f 420 440 439
f 420 421 440
f 421 441 440
f 421 422 441
f 422 442 441
f 422 403 442
f 403 423 442
f 443 423 424
f 443 424 425
f 443 425 426
f 443 426 427
f 443 427 428
f 443 428 429
f 443 429 430
f 443 430 431
f 443 431 432
f 443 432 433
f 443 433 434
f 443 434 435
f 443 435 436
f 443 436 437
f 443 437 438
f 443 438 439
f 443 439 440
f 443 440 441
f 443 441 442
f 443 442 423
f 444 445 465
f 445 466 465
f 445 446 466
f 446 467 466
f 446 447 467
f 447 468 467
f 447 448 468
f 448 469 468
f 448 449 469
f 449 470 469
f 449 450 470
f 450 471 470
f 450 451 471
f 451 472 471
f 451 452 472
f 452 473 472
f 452 453 473
f 453 474 473
f 453 454 474
f 454 475 474
f 454 455 475
f 455 476 475
f 455 456 476
f 456 477 476
f 456 457 477
f 457 478 477
f 457 458 478
f 458 479 478
f 458 459 479
f 459 480 479
f 459 460 480
f 460 481 480
f 460 461 481
f 461 482 481
f 461 462 482
f 462 483 482
f 462 463 483
f 463 484 483
f 463 464 484
f 464 485 484
f 464 444 485
f 444 465 485
f 486 465 466
f 486 466 467
f 486 467 468
f 486 468 469
f 486 469 470
f 486 470 471
f 486 471 472
f 486 472 473
f 486 473 474
f 486 474 475
f 486 475 476
f 486 476 477
f 486 477 478
f 486 478 479
f 486 479 480
f 486 480 481
f 486 481 482
f 486 482 483
f 486 483 484
f 486 484 485
f 486 485 465
f 487 488 520
f 488 521 520
f 488 489 521
f 489 522 521
f 489 490 522
f 490 523 522
f 490 491 523
f 491 524 523
f 491 492 524
f 492 525 524
f 492 493 525
f 493 526 525
f 493 494 526
f 494 527 526
f 494 495 527
f 495 528 527
f 495 496 528
f 496 529 528
f 496 497 529
f 497 530 529
f 497 498 530
f 498 531 530
f 498 499 531
f 499 532 531
f 499 500 532
f 500 533 532
f 500 501 533
f 501 534 533
f 501 502 534
f 502 535 534
f 502 503 535
f 503 536 535
f 503 504 536
f 504 537 536
f 504 505 537
f 505 538 537
f 505 506 538
f 506 539 538
f 506 507 539
f 507 540 539
f 507 508 540
f 508 541 540
f 508 509 541
f 509 542 541
f 509 510 542
f 510 543 542
f 510 511 543
f 511 544 543
f 511 512 544
f 512 545 544
f 512 513 545
f 513 546 545
f 513 514 546
f 514 547 546
f 514 515 547
f 515 548 547
f 515 516 548
f 516 549 548
f 516 517 549
f 517 550 549
f 517 518 550
f 518 551 550
f 518 519 551
f 519 552 551
f 519 487 552
f 487 520 552
f 553 520 521
f 553 521 522
f 553 522 523
f 553 523 524
f 553 524 525
f 553 525 526
f 553 526 527
f 553 527 528
f 553 528 529
f 553 529 530
f 553 530 531
f 553 531 532
f 553 532 533
f 553 533 534
f 553 534 535
f 553 535 536
f 553 536 537
f 553 537 538
f 553 538 539
f 553 539 540
f 553 540 541
f 553 541 542
f 553 542 543
f 553 543 544
f 553 544 545
f 553 545 546
f 553 546 547
f 553 547 548
f 553 548 549
f 553 549 550
f 553 550 551
f 553 551 552
f 553 552 520
f 554 555 565
f 555 566 565
f 555 556 566
f 556 567 566
f 556 557 567
f 557 568 567
f 557 558 568
f 558 569 568
f 558 559 569
f 559 570 569
f 559 560 570
f 560 571 570
f 560 561 571
f 561 572 571
f 561 562 572
f 562 573 572
f 562 563 573
f 563 574 573
f 563 564 574
f 564 575 574
f 564 554 575
f 554 565 575
f 576 565 566
f 576 566 567
f 576 567 568
f 576 568 569
f 576 569 570
f 576 570 571
f 576 571 572
f 576 572 573
f 576 573 574
f 576 574 575
f 576 575 565
f 577 578 586
f 578 587 586
f 578 579 587
f 579 588 587
f 579 580 588
f 580 589 588
f 580 581 589
f 581 590 589
f 581 582 590
f 582 591 590
f 582 583 591
f 583 592 591
f 583 584 592
f 584 593 592
f 584 585 593
f 585 594 593
f 585 577 594
f 577 586 594
f 595 586 587
f 595 587 588
f 595 588 589
f 595 589 590
f 595 590 591
f 595 591 592
f 595 592 593
f 595 593 594
f 595 594 586
f 596 597 607
f 597 608 607
f 597 598 608
f 598 609 608
f 598 599 609
f 599 610 609
f 599 600 610
f 600 611 610
f 600 601 611
f 601 612 611
f 601 602 612
f 602 613 612
f 602 603 613
f 603 614 613
f 603 604 614
f 604 615 614
f 604 605 615
f 605 616 615
f 605 606 616
f 606 617 616
f 606 596 617
f 596 607 617
f 618 607 608
f 618 608 609
f 618 609 610
f 618 610 611
f 618 611 612
f 618 612 613
f 618 613 614
f 618 614 615
f 618 615 616
f 618 616 617
f 618 617 607
f 619 620 625
f 620 626 625
f 620 621 626
f 621 627 626
f 621 622 627
f 622 628 627
f 622 623 628
f 623 629 628
f 623 624 629
f 624 630 629
f 624 619 630
f 619 625 630
f 631 625 626
f 631 626 627
f 631 627 628
f 631 628 629
f 631 629 630
f 631 630 625
f 632 633 636
f 633 637 636
f 633 634 637
f 634 638 637
f 634 635 638
f 635 639 638
f 635 632 639
f 632 636 639
f 640 636 637
f 640 637 638
f 640 638 639
f 640 639 636
f 641 642 646
f 642 647 646
f 642 643 647
f 643 648 647
f 643 644 648
f 644 649 648
f 644 645 649
f 645 650 649
f 645 641 650
f 641 646 650
f 651 646 647
f 651 647 648
f 651 648 649
f 651 649 650
f 651 650 646
f 652 653 659
f 653 660 659
f 653 654 660
f 654 661 660
f 654 655 661
f 655 662 661
f 655 656 662
f 656 663 662
f 656 657 663
f 657 664 663
f 657 658 664
f 658 665 664
f 658 652 665
f 652 659 665
f 666 659 660
f 666 660 661
f 666 661 662
f 666 662 663
f 666 663 664
f 666 664 665
f 666 665 659
f 667 668 680
f 668 681 680
f 668 669 681
f 669 682 681
f 669 670 682
f 670 683 682
f 670 671 683
f 671 684 683
f 671 672 684
f 672 685 684
f 672 673 685
f 673 686 685
f 673 674 686
f 674 687 686
f 674 675 687
f 675 688 687
f 675 676 688
f 676 689 688
f 676 677 689
f 677 690 689
f 677 678 690
f 678 691 690
f 678 679 691
f 679 692 691
f 679 667 692
f 667 680 692
f 693 680 681
f 693 681 682
f 693 682 683
f 693 683 684
f 693 684 685
f 693 685 686
f 693 686 687
f 693 687 688
f 693 688 689
f 693 689 690
f 693 690 691
f 693 691 692
f 693 692 680
f 694 695 701
f 695 702 701
f 695 696 702
f 696 703 702
f 696 697 703
f 697 704 703
f 697 698 704
f 698 705 704
f 698 699 705
f 699 706 705
f 699 700 706
f 700 707 706
f 700 694 707
f 694 701 707
f 708 701 702
f 708 702 703
f 708 703 704
f 708 704 705
f 708 705 706
f 708 706 707
f 708 707 701
f 709 710 739
f 710 740 739
f 710 711 740
f 711 741 740
f 711 712 741
f 712 742 741
f 712 713 742
f 713 743 742
f 713 714 743
f 714 744 743
f 714 715 744
f 715 745 744
f 715 716 745
f 716 746 745
f 716 717 746
f 717 747 746
f 717 718 747
f 718 748 747
f 718 719 748
f 719 749 748
f 719 720 749
f 720 750 749
f 720 721 750
f 721 751 750
f 721 722 751
f 722 752 751
f 722 723 752
f 723 753 752
f 723 724 753
f 724 754 753
f 724 725 754
f 725 755 754
f 725 726 755
f 726 756 755
f 726 727 756
f 727 757 756
f 727 728 757
f 728 758 757
f 728 729 758
f 729 759 758
f 729 730 759
f 730 760 759
f 730 731 760
f 731 761 760
f 731 732 761
f 732 762 761
f 732 733 762
f 733 763 762
f 733 734 763
f 734 764 763
f 734 735 764
f 735 765 764
f 735 736 765
f 736 766 765
f 736 737 766
f 737 767 766
f 737 738 767
f 738 768 767
f 738 709 768
f 709 739 768
f 769 739 740
f 769 740 741
f 769 741 742
f 769 742 743
f 769 743 744
f 769 744 745
f 769 745 746
f 769 746 747
f 769 747 748
f 769 748 749
f 769 749 750
f 769 750 751
f 769 751 752
f 769 752 753
f 769 753 754
f 769 754 755
f 769 755 756
f 769 756 757
f 769 757 758
f 769 758 759
f 769 759 760
f 769 760 761
f 769 761 762
f 769 762 763
f 769 763 764
f 769 764 765
f 769 765 766
f 769 766 767
f 769 767 768
f 769 768 739
f 770 771 774
f 771 775 774
f 771 772 775
f 772 776 775
f 772 773 776
f 773 777 776
f 773 770 777
f 770 774 777
f 778 774 775
f 778 775 776
f 778 776 777
f 778 777 774
f 779 780 787
f 780 788 787
f 780 781 788
f 781 789 788
f 781 782 789
f 782 790 789
f 782 783 790
f 783 791 790
f 783 784 791
f 784 792 791
f 784 785 792
f 785 793 792
f 785 786 793
f 786 794 793
f 786 779 794
f 779 787 794
f 795 787 788
f 795 788 789
f 795 789 790
f 795 790 791
f 795 791 792
f 795 792 793
f 795 793 794
f 795 794 787
f 796 797 802
f 797 803 802
f 797 798 803
f 798 804 803
f 798 799 804
f 799 805 804
f 799 800 805
f 800 806 805
f 800 801 806
f 801 807 806
f 801 796 807
f 796 802 807
f 808 802 803
f 808 803 804
f 808 804 805
f 808 805 806
f 808 806 807
f 808 807 802
f 809 810 814
f 810 815 814
f 810 811 815
f 811 816 815
f 811 812 816
f 812 817 816
f 812 813 817
f 813 818 817
f 813 809 818
f 809 814 818
f 819 814 815
f 819 815 816
f 819 816 817
f 819 817 818
f 819 818 814
f 820 821 824
f 821 825 824
f 821 822 825
f 822 826 825
f 822 823 826
f 823 827 826
f 823 820 827
f 820 824 827
f 828 824 825
f 828 825 826
f 828 826 827
f 828 827 824
f 829 830 839
f 830 840 839
f 830 831 840
f 831 841 840
f 831 832 841
f 832 842 841
f 832 833 842
f 833 843 842
f 833 834 843
f 834 844 843
f 834 835 844
f 835 845 844
f 835 836 845
f 836 846 845
f 836 837 846
f 837 847 846
f 837 838 847
f 838 848 847
f 838 829 848
f 829 839 848
f 849 839 840
f 849 840 841
f 849 841 842
f 849 842 843
f 849 843 844
f 849 844 845
f 849 845 846
f 849 846 847
f 849 847 848
f 849 848 839
f 850 851 857
f 851 858 857
f 851 852 858
f 852 859 858
f 852 853 859
f 853 860 859
f 853 854 860
f 854 861 860
f 854 855 861
f 855 862 861
f 855 856 862
f 856 863 862
f 856 850 863
f 850 857 863
f 864 857 858
f 864 858 859
f 864 859 860
f 864 860 861
f 864 861 862
f 864 862 863
f 864 863 857
f 865 866 870
f 866 871 870
f 866 867 871
f 867 872 871
f 867 868 872
f 868 873 872
f 868 869 873
f 869 874 873
f 869 865 874
f 865 870 874
f 875 870 871
f 875 871 872
f 875 872 873
f 875 873 874
f 875 874 870
f 876 877 889
f 877 890 889
f 877 878 890
f 878 891 890
f 878 879 891
f 879 892 891
f 879 880 892
f 880 893 892
f 880 881 893
f 881 894 893
f 881 882 894
f 882 895 894
f 882 883 895
f 883 896 895
f 883 884 896
f 884 897 896
f 884 885 897
f 885 898 897
f 885 886 898
f 886 899 898
f 886 887 899
f 887 900 899
f 887 888 900
f 888 901 900
f 888 876 901
f 876 889 901
f 902 889 890
f 902 890 891
f 902 891 892
f 902 892 893
f 902 893 894
f 902 894 895
f 902 895 896
f 902 896 897
f 902 897 898
f 902 898 899
f 902 899 900
f 902 900 901
f 902 901 889
f 903 904 915
f 904 916 915
f 904 905 916
f 905 917 916
f 905 906 917
f 906 918 917
f 906 907 918
f 907 919 918
f 907 908 919
f 908 920 919
f 908 909 920
f 909 921 920
f 909 910 921
f 910 922 921
f 910 911 922
f 911 923 922
f 911 912 923
f 912 924 923
f 912 913 924
f 913 925 924
f 913 914 925
f 914 926 925
f 914 903 926
f 903 915 926
f 927 915 916
f 927 916 917
f 927 917 918
f 927 918 919
f 927 919 920
f 927 920 921
f 927 921 922
f 927 922 923
f 927 923 924
f 927 924 925
f 927 925 926
f 927 926 915
f 928 929 939
f 929 940 939
f 929 930 940
f 930 941 940
f 930 931 941
f 931 942 941
f 931 932 942
f 932 943 942
f 932 933 943
f 933 944 943
f 933 934 944
f 934 945 944
f 934 935 945
f 935 946 945
f 935 936 946
f 936 947 946
f 936 937 947
f 937 948 947
f 937 938 948
f 938 949 948
f 938 928 949
f 928 939 949
f 950 939 940
f 950 940 941
f 950 941 942
f 950 942 943
f 950 943 944
f 950 944 945
f 950 945 946
f 950 946 947
f 950 947 948
f 950 948 949
f 950 949 939
f 951 952 967
f 952 968 967
f 952 953 968
f 953 969 968
f 953 954 969
f 954 970 969
f 954 955 970
f 955 971 970
f 955 956 971
f 956 972 971
f 956 957 972
f 957 973 972
f 957 958 973
f 958 974 973
f 958 959 974
f 959 975 974
f 959 960 975
f 960 976 975
f 960 961 976
f 961 977 976
f 961 962 977
f 962 978 977
f 962 963 978
f 963 979 978
f 963 964 979
f 964 980 979
f 964 965 980
f 965 981 980
f 965 966 981
f 966 982 981
f 966 951 982
f 951 967 982
f 983 967 968
f 983 968 969
f 983 969 970
f 983 970 971
f 983 971 972
f 983 972 973
f 983 973 974
f 983 974 975
f 983 975 976
f 983 976 977
f 983 977 978
f 983 978 979
f 983 979 980
f 983 980 981
f 983 981 982
f 983 982 967
f 984 985 988
f 985 989 988
f 985 986 989
f 986 990 989
f 986 987 990
f 987 991 990
f 987 984 991
f 984 988 991
f 992 988 989
f 992 989 990
f 992 990 991
f 992 991 988
f 993 994 1018
f 994 1019 1018
f 994 995 1019
f 995 1020 1019
f 995 996 1020
f 996 1021 1020
f 996 997 1021
f 997 1022 1021
f 997 998 1022
f 998 1023 1022
f 998 999 1023
f 999 1024 1023
f 999 1000 1024
f 1000 1025 1024
f 1000 1001 1025
f 1001 1026 1025
f 1001 1002 1026
f 1002 1027 1026
f 1002 1003 1027
f 1003 1028 1027
f 1003 1004 1028
f 1004 1029 1028
f 1004 1005 1029
f 1005 1030 1029
f 1005 1006 1030
f 1006 1031 1030
f 1006 1007 1031
f 1007 1032 1031
f 1007 1008 1032
f 1008 1033 1032
f 1008 1009 1033
f 1009 1034 1033
f 1009 1010 1034
f 1010 1035 1034
f 1010 1011 1035
f 1011 1036 1035
f 1011 1012 1036
f 1012 1037 1036
f 1012 1013 1037
f 1013 1038 1037
f 1013 1014 1038
f 1014 1039 1038
f 1014 1015 1039
f 1015 1040 1039
f 1015 1016 1040
f 1016 1041 1040
f 1016 1017 1041
f 1017 1042 1041
f 1017 993 1042
f 993 1018 1042
f 1043 1018 1019
f 1043 1019 1020
f 1043 1020 1021
f 1043 1021 1022
f 1043 1022 1023
f 1043 1023 1024
f 1043 1024 1025
f 1043 1025 1026
f 1043 1026 1027
f 1043 1027 1028
f 1043 1028 1029
f 1043 1029 1030
f 1043 1030 1031
f 1043 1031 1032
f 1043 1032 1033
f 1043 1033 1034
f 1043 1034 1035
f 1043 1035 1036
f 1043 1036 1037
f 1043 1037 1038
f 1043 1038 1039
f 1043 1039 1040
f 1043 1040 1041
f 1043 1041 1042
f 1043 1042 1018
f 1044 1045 1058
f 1045 1059 1058
f 1045 1046 1059
f 1046 1060 1059
f 1046 1047 1060
f 1047 1061 1060
f 1047 1048 1061
f 1048 1062 1061
f 1048 1049 1062
f 1049 1063 1062
f 1049 1050 1063
f 1050 1064 1063
f 1050 1051 1064
f 1051 1065 1064
f 1051 1052 1065
f 1052 1066 1065
f 1052 1053 1066
f 1053 1067 1066
f 1053 1054 1067
f 1054 1068 1067
f 1054 1055 1068
f 1055 1069 1068
f 1055 1056 1069
f 1056 1070 1069
f 1056 1057 1070
f 1057 1071 1070
f 1057 1044 1071
f 1044 1058 1071
f 1072 1058 1059
f 1072 1059 1060
f 1072 1060 1061
f 1072 1061 1062
f 1072 1062 1063
f 1072 1063 1064
f 1072 1064 1065
f 1072 1065 1066
f 1072 1066 1067
f 1072 1067 1068
f 1072 1068 1069
f 1072 1069 1070
f 1072 1070 1071
f 1072 1071 1058
f 1073 1074 1104
f 1074 1105 1104
f 1074 1075 1105
f 1075 1106 1105
f 1075 1076 1106
f 1076 1107 1106
f 1076 1077 1107
f 1077 1108 1107
f 1077 1078 1108
f 1078 1109 1108
f 1078 1079 1109
f 1079 1110 1109
f 1079 1080 1110
f 1080 1111 1110
f 1080 1081 1111
f 1081 1112 1111
f 1081 1082 1112
f 1082 1113 1112
f 1082 1083 1113
f 1083 1114 1113
f 1083 1084 1114
f 1084 1115 1114
f 1084 1085 1115
f 1085 1116 1115
f 1085 1086 1116
f 1086 1117 1116
f 1086 1087 1117
f 1087 1118 1117
f 1087 1088 1118
f 1088 1119 1118
f 1088 1089 1119
f 1089 1120 1119
f 1089 1090 1120
f 1090 1121 1120
f 1090 1091 1121
f 1091 1122 1121
f 1091 1092 1122
f 1092 1123 1122
f 1092 1093 1123
f 1093 1124 1123
f 1093 1094 1124
f 1094 1125 1124
f 1094 1095 1125
f 1095 1126 1125
f 1095 1096 1126
f 1096 1127 1126
f 1096 1097 1127
f 1097 1128 1127
f 1097 1098 1128
f 1098 1129 1128
f 1098 1099 1129
f 1099 1130 1129
f 1099 1100 1130
f 1100 1131 1130
f 1100 1101 1131
f 1101 1132 1131
f 1101 1102 1132
f 1102 1133 1132
f 1102 1103 1133
f 1103 1134 1133
f 1103 1073 1134
f 1073 1104 1134
f 1135 1104 1105
f 1135 1105 1106
f 1135 1106 1107
f 1135 1107 1108
f 1135 1108 1109
f 1135 1109 1110
f 1135 1110 1111
f 1135 1111 1112
f 1135 1112 1113
f 1135 1113 1114
f 1135 1114 1115
f 1135 1115 1116
f 1135 1116 1117
f 1135 1117 1118
f 1135 1118 1119
f 1135 1119 1120
f 1135 1120 1121
f 1135 1121 1122
f 1135 1122 1123
f 1135 1123 1124
f 1135 1124 1125
f 1135 1125 1126
f 1135 1126 1127
f 1135 1127 1128
f 1135 1128 1129
f 1135 1129 1130
f 1135 1130 1131
f 1135 1131 1132
f 1135 1132 1133
f 1135 1133 1134
f 1135 1134 1104
f 1136 1137 1145
f 1137 1146 1145
f 1137 1138 1146
f 1138 1147 1146
f 1138 1139 1147
f 1139 1148 1147
f 1139 1140 1148
f 1140 1149 1148
f 1140 1141 1149
f 1141 1150 1149
f 1141 1142 1150
f 1142 1151 1150
f 1142 1143 1151
f 1143 1152 1151
f 1143 1144 1152
f 1144 1153 1152
f 1144 1136 1153
f 1136 1145 1153
f 1154 1145 1146
f 1154 1146 1147
f 1154 1147 1148
f 1154 1148 1149
f 1154 1149 1150
f 1154 1150 1151
f 1154 1151 1152
f 1154 1152 1153
f 1154 1153 1145
f 1155 1156 1314
f 1156 1315 1314
f 1156 1157 1315
f 1157 1316 1315
f 1157 1158 1316
f 1158 1317 1316
f 1158 1159 1317
f 1159 1318 1317
f 1159 1160 1318
f 1160 1319 1318
f 1160 1161 1319
f 1161 1320 1319
f 1161 1162 1320
f 1162 1321 1320
f 1162 1163 1321
f 1163 1322 1321
f 1163 1164 1322
f 1164 1323 1322
f 1164 1165 1323
f 1165 1324 1323
f 1165 1166 1324
f 1166 1325 1324
f 1166 1167 1325
f 1167 1326 1325
f 1167 1168 1326
f 1168 1327 1326
f 1168 1169 1327
f 1169 1328 1327
f 1169 1170 1328
f 1170 1329 1328
f 1170 1171 1329
f 1171 1330 1329
f 1171 1172 1330
f 1172 1331 1330
f 1172 1173 1331
f 1173 1332 1331
f 1173 1174 1332
f 1174 1333 1332
f 1174 1175 1333
f 1175 1334 1333
f 1175 1176 1334
f 1176 1335 1334
f 1176 1177 1335
f 1177 1336 1335
f 1177 1178 1336
f 1178 1337 1336
f 1178 1179 1337
f 1179 1338 1337
f 1179 1180 1338
f 1180 1339 1338
f 1180 1181 1339
f 1181 1340 1339
f 1181 1182 1340
f 1182 1341 1340
f 1182 1183 1341
f 1183 1342 1341
f 1183 1184 1342
f 1184 1343 1342
f 1184 1185 1343
f 1185 1344 1343
f 1185 1186 1344
f 1186 1345 1344
f 1186 1187 1345
f 1187 1346 1345
f 1187 1188 1346
f 1188 1347 1346
f 1188 1189 1347
f 1189 1348 1347
f 1189 1190 1348
f 1190 1349 1348
f 1190 1191 1349
f 1191 1350 1349
f 1191 1192 1350
f 1192 1351 1350
f 1192 1193 1351
f 1193 1352 1351
f 1193 1194 1352
f 1194 1353 1352
f 1194 1195 1353
f 1195 1354 1353
f 1195 1196 1354
f 1196 1355 1354
f 1196 1197 1355
f 1197 1356 1355
f 1197 1198 1356
f 1198 1357 1356
f 1198 1199 1357
f 1199 1358 1357
f 1199 1200 1358
f 1200 1359 1358
f 1200 1201 1359
f 1201 1360 1359
f 1201 1202 1360
f 1202 1361 1360
f 1202 1203 1361
f 1203 1362 1361
f 1203 1204 1362
f 1204 1363 1362
f 1204 1205 1363
f 1205 1364 1363
f 1205 1206 1364
f 1206 1365 1364
f 1206 1207 1365
f 1207 1366 1365
f 1207 1208 1366
f 1208 1367 1366
f 1208 1209 1367
f 1209 1368 1367
f 1209 1210 1368
f 1210 1369 1368
f 1210 1211 1369
f 1211 1370 1369
f 1211 1212 1370
f 1212 1371 1370
f 1212 1213 1371
f 1213 1372 1371
f 1213 1214 1372
f 1214 1373 1372
f 1214 1215 1373
f 1215 1374 1373
f 1215 1216 1374
f 1216 1375 1374
f 1216 1217 1375
f 1217 1376 1375
f 1217 1218 1376
f 1218 1377 1376
f 1218 1219 1377
f 1219 1378 1377
f 1219 1220 1378
f 1220 1379 1378
f 1220 1221 1379
f 1221 1380 1379
f 1221 1222 1380
f 1222 1381 1380
f 1222 1223 1381
f 1223 1382 1381
f 1223 1224 1382
f 1224 1383 1382
f 1224 1225 1383
f 1225 1384 1383
f 1225 1226 1384
f 1226 1385 1384
f 1226 1227 1385
f 1227 1386 1385
f 1227 1228 1386
f 1228 1387 1386
f 1228 1229 1387
f 1229 1388 1387
f 1229 1230 1388
f 1230 1389 1388
f 1230 1231 1389
f 1231 1390 1389
f 1231 1232 1390
f 1232 1391 1390
f 1232 1233 1391
f 1233 1392 1391
f 1233 1234 1392
f 1234 1393 1392
f 1234 1235 1393
f 1235 1394 1393
f 1235 1236 1394
f 1236 1395 1394
f 1236 1237 1395
f 1237 1396 1395
f 1237 1238 1396
f 1238 1397 1396
f 1238 1239 1397
f 1239 1398 1397
f 1239 1240 1398
f 1240 1399 1398
f 1240 1241 1399
f 1241 1400 1399
f 1241 1242 1400
f 1242 1401 1400
f 1242 1243 1401
f 1243 1402 1401
f 1243 1244 1402
f 1244 1403 1402
f 1244 1245 1403
f 1245 1404 1403
f 1245 1246 1404
f 1246 1405 1404
f 1246 1247 1405
f 1247 1406 1405
f 1247 1248 1406
f 1248 1407 1406
f 1248 1249 1407
f 1249 1408 1407
f 1249 1250 1408
f 1250 1409 1408
f 1250 1251 1409
f 1251 1410 1409
f 1251 1252 1410
f 1252 1411 1410
f 1252 1253 1411
f 1253 1412 1411
f 1253 1254 1412
f 1254 1413 1412
f 1254 1255 1413
f 1255 1414 1413
f 1255 1256 1414
f 1256 1415 1414
f 1256 1257 1415
f 1257 1416 1415
f 1257 1258 1416
f 1258 1417 1416
f 1258 1259 1417
f 1259 1418 1417
f 1259 1260 1418
f 1260 1419 1418
f 1260 1261 1419
f 1261 1420 1419
f 1261 1262 1420
f 1262 1421 1420
f 1262 1263 1421
f 1263 1422 1421
f 1263 1264 1422
f 1264 1423 1422
f 1264 1265 1423
f 1265 1424 1423
f 1265 1266 1424
f 1266 1425 1424
f 1266 1267 1425
f 1267 1426 1425
f 1267 1268 1426
f 1268 1427 1426
f 1268 1269 1427
f 1269 1428 1427
f 1269 1270 1428
f 1270 1429 1428
f 1270 1271 1429
f 1271 1430 1429
f 1271 1272 1430
f 1272 1431 1430
f 1272 1273 1431
f 1273 1432 1431
f 1273 1274 1432
f 1274 1433 1432
f 1274 1275 1433
f 1275 1434 1433
f 1275 1276 1434
f 1276 1435 1434
f 1276 1277 1435
f 1277 1436 1435
f 1277 1278 1436
f 1278 1437 1436
f 1278 1279 1437
f 1279 1438 1437
f 1279 1280 1438
f 1280 1439 1438
f 1280 1281 1439
f 1281 1440 1439
f 1281 1282 1440
f 1282 1441 1440
f 1282 1283 1441
f 1283 1442 1441
f 1283 1284 1442
f 1284 1443 1442
f 1284 1285 1443
f 1285 1444 1443
f 1285 1286 1444
f 1286 1445 1444
f 1286 1287 1445
f 1287 1446 1445
f 1287 1288 1446
f 1288 1447 1446
f 1288 1289 1447
f 1289 1448 1447
f 1289 1290 1448
f 1290 1449 1448
f 1290 1291 1449
f 1291 1450 1449
f 1291 1292 1450
f 1292 1451 1450
f 1292 1293 1451
f 1293 1452 1451
f 1293 1294 1452
f 1294 1453 1452
f 1294 1295 1453
f 1295 1454 1453
f 1295 1296 1454
f 1296 1455 1454
f 1296 1297 1455
f 1297 1456 1455
f 1297 1298 1456
f 1298 1457 1456
f 1298 1299 1457
f 1299 1458 1457
f 1299 1300 1458
f 1300 1459 1458
f 1300 1301 1459
f 1301 1460 1459
f 1301 1302 1460
f 1302 1461 1460
f 1302 1303 1461
f 1303 1462 1461
f 1303 1304 1462
f 1304 1463 1462
f 1304 1305 1463
f 1305 1464 1463
f 1305 1306 1464
f 1306 1465 1464
f 1306 1307 1465
f 1307 1466 1465
f 1307 1308 1466
f 1308 1467 1466
f 1308 1309 1467
f 1309 1468 1467
f 1309 1310 1468
f 1310 1469 1468
f 1310 1311 1469
f 1311 1470 1469
f 1311 1312 1470
f 1312 1471 1470
f 1312 1313 1471
f 1313 1472 1471
f 1313 1155 1472
f 1155 1314 1472
f 1473 1314 1315
f 1473 1315 1316
f 1473 1316 1317
f 1473 1317 1318
f 1473 1318 1319
f 1473 1319 1320
f 1473 1320 1321
f 1473 1321 1322
f 1473 1322 1323
f 1473 1323 1324
f 1473 1324 1325
f 1473 1325 1326
f 1473 1326 1327
f 1473 1327 1328
f 1473 1328 1329
f 1473 1329 1330
f 1473 1330 1331
f 1473 1331 1332
f 1473 1332 1333
f 1473 1333 1334
f 1473 1334 1335
f 1473 1335 1336
f 1473 1336 1337
f 1473 1337 1338
f 1473 1338 1339
f 1473 1339 1340
f 1473 1340 1341
f 1473 1341 1342
f 1473 1342 1343
f 1473 1343 1344
f 1473 1344 1345
f 1473 1345 1346
f 1473 1346 1347
f 1473 1347 1348
f 1473 1348 1349
f 1473 1349 1350
f 1473 1350 1351
f 1473 1351 1352
f 1473 1352 1353
f 1473 1353 1354
f 1473 1354 1355
f 1473 1355 1356
f 1473 1356 1357
f 1473 1357 1358
f 1473 1358 1359
f 1473 1359 1360
f 1473 1360 1361
f 1473 1361 1362
f 1473 1362 1363
f 1473 1363 1364
f 1473 1364 1365
f 1473 1365 1366
f 1473 1366 1367
f 1473 1367 1368
f 1473 1368 1369
f 1473 1369 1370
f 1473 1370 1371
f 1473 1371 1372
f 1473 1372 1373
f 1473 1373 1374
f 1473 1374 1375
f 1473 1375 1376
f 1473 1376 1377
f 1473 1377 1378
f 1473 1378 1379
f 1473 1379 1380
f 1473 1380 1381
f 1473 1381 1382
f 1473 1382 1383
f 1473 1383 1384
f 1473 1384 1385
f 1473 1385 1386
f 1473 1386 1387
f 1473 1387 1388
f 1473 1388 1389
f 1473 1389 1390
f 1473 1390 1391
f 1473 1391 1392
f 1473 1392 1393
f 1473 1393 1394
f 1473 1394 1395
f 1473 1395 1396
f 1473 1396 1397
f 1473 1397 1398
f 1473 1398 1399
f 1473 1399 1400
f 1473 1400 1401
f 1473 1401 1402
f 1473 1402 1403
f 1473 1403 1404
f 1473 1404 1405
f 1473 1405 1406
f 1473 1406 1407
f 1473 1407 1408
f 1473 1408 1409
f 1473 1409 1410
f 1473 1410 1411
f 1473 1411 1412
f 1473 1412 1413
f 1473 1413 1414
f 1473 1414 1415
f 1473 1415 1416
f 1473 1416 1417
f 1473 1417 1418
f 1473 1418 1419
f 1473 1419 1420
f 1473 1420 1421
f 1473 1421 1422
f 1473 1422 1423
f 1473 1423 1424
f 1473 1424 1425
f 1473 1425 1426
f 1473 1426 1427
f 1473 1427 1428
f 1473 1428 1429
f 1473 1429 1430
f 1473 1430 1431
f 1473 1431 1432
f 1473 1432 1433
f 1473 1433 1434
f 1473 1434 1435
f 1473 1435 1436
f 1473 1436 1437
f 1473 1437 1438
f 1473 1438 1439
f 1473 1439 1440
f 1473 1440 1441
f 1473 1441 1442
f 1473 1442 1443
f 1473 1443 1444
f 1473 1444 1445
f 1473 1445 1446
f 1473 1446 1447
f 1473 1447 1448
f 1473 1448 1449
f 1473 1449 1450
f 1473 1450 1451
f 1473 1451 1452
f 1473 1452 1453
f 1473 1453 1454
f 1473 1454 1455
f 1473 1455 1456
f 1473 1456 1457
f 1473 1457 1458
f 1473 1458 1459
f 1473 1459 1460
f 1473 1460 1461
f 1473 1461 1462
f 1473 1462 1463
f 1473 1463 1464
f 1473 1464 1465
f 1473 1465 1466
f 1473 1466 1467
f 1473 1467 1468
f 1473 1468 1469
f 1473 1469 1470
f 1473 1470 1471
f 1473 1471 1472
f 1473 1472 1314
f 1474 1475 1495
f 1475 1496 1495
f 1475 1476 1496
f 1476 1497 1496
f 1476 1477 1497
f 1477 1498 1497
f 1477 1478 1498
f 1478 1499 1498
f 1478 1479 1499
f 1479 1500 1499
f 1479 1480 1500
f 1480 1501 1500
f 1480 1481 1501
f 1481 1502 1501
f 1481 1482 1502
f 1482 1503 1502
f 1482 1483 1503
f 1483 1504 1503
f 1483 1484 1504
f 1484 1505 1504
f 1484 1485 1505
f 1485 1506 1505
f 1485 1486 1506
f 1486 1507 1506
f 1486 1487 1507
f 1487 1508 1507
f 1487 1488 1508
f 1488 1509 1508
f 1488 1489 1509
f 1489 1510 1509
f 1489 1490 1510
f 1490 1511 1510
f 1490 1491 1511
f 1491 1512 1511
f 1491 1492 1512
f 1492 1513 1512
f 1492 1493 1513
f 1493 1514 1513
f 1493 1494 1514
f 1494 1515 1514
f 1494 1474 1515
f 1474 1495 1515
f 1516 1495 1496
f 1516 1496 1497
f 1516 1497 1498
f 1516 1498 1499
f 1516 1499 1500
f 1516 1500 1501
f 1516 1501 1502
f 1516 1502 1503
f 1516 1503 1504
f 1516 1504 1505
f 1516 1505 1506
f 1516 1506 1507
f 1516 1507 1508
f 1516 1508 1509
f 1516 1509 1510
f 1516 1510 1511
f 1516 1511 1512
f 1516 1512 1513
f 1516 1513 1514
f 1516 1514 1515
f 1516 1515 1495
f 1517 1518 1529
f 1518 1530 1529
f 1518 1519 1530
f 1519 1531 1530
f 1519 1520 1531
f 1520 1532 1531
f 1520 1521 1532
f 1521 1533 1532
f 1521 1522 1533
f 1522 1534 1533
f 1522 1523 1534
f 1523 1535 1534
f 1523 1524 1535
f 1524 1536 1535
f 1524 1525 1536
f 1525 1537 1536
f 1525 1526 1537
f 1526 1538 1537
f 1526 1527 1538
f 1527 1539 1538
f 1527 1528 1539
f 1528 1540 1539
f 1528 1517 1540
f 1517 1529 1540
f 1541 1529 1530
f 1541 1530 1531
f 1541 1531 1532
f 1541 1532 1533
f 1541 1533 1534
f 1541 1534 1535
f 1541 1535 1536
f 1541 1536 1537
f 1541 1537 1538
f 1541 1538 1539
f 1541 1539 1540
f 1541 1540 1529
f 1542 1543 1550
f 1543 1551 1550
f 1543 1544 1551
f 1544 1552 1551
f 1544 1545 1552
f 1545 1553 1552
f 1545 1546 1553
f 1546 1554 1553
f 1546 1547 1554
f 1547 1555 1554
f 1547 1548 1555
f 1548 1556 1555
f 1548 1549 1556
f 1549 1557 1556
f 1549 1542 1557
f 1542 1550 1557
f 1558 1550 1551
f 1558 1551 1552
f 1558 1552 1553
f 1558 1553 1554
f 1558 1554 1555
f 1558 1555 1556
f 1558 1556 1557
f 1558 1557 1550
f 1559 1560 1563
f 1560 1564 1563
f 1560 1561 1564
f 1561 1565 1564
f 1561 1562 1565
f 1562 1566 1565
f 1562 1559 1566
f 1559 1563 1566
f 1567 1563 1564
f 1567 1564 1565
f 1567 1565 1566
f 1567 1566 1563
f 1568 1569 1573
f 1569 1574 1573
f 1569 1570 1574
f 1570 1575 1574
f 1570 1571 1575
f 1571 1576 1575
f 1571 1572 1576
f 1572 1577 1576
f 1572 1568 1577
f 1568 1573 1577
f 1578 1573 1574
f 1578 1574 1575
f 1578 1575 1576
f 1578 1576 1577
f 1578 1577 1573
f 1579 1580 1584
f 1580 1585 1584
f 1580 1581 1585
f 1581 1586 1585
f 1581 1582 1586
f 1582 1587 1586
f 1582 1583 1587
f 1583 1588 1587
f 1583 1579 1588
f 1579 1584 1588
f 1589 1584 1585
f 1589 1585 1586
f 1589 1586 1587
f 1589 1587 1588
f 1589 1588 1584
f 1590 1591 1597
f 1591 1598 1597
f 1591 1592 1598
f 1592 1599 1598
f 1592 1593 1599
f 1593 1600 1599
f 1593 1594 1600
f 1594 1601 1600
f 1594 1595 1601
f 1595 1602 1601
f 1595 1596 1602
f 1596 1603 1602
f 1596 1590 1603
f 1590 1597 1603
f 1604 1597 1598
f 1604 1598 1599
f 1604 1599 1600
f 1604 1600 1601
f 1604 1601 1602
f 1604 1602 1603
f 1604 1603 1597
f 1605 1606 1611
f 1606 1612 1611
f 1606 1607 1612
f 1607 1613 1612
f 1607 1608 1613
f 1608 1614 1613
f 1608 1609 1614
f 1609 1615 1614
f 1609 1610 1615
f 1610 1616 1615
f 1610 1605 1616
f 1605 1611 1616
f 1617 1611 1612
f 1617 1612 1613
f 1617 1613 1614
f 1617 1614 1615
f 1617 1615 1616
f 1617 1616 1611
f 1618 1619 1625
f 1619 1626 1625
f 1619 1620 1626
f 1620 1627 1626
f 1620 1621 1627
f 1621 1628 1627
f 1621 1622 1628
f 1622 1629 1628
f 1622 1623 1629
f 1623 1630 1629
f 1623 1624 1630
f 1624 1631 1630
f 1624 1618 1631
f 1618 1625 1631
f 1632 1625 1626
f 1632 1626 1627
f 1632 1627 1628
f 1632 1628 1629
f 1632 1629 1630
f 1632 1630 1631
f 1632 1631 1625
f 1633 1634 1638
f 1634 1639 1638
f 1634 1635 1639
f 1635 1640 1639
f 1635 1636 1640
f 1636 1641 1640
f 1636 1637 1641
f 1637 1642 1641
f 1637 1633 1642
f 1633 1638 1642
f 1643 1638 1639
f 1643 1639 1640
f 1643 1640 1641
f 1643 1641 1642
f 1643 1642 1638
f 1644 1645 1684
f 1645 1685 1684
f 1645 1646 1685
f 1646 1686 1685
f 1646 1647 1686
f 1647 1687 1686
f 1647 1648 1687
f 1648 1688 1687
f 1648 1649 1688
f 1649 1689 1688
f 1649 1650 1689
f 1650 1690 1689
f 1650 1651 1690
f 1651 1691 1690
f 1651 1652 1691
f 1652 1692 1691
f 1652 1653 1692
f 1653 1693 1692
f 1653 1654 1693
f 1654 1694 1693
f 1654 1655 1694
f 1655 1695 1694
f 1655 1656 1695
f 1656 1696 1695
f 1656 1657 1696
f 1657 1697 1696
f 1657 1658 1697
f 1658 1698 1697
f 1658 1659 1698
f 1659 1699 1698
f 1659 1660 1699
f 1660 1700 1699
f 1660 1661 1700
f 1661 1701 1700
f 1661 1662 1701
f 1662 1702 1701
f 1662 1663 1702
f 1663 1703 1702
f 1663 1664 1703
f 1664 1704 1703
f 1664 1665 1704
f 1665 1705 1704
f 1665 1666 1705
f 1666 1706 1705
f 1666 1667 1706
f 1667 1707 1706
f 1667 1668 1707
f 1668 1708 1707
f 1668 1669 1708
f 1669 1709 1708
f 1669 1670 1709
f 1670 1710 1709
f 1670 1671 1710
f 1671 1711 1710
f 1671 1672 1711
f 1672 1712 1711
f 1672 1673 1712
f 1673 1713 1712
f 1673 1674 1713
f 1674 1714 1713
f 1674 1675 1714
f 1675 1715 1714
f 1675 1676 1715
f 1676 1716 1715
f 1676 1677 1716
f 1677 1717 1716
f 1677 1678 1717
f 1678 1718 1717
f 1678 1679 1718
f 1679 1719 1718
f 1679 1680 1719
f 1680 1720 1719
f 1680 1681 1720
f 1681 1721 1720
f 1681 1682 1721
f 1682 1722 1721
f 1682 1683 1722
f 1683 1723 1722
f 1683 1644 1723
f 1644 1684 1723
f 1724 1684 1685
f 1724 1685 1686
f 1724 1686 1687
f 1724 1687 1688
f 1724 1688 1689
f 1724 1689 1690
f 1724 1690 1691
f 1724 1691 1692
f 1724 1692 1693
f 1724 1693 1694
f 1724 1694 1695
f 1724 1695 1696
f 1724 1696 1697
f 1724 1697 1698
f 1724 1698 1699
f 1724 1699 1700
f 1724 1700 1701
f 1724 1701 1702
f 1724 1702 1703
f 1724 1703 1704
f 1724 1704 1705
f 1724 1705 1706
f 1724 1706 1707
f 1724 1707 1708
f 1724 1708 1709
f 1724 1709 1710
f 1724 1710 1711
f 1724 1711 1712
f 1724 1712 1713
f 1724 1713 1714
f 1724 1714 1715
f 1724 1715 1716
f 1724 1716 1717
f 1724 1717 1718
f 1724 1718 1719
f 1724 1719 1720
f 1724 1720 1721
f 1724 1721 1722
f 1724 1722 1723
f 1724 1723 1684
f 1725 1726 1759
f 1726 1760 1759
f 1726 1727 1760
f 1727 1761 1760
f 1727 1728 1761
f 1728 1762 1761
f 1728 1729 1762
f 1729 1763 1762
f 1729 1730 1763
f 1730 1764 1763
f 1730 1731 1764
f 1731 1765 1764
f 1731 1732 1765
f 1732 1766 1765
f 1732 1733 1766
f 1733 1767 1766
f 1733 1734 1767
f 1734 1768 1767
f 1734 1735 1768
f 1735 1769 1768
f 1735 1736 1769
f 1736 1770 1769
f 1736 1737 1770
f 1737 1771 1770
f 1737 1738 1771
f 1738 1772 1771
f 1738 1739 1772
f 1739 1773 1772
f 1739 1740 1773
f 1740 1774 1773
f 1740 1741 1774
f 1741 1775 1774
f 1741 1742 1775
f 1742 1776 1775
f 1742 1743 1776
f 1743 1777 1776
f 1743 1744 1777
f 1744 1778 1777
f 1744 1745 1778
f 1745 1779 1778
f 1745 1746 1779
f 1746 1780 1779
f 1746 1747 1780
f 1747 1781 1780
f 1747 1748 1781
f 1748 1782 1781
f 1748 1749 1782
f 1749 1783 1782
f 1749 1750 1783
f 1750 1784 1783
f 1750 1751 1784
f 1751 1785 1784
f 1751 1752 1785
f 1752 1786 1785
f 1752 1753 1786
f 1753 1787 1786
f 1753 1754 1787
f 1754 1788 1787
f 1754 1755 1788
f 1755 1789 1788
f 1755 1756 1789
f 1756 1790 1789
f 1756 1757 1790
f 1757 1791 1790
f 1757 1758 1791
f 1758 1792 1791
f 1758 1725 1792
f 1725 1759 1792
f 1793 1759 1760
f 1793 1760 1761
f 1793 1761 1762
f 1793 1762 1763
f 1793 1763 1764
f 1793 1764 1765
f 1793 1765 1766
f 1793 1766 1767
f 1793 1767 1768
f 1793 1768 1769
f 1793 1769 1770
f 1793 1770 1771
f 1793 1771 1772
f 1793 1772 1773
f 1793 1773 1774
f 1793 1774 1775
f 1793 1775 1776
f 1793 1776 1777
f 1793 1777 1778
f 1793 1778 1779
f 1793 1779 1780
f 1793 1780 1781
f 1793 1781 1782
f 1793 1782 1783
f 1793 1783 1784
f 1793 1784 1785
f 1793 1785 1786
f 1793 1786 1787
f 1793 1787 1788
f 1793 1788 1789
f 1793 1789 1790
f 1793 1790 1791
f 1793 1791 1792
f 1793 1792 1759
f 1794 1795 1812
f 1795 1813 1812
f 1795 1796 1813
f 1796 1814 1813
f 1796 1797 1814
f 1797 1815 1814
f 1797 1798 1815
f 1798 1816 1815
f 1798 1799 1816
f 1799 1817 1816
f 1799 1800 1817
f 1800 1818 1817
f 1800 1801 1818
f 1801 1819 1818
f 1801 1802 1819
f 1802 1820 1819
f 1802 1803 1820
f 1803 1821 1820
f 1803 1804 1821
f 1804 1822 1821
f 1804 1805 1822
f 1805 1823 1822
f 1805 1806 1823
f 1806 1824 1823
f 1806 1807 1824
f 1807 1825 1824
f 1807 1808 1825
f 1808 1826 1825
f 1808 1809 1826
f 1809 1827 1826
f 1809 1810 1827
f 1810 1828 1827
f 1810 1811 1828
f 1811 1829 1828
f 1811 1794 1829
f 1794 1812 1829
f 1830 1812 1813
f 1830 1813 1814
f 1830 1814 1815
f 1830 1815 1816
f 1830 1816 1817
f 1830 1817 1818
f 1830 1818 1819
f 1830 1819 1820
f 1830 1820 1821
f 1830 1821 1822
f 1830 1822 1823
f 1830 1823 1824
f 1830 1824 1825
f 1830 1825 1826
f 1830 1826 1827
f 1830 1827 1828
f 1830 1828 1829
f 1830 1829 1812
f 1831 1832 1840
f 1832 1841 1840
f 1832 1833 1841
f 1833 1842 1841
f 1833 1834 1842
f 1834 1843 1842
f 1834 1835 1843
f 1835 1844 1843
f 1835 1836 1844
f 1836 1845 1844
f 1836 1837 1845
f 1837 1846 1845
f 1837 1838 1846
f 1838 1847 1846
f 1838 1839 1847
f 1839 1848 1847
f 1839 1831 1848
f 1831 1840 1848
f 1849 1840 1841
f 1849 1841 1842
f 1849 1842 1843
f 1849 1843 1844
f 1849 1844 1845
f 1849 1845 1846
f 1849 1846 1847
f 1849 1847 1848
f 1849 1848 1840
f 1850 1851 1864
f 1851 1865 1864
f 1851 1852 1865
f 1852 1866 1865
f 1852 1853 1866
f 1853 1867 1866
f 1853 1854 1867
f 1854 1868 1867
f 1854 1855 1868
f 1855 1869 1868
f 1855 1856 1869
f 1856 1870 1869
f 1856 1857 1870
f 1857 1871 1870
f 1857 1858 1871
f 1858 1872 1871
f 1858 1859 1872
f 1859 1873 1872
f 1859 1860 1873
f 1860 1874 1873
f 1860 1861 1874
f 1861 1875 1874
f 1861 1862 1875
f 1862 1876 1875
f 1862 1863 1876
f 1863 1877 1876
f 1863 1850 1877
f 1850 1864 1877
f 1878 1864 1865
f 1878 1865 1866
f 1878 1866 1867
f 1878 1867 1868
f 1878 1868 1869
f 1878 1869 1870
f 1878 1870 1871
f 1878 1871 1872
f 1878 1872 1873
f 1878 1873 1874
f 1878 1874 1875
f 1878 1875 1876
f 1878 1876 1877
f 1878 1877 1864
f 1879 1880 1895
f 1880 1896 1895
f 1880 1881 1896
f 1881 1897 1896
f 1881 1882 1897
f 1882 1898 1897
f 1882 1883 1898
f 1883 1899 1898
f 1883 1884 1899
f 1884 1900 1899
f 1884 1885 1900
f 1885 1901 1900
f 1885 1886 1901
f 1886 1902 1901
f 1886 1887 1902
f 1887 1903 1902
f 1887 1888 1903
f 1888 1904 1903
f 1888 1889 1904
f 1889 1905 1904
f 1889 1890 1905
f 1890 1906 1905
f 1890 1891 1906
f 1891 1907 1906
f 1891 1892 1907
f 1892 1908 1907
f 1892 1893 1908
f 1893 1909 1908
f 1893 1894 1909
f 1894 1910 1909
f 1894 1879 1910
f 1879 1895 1910
f 1911 1895 1896
f 1911 1896 1897
f 1911 1897 1898
f 1911 1898 1899
f 1911 1899 1900
f 1911 1900 1901
f 1911 1901 1902
f 1911 1902 1903
f 1911 1903 1904
f 1911 1904 1905
f 1911 1905 1906
f 1911 1906 1907
f 1911 1907 1908
f 1911 1908 1909
f 1911 1909 1910
f 1911 1910 1895
f 1912 1913 1933
f 1913 1934 1933
f 1913 1914 1934
f 1914 1935 1934
f 1914 1915 1935
f 1915 1936 1935
f 1915 1916 1936
f 1916 1937 1936
f 1916 1917 1937
f 1917 1938 1937
f 1917 1918 1938
f 1918 1939 1938
f 1918 1919 1939
f 1919 1940 1939
f 1919 1920 1940
f 1920 1941 1940
f 1920 1921 1941
f 1921 1942 1941
f 1921 1922 1942
f 1922 1943 1942
f 1922 1923 1943
f 1923 1944 1943
f 1923 1924 1944
f 1924 1945 1944
f 1924 1925 1945
f 1925 1946 1945
f 1925 1926 1946
f 1926 1947 1946
f 1926 1927 1947
f 1927 1948 1947
f 1927 1928 1948
f 1928 1949 1948
f 1928 1929 1949
f 1929 1950 1949
f 1929 1930 1950
f 1930 1951 1950
f 1930 1931 1951
f 1931 1952 1951
f 1931 1932 1952
f 1932 1953 1952
f 1932 1912 1953
f 1912 1933 1953
f 1954 1933 1934
f 1954 1934 1935
f 1954 1935 1936
f 1954 1936 1937
f 1954 1937 1938
f 1954 1938 1939
f 1954 1939 1940
f 1954 1940 1941
f 1954 1941 1942
f 1954 1942 1943
f 1954 1943 1944
f 1954 1944 1945
f 1954 1945 1946
f 1954 1946 1947
f 1954 1947 1948
f 1954 1948 1949
f 1954 1949 1950
f 1954 1950 1951
f 1954 1951 1952
f 1954 1952 1953
f 1954 1953 1933
f 1955 1956 1969
f 1956 1970 1969
f 1956 1957 1970
f 1957 1971 1970
f 1957 1958 1971
f 1958 1972 1971
f 1958 1959 1972
f 1959 1973 1972
f 1959 1960 1973
f 1960 1974 1973
f 1960 1961 1974
f 1961 1975 1974
f 1961 1962 1975
f 1962 1976 1975
f 1962 1963 1976
f 1963 1977 1976
f 1963 1964 1977
f 1964 1978 1977
f 1964 1965 1978
f 1965 1979 1978
f 1965 1966 1979
f 1966 1980 1979
f 1966 1967 1980
f 1967 1981 1980
f 1967 1968 1981
f 1968 1982 1981
f 1968 1955 1982
f 1955 1969 1982
f 1983 1969 1970
f 1983 1970 1971
f 1983 1971 1972
f 1983 1972 1973
f 1983 1973 1974
f 1983 1974 1975
f 1983 1975 1976
f 1983 1976 1977
f 1983 1977 1978
f 1983 1978 1979
f 1983 1979 1980
f 1983 1980 1981
f 1983 1981 1982
f 1983 1982 1969
f 1984 1985 1992
f 1985 1993 1992
f 1985 1986 1993
f 1986 1994 1993
f 1986 1987 1994
f 1987 1995 1994
f 1987 1988 1995
f 1988 1996 1995
f 1988 1989 1996
f 1989 1997 1996
f 1989 1990 1997
f 1990 1998 1997
f 1990 1991 1998
f 1991 1999 1998
f 1991 1984 1999
f 1984 1992 1999
f 2000 1992 1993
f 2000 1993 1994
f 2000 1994 1995
f 2000 1995 1996
f 2000 1996 1997
f 2000 1997 1998
f 2000 1998 1999
f 2000 1999 1992
f 2001 2002 2009
f 2002 2010 2009
f 2002 2003 2010
f 2003 2011 2010
f 2003 2004 2011
f 2004 2012 2011
f 2004 2005 2012
f 2005 2013 2012
f 2005 2006 2013
f 2006 2014 2013
f 2006 2007 2014
f 2007 2015 2014
f 2007 2008 2015
f 2008 2016 2015
f 2008 2001 2016
f 2001 2009 2016
f 2017 2009 2010
f 2017 2010 2011
f 2017 2011 2012
f 2017 2012 2013
f 2017 2013 2014
f 2017 2014 2015
f 2017 2015 2016
f 2017 2016 2009
f 2018 2019 2022
f 2019 2023 2022
f 2019 2020 2023
f 2020 2024 2023
f 2020 2021 2024
f 2021 2025 2024
f 2021 2018 2025
f 2018 2022 2025
f 2026 2022 2023
f 2026 2023 2024
f 2026 2024 2025
f 2026 2025 2022
f 2027 2028 2035
f 2028 2036 2035
f 2028 2029 2036
f 2029 2037 2036
f 2029 2030 2037
f 2030 2038 2037
f 2030 2031 2038
f 2031 2039 2038
f 2031 2032 2039
f 2032 2040 2039
f 2032 2033 2040
f 2033 2041 2040
f 2033 2034 2041
f 2034 2042 2041
f 2034 2027 2042
f 2027 2035 2042
f 2043 2035 2036
f 2043 2036 2037
f 2043 2037 2038
f 2043 2038 2039
f 2043 2039 2040
f 2043 2040 2041
f 2043 2041 2042
f 2043 2042 2035
f 2044 2045 2077
f 2045 2078 2077
f 2045 2046 2078
f 2046 2079 2078
f 2046 2047 2079
f 2047 2080 2079
f 2047 2048 2080
f 2048 2081 2080
f 2048 2049 2081
f 2049 2082 2081
f 2049 2050 2082
f 2050 2083 2082
f 2050 2051 2083
f 2051 2084 2083
f 2051 2052 2084
f 2052 2085 2084
f 2052 2053 2085
f 2053 2086 2085
f 2053 2054 2086
f 2054 2087 2086
f 2054 2055 2087
f 2055 2088 2087
f 2055 2056 2088
f 2056 2089 2088
f 2056 2057 2089
f 2057 2090 2089
f 2057 2058 2090
f 2058 2091 2090
f 2058 2059 2091
f 2059 2092 2091
f 2059 2060 2092
f 2060 2093 2092
f 2060 2061 2093
f 2061 2094 2093
f 2061 2062 2094
f 2062 2095 2094
f 2062 2063 2095
f 2063 2096 2095
f 2063 2064 2096
f 2064 2097 2096
f 2064 2065 2097
f 2065 2098 2097
f 2065 2066 2098
f 2066 2099 2098
f 2066 2067 2099
f 2067 2100 2099
f 2067 2068 2100
f 2068 2101 2100
f 2068 2069 2101
f 2069 2102 2101
f 2069 2070 2102
f 2070 2103 2102
f 2070 2071 2103
f 2071 2104 2103
f 2071 2072 2104
f 2072 2105 2104
f 2072 2073 2105
f 2073 2106 2105
f 2073 2074 2106
f 2074 2107 2106
f 2074 2075 2107
f 2075 2108 2107
f 2075 2076 2108
f 2076 2109 2108
f 2076 2044 2109
f 2044 2077 2109
f 2110 2077 2078
f 2110 2078 2079
f 2110 2079 2080
f 2110 2080 2081
f 2110 2081 2082
f 2110 2082 2083
f 2110 2083 2084
f 2110 2084 2085
f 2110 2085 2086
f 2110 2086 2087
f 2110 2087 2088
f 2110 2088 2089
f 2110 2089 2090
f 2110 2090 2091
f 2110 2091 2092
f 2110 2092 2093
f 2110 2093 2094
f 2110 2094 2095
f 2110 2095 2096
f 2110 2096 2097
f 2110 2097 2098
f 2110 2098 2099
f 2110 2099 2100
f 2110 2100 2101
f 2110 2101 2102
f 2110 2102 2103
f 2110 2103 2104
f 2110 2104 2105
f 2110 2105 2106
f 2110 2106 2107
f 2110 2107 2108
f 2110 2108 2109
f 2110 2109 2077
f 2111 2112 2116
f 2112 2117 2116
f 2112 2113 2117
f 2113 2118 2117
f 2113 2114 2118
f 2114 2119 2118
f 2114 2115 2119
f 2115 2120 2119
f 2115 2111 2120
f 2111 2116 2120
f 2121 2116 2117
f 2121 2117 2118
f 2121 2118 2119
f 2121 2119 2120
f 2121 2120 2116
f 2122 2123 2126
f 2123 2127 2126
f 2123 2124 2127
f 2124 2128 2127
f 2124 2125 2128
f 2125 2129 2128
f 2125 2122 2129
f 2122 2126 2129
f 2130 2126 2127
f 2130 2127 2128
f 2130 2128 2129
f 2130 2129 2126
f 2131 2132 2135
f 2132 2136 2135
f 2132 2133 2136
f 2133 2137 2136
f 2133 2134 2137
f 2134 2138 2137
f 2134 2131 2138
f 2131 2135 2138
f 2139 2135 2136
f 2139 2136 2137
f 2139 2137 2138
f 2139 2138 2135
f 2140 2141 2144
f 2141 2145 2144
f 2141 2142 2145
f 2142 2146 2145
f 2142 2143 2146
f 2143 2147 2146
f 2143 2140 2147
f 2140 2144 2147
f 2148 2144 2145
f 2148 2145 2146
f 2148 2146 2147
f 2148 2147 2144
f 2149 2150 2153
f 2150 2154 2153
f 2150 2151 2154
f 2151 2155 2154
f 2151 2152 2155
f 2152 2156 2155
f 2152 2149 2156
f 2149 2153 2156
f 2157 2153 2154
f 2157 2154 2155
f 2157 2155 2156
f 2157 2156 2153
f 2158 2159 2162
f 2159 2163 2162
f 2159 2160 2163
f 2160 2164 2163
f 2160 2161 2164
f 2161 2165 2164
f 2161 2158 2165
f 2158 2162 2165
f 2166 2162 2163
f 2166 2163 2164
f 2166 2164 2165
f 2166 2165 2162
f 2167 2168 2171
f 2168 2172 2171
f 2168 2169 2172
f 2169 2173 2172
f 2169 2170 2173
f 2170 2174 2173
f 2170 2167 2174
f 2167 2171 2174
f 2175 2171 2172
f 2175 2172 2173
f 2175 2173 2174
f 2175 2174 2171
f 2176 2177 2182
f 2177 2183 2182
f 2177 2178 2183
f 2178 2184 2183
f 2178 2179 2184
f 2179 2185 2184
f 2179 2180 2185
f 2180 2186 2185
f 2180 2181 2186
f 2181 2187 2186
f 2181 2176 2187
f 2176 2182 2187
f 2188 2182 2183
f 2188 2183 2184
f 2188 2184 2185
f 2188 2185 2186
f 2188 2186 2187
f 2188 2187 2182
f 2189 2190 2193
f 2190 2194 2193
f 2190 2191 2194
f 2191 2195 2194
f 2191 2192 2195
f 2192 2196 2195
f 2192 2189 2196
f 2189 2193 2196
f 2197 2193 2194
f 2197 2194 2195
f 2197 2195 2196
f 2197 2196 2193
f 2198 2199 2202
f 2199 2203 2202
f 2199 2200 2203
f 2200 2204 2203
f 2200 2201 2204
f 2201 2205 2204
f 2201 2198 2205
f 2198 2202 2205
f 2206 2202 2203
f 2206 2203 2204
f 2206 2204 2205
f 2206 2205 2202
f 2207 2208 2211
f 2208 2212 2211
f 2208 2209 2212
f 2209 2213 2212
f 2209 2210 2213
f 2210 2214 2213
f 2210 2207 2214
f 2207 2211 2214
f 2215 2211 2212
f 2215 2212 2213
f 2215 2213 2214
f 2215 2214 2211
f 2216 2217 2220
f 2217 2221 2220
f 2217 2218 2221
f 2218 2222 2221
f 2218 2219 2222
f 2219 2223 2222
f 2219 2216 2223
f 2216 2220 2223
f 2224 2220 2221
f 2224 2221 2222
f 2224 2222 2223
f 2224 2223 2220
f 2225 2226 2229
f 2226 2230 2229
f 2226 2227 2230
f 2227 2231 2230
f 2227 2228 2231
f 2228 2232 2231
f 2228 2225 2232
f 2225 2229 2232
f 2233 2229 2230
f 2233 2230 2231
f 2233 2231 2232
f 2233 2232 2229
f 2234 2235 2238
f 2235 2239 2238
f 2235 2236 2239
f 2236 2240 2239
f 2236 2237 2240
f 2237 2241 2240
f 2237 2234 2241
f 2234 2238 2241
f 2242 2238 2239
f 2242 2239 2240
f 2242 2240 2241
f 2242 2241 2238
f 2243 2244 2248
f 2244 2249 2248
f 2244 2245 2249
f 2245 2250 2249
f 2245 2246 2250
f 2246 2251 2250
f 2246 2247 2251
f 2247 2252 2251
f 2247 2243 2252
f 2243 2248 2252
f 2253 2248 2249
f 2253 2249 2250
f 2253 2250 2251
f 2253 2251 2252
f 2253 2252 2248
f 2254 2255 2258
f 2255 2259 2258
f 2255 2256 2259
f 2256 2260 2259
f 2256 2257 2260
f 2257 2261 2260
f 2257 2254 2261
f 2254 2258 2261
f 2262 2258 2259
f 2262 2259 2260
f 2262 2260 2261
f 2262 2261 2258
f 2263 2264 2267
f 2264 2268 2267
f 2264 2265 2268
f 2265 2269 2268
f 2265 2266 2269
f 2266 2270 2269
f 2266 2263 2270
f 2263 2267 2270
f 2271 2267 2268
f 2271 2268 2269
f 2271 2269 2270
f 2271 2270 2267
f 2272 2273 2277
f 2273 2278 2277
f 2273 2274 2278
f 2274 2279 2278
f 2274 2275 2279
f 2275 2280 2279
f 2275 2276 2280
f 2276 2281 2280
f 2276 2272 2281
f 2272 2277 2281
f 2282 2277 2278
f 2282 2278 2279
f 2282 2279 2280
f 2282 2280 2281
f 2282 2281 2277
f 2283 2284 2287
f 2284 2288 2287
f 2284 2285 2288
f 2285 2289 2288
f 2285 2286 2289
f 2286 2290 2289
f 2286 2283 2290
f 2283 2287 2290
f 2291 2287 2288
f 2291 2288 2289
f 2291 2289 2290
f 2291 2290 2287
f 2292 2293 2296
f 2293 2297 2296
f 2293 2294 2297
f 2294 2298 2297
f 2294 2295 2298
f 2295 2299 2298
f 2295 2292 2299
f 2292 2296 2299
f 2300 2296 2297
f 2300 2297 2298
f 2300 2298 2299
f 2300 2299 2296
f 2301 2302 2305
f 2302 2306 2305
f 2302 2303 2306
f 2303 2307 2306
f 2303 2304 2307
f 2304 2308 2307
f 2304 2301 2308
f 2301 2305 2308
f 2309 2305 2306
f 2309 2306 2307
f 2309 2307 2308
f 2309 2308 2305
f 2310 2311 2314
f 2311 2315 2314
f 2311 2312 2315
f 2312 2316 2315
f 2312 2313 2316
f 2313 2317 2316
f 2313 2310 2317
f 2310 2314 2317
f 2318 2314 2315
f 2318 2315 2316
f 2318 2316 2317
f 2318 2317 2314
f 2319 2320 2324
f 2320 2325 2324
f 2320 2321 2325
f 2321 2326 2325
f 2321 2322 2326
f 2322 2327 2326
f 2322 2323 2327
f 2323 2328 2327
f 2323 2319 2328
f 2319 2324 2328
f 2329 2324 2325
f 2329 2325 2326
f 2329 2326 2327
f 2329 2327 2328
f 2329 2328 2324
f 2330 2331 2334
f 2331 2335 2334
f 2331 2332 2335
f 2332 2336 2335
f 2332 2333 2336
f 2333 2337 2336
f 2333 2330 2337
f 2330 2334 2337
f 2338 2334 2335
f 2338 2335 2336
f 2338 2336 2337
f 2338 2337 2334
f 2339 2340 2343
f 2340 2344 2343
f 2340 2341 2344
f 2341 2345 2344
f 2341 2342 2345
f 2342 2346 2345
f 2342 2339 2346
f 2339 2343 2346
f 2347 2343 2344
f 2347 2344 2345
f 2347 2345 2346
f 2347 2346 2343
f 2348 2349 2352
f 2349 2353 2352
f 2349 2350 2353
f 2350 2354 2353
f 2350 2351 2354
f 2351 2355 2354
f 2351 2348 2355
f 2348 2352 2355
f 2356 2352 2353
f 2356 2353 2354
f 2356 2354 2355
f 2356 2355 2352
f 2357 2358 2361
f 2358 2362 2361
f 2358 2359 2362
f 2359 2363 2362
f 2359 2360 2363
f 2360 2364 2363
f 2360 2357 2364
f 2357 2361 2364
f 2365 2361 2362
f 2365 2362 2363
f 2365 2363 2364
f 2365 2364 2361
f 2366 2367 2370
f 2367 2371 2370
f 2367 2368 2371
f 2368 2372 2371
f 2368 2369 2372
f 2369 2373 2372
f 2369 2366 2373
f 2366 2370 2373
f 2374 2370 2371
f 2374 2371 2372
f 2374 2372 2373
f 2374 2373 2370
f 2375 2376 2379
f 2376 2380 2379
f 2376 2377 2380
f 2377 2381 2380
f 2377 2378 2381
f 2378 2382 2381
f 2378 2375 2382
f 2375 2379 2382
f 2383 2379 2380
f 2383 2380 2381
f 2383 2381 2382
f 2383 2382 2379
f 2384 2385 2388
f 2385 2389 2388
f 2385 2386 2389
f 2386 2390 2389
f 2386 2387 2390
f 2387 2391 2390
f 2387 2384 2391
f 2384 2388 2391
f 2392 2388 2389
f 2392 2389 2390
f 2392 2390 2391
f 2392 2391 2388
f 2393 2394 2397
f 2394 2398 2397
f 2394 2395 2398
f 2395 2399 2398
f 2395 2396 2399
f 2396 2400 2399
f 2396 2393 2400
f 2393 2397 2400
f 2401 2397 2398
f 2401 2398 2399
f 2401 2399 2400
f 2401 2400 2397
f 2402 2403 2406
f 2403 2407 2406
f 2403 2404 2407
f 2404 2408 2407
f 2404 2405 2408
f 2405 2409 2408
f 2405 2402 2409
f 2402 2406 2409
f 2410 2406 2407
f 2410 2407 2408
f 2410 2408 2409
f 2410 2409 2406
f 2411 2412 2415
f 2412 2416 2415
f 2412 2413 2416
f 2413 2417 2416
f 2413 2414 2417
f 2414 2418 2417
f 2414 2411 2418
f 2411 2415 2418
f 2419 2415 2416
f 2419 2416 2417
f 2419 2417 2418
f 2419 2418 2415
f 2420 2421 2424
f 2421 2425 2424
f 2421 2422 2425
f 2422 2426 2425
f 2422 2423 2426
f 2423 2427 2426
f 2423 2420 2427
f 2420 2424 2427
f 2428 2424 2425
f 2428 2425 2426
f 2428 2426 2427
f 2428 2427 2424
f 2429 2430 2433
f 2430 2434 2433
f 2430 2431 2434
f 2431 2435 2434
f 2431 2432 2435
f 2432 2436 2435
f 2432 2429 2436
f 2429 2433 2436
f 2437 2433 2434
f 2437 2434 2435
f 2437 2435 2436
f 2437 2436 2433
f 2438 2439 2442
f 2439 2443 2442
f 2439 2440 2443
f 2440 2444 2443
f 2440 2441 2444
f 2441 2445 2444
f 2441 2438 2445
f 2438 2442 2445
f 2446 2442 2443
f 2446 2443 2444
f 2446 2444 2445
f 2446 2445 2442
f 2447 2448 2451
f 2448 2452 2451
f 2448 2449 2452
f 2449 2453 2452
f 2449 2450 2453
f 2450 2454 2453
f 2450 2447 2454
f 2447 2451 2454
f 2455 2451 2452
f 2455 2452 2453
f 2455 2453 2454
f 2455 2454 2451
f 2456 2457 2460
f 2457 2461 2460
f 2457 2458 2461
f 2458 2462 2461
f 2458 2459 2462
f 2459 2463 2462
f 2459 2456 2463
f 2456 2460 2463
f 2464 2460 2461
f 2464 2461 2462
f 2464 2462 2463
f 2464 2463 2460
f 2465 2466 2469
f 2466 2470 2469
f 2466 2467 2470
f 2467 2471 2470
f 2467 2468 2471
f 2468 2472 2471
f 2468 2465 2472
f 2465 2469 2472
f 2473 2469 2470
f 2473 2470 2471
f 2473 2471 2472
f 2473 2472 2469
f 2474 2475 2478
f 2475 2479 2478
f 2475 2476 2479
f 2476 2480 2479
f 2476 2477 2480
f 2477 2481 2480
f 2477 2474 2481
f 2474 2478 2481
f 2482 2478 2479
f 2482 2479 2480
f 2482 2480 2481
f 2482 2481 2478
