v 0 0 -0
v 29.9595 0 36.2345
v 26.2424 0 39.3069
v 19.743 0 44.6836
v -1.26872 0 18.7462
v -16.5044 0 31.0915
v -10.1497 0 38.9396
v -13.5998 0 41.7337
v -20.8003 0 47.5668
v -11.0846 0 59.5671
v -3.61696 0 53.5224
v -0.422906 0 50.9398
v 3.81728 0 56.1829
v 21.4235 0 77.9014
v 25.2297 0 74.829
v 47.5991 0 102.258
v 47.2208 0 105.086
v 48.0221 0 109.761
v 50.6485 0 114.002
v 55.1224 0 117.075
v 60.2641 0 118.01
v 64.9271 0 116.986
v 68.6443 0 114.548
v 71.5935 0 110.306
v 72.6062 0 105.097
v 71.9274 0 101.212
v 70.169 0 97.8387
v 74.6429 0 94.1429
v 76.7462 0 92.3952
v 106.873 0 128.808
v 118.124 0 119.501
v 110.668 0 110.485
v 109.599 0 111.364
v 87.3411 0 84.4581
v 88.532 0 83.4674
v 80.8306 0 74.161
v 79.6064 0 75.174
v 69.6459 0 63.1515
v 66.6076 0 59.4557
v 74.7987 0 52.6653
v 78.8496 0 57.5744
v 82.6558 0 54.4241
v 91.3588 0 64.9438
v 90.3571 0 65.7676
v 98.2477 0 75.3076
v 109.855 0 65.7119
v 101.853 0 56.0382
v 100.785 0 56.9399
v 92.3604 0 46.7542
v 95.9106 0 43.8265
v 93.4622 0 40.9099
v 98.5815 0 36.6575
v 93.8294 0 30.9134
v 89.1441 0 25.2695
v 84.0247 0 29.5219
v 81.6987 0 26.7501
v 78.0929 0 29.7
v 69.2452 0 18.9911
v 70.347 0 18.0783
v 62.846 0 9.00575
v 51.2161 0 18.6238
v 58.7505 0 27.7408
v 59.8745 0 26.8057
v 68.6888 0 37.4701
v 64.827 0 40.6316
v 69.0672 0 45.7634
v 60.7426 0 52.643
v 39.8644 0 27.3957
v 32.5637 0 18.5792
v 38.1728 0 13.9372
v 30.7386 0 4.94259
v 25.2185 0 9.51782
v 18.018 0 0.8015
v 19.053 0 -0.0556597
v 11.3405 0 -9.38423
v 0 10 -0
v 29.9595 10 36.2345
v 26.2424 10 39.3069
v 19.743 10 44.6836
v -1.26872 10 18.7462
v -16.5044 10 31.0915
v -10.1497 10 38.9396
v -13.5998 10 41.7337
v -20.8003 10 47.5668
v -11.0846 10 59.5671
v -3.61696 10 53.5224
v -0.422906 10 50.9398
v 3.81728 10 56.1829
v 21.4235 10 77.9014
v 25.2297 10 74.829
v 47.5991 10 102.258
v 47.2208 10 105.086
v 48.0221 10 109.761
v 50.6485 10 114.002
v 55.1224 10 117.075
v 60.2641 10 118.01
v 64.9271 10 116.986
v 68.6443 10 114.548
v 71.5935 10 110.306
v 72.6062 10 105.097
v 71.9274 10 101.212
v 70.169 10 97.8387
v 74.6429 10 94.1429
v 76.7462 10 92.3952
v 106.873 10 128.808
v 118.124 10 119.501
v 110.668 10 110.485
v 109.599 10 111.364
v 87.3411 10 84.4581
v 88.532 10 83.4674
v 80.8306 10 74.161
v 79.6064 10 75.174
v 69.6459 10 63.1515
v 66.6076 10 59.4557
v 74.7987 10 52.6653
v 78.8496 10 57.5744
v 82.6558 10 54.4241
v 91.3588 10 64.9438
v 90.3571 10 65.7676
v 98.2477 10 75.3076
v 109.855 10 65.7119
v 101.853 10 56.0382
v 100.785 10 56.9399
v 92.3604 10 46.7542
v 95.9106 10 43.8265
v 93.4622 10 40.9099
v 98.5815 10 36.6575
v 93.8294 10 30.9134
v 89.1441 10 25.2695
v 84.0247 10 29.5219
v 81.6987 10 26.7501
v 78.0929 10 29.7
v 69.2452 10 18.9911
v 70.347 10 18.0783
v 62.846 10 9.00575
v 51.2161 10 18.6238
v 58.7505 10 27.7408
v 59.8745 10 26.8057
v 68.6888 10 37.4701
v 64.827 10 40.6316
v 69.0672 10 45.7634
v 60.7426 10 52.643
v 39.8644 10 27.3957
v 32.5637 10 18.5792
v 38.1728 10 13.9372
v 30.7386 10 4.94259
v 25.2185 10 9.51782
v 18.018 10 0.8015
v 19.053 10 -0.0556597
v 11.3405 10 -9.38423
v 57.7783 10 57.3487
v 692.697 0 327.747
v 697.216 0 338.022
v 694.278 0 355.187
v 686.732 0 368.39
v 674.412 0 369.692
v 642.527 0 417.849
v 629.729 0 437.196
v 631.576 0 440.38
v 622.139 0 449.875
v 612.045 0 454.072
v 598.267 0 453.905
v 583.031 0 444.521
v 577.277 0 432.721
v 574.273 0 430.606
v 567.807 0 426.053
v 508.9 0 384.587
v 501.199 0 374.991
v 499.596 0 365.818
v 500.442 0 357.859
v 568.252 0 263.382
v 577.589 0 258.35
v 592.391 0 258.551
v 603.219 0 264.473
v 632.155 0 285.546
v 659.277 0 306.618
v 675.169 0 318.685
v 677.562 0 320.366
v 682.97 0 319.498
v 692.697 30 327.747
v 697.216 30 338.022
v 694.278 30 355.187
v 686.732 30 368.39
v 674.412 30 369.692
v 642.527 30 417.849
v 629.729 30 437.196
v 631.576 30 440.38
v 622.139 30 449.875
v 612.045 30 454.072
v 598.267 30 453.905
v 583.031 30 444.521
v 577.277 30 432.721
v 574.273 30 430.606
v 567.807 30 426.053
v 508.9 30 384.587
v 501.199 30 374.991
v 499.596 30 365.818
v 500.442 30 357.859
v 568.252 30 263.382
v 577.589 30 258.35
v 592.391 30 258.551
v 603.219 30 264.473
v 632.155 30 285.546
v 659.277 30 306.618
v 675.169 30 318.685
v 677.562 30 320.366
v 682.97 30 319.498
v 612.955 30 365.176
v 470.004 0 120.726
v 534.163 0 50.9509
v 536.567 0 49.2255
v 539.527 0 48.5353
v 542.276 0 48.7579
v 545.036 0 49.526
v 547.273 0 51.04
v 548.598 0 52.5873
v 549.9 0 54.8137
v 550.768 0 57.5522
v 550.579 0 59.9344
v 550.056 0 62.851
v 545.737 0 70.8103
v 529.578 0 95.078
v 530.079 0 99.6421
v 533.028 0 102.291
v 556.878 0 120.236
v 557.891 0 118.667
v 579.592 0 136.378
v 592.446 0 146.452
v 590.087 0 149.469
v 598.011 0 155.758
v 580.271 0 178.089
v 577.912 0 176.007
v 577.567 0 179.948
v 575.909 0 183.544
v 573.126 0 186.36
v 569.565 0 188.063
v 565.625 0 188.475
v 561.786 0 187.518
v 558.503 0 185.325
v 556.143 0 182.152
v 554.997 0 178.367
v 551.079 0 183.243
v 528.632 0 166.133
v 533.44 0 159.821
v 529.556 0 156.86
v 521.543 0 167.18
v 492.151 0 147.732
v 485.485 0 142.923
v 475.858 0 136.133
v 478.618 0 132.637
v 476.403 0 133.361
v 474.066 0 133.361
v 471.84 0 132.648
v 469.948 0 131.268
v 468.579 0 129.376
v 467.867 0 127.149
v 467.878 0 124.823
v 468.613 0 122.596
v 470.004 10 120.726
v 534.163 10 50.9509
v 536.567 10 49.2255
v 539.527 10 48.5353
v 542.276 10 48.7579
v 545.036 10 49.526
v 547.273 10 51.04
v 548.598 10 52.5873
v 549.9 10 54.8137
v 550.768 10 57.5522
v 550.579 10 59.9344
v 550.056 10 62.851
v 545.737 10 70.8103
v 529.578 10 95.078
v 530.079 10 99.6421
v 533.028 10 102.291
v 556.878 10 120.236
v 557.891 10 118.667
v 579.592 10 136.378
v 592.446 10 146.452
v 590.087 10 149.469
v 598.011 10 155.758
v 580.271 10 178.089
v 577.912 10 176.007
v 577.567 10 179.948
v 575.909 10 183.544
v 573.126 10 186.36
v 569.565 10 188.063
v 565.625 10 188.475
v 561.786 10 187.518
v 558.503 10 185.325
v 556.143 10 182.152
v 554.997 10 178.367
v 551.079 10 183.243
v 528.632 10 166.133
v 533.44 10 159.821
v 529.556 10 156.86
v 521.543 10 167.18
v 492.151 10 147.732
v 485.485 10 142.923
v 475.858 10 136.133
v 478.618 10 132.637
v 476.403 10 133.361
v 474.066 10 133.361
v 471.84 10 132.648
v 469.948 10 131.268
v 468.579 10 129.376
v 467.867 10 127.149
v 467.878 10 124.823
v 468.613 10 122.596
v 533.821 10 126.847
v 187.292 0 576.156
v 203.106 0 585.14
v 222.504 0 550.998
v 206.69 0 542.003
v 187.292 84 576.156
v 203.106 84 585.14
v 222.504 84 550.998
v 206.69 84 542.003
v 204.898 84 563.574
v 571.212 0 9.51782
v 578.813 0 0.712445
v 607.938 0 -35.3773
v 696.793 0 36.9358
v 649.628 0 96.2914
v 610.075 0 64.3649
v 576.354 0 37.1473
v 571.602 0 43.0361
v 561.919 0 35.2215
v 565.291 0 31.047
v 569.053 0 26.3939
v 562.409 0 21.0394
v 571.212 20 9.51782
v 578.813 20 0.712445
v 607.938 20 -35.3773
v 696.793 20 36.9358
v 649.628 20 96.2914
v 610.075 20 64.3649
v 576.354 20 37.1473
v 571.602 20 43.0361
v 561.919 20 35.2215
v 565.291 20 31.047
v 569.053 20 26.3939
v 562.409 20 21.0394
v 593.424 20 30.5275
v 230.428 0 54.7692
v 238.552 0 52.8434
v 243.683 0 53.0326
v 247.556 0 56.5392
v 248.079 0 67.8604
v 246.187 0 75.5525
v 243.638 0 80.5953
v 238.964 0 85.7494
v 246.009 0 92.2616
v 257.149 0 78.458
v 259.631 0 80.9515
v 264.55 0 75.4969
v 283.035 0 88.8218
v 246.899 0 130.11
v 232.921 0 119.858
v 225.987 0 110.741
v 228.002 0 108.781
v 226.644 0 102.325
v 221.603 0 97.8832
v 215.092 0 104.407
v 208.637 0 101.557
v 211.475 0 98.1838
v 205.655 0 96.6142
v 199.867 0 92.7959
v 198.977 0 86.1613
v 201.937 0 80.9515
v 206.389 0 75.085
v 214.68 0 66.0236
v 221.959 0 60.5689
v 230.428 30 54.7692
v 238.552 30 52.8434
v 243.683 30 53.0326
v 247.556 30 56.5392
v 248.079 30 67.8604
v 246.187 30 75.5525
v 243.638 30 80.5953
v 238.964 30 85.7494
v 246.009 30 92.2616
v 257.149 30 78.458
v 259.631 30 80.9515
v 264.55 30 75.4969
v 283.035 30 88.8218
v 246.899 30 130.11
v 232.921 30 119.858
v 225.987 30 110.741
v 228.002 30 108.781
v 226.644 30 102.325
v 221.603 30 97.8832
v 215.092 30 104.407
v 208.637 30 101.557
v 211.475 30 98.1838
v 205.655 30 96.6142
v 199.867 30 92.7959
v 198.977 30 86.1613
v 201.937 30 80.9515
v 206.389 30 75.085
v 214.68 30 66.0236
v 221.959 30 60.5689
v 231.524 30 85.344
v 600.114 0 541.169
v 607.549 0 544.909
v 613.336 0 533.421
v 627.169 0 540.378
v 628.449 0 537.829
v 635.171 0 541.202
v 637.686 0 536.215
v 647.925 0 541.369
v 651.264 0 534.345
v 658.709 0 538.04
v 655.504 0 545.176
v 665.587 0 550.252
v 662.76 0 555.885
v 668.848 0 558.946
v 667.712 0 561.206
v 681.98 0 568.386
v 675.047 0 582.179
v 681.49 0 585.418
v 678.407 0 591.541
v 595.707 0 549.952
v 600.114 9 541.169
v 607.549 9 544.909
v 613.336 9 533.421
v 627.169 9 540.378
v 628.449 9 537.829
v 635.171 9 541.202
v 637.686 9 536.215
v 647.925 9 541.369
v 651.264 9 534.345
v 658.709 9 538.04
v 655.504 9 545.176
v 665.587 9 550.252
v 662.76 9 555.885
v 668.848 9 558.946
v 667.712 9 561.206
v 681.98 9 568.386
v 675.047 9 582.179
v 681.49 9 585.418
v 678.407 9 591.541
v 595.707 9 549.952
v 647.021 9 551.891
v 897.15 0 481.858
v 910.872 0 489.895
v 914.01 0 484.407
v 919.965 0 486.188
v 917.616 0 493.847
v 927.031 0 499.368
v 915.079 0 515.688
v 906.298 0 530.348
v 899.587 0 551.822
v 898.741 0 554.538
v 897.595 0 558.245
v 871.486 0 642.803
v 838.833 0 615.986
v 842.25 0 610.009
v 832.59 0 603.997
v 833.024 0 603.196
v 831.433 0 602.372
v 833.169 0 599.288
v 832.256 0 598.776
v 830.809 0 597.975
v 886.577 0 498.789
v 897.15 40 481.858
v 910.872 40 489.895
v 914.01 40 484.407
v 919.965 40 486.188
v 917.616 40 493.847
v 927.031 40 499.368
v 915.079 40 515.688
v 906.298 40 530.348
v 899.587 40 551.822
v 898.741 40 554.538
v 897.595 40 558.245
v 871.486 40 642.803
v 838.833 40 615.986
v 842.25 40 610.009
v 832.59 40 603.997
v 833.024 40 603.196
v 831.433 40 602.372
v 833.169 40 599.288
v 832.256 40 598.776
v 830.809 40 597.975
v 886.577 40 498.789
v 877.923 40 553.304
v 449.849 0 351.859
v 452.175 0 348.575
v 456.004 0 346.315
v 459.954 0 346.259
v 464.161 0 347.706
v 473.421 0 333.079
v 462.458 0 326.055
v 464.462 0 322.927
v 460.878 0 320.845
v 457.306 0 326.511
v 449.838 0 323.528
v 455.803 0 314.867
v 449.226 0 310.57
v 443.272 0 318.752
v 422.672 0 307.409
v 428.938 0 298.158
v 421.782 0 293.383
v 409.684 0 313.854
v 394.015 0 305.316
v 356.999 0 284.722
v 356.699 0 280.536
v 361.184 0 279.646
v 360.583 0 273.378
v 356.109 0 273.679
v 356.109 0 268.603
v 363.866 0 261.734
v 402.973 0 283.23
v 409.239 0 271.586
v 377.699 0 254.343
v 383.253 0 244.959
v 369.909 0 236.799
v 332.003 0 275.215
v 333.84 0 286.559
v 449.849 24 351.859
v 452.175 24 348.575
v 456.004 24 346.315
v 459.954 24 346.259
v 464.161 24 347.706
v 473.421 24 333.079
v 462.458 24 326.055
v 464.462 24 322.927
v 460.878 24 320.845
v 457.306 24 326.511
v 449.838 24 323.528
v 455.803 24 314.867
v 449.226 24 310.57
v 443.272 24 318.752
v 422.672 24 307.409
v 428.938 24 298.158
v 421.782 24 293.383
v 409.684 24 313.854
v 394.015 24 305.316
v 356.999 24 284.722
v 356.699 24 280.536
v 361.184 24 279.646
v 360.583 24 273.378
v 356.109 24 273.679
v 356.109 24 268.603
v 363.866 24 261.734
v 402.973 24 283.23
v 409.239 24 271.586
v 377.699 24 254.343
v 383.253 24 244.959
v 369.909 24 236.799
v 332.003 24 275.215
v 333.84 24 286.559
v 412.011 24 300.938
v 361.651 0 340.86
v 426.879 0 385.922
v 426.656 0 389.485
v 426.133 0 398.134
v 429.405 0 404.657
v 430.396 0 406.628
v 410.385 0 442.139
v 397.899 0 434.012
v 411.765 0 409.633
v 408.738 0 394.271
v 353.471 0 356.612
v 361.651 34 340.86
v 426.879 34 385.922
v 426.656 34 389.485
v 426.133 34 398.134
v 429.405 34 404.657
v 430.396 34 406.628
v 410.385 34 442.139
v 397.899 34 434.012
v 411.765 34 409.633
v 408.738 34 394.271
v 353.471 34 356.612
v 407.58 34 396.578
v 329.21 0 409.466
v 376.364 0 438.087
v 371.723 0 443.697
v 368.629 0 451.568
v 369.553 0 458.035
v 376.664 0 466.284
v 384.165 0 470.659
v 367.116 0 500.337
v 298.627 0 456.577
v 329.21 55 409.466
v 376.364 55 438.087
v 371.723 55 443.697
v 368.629 55 451.568
v 369.553 55 458.035
v 376.664 55 466.284
v 384.165 55 470.659
v 367.116 55 500.337
v 298.627 55 456.577
v 360.228 55 454.968
v 310.891 0 484.796
v 341.107 0 502.452
v 343.155 0 499.112
v 350.11 0 503.376
v 349.153 0 504.934
v 348.062 0 506.726
v 361.395 0 514.686
v 325.515 0 577.659
v 297.113 0 561.418
v 292.328 0 558.679
v 273.954 0 548.171
v 310.891 10 484.796
v 341.107 10 502.452
v 343.155 10 499.112
v 350.11 10 503.376
v 349.153 10 504.934
v 348.062 10 506.726
v 361.395 10 514.686
v 325.515 10 577.659
v 297.113 10 561.418
v 292.328 10 558.679
v 273.954 10 548.171
v 326.617 10 523.819
v 372.268 0 52.8656
v 370.844 0 40.3644
v 386.614 0 20.8167
v 390.386 0 16.1525
v 412.789 0 34.509
v 387.048 0 65.4559
v 372.268 44 52.8656
v 370.844 44 40.3644
v 386.614 44 20.8167
v 390.386 44 16.1525
v 412.789 44 34.509
v 387.048 44 65.4559
v 386.658 44 38.3607
v 387.048 0 65.4559
v 412.789 0 34.509
v 436.661 0 54.3684
v 410.92 0 85.3041
v 387.048 44 65.4559
v 412.789 44 34.509
v 436.661 44 54.3684
v 410.92 44 85.3041
v 411.854 44 59.9094
v 253.154 0 412.038
v 244.829 0 428.224
v 237.528 0 442.406
v 279.251 0 463.868
v 294.877 0 433.489
v 253.154 42 412.038
v 244.829 42 428.224
v 237.528 42 442.406
v 279.251 42 463.868
v 294.877 42 433.489
v 261.928 42 436.005
v 386.959 0 201.666
v 395.806 0 206.809
v 386.736 0 218.075
v 404.042 0 228.071
v 445.498 0 252.016
v 439.989 0 260.844
v 372.224 0 219.644
v 386.959 24 201.666
v 395.806 24 206.809
v 386.736 24 218.075
v 404.042 24 228.071
v 445.498 24 252.016
v 439.989 24 260.844
v 372.224 24 219.644
v 404.465 24 226.732
v 429.082 0 288.251
v 437.307 0 293.293
v 446.076 0 278.967
v 451.541 0 282.317
v 445.62 0 292.002
v 453.333 0 296.722
v 458.886 0 287.65
v 463.705 0 290.6
v 455.291 0 304.347
v 463.827 0 309.568
v 466.955 0 304.459
v 483.726 0 277.063
v 448.959 0 255.779
v 429.082 24 288.251
v 437.307 24 293.293
v 446.076 24 278.967
v 451.541 24 282.317
v 445.62 24 292.002
v 453.333 24 296.722
v 458.886 24 287.65
v 463.705 24 290.6
v 455.291 24 304.347
v 463.827 24 309.568
v 466.955 24 304.459
v 483.726 24 277.063
v 448.959 24 255.779
v 454.178 24 289.309
v 430.54 0 184.49
v 433.367 0 186.638
v 449.148 0 198.639
v 470.082 0 171.098
v 462.414 0 165.276
v 455.992 0 173.725
v 445.053 0 165.41
v 430.54 24 184.49
v 433.367 24 186.638
v 449.148 24 198.639
v 470.082 24 171.098
v 462.414 24 165.276
v 455.992 24 173.725
v 445.053 24 165.41
v 449.514 24 177.896
v 413.813 0 210.772
v 415.471 0 211.908
v 438.542 0 227.659
v 439.399 0 227.749
v 440.312 0 227.17
v 440.868 0 226.402
v 440.946 0 225.478
v 443.661 0 227.57
v 444.919 0 227.37
v 448.547 0 229.841
v 450.417 0 229.852
v 452.398 0 229.429
v 454.089 0 228.172
v 454.902 0 227.125
v 455.302 0 225.867
v 455.414 0 224.632
v 455.169 0 223.229
v 454.668 0 221.771
v 449.237 0 217.852
v 448.536 0 218.131
v 446.6 0 217.04
v 447.523 0 216.605
v 448.469 0 215.581
v 448.714 0 213.756
v 425.421 0 197.637
v 423.573 0 196.368
v 421.314 0 199.551
v 417.452 0 196.946
v 411.843 0 205.128
v 415.861 0 207.889
v 413.813 36 210.772
v 415.471 36 211.908
v 438.542 36 227.659
v 439.399 36 227.749
v 440.312 36 227.17
v 440.868 36 226.402
v 440.946 36 225.478
v 443.661 36 227.57
v 444.919 36 227.37
v 448.547 36 229.841
v 450.417 36 229.852
v 452.398 36 229.429
v 454.089 36 228.172
v 454.902 36 227.125
v 455.302 36 225.867
v 455.414 36 224.632
v 455.169 36 223.229
v 454.668 36 221.771
v 449.237 36 217.852
v 448.536 36 218.131
v 446.6 36 217.04
v 447.523 36 216.605
v 448.469 36 215.581
v 448.714 36 213.756
v 425.421 36 197.637
v 423.573 36 196.368
v 421.314 36 199.551
v 417.452 36 196.946
v 411.843 36 205.128
v 415.861 36 207.889
v 440.113 36 218.483
v 478.696 0 311.75
v 490.66 0 319.621
v 507.52 0 293.984
v 495.556 0 286.102
v 478.696 24 311.75
v 490.66 24 319.621
v 507.52 24 293.984
v 495.556 24 286.102
v 493.108 24 302.864
v 303.958 0 309.758
v 286.83 0 338.144
v 312.371 0 353.551
v 311.147 0 355.577
v 335.976 0 370.56
v 336.989 0 368.879
v 355.33 0 338.4
v 308.632 0 308.967
v 303.958 34 309.758
v 286.83 34 338.144
v 312.371 34 353.551
v 311.147 34 355.577
v 335.976 34 370.56
v 336.989 34 368.879
v 355.33 34 338.4
v 308.632 34 308.967
v 318.904 34 342.98
v 276.591 0 340.237
v 250.371 0 390.62
v 308.966 0 420.632
v 318.626 0 403.355
v 323.4 0 394.995
v 336.878 0 371.384
v 276.591 72 340.237
v 250.371 72 390.62
v 308.966 72 420.632
v 318.626 72 403.355
v 323.4 72 394.995
v 336.878 72 371.384
v 302.472 72 386.87
v 384.855 0 411.036
v 383.564 0 401.874
v 339.716 0 376.683
v 327.674 0 397.633
v 376.453 0 425.663
v 384.855 34 411.036
v 383.564 34 401.874
v 339.716 34 376.683
v 327.674 34 397.633
v 376.453 34 425.663
v 362.452 34 402.578
v 197.975 0 332.111
v 219.588 0 344.289
v 234.089 0 318.552
v 212.477 0 306.374
v 197.975 35 332.111
v 219.588 35 344.289
v 234.089 35 318.552
v 212.477 35 306.374
v 216.032 35 325.331
v 56.1018 0 364.115
v 79.6843 0 404.557
v 81.0198 0 405.748
v 83.8577 0 406.951
v 86.2505 0 407.541
v 89.3778 0 407.541
v 92.8167 0 406.795
v 95.866 0 404.613
v 104.313 0 391.867
v 103.924 0 388.794
v 56.1018 20 364.115
v 79.6843 20 404.557
v 81.0198 20 405.748
v 83.8577 20 406.951
v 86.2505 20 407.541
v 89.3778 20 407.541
v 92.8167 20 406.795
v 95.866 20 404.613
v 104.313 20 391.867
v 103.924 20 388.794
v 87.3211 20 398.852
v 226.01 0 262.503
v 211.431 0 254.51
v 207.836 0 253.675
v 204.108 0 254.855
v 201.86 0 257.371
v 186.602 0 285.256
v 207.346 0 296.611
v 226.01 30 262.503
v 211.431 30 254.51
v 207.836 30 253.675
v 204.108 30 254.855
v 201.86 30 257.371
v 186.602 30 285.256
v 207.346 30 296.611
v 206.456 30 266.397
v 146.904 0 262.981
v 140.483 0 275.104
v 162.574 0 286.971
v 168.862 0 274.625
v 161.817 0 270.885
v 146.904 20 262.981
v 140.483 20 275.104
v 162.574 20 286.971
v 168.862 20 274.625
v 161.817 20 270.885
v 156.128 20 274.113
v 209.917 0 371.495
v 216.517 0 375.002
v 223.728 0 372.174
v 229.871 0 355.176
v 264.194 0 292.214
v 261.79 0 283.642
v 234.835 0 268.057
v 230.851 0 269.059
v 218.075 0 292.303
v 216.428 0 295.319
v 217.518 0 299.394
v 241.746 0 314.01
v 224.173 0 345.469
v 209.917 30 371.495
v 216.517 30 375.002
v 223.728 30 372.174
v 229.871 30 355.176
v 264.194 30 292.214
v 261.79 30 283.642
v 234.835 30 268.057
v 230.851 30 269.059
v 218.075 30 292.303
v 216.428 30 295.319
v 217.518 30 299.394
v 241.746 30 314.01
v 224.173 30 345.469
v 229.972 30 317.947
v 132.815 0 383.217
v 198.187 0 419.185
v 211.475 0 394.706
v 208.337 0 393.214
v 209.527 0 390.676
v 206.244 0 388.294
v 207.202 0 385.8
v 156.008 0 357.146
v 154.461 0 359.183
v 151.089 0 357.747
v 149.686 0 360.375
v 146.303 0 358.794
v 132.815 30 383.217
v 198.187 30 419.185
v 211.475 30 394.706
v 208.337 30 393.214
v 209.527 30 390.676
v 206.244 30 388.294
v 207.202 30 385.8
v 156.008 30 357.146
v 154.461 30 359.183
v 151.089 30 357.747
v 149.686 30 360.375
v 146.303 30 358.794
v 177.611 30 379.028
v 109.944 0 286.77
v 113.84 0 288.807
v 129.687 0 296.945
v 140.716 0 302.589
v 144.066 0 304.292
v 147.984 0 306.329
v 151.178 0 308.032
v 157.61 0 295.976
v 135.497 0 284.188
v 116.6 0 274.147
v 112.838 0 281.238
v 109.944 20 286.77
v 113.84 20 288.807
v 129.687 20 296.945
v 140.716 20 302.589
v 144.066 20 304.292
v 147.984 20 306.329
v 151.178 20 308.032
v 157.61 20 295.976
v 135.497 20 284.188
v 116.6 20 274.147
v 112.838 20 281.238
v 132.724 20 293.574
v 156.698 0 340.493
v 157.799 0 344.901
v 174.86 0 354.196
v 181.427 0 342.14
v 178.422 0 340.504
v 179.991 0 337.621
v 197.953 0 347.384
v 196.206 0 350.59
v 185.288 0 344.656
v 178.967 0 356.289
v 205.187 0 370.538
v 216.172 0 350.322
v 215.671 0 347.016
v 187.859 0 331.754
v 192.3 0 323.327
v 172 0 311.984
v 156.698 30 340.493
v 157.799 30 344.901
v 174.86 30 354.196
v 181.427 30 342.14
v 178.422 30 340.504
v 179.991 30 337.621
v 197.953 30 347.384
v 196.206 30 350.59
v 185.288 30 344.656
v 178.967 30 356.289
v 205.187 30 370.538
v 216.172 30 350.322
v 215.671 30 347.016
v 187.859 30 331.754
v 192.3 30 323.327
v 172 30 311.984
v 186.05 30 343.357
v 186.602 0 285.256
v 207.346 0 296.611
v 192.3 0 323.327
v 172 0 311.984
v 186.602 30 285.256
v 207.346 30 296.611
v 192.3 30 323.327
v 172 30 311.984
v 189.562 30 304.295
v 104.413 0 316.092
v 113.94 0 321.557
v 117.067 0 316.114
v 118.258 0 316.804
v 115.041 0 322.404
v 133.627 0 333.057
v 136.476 0 332.289
v 137.845 0 329.149
v 137.211 0 326.489
v 134.862 0 325.175
v 137.433 0 320.6
v 139.793 0 316.426
v 142.107 0 317.739
v 144.778 0 316.715
v 146.281 0 313.854
v 145.969 0 311.182
v 127.428 0 300.529
v 124.123 0 306.273
v 122.643 0 305.416
v 125.948 0 299.65
v 116.967 0 294.496
v 113.272 0 300.941
v 111.169 0 299.728
v 105.827 0 309.034
v 107.819 0 310.169
v 104.413 20 316.092
v 113.94 20 321.557
v 117.067 20 316.114
v 118.258 20 316.804
v 115.041 20 322.404
v 133.627 20 333.057
v 136.476 20 332.289
v 137.845 20 329.149
v 137.211 20 326.489
v 134.862 20 325.175
v 137.433 20 320.6
v 139.793 20 316.426
v 142.107 20 317.739
v 144.778 20 316.715
v 146.281 20 313.854
v 145.969 20 311.182
v 127.428 20 300.529
v 124.123 20 306.273
v 122.643 20 305.416
v 125.948 20 299.65
v 116.967 20 294.496
v 113.272 20 300.941
v 111.169 20 299.728
v 105.827 20 309.034
v 107.819 20 310.169
v 126.412 20 314.475
v 265.574 0 164.196
v 226.9 0 222.416
v 246.999 0 236.231
v 265.329 0 237.845
v 277.86 0 252.773
v 285.027 0 259.341
v 347.172 0 193.295
v 330.757 0 178.634
v 320.652 0 171.321
v 301.176 0 191.637
v 296.891 0 193.462
v 292.228 0 192.371
v 277.838 0 182.364
v 282.468 0 175.662
v 265.574 30 164.196
v 226.9 30 222.416
v 246.999 30 236.231
v 265.329 30 237.845
v 277.86 30 252.773
v 285.027 30 259.341
v 347.172 30 193.295
v 330.757 30 178.634
v 320.652 30 171.321
v 301.176 30 191.637
v 296.891 30 193.462
v 292.228 30 192.371
v 277.838 30 182.364
v 282.468 30 175.662
v 286.919 30 203.682
v 168.639 0 108.069
v 164.688 0 114.336
v 167.115 0 129.42
v 168.016 0 129.665
v 170.275 0 138.938
v 168.483 0 141.287
v 173.636 0 159.176
v 175.038 0 158.341
v 175.984 0 160.356
v 185.322 0 149.636
v 197.018 0 158.53
v 183.107 0 175.451
v 184.609 0 177.699
v 184.175 0 178.378
v 185.388 0 180.839
v 184.465 0 181.885
v 191.665 0 191.514
v 199.244 0 200.253
v 234.212 0 153.777
v 222.894 0 144.237
v 219.388 0 142.211
v 217.585 0 142.3
v 218.698 0 140.452
v 210.473 0 133.583
v 208.938 0 135.153
v 203.44 0 127.116
v 202.238 0 128.986
v 196.484 0 120.982
v 189.974 0 115.416
v 179.089 0 107.624
v 173.636 0 106.054
v 168.639 30 108.069
v 164.688 30 114.336
v 167.115 30 129.42
v 168.016 30 129.665
v 170.275 30 138.938
v 168.483 30 141.287
v 173.636 30 159.176
v 175.038 30 158.341
v 175.984 30 160.356
v 185.322 30 149.636
v 197.018 30 158.53
v 183.107 30 175.451
v 184.609 30 177.699
v 184.175 30 178.378
v 185.388 30 180.839
v 184.465 30 181.885
v 191.665 30 191.514
v 199.244 30 200.253
v 234.212 30 153.777
v 222.894 30 144.237
v 219.388 30 142.211
v 217.585 30 142.3
v 218.698 30 140.452
v 210.473 30 133.583
v 208.938 30 135.153
v 203.44 30 127.116
v 202.238 30 128.986
v 196.484 30 120.982
v 189.974 30 115.416
v 179.089 30 107.624
v 173.636 30 106.054
v 190.449 30 146.183
v 451.752 0 36.2122
v 439.789 0 50.6058
v 436.661 0 54.3684
v 410.92 0 85.3041
v 426.946 0 98.6513
v 429.583 0 95.4787
v 433.089 0 98.3953
v 458.196 0 68.2055
v 471.284 0 52.4649
v 451.752 67 36.2122
v 439.789 67 50.6058
v 436.661 67 54.3684
v 410.92 67 85.3041
v 426.946 67 98.6513
v 429.583 67 95.4787
v 433.089 67 98.3953
v 458.196 67 68.2055
v 471.284 67 52.4649
v 439.802 67 71.0763
v 452.698 0 506.404
v 462.748 0 511.869
v 465.219 0 506.982
v 466.153 0 507.494
v 466.866 0 506.181
v 467.979 0 506.793
v 467.266 0 508.107
v 468.613 0 508.919
v 472.397 0 510.856
v 474.355 0 511.992
v 476.069 0 508.864
v 474.79 0 508.162
v 475.958 0 506.014
v 477.238 0 506.715
v 478.907 0 503.676
v 477.627 0 502.975
v 478.484 0 501.416
v 479.764 0 502.095
v 480.465 0 500.804
v 481.467 0 501.361
v 480.766 0 502.641
v 483.515 0 504.166
v 484.928 0 501.583
v 484.472 0 500.203
v 485.562 0 499.869
v 485.974 0 501.283
v 488.445 0 500.593
v 489.135 0 498.6
v 490.192 0 498.967
v 489.547 0 500.826
v 491.884 0 502.107
v 493.553 0 500.915
v 494.143 0 501.739
v 492.451 0 502.919
v 493.141 0 505.357
v 495.056 0 505.379
v 495.044 0 506.515
v 493.208 0 506.504
v 491.962 0 508.786
v 494.978 0 510.433
v 495.69 0 509.142
v 497.059 0 509.888
v 496.358 0 511.179
v 497.437 0 511.769
v 496.525 0 513.428
v 495.445 0 512.838
v 493.765 0 515.921
v 494.844 0 516.511
v 493.742 0 518.537
v 492.652 0 517.936
v 490.938 0 521.064
v 497.871 0 524.86
v 498.595 0 523.547
v 499.385 0 523.981
v 498.661 0 525.294
v 500.041 0 526.051
v 497.393 0 530.738
v 506.519 0 535.714
v 506.441 0 535.358
v 506.519 0 535.001
v 506.752 0 534.734
v 507.097 0 534.623
v 507.442 0 534.712
v 507.709 0 534.957
v 507.81 0 535.291
v 507.721 0 535.647
v 507.476 0 535.903
v 507.12 0 536.037
v 502.779 0 544.018
v 502.879 0 544.363
v 502.79 0 544.709
v 502.534 0 544.965
v 502.189 0 545.054
v 501.844 0 544.965
v 501.6 0 544.709
v 501.51 0 544.352
v 501.611 0 544.007
v 501.878 0 543.773
v 502.178 0 543.695
v 492.974 0 538.675
v 490.904 0 542.749
v 490.292 0 542.415
v 489.569 0 543.729
v 488.512 0 543.15
v 489.235 0 541.836
v 482.535 0 538.163
v 480.822 0 541.28
v 482.268 0 542.07
v 481.834 0 542.861
v 480.399 0 542.07
v 478.651 0 545.254
v 480.087 0 546.044
v 479.675 0 546.812
v 478.228 0 546.022
v 476.459 0 549.25
v 477.906 0 550.041
v 477.538 0 550.709
v 476.092 0 549.918
v 474.445 0 552.935
v 475.88 0 553.725
v 475.468 0 554.482
v 474.033 0 553.692
v 471.262 0 558.746
v 468.869 0 557.432
v 464.228 0 565.904
v 464.495 0 567.941
v 462.358 0 568.23
v 462.091 0 566.193
v 458.062 0 563.989
v 453.266 0 561.362
v 450.239 0 561.64
v 450.038 0 559.648
v 452.954 0 559.347
v 457.428 0 551.176
v 453.945 0 549.261
v 456.616 0 544.397
v 455.169 0 543.606
v 455.592 0 542.838
v 457.027 0 543.629
v 458.753 0 540.501
v 457.306 0 539.71
v 457.706 0 538.976
v 459.153 0 539.766
v 460.9 0 536.571
v 459.454 0 535.781
v 459.888 0 534.99
v 461.323 0 535.781
v 463.059 0 532.619
v 461.624 0 531.829
v 462.102 0 530.949
v 463.538 0 531.74
v 465.219 0 528.679
v 458.307 0 524.905
v 457.584 0 526.207
v 456.415 0 525.573
v 457.139 0 524.259
v 456.082 0 523.68
v 458.152 0 519.717
v 448.391 0 514.396
v 448.525 0 514.73
v 448.436 0 515.075
v 448.191 0 515.32
v 447.857 0 515.409
v 447.512 0 515.331
v 447.267 0 515.098
v 447.167 0 514.764
v 447.245 0 514.419
v 447.479 0 514.162
v 447.79 0 514.073
v 452.142 0 506.092
v 452.042 0 505.713
v 452.108 0 505.368
v 452.353 0 505.101
v 452.687 0 504.99
v 453.043 0 505.068
v 453.299 0 505.313
v 453.399 0 505.658
v 453.322 0 506.003
v 453.066 0 506.259
v 452.698 10 506.404
v 462.748 10 511.869
v 465.219 10 506.982
v 466.153 10 507.494
v 466.866 10 506.181
v 467.979 10 506.793
v 467.266 10 508.107
v 468.613 10 508.919
v 472.397 10 510.856
v 474.355 10 511.992
v 476.069 10 508.864
v 474.79 10 508.162
v 475.958 10 506.014
v 477.238 10 506.715
v 478.907 10 503.676
v 477.627 10 502.975
v 478.484 10 501.416
v 479.764 10 502.095
v 480.465 10 500.804
v 481.467 10 501.361
v 480.766 10 502.641
v 483.515 10 504.166
v 484.928 10 501.583
v 484.472 10 500.203
v 485.562 10 499.869
v 485.974 10 501.283
v 488.445 10 500.593
v 489.135 10 498.6
v 490.192 10 498.967
v 489.547 10 500.826
v 491.884 10 502.107
v 493.553 10 500.915
v 494.143 10 501.739
v 492.451 10 502.919
v 493.141 10 505.357
v 495.056 10 505.379
v 495.044 10 506.515
v 493.208 10 506.504
v 491.962 10 508.786
v 494.978 10 510.433
v 495.69 10 509.142
v 497.059 10 509.888
v 496.358 10 511.179
v 497.437 10 511.769
v 496.525 10 513.428
v 495.445 10 512.838
v 493.765 10 515.921
v 494.844 10 516.511
v 493.742 10 518.537
v 492.652 10 517.936
v 490.938 10 521.064
v 497.871 10 524.86
v 498.595 10 523.547
v 499.385 10 523.981
v 498.661 10 525.294
v 500.041 10 526.051
v 497.393 10 530.738
v 506.519 10 535.714
v 506.441 10 535.358
v 506.519 10 535.001
v 506.752 10 534.734
v 507.097 10 534.623
v 507.442 10 534.712
v 507.709 10 534.957
v 507.81 10 535.291
v 507.721 10 535.647
v 507.476 10 535.903
v 507.12 10 536.037
v 502.779 10 544.018
v 502.879 10 544.363
v 502.79 10 544.709
v 502.534 10 544.965
v 502.189 10 545.054
v 501.844 10 544.965
v 501.6 10 544.709
v 501.51 10 544.352
v 501.611 10 544.007
v 501.878 10 543.773
v 502.178 10 543.695
v 492.974 10 538.675
v 490.904 10 542.749
v 490.292 10 542.415
v 489.569 10 543.729
v 488.512 10 543.15
v 489.235 10 541.836
v 482.535 10 538.163
v 480.822 10 541.28
v 482.268 10 542.07
v 481.834 10 542.861
v 480.399 10 542.07
v 478.651 10 545.254
v 480.087 10 546.044
v 479.675 10 546.812
v 478.228 10 546.022
v 476.459 10 549.25
v 477.906 10 550.041
v 477.538 10 550.709
v 476.092 10 549.918
v 474.445 10 552.935
v 475.88 10 553.725
v 475.468 10 554.482
v 474.033 10 553.692
v 471.262 10 558.746
v 468.869 10 557.432
v 464.228 10 565.904
v 464.495 10 567.941
v 462.358 10 568.23
v 462.091 10 566.193
v 458.062 10 563.989
v 453.266 10 561.362
v 450.239 10 561.64
v 450.038 10 559.648
v 452.954 10 559.347
v 457.428 10 551.176
v 453.945 10 549.261
v 456.616 10 544.397
v 455.169 10 543.606
v 455.592 10 542.838
v 457.027 10 543.629
v 458.753 10 540.501
v 457.306 10 539.71
v 457.706 10 538.976
v 459.153 10 539.766
v 460.9 10 536.571
v 459.454 10 535.781
v 459.888 10 534.99
v 461.323 10 535.781
v 463.059 10 532.619
v 461.624 10 531.829
v 462.102 10 530.949
v 463.538 10 531.74
v 465.219 10 528.679
v 458.307 10 524.905
v 457.584 10 526.207
v 456.415 10 525.573
v 457.139 10 524.259
v 456.082 10 523.68
v 458.152 10 519.717
v 448.391 10 514.396
v 448.525 10 514.73
v 448.436 10 515.075
v 448.191 10 515.32
v 447.857 10 515.409
v 447.512 10 515.331
v 447.267 10 515.098
v 447.167 10 514.764
v 447.245 10 514.419
v 447.479 10 514.162
v 447.79 10 514.073
v 452.142 10 506.092
v 452.042 10 505.713
v 452.108 10 505.368
v 452.353 10 505.101
v 452.687 10 504.99
v 453.043 10 505.068
v 453.299 10 505.313
v 453.399 10 505.658
v 453.322 10 506.003
v 453.066 10 506.259
v 476.958 10 526.542
v 387.782 0 113.256
v 375.051 0 103.605
v 369.553 0 110.863
v 362.653 0 105.631
v 365.457 0 101.946
v 359.08 0 97.104
v 356.276 0 100.8
v 340.973 0 89.1892
v 335.164 0 96.848
v 329.432 0 104.407
v 344.735 0 116.017
v 341.975 0 119.668
v 348.341 0 124.5
v 351.112 0 120.848
v 358.012 0 126.08
v 352.481 0 133.372
v 365.212 0 143.012
v 370.732 0 135.732
v 378.634 0 141.721
v 390.175 0 126.503
v 382.273 0 120.514
v 387.782 15 113.256
v 375.051 15 103.605
v 369.553 15 110.863
v 362.653 15 105.631
v 365.457 15 101.946
v 359.08 15 97.104
v 356.276 15 100.8
v 340.973 15 89.1892
v 335.164 15 96.848
v 329.432 15 104.407
v 344.735 15 116.017
v 341.975 15 119.668
v 348.341 15 124.5
v 351.112 15 120.848
v 358.012 15 126.08
v 352.481 15 133.372
v 365.212 15 143.012
v 370.732 15 135.732
v 378.634 15 141.721
v 390.175 15 126.503
v 382.273 15 120.514
v 360.243 15 115.791
v 762.232 0 22.1303
v 804.3 0 -31.7038
v 803.699 0 -35.8894
v 792.737 0 -44.5835
v 780.049 0 -42.9471
v 770.2 0 -29.3661
v 770.423 0 -25.4365
v 768.742 0 -23.1433
v 753.529 0 -2.35997
v 747.586 0 5.75522
v 748.254 0 13.7702
v 758.559 0 21.9856
v 762.232 25 22.1303
v 804.3 25 -31.7038
v 803.699 25 -35.8894
v 792.737 25 -44.5835
v 780.049 25 -42.9471
v 770.2 25 -29.3661
v 770.423 25 -25.4365
v 768.742 25 -23.1433
v 753.529 25 -2.35997
v 747.586 25 5.75522
v 748.254 25 13.7702
v 758.559 25 21.9856
v 771.693 25 -14.3157
v 735.856 0 57.3518
v 749.823 0 40.3867
v 748.933 0 35.1658
v 740.719 0 28.7427
v 736.245 0 27.8521
v 732.217 0 28.4421
v 728.934 0 31.1361
v 718.851 0 44.5389
v 735.856 34 57.3518
v 749.823 34 40.3867
v 748.933 34 35.1658
v 740.719 34 28.7427
v 736.245 34 27.8521
v 732.217 34 28.4421
v 728.934 34 31.1361
v 718.851 34 44.5389
v 736.447 34 36.702
v 758.615 0 38.5277
v 763.067 0 42.0342
v 745.594 0 64.2313
v 741.131 0 60.7248
v 758.615 12 38.5277
v 763.067 12 42.0342
v 745.594 12 64.2313
v 741.131 12 60.7248
v 752.102 12 51.3795
v 801.651 0 170.063
v 786.07 0 193.44
v 808.529 0 209.025
v 818.612 0 195.266
v 817.699 0 184.267
v 801.651 26 170.063
v 786.07 26 193.44
v 808.529 26 209.025
v 818.612 26 195.266
v 817.699 26 184.267
v 806.512 26 190.412
v 880.579 0 61.838
v 869.305 0 75.9644
v 893.01 0 94.8776
v 904.406 0 80.5953
v 900.322 0 77.3893
v 880.579 25 61.838
v 869.305 25 75.9644
v 893.01 25 94.8776
v 904.406 25 80.5953
v 900.322 25 77.3893
v 889.524 25 78.1329
v 757.847 0 134.229
v 746.785 0 148.856
v 749.088 0 150.604
v 750.246 0 156.849
v 747.452 0 160.545
v 779.827 0 185.002
v 796.253 0 163.261
v 757.847 26 134.229
v 746.785 26 148.856
v 749.088 26 150.604
v 750.246 26 156.849
v 747.452 26 160.545
v 779.827 26 185.002
v 796.253 26 163.261
v 761.071 26 157.05
v 893.533 0 38.6835
v 877.518 0 59.4223
v 880.579 0 61.838
v 900.322 0 77.3893
v 911.417 0 61.7823
v 909.815 0 51.3517
v 893.533 25 38.6835
v 877.518 25 59.4223
v 880.579 25 61.838
v 900.322 25 77.3893
v 911.417 25 61.7823
v 909.815 25 51.3517
v 895.531 25 58.4112
v 844.799 0 110.284
v 811.356 0 156.493
v 828.728 0 169.963
v 834.727 0 169.361
v 837.342 0 169.105
v 862.995 0 132.537
v 860.368 0 121.984
v 844.799 36 110.284
v 811.356 36 156.493
v 828.728 36 169.963
v 834.727 36 169.361
v 837.342 36 169.105
v 862.995 36 132.537
v 860.368 36 121.984
v 840.045 36 147.104
v 415.661 0 -15.4845
v 396.24 0 8.8833
v 426.089 0 33.3402
v 428.559 0 33.0174
v 447.49 0 11.7553
v 415.661 27 -15.4845
v 396.24 27 8.8833
v 426.089 27 33.3402
v 428.559 27 33.0174
v 447.49 27 11.7553
v 422.808 27 14.3023
v 74.5649 0 540.913
v 79.3616 0 543.35
v 83.5684 0 535.079
v 79.3171 0 532.92
v 84.6034 0 522.523
v 95.4765 0 528.044
v 90.4573 0 537.94
v 90.4016 0 537.907
v 86.0724 0 546.445
v 118.18 0 562.742
v 123.032 0 553.18
v 125.993 0 554.683
v 129.298 0 548.171
v 130.166 0 548.616
v 131.245 0 546.479
v 131.424 0 546.568
v 142.475 0 524.793
v 141.662 0 524.382
v 142.953 0 521.855
v 144.678 0 522.723
v 145.224 0 521.654
v 153.303 0 525.762
v 151.556 0 529.213
v 153.426 0 530.159
v 142.196 0 552.267
v 145.391 0 553.881
v 141.473 0 561.607
v 143.41 0 562.586
v 138.746 0 571.781
v 136.821 0 570.813
v 132.87 0 578.583
v 129.053 0 576.646
v 126.66 0 581.366
v 123.833 0 579.93
v 126.315 0 575.043
v 123.01 0 573.362
v 126.605 0 566.293
v 123.667 0 564.802
v 118.102 0 575.756
v 69.4233 0 551.043
v 74.5649 20 540.913
v 79.3616 20 543.35
v 83.5684 20 535.079
v 79.3171 20 532.92
v 84.6034 20 522.523
v 95.4765 20 528.044
v 90.4573 20 537.94
v 90.4016 20 537.907
v 86.0724 20 546.445
v 118.18 20 562.742
v 123.032 20 553.18
v 125.993 20 554.683
v 129.298 20 548.171
v 130.166 20 548.616
v 131.245 20 546.479
v 131.424 20 546.568
v 142.475 20 524.793
v 141.662 20 524.382
v 142.953 20 521.855
v 144.678 20 522.723
v 145.224 20 521.654
v 153.303 20 525.762
v 151.556 20 529.213
v 153.426 20 530.159
v 142.196 20 552.267
v 145.391 20 553.881
v 141.473 20 561.607
v 143.41 20 562.586
v 138.746 20 571.781
v 136.821 20 570.813
v 132.87 20 578.583
v 129.053 20 576.646
v 126.66 20 581.366
v 123.833 20 579.93
v 126.315 20 575.043
v 123.01 20 573.362
v 126.605 20 566.293
v 123.667 20 564.802
v 118.102 20 575.756
v 69.4233 20 551.043
v 121.9 20 549.546
v 56.5803 0 403.533
v 59.0732 0 402.342
v 60.342 0 401.73
v 63.0352 0 407.351
v 66.1514 0 413.852
v 64.9939 0 414.409
v 62.3341 0 415.689
v 63.0908 0 417.27
v 32.8976 0 431.764
v 34.8897 0 435.905
v 39.141 0 444.766
v 44.6054 0 442.15
v 44.6722 0 442.116
v 43.7262 0 440.157
v 50.0475 0 437.118
v 51.0492 0 439.2
v 58.8729 0 435.437
v 67.9431 0 454.339
v 53.5532 0 461.241
v 45.8853 0 445.267
v 40.5433 0 447.827
v 57.4373 0 483.026
v 66.7968 0 478.54
v 72.3057 0 490.017
v 53.3974 0 499.09
v 49.9585 0 491.932
v 48.4561 0 492.656
v 24.0834 0 441.883
v 13.4773 0 419.775
v 15.7254 0 418.695
v 13.6331 0 414.353
v 33.4541 0 404.836
v 35.9359 0 409.99
v 55.2337 0 400.728
v 56.5803 20 403.533
v 59.0732 20 402.342
v 60.342 20 401.73
v 63.0352 20 407.351
v 66.1514 20 413.852
v 64.9939 20 414.409
v 62.3341 20 415.689
v 63.0908 20 417.27
v 32.8976 20 431.764
v 34.8897 20 435.905
v 39.141 20 444.766
v 44.6054 20 442.15
v 44.6722 20 442.116
v 43.7262 20 440.157
v 50.0475 20 437.118
v 51.0492 20 439.2
v 58.8729 20 435.437
v 67.9431 20 454.339
v 53.5532 20 461.241
v 45.8853 20 445.267
v 40.5433 20 447.827
v 57.4373 20 483.026
v 66.7968 20 478.54
v 72.3057 20 490.017
v 53.3974 20 499.09
v 49.9585 20 491.932
v 48.4561 20 492.656
v 24.0834 20 441.883
v 13.4773 20 419.775
v 15.7254 20 418.695
v 13.6331 20 414.353
v 33.4541 20 404.836
v 35.9359 20 409.99
v 55.2337 20 400.728
v 48.333 20 437.617
v -3.37212 0 289.62
v -0.99049 0 299.216
v 7.81263 0 297.034
v 10.4168 0 296.388
v 12.8652 0 306.262
v 10.1163 0 306.941
v 1.52469 0 309.079
v 8.4915 0 337.153
v 4.26244 0 338.2
v 1.58033 0 327.357
v -17.8399 0 332.166
v -20.5554 0 321.19
v -29.8705 0 323.494
v -35.5797 0 300.451
v -26.12 0 298.114
v -28.8577 0 287.093
v -9.42634 0 282.284
v -7.35633 0 290.611
v -3.37212 20 289.62
v -0.99049 20 299.216
v 7.81263 20 297.034
v 10.4168 20 296.388
v 12.8652 20 306.262
v 10.1163 20 306.941
v 1.52469 20 309.079
v 8.4915 20 337.153
v 4.26244 20 338.2
v 1.58033 20 327.357
v -17.8399 20 332.166
v -20.5554 20 321.19
v -29.8705 20 323.494
v -35.5797 20 300.451
v -26.12 20 298.114
v -28.8577 20 287.093
v -9.42634 20 282.284
v -7.35633 20 290.611
v -6.8277 20 307.925
v 93.1617 0 456.833
v 99.1825 0 465.549
v 102.232 0 469.969
v 102.065 0 470.08
v 104.391 0 473.453
v 78.2709 0 491.487
v 71.638 0 481.88
v 77.9148 0 477.538
v 73.1516 0 470.648
v 93.1617 20 456.833
v 99.1825 20 465.549
v 102.232 20 469.969
v 102.065 20 470.08
v 104.391 20 473.453
v 78.2709 20 491.487
v 71.638 20 481.88
v 77.9148 20 477.538
v 73.1516 20 470.648
v 89.1119 20 473.048
v -140.471 0 219.589
v -144.322 0 220.368
v -146.225 0 211.006
v -147.85 0 203.002
v -144.222 0 202.268
v -151.667 0 165.621
v -131.935 0 161.614
v -124.412 0 198.616
v -121.541 0 198.037
v -119.749 0 206.832
v -118.013 0 215.403
v -120.662 0 215.938
v -112.749 0 254.888
v -132.481 0 258.896
v -140.471 6 219.589
v -144.322 6 220.368
v -146.225 6 211.006
v -147.85 6 203.002
v -144.222 6 202.268
v -151.667 6 165.621
v -131.935 6 161.614
v -124.412 6 198.616
v -121.541 6 198.037
v -119.749 6 206.832
v -118.013 6 215.403
v -120.662 6 215.938
v -112.749 6 254.888
v -132.481 6 258.896
v -132.593 6 209.434
v 138.535 0 518.537
v 136.732 0 521.743
v 133.126 0 519.717
v 136.699 0 513.361
v 134.662 0 512.214
v 139.258 0 504.032
v 141.595 0 505.346
v 141.94 0 504.734
v 145.58 0 506.782
v 145.19 0 507.472
v 149.275 0 509.765
v 147.071 0 513.684
v 145.691 0 512.905
v 144.222 0 515.521
v 142.475 0 514.53
v 139.815 0 519.261
v 138.535 20 518.537
v 136.732 20 521.743
v 133.126 20 519.717
v 136.699 20 513.361
v 134.662 20 512.214
v 139.258 20 504.032
v 141.595 20 505.346
v 141.94 20 504.734
v 145.58 20 506.782
v 145.19 20 507.472
v 149.275 20 509.765
v 147.071 20 513.684
v 145.691 20 512.905
v 144.222 20 515.521
v 142.475 20 514.53
v 139.815 20 519.261
v 141.367 20 512.475
v 145.624 0 434.491
v 150.588 0 437.096
v 152.491 0 433.489
v 160.704 0 437.797
v 163.008 0 433.4
v 168.595 0 436.328
v 166.291 0 440.736
v 169.207 0 442.272
v 167.526 0 445.478
v 172.635 0 448.161
v 169.329 0 454.462
v 164.21 0 451.779
v 162.418 0 455.197
v 159.168 0 453.493
v 157.098 0 457.434
v 151.512 0 454.506
v 153.582 0 450.543
v 145.691 0 446.413
v 148.095 0 441.827
v 143.142 0 439.233
v 144.389 0 436.851
v 145.624 15 434.491
v 150.588 15 437.096
v 152.491 15 433.489
v 160.704 15 437.797
v 163.008 15 433.4
v 168.595 15 436.328
v 166.291 15 440.736
v 169.207 15 442.272
v 167.526 15 445.478
v 172.635 15 448.161
v 169.329 15 454.462
v 164.21 15 451.779
v 162.418 15 455.197
v 159.168 15 453.493
v 157.098 15 457.434
v 151.512 15 454.506
v 153.582 15 450.543
v 145.691 15 446.413
v 148.095 15 441.827
v 143.142 15 439.233
v 144.389 15 436.851
v 157.872 15 444.333
v 96.1888 0 518.381
v 118.792 0 529.625
v 115.709 0 535.814
v 81.5429 0 518.816
v 84.3808 0 513.116
v 91.2697 0 516.545
v 92.2713 0 514.541
v 92.8946 0 513.294
v 89.9454 0 511.825
v 103.144 0 485.464
v 114.585 0 491.242
v 126.994 0 497.509
v 113.405 0 524.638
v 97.1125 0 516.534
v 96.1888 20 518.381
v 118.792 20 529.625
v 115.709 20 535.814
v 81.5429 20 518.816
v 84.3808 20 513.116
v 91.2697 20 516.545
v 92.2713 20 514.541
v 92.8946 20 513.294
v 89.9454 20 511.825
v 103.144 20 485.464
v 114.585 20 491.242
v 126.994 20 497.509
v 113.405 20 524.638
v 97.1125 20 516.534
v 101.303 20 513.382
v 74.7541 0 492.043
v 84.5144 0 506.181
v 78.9053 0 510.044
v 76.1341 0 506.036
v 73.3407 0 507.962
v 68.9002 0 501.505
v 71.6157 0 499.635
v 69.0783 0 495.962
v 74.7541 20 492.043
v 84.5144 20 506.181
v 78.9053 20 510.044
v 76.1341 20 506.036
v 73.3407 20 507.962
v 68.9002 20 501.505
v 71.6157 20 499.635
v 69.0783 20 495.962
v 74.6554 20 502.421
v 132.091 0 463.534
v 130.021 0 467.598
v 115.008 0 459.916
v 121.797 0 446.647
v 136.743 0 454.295
v 134.662 0 458.358
v 138.246 0 460.184
v 135.608 0 465.327
v 132.091 15 463.534
v 130.021 15 467.598
v 115.008 15 459.916
v 121.797 15 446.647
v 136.743 15 454.295
v 134.662 15 458.358
v 138.246 15 460.184
v 135.608 15 465.327
v 130.522 15 459.482
v 895.391 0 475.88
v 885.609 0 491.587
v 879.744 0 487.947
v 889.515 0 472.24
v 895.391 1 475.88
v 885.609 1 491.587
v 879.744 1 487.947
v 889.515 1 472.24
v 887.565 1 481.913
v 6.53278 0 197.848
v 10.0384 0 196.802
v 11.4518 0 193.373
v 9.73796 0 190.011
v 6.3102 0 188.675
v 3.2497 0 189.789
v 2.04775 0 192.772
v 3.01599 0 196.579
v 6.53278 10 197.848
v 10.0384 10 196.802
v 11.4518 10 193.373
v 9.73796 10 190.011
v 6.3102 10 188.675
v 3.2497 10 189.789
v 2.04775 10 192.772
v 3.01599 10 196.579
v 6.54808 10 193.231
v 338.469 0 -12.4678
v 334.107 0 -6.92407
v 327.496 0 -12.1338
v 331.881 0 -17.7109
v 324.736 0 -23.3882
v 318.07 0 -15.9521
v 312.338 0 -19.1024
v 305.26 0 -19.2917
v 299.695 0 -13.748
v 288.322 0 -21.6405
v 286.697 0 -22.776
v 291.616 0 -29.0099
v 298.215 0 -34.3532
v 307.13 0 -36.1566
v 314.141 0 -36.7466
v 319.906 0 -43.4814
v 326.561 0 -50.9509
v 331.714 0 -51.6745
v 343.054 0 -42.5686
v 358.936 0 -60.6691
v 370.009 0 -52.2645
v 354.729 0 -32.7613
v 370.276 0 -20.082
v 357.478 0 -3.29506
v 360.727 0 4.43052
v 361.818 0 10.1635
v 360.939 0 22.5199
v 354.406 0 33.1064
v 341.441 0 22.5311
v 345.08 0 16.3194
v 345.058 0 8.71632
v 340.439 0 2.74959
v 346.504 0 -5.95559
v 338.469 25 -12.4678
v 334.107 25 -6.92407
v 327.496 25 -12.1338
v 331.881 25 -17.7109
v 324.736 25 -23.3882
v 318.07 25 -15.9521
v 312.338 25 -19.1024
v 305.26 25 -19.2917
v 299.695 25 -13.748
v 288.322 25 -21.6405
v 286.697 25 -22.776
v 291.616 25 -29.0099
v 298.215 25 -34.3532
v 307.13 25 -36.1566
v 314.141 25 -36.7466
v 319.906 25 -43.4814
v 326.561 25 -50.9509
v 331.714 25 -51.6745
v 343.054 25 -42.5686
v 358.936 25 -60.6691
v 370.009 25 -52.2645
v 354.729 25 -32.7613
v 370.276 25 -20.082
v 357.478 25 -3.29506
v 360.727 25 4.43052
v 361.818 25 10.1635
v 360.939 25 22.5199
v 354.406 25 33.1064
v 341.441 25 22.5311
v 345.08 25 16.3194
v 345.058 25 8.71632
v 340.439 25 2.74959
v 346.504 25 -5.95559
v 332.341 25 -17.1081
v 486.253 0 -19.5477
v 509.446 0 -0.256035
v 512.818 0 2.54922
v 497.749 0 20.6498
v 471.195 0 -1.43602
v 486.253 27 -19.5477
v 509.446 27 -0.256035
v 512.818 27 2.54922
v 497.749 27 20.6498
v 471.195 27 -1.43602
v 495.492 27 0.391845
v 795.018 0 54.8694
v 803.576 0 61.3148
v 824.577 0 33.4849
v 816.019 0 27.0284
v 795.018 12 54.8694
v 803.576 12 61.3148
v 824.577 12 33.4849
v 816.019 12 27.0284
v 809.798 12 44.1744
v 803.576 0 61.3148
v 808.429 0 64.9883
v 829.429 0 37.1473
v 824.577 0 33.4849
v 803.576 12 61.3148
v 808.429 12 64.9883
v 829.429 12 37.1473
v 824.577 12 33.4849
v 816.503 12 49.2338
v 808.429 0 64.9883
v 812.558 0 68.0941
v 833.558 0 40.2643
v 829.429 0 37.1473
v 808.429 12 64.9883
v 812.558 12 68.0941
v 833.558 12 40.2643
v 829.429 12 37.1473
v 820.993 12 52.6235
v 812.558 0 68.0941
v 821.283 0 74.6842
v 842.283 0 46.8544
v 833.558 0 40.2643
v 812.558 12 68.0941
v 821.283 12 74.6842
v 842.283 12 46.8544
v 833.558 12 40.2643
v 827.421 12 57.4743
v 821.283 0 74.6842
v 825.901 0 78.1685
v 846.902 0 50.3387
v 842.283 0 46.8544
v 821.283 12 74.6842
v 825.901 12 78.1685
v 846.902 12 50.3387
v 842.283 12 46.8544
v 834.092 12 62.5115
v 825.901 0 78.1685
v 830.075 0 81.3189
v 851.075 0 53.4779
v 846.902 0 50.3387
v 825.901 12 78.1685
v 830.075 12 81.3189
v 851.075 12 53.4779
v 846.902 12 50.3387
v 838.488 12 65.826
v 830.075 0 81.3189
v 833.97 0 84.8588
v 849.25 0 64.5653
v 854.37 0 58.9325
v 853.991 0 56.2386
v 851.075 0 53.4779
v 830.075 12 81.3189
v 833.97 12 84.8588
v 849.25 12 64.5653
v 854.37 12 58.9325
v 853.991 12 56.2386
v 851.075 12 53.4779
v 845.455 12 66.5653
v 833.97 0 84.8588
v 838.054 0 88.5213
v 853.524 0 67.749
v 849.25 0 64.5653
v 833.97 12 84.8588
v 838.054 12 88.5213
v 853.524 12 67.749
v 849.25 12 64.5653
v 843.7 12 76.4236
v 838.054 0 88.5213
v 842.706 0 91.9944
v 858.176 0 71.2111
v 853.524 0 67.749
v 838.054 12 88.5213
v 842.706 12 91.9944
v 858.176 12 71.2111
v 853.524 12 67.749
v 848.115 12 79.8689
v 842.706 0 91.9944
v 847.559 0 95.6012
v 863.028 0 74.829
v 858.176 0 71.2111
v 842.706 12 91.9944
v 847.559 12 95.6012
v 863.028 12 74.829
v 858.176 12 71.2111
v 852.867 12 83.4089
v 837.142 0 100.666
v 840.926 0 103.65
v 823.475 0 125.802
v 819.691 0 122.819
v 837.142 12 100.666
v 840.926 12 103.65
v 823.475 12 125.802
v 819.691 12 122.819
v 830.308 12 113.234
v 833.046 0 97.438
v 837.142 0 100.666
v 819.691 0 122.819
v 815.596 0 119.591
v 833.046 12 97.438
v 837.142 12 100.666
v 819.691 12 122.819
v 815.596 12 119.591
v 826.369 12 110.128
v 828.539 0 93.898
v 833.046 0 97.438
v 815.596 0 119.591
v 811.089 0 116.039
v 828.539 12 93.898
v 833.046 12 97.438
v 815.596 12 119.591
v 811.089 12 116.039
v 822.067 12 106.741
v 745.405 0 73.8493
v 740.764 0 69.8307
v 736.513 0 70.0868
v 720.932 0 90.6809
v 728.566 0 96.3804
v 745.405 24 73.8493
v 740.764 24 69.8307
v 736.513 24 70.0868
v 720.932 24 90.6809
v 728.566 24 96.3804
v 734.436 24 80.1656
v 823.987 0 90.3135
v 828.539 0 93.898
v 811.089 0 116.039
v 806.537 0 112.455
v 823.987 12 90.3135
v 828.539 12 93.898
v 811.089 12 116.039
v 806.537 12 112.455
v 817.538 12 103.176
v 750.257 0 77.4784
v 745.405 0 73.8493
v 728.566 0 96.3804
v 733.419 0 100.009
v 750.257 16 77.4784
v 745.405 16 73.8493
v 728.566 16 96.3804
v 733.419 16 100.009
v 739.412 16 86.9294
v 814.416 0 82.766
v 823.987 0 90.3135
v 806.537 0 112.455
v 796.966 0 104.919
v 797.077 0 104.785
v 814.416 12 82.766
v 823.987 12 90.3135
v 806.537 12 112.455
v 796.966 12 104.919
v 797.077 12 104.785
v 807.797 12 99.0476
v 755.042 0 81.0517
v 750.257 0 77.4784
v 733.419 0 100.009
v 738.193 0 103.583
v 755.042 16 81.0517
v 750.257 16 77.4784
v 733.419 16 100.009
v 738.193 16 103.583
v 744.228 16 90.5306
v 759.539 0 84.4136
v 755.042 0 81.0517
v 738.193 0 103.583
v 742.7 0 106.945
v 759.539 16 84.4136
v 755.042 16 81.0517
v 738.193 16 103.583
v 742.7 16 106.945
v 748.869 16 93.9982
v 763.712 0 87.5305
v 759.539 0 84.4136
v 742.7 0 106.945
v 746.863 0 110.062
v 763.712 16 87.5305
v 759.539 16 84.4136
v 742.7 16 106.945
v 746.863 16 110.062
v 753.203 16 97.2376
v 763.868 0 31.3587
v 768.119 0 34.5647
v 789.12 0 6.73483
v 784.868 0 3.52883
v 763.868 12 31.3587
v 768.119 12 34.5647
v 789.12 12 6.73483
v 784.868 12 3.52883
v 776.494 12 19.0468
v 797.077 0 104.785
v 789.498 0 98.8183
v 806.971 0 76.6323
v 814.55 0 82.5991
v 814.416 0 82.766
v 797.077 12 104.785
v 789.498 12 98.8183
v 806.971 12 76.6323
v 814.55 12 82.5991
v 814.416 12 82.766
v 804.502 12 89.1202
v 768.564 0 91.1595
v 763.712 0 87.5305
v 746.863 0 110.062
v 751.715 0 113.691
v 768.564 16 91.1595
v 763.712 16 87.5305
v 746.863 16 110.062
v 751.715 16 113.691
v 757.713 16 100.611
v 803.187 0 73.649
v 806.971 0 76.6323
v 789.498 0 98.8183
v 785.703 0 95.835
v 803.187 12 73.649
v 806.971 12 76.6323
v 789.498 12 98.8183
v 785.703 12 95.835
v 796.34 12 86.2336
v 773.083 0 94.5325
v 768.564 0 91.1595
v 751.715 0 113.691
v 756.233 0 117.064
v 773.083 16 94.5325
v 768.564 16 91.1595
v 751.715 16 113.691
v 756.233 16 117.064
v 762.399 16 104.112
v 777.757 0 98.0391
v 773.083 0 94.5325
v 756.233 0 117.064
v 760.907 0 120.559
v 777.757 16 98.0391
v 773.083 16 94.5325
v 756.233 16 117.064
v 760.907 16 120.559
v 766.995 16 107.549
v 782.253 0 101.401
v 777.757 0 98.0391
v 760.907 0 120.559
v 765.415 0 123.932
v 782.253 16 101.401
v 777.757 16 98.0391
v 760.907 16 120.559
v 765.415 16 123.932
v 771.583 16 110.983
v 786.827 0 104.818
v 782.253 0 101.401
v 765.415 0 123.932
v 769.989 0 127.349
v 786.827 16 104.818
v 782.253 16 101.401
v 765.415 16 123.932
v 769.989 16 127.349
v 776.121 16 114.375
v 791.791 0 108.525
v 786.827 0 104.818
v 769.989 0 127.349
v 774.941 0 131.056
v 791.791 16 108.525
v 786.827 16 104.818
v 769.989 16 127.349
v 774.941 16 131.056
v 780.887 16 117.937
v 796.343 0 111.932
v 791.791 0 108.525
v 774.941 0 131.056
v 779.504 0 134.463
v 796.343 16 111.932
v 791.791 16 108.525
v 774.941 16 131.056
v 779.504 16 134.463
v 785.645 16 121.494
v 851.176 0 98.6291
v 855.638 0 93.0408
v 879.332 0 111.976
v 874.858 0 117.565
v 851.176 12 98.6291
v 855.638 12 93.0408
v 879.332 12 111.976
v 874.858 12 117.565
v 865.251 12 105.303
v 800.516 0 115.049
v 796.343 0 111.932
v 779.504 0 134.463
v 783.678 0 137.58
v 800.516 16 115.049
v 796.343 16 111.932
v 779.504 16 134.463
v 783.678 16 137.58
v 790.01 16 124.756
v 804.611 0 118.11
v 800.516 0 115.049
v 783.678 0 137.58
v 787.762 0 140.641
v 804.611 16 118.11
v 800.516 16 115.049
v 783.678 16 137.58
v 787.762 16 140.641
v 794.142 16 127.845
v 855.638 0 93.0408
v 859.022 0 88.8107
v 882.715 0 107.746
v 879.332 0 111.976
v 855.638 12 93.0408
v 859.022 12 88.8107
v 882.715 12 107.746
v 879.332 12 111.976
v 869.177 12 100.393
v 809.786 0 121.984
v 804.611 0 118.11
v 787.762 0 140.641
v 792.937 0 144.515
v 809.786 16 121.984
v 804.611 16 118.11
v 787.762 16 140.641
v 792.937 16 144.515
v 798.774 16 131.312
v 768.119 0 34.5647
v 772.96 0 38.216
v 793.961 0 10.3861
v 789.12 0 6.73483
v 768.119 12 34.5647
v 772.96 12 38.216
v 793.961 12 10.3861
v 789.12 12 6.73483
v 781.04 12 22.4754
v 814.561 0 125.546
v 809.786 0 121.984
v 792.937 0 144.515
v 797.711 0 148.077
v 814.561 16 125.546
v 809.786 16 121.984
v 792.937 16 144.515
v 797.711 16 148.077
v 803.749 16 135.031
v 859.022 0 88.8107
v 862.438 0 84.536
v 886.132 0 103.471
v 882.715 0 107.746
v 859.022 12 88.8107
v 862.438 12 84.536
v 886.132 12 103.471
v 882.715 12 107.746
v 872.577 12 96.1411
v 819.324 0 129.119
v 814.561 0 125.546
v 797.711 0 148.077
v 802.486 0 151.639
v 819.324 16 129.119
v 814.561 16 125.546
v 797.711 16 148.077
v 802.486 16 151.639
v 808.521 16 138.596
v 862.438 0 84.536
v 866.333 0 79.6602
v 890.027 0 98.5957
v 886.132 0 103.471
v 862.438 12 84.536
v 866.333 12 79.6602
v 890.027 12 98.5957
v 886.132 12 103.471
v 876.233 12 91.5658
v 866.333 0 79.6602
v 869.305 0 75.9644
v 893.01 0 94.8776
v 890.027 0 98.5957
v 866.333 12 79.6602
v 869.305 12 75.9644
v 893.01 12 94.8776
v 890.027 12 98.5957
v 879.669 12 87.2745
v 772.96 0 38.216
v 777.445 0 41.6001
v 798.446 0 13.7702
v 793.961 0 10.3861
v 772.96 12 38.216
v 777.445 12 41.6001
v 798.446 12 13.7702
v 793.961 12 10.3861
v 785.703 12 25.9931
v 777.445 0 41.6001
v 781.396 0 44.5946
v 802.397 0 16.7536
v 798.446 0 13.7702
v 777.445 12 41.6001
v 781.396 12 44.5946
v 802.397 12 16.7536
v 798.446 12 13.7702
v 789.921 12 29.1796
v 781.396 0 44.5946
v 785.981 0 48.0455
v 806.982 0 20.2156
v 802.397 0 16.7536
v 781.396 12 44.5946
v 785.981 12 48.0455
v 806.982 12 20.2156
v 802.397 12 16.7536
v 794.189 12 32.4023
v 785.981 0 48.0455
v 790.433 0 51.4073
v 811.434 0 23.5663
v 806.982 0 20.2156
v 785.981 12 48.0455
v 790.433 12 51.4073
v 811.434 12 23.5663
v 806.982 12 20.2156
v 798.707 12 35.8087
v 790.433 0 51.4073
v 795.018 0 54.8694
v 816.019 0 27.0284
v 811.434 0 23.5663
v 790.433 12 51.4073
v 795.018 12 54.8694
v 816.019 12 27.0284
v 811.434 12 23.5663
v 803.226 12 39.2179
v 709.001 0 57.619
v 725.995 0 70.4318
v 718.895 0 80.3949
v 713.987 0 81.1964
v 705.051 0 73.3818
v 703.136 0 64.8213
v 709.001 34 57.619
v 725.995 34 70.4318
v 718.895 34 80.3949
v 713.987 34 81.1964
v 705.051 34 73.3818
v 703.136 34 64.8213
v 712.678 34 71.3076
v 718.851 0 44.5389
v 735.856 0 57.3518
v 725.995 0 70.4318
v 709.001 0 57.619
v 718.851 34 44.5389
v 735.856 34 57.3518
v 725.995 34 70.4318
v 709.001 34 57.619
v 722.426 34 57.4854
v -55.3784 0 570.935
v -57.8936 0 575.867
v -55.345 0 577.169
v -58.1607 0 582.668
v -60.6536 0 581.399
v -63.0129 0 586.019
v -72.9512 0 580.932
v -65.2721 0 565.881
v -55.3784 5 570.935
v -57.8936 5 575.867
v -55.345 5 577.169
v -58.1607 5 582.668
v -60.6536 5 581.399
v -63.0129 5 586.019
v -72.9512 5 580.932
v -65.2721 5 565.881
v -61.0834 5 577.609
v 563.611 0 423.003
v 567.807 0 426.053
v 571.969 0 428.858
v 568.118 0 434.224
v 559.805 0 445.779
v 555.609 0 442.807
v 551.948 0 439.99
v 563.611 3 423.003
v 567.807 3 426.053
v 571.969 3 428.858
v 568.118 3 434.224
v 559.805 3 445.779
v 555.609 3 442.807
v 551.948 3 439.99
v 562.695 3 434.388
v 448.113 0 440.97
v 445.453 0 445.256
v 442.537 0 449.976
v 457.985 0 459.527
v 463.56 0 450.521
v 448.113 4 440.97
v 445.453 4 445.256
v 442.537 4 449.976
v 457.985 4 459.527
v 463.56 4 450.521
v 451.53 4 449.25
v 365.402 0 43.3812
v 360.093 0 39.0175
v 375.729 0 20.0375
v 378.055 0 21.9633
v 381.027 0 24.4124
v 365.402 15 43.3812
v 360.093 15 39.0175
v 375.729 15 20.0375
v 378.055 15 21.9633
v 381.027 15 24.4124
v 372.061 15 29.7624
v 37.8946 0 269.939
v 44.5386 0 233.036
v 94.7309 0 261.111
v 52.4848 0 337.721
v 45.3956 0 333.858
v 38.2841 0 291.19
v 37.8946 21 269.939
v 44.5386 21 233.036
v 94.7309 21 261.111
v 52.4848 21 337.721
v 45.3956 21 333.858
v 38.2841 21 291.19
v 52.2214 21 287.809
v 318.648 0 163.885
v 322.621 0 158.808
v 316.779 0 154.222
v 321.253 0 148.511
v 318.782 0 146.574
v 326.194 0 137.112
v 335.464 0 144.37
v 340.127 0 138.426
v 324.925 0 126.526
v 304.403 0 152.73
v 318.648 15 163.885
v 322.621 15 158.808
v 316.779 15 154.222
v 321.253 15 148.511
v 318.782 15 146.574
v 326.194 15 137.112
v 335.464 15 144.37
v 340.127 15 138.426
v 324.925 15 126.526
v 304.403 15 152.73
v 322.92 15 147.116
v 311.492 0 141.454
v 329.366 0 120.604
v 318.938 0 111.676
v 315.187 0 116.051
v 311.949 0 113.279
v 309.556 0 116.062
v 307.72 0 114.481
v 295.989 0 128.173
v 311.492 15 141.454
v 329.366 15 120.604
v 318.938 15 111.676
v 315.187 15 116.051
v 311.949 15 113.279
v 309.556 15 116.062
v 307.72 15 114.481
v 295.989 15 128.173
v 312.525 15 120.222
v 345.236 0 151.183
v 361.551 0 164.296
v 357.155 0 169.751
v 360.16 0 172.167
v 363.087 0 174.527
v 357.177 0 181.874
v 354.25 0 179.514
v 351.334 0 177.176
v 347.039 0 182.508
v 330.645 0 169.328
v 345.236 15 151.183
v 361.551 15 164.296
v 357.155 15 169.751
v 360.16 15 172.167
v 363.087 15 174.527
v 357.177 15 181.874
v 354.25 15 179.514
v 351.334 15 177.176
v 347.039 15 182.508
v 330.645 15 169.328
v 352.763 15 172.232
v 294.12 0 182.174
v 298.327 0 176.196
v 304.96 0 180.861
v 300.753 0 186.839
v 294.12 10 182.174
v 298.327 10 176.196
v 304.96 10 180.861
v 300.753 10 186.839
v 299.54 10 181.518
v 468.49 0 16.0968
v 461.468 0 10.2525
v 471.195 0 -1.43602
v 497.749 0 20.6498
v 471.284 0 52.4649
v 451.752 0 36.2122
v 468.49 27 16.0968
v 461.468 27 10.2525
v 471.195 27 -1.43602
v 497.749 27 20.6498
v 471.284 27 52.4649
v 451.752 27 36.2122
v 470.323 27 22.3734
v 507.531 0 292.158
v 553.45 0 226.858
v 556.867 0 222.004
v 450.127 0 145.316
v 449.604 0 146.407
v 447.59 0 150.537
v 544.647 0 222.439
v 521.465 0 255.512
v 499.63 0 286.659
v 507.531 24 292.158
v 553.45 24 226.858
v 556.867 24 222.004
v 450.127 24 145.316
v 449.604 24 146.407
v 447.59 24 150.537
v 544.647 24 222.439
v 521.465 24 255.512
v 499.63 24 286.659
v 503.435 24 216.432
v 477.316 0 271.43
v 490.081 0 280.481
v 502.278 0 263.282
v 504.426 0 264.807
v 510.436 0 256.347
v 508.477 0 254.955
v 514.609 0 246.317
v 515.266 0 246.773
v 517.013 0 244.313
v 519.017 0 245.738
v 524.715 0 237.712
v 522.756 0 236.32
v 534.853 0 219.288
v 521.743 0 209.982
v 519.651 0 212.943
v 511.827 0 207.388
v 513.163 0 205.518
v 473.888 0 177.644
v 464.64 0 190.69
v 475.691 0 198.527
v 473.588 0 201.499
v 478.863 0 205.229
v 477.728 0 206.82
v 484.383 0 211.54
v 485.373 0 210.138
v 490.693 0 213.912
v 492.629 0 211.184
v 503.525 0 218.921
v 504.326 0 217.785
v 511.95 0 223.196
v 509.357 0 226.847
v 507.754 0 225.711
v 501.922 0 233.938
v 503.603 0 235.129
v 494.254 0 248.298
v 492.04 0 246.729
v 485.974 0 255.278
v 487.833 0 256.603
v 477.316 24 271.43
v 490.081 24 280.481
v 502.278 24 263.282
v 504.426 24 264.807
v 510.436 24 256.347
v 508.477 24 254.955
v 514.609 24 246.317
v 515.266 24 246.773
v 517.013 24 244.313
v 519.017 24 245.738
v 524.715 24 237.712
v 522.756 24 236.32
v 534.853 24 219.288
v 521.743 24 209.982
v 519.651 24 212.943
v 511.827 24 207.388
v 513.163 24 205.518
v 473.888 24 177.644
v 464.64 24 190.69
v 475.691 24 198.527
v 473.588 24 201.499
v 478.863 24 205.229
v 477.728 24 206.82
v 484.383 24 211.54
v 485.373 24 210.138
v 490.693 24 213.912
v 492.629 24 211.184
v 503.525 24 218.921
v 504.326 24 217.785
v 511.95 24 223.196
v 509.357 24 226.847
v 507.754 24 225.711
v 501.922 24 233.938
v 503.603 24 235.129
v 494.254 24 248.298
v 492.04 24 246.729
v 485.974 24 255.278
v 487.833 24 256.603
v 500.201 24 229.453
v 713.242 0 283.943
v 740.163 0 304.336
v 733.174 0 313.554
v 727.019 0 321.68
v 700.109 0 301.286
v 701.523 0 299.416
v 711.594 0 286.124
v 713.242 14 283.943
v 740.163 14 304.336
v 733.174 14 313.554
v 727.019 14 321.68
v 700.109 14 301.286
v 701.523 14 299.416
v 711.594 14 286.124
v 718.118 14 301.477
v 868.103 0 41.511
v 875.036 0 46.9434
v 878.62 0 46.4202
v 882.938 0 40.9099
v 887.245 0 35.4107
v 882.727 0 31.8708
v 878.353 0 28.4421
v 877.462 0 29.5776
v 868.103 25 41.511
v 875.036 25 46.9434
v 878.62 25 46.4202
v 882.938 25 40.9099
v 887.245 25 35.4107
v 882.727 25 31.8708
v 878.353 25 28.4421
v 877.462 25 29.5776
v 878.811 25 37.6357
v 857.007 0 48.0566
v 863.473 0 47.834
v 868.103 0 41.511
v 877.462 0 29.5776
v 873.512 0 26.5163
v 857.007 25 48.0566
v 863.473 25 47.834
v 868.103 25 41.511
v 877.462 25 29.5776
v 873.512 25 26.5163
v 867.911 25 38.6991
v 873.512 0 26.5163
v 868.526 0 22.698
v 852.021 0 44.2384
v 857.007 0 48.0566
v 873.512 25 26.5163
v 868.526 25 22.698
v 852.021 25 44.2384
v 857.007 25 48.0566
v 862.766 25 35.3773
v 868.526 0 22.698
v 871.419 0 18.9243
v 867.502 0 15.9187
v 848.115 0 41.2327
v 852.021 0 44.2384
v 868.526 25 22.698
v 871.419 25 18.9243
v 867.502 25 15.9187
v 848.115 25 41.2327
v 852.021 25 44.2384
v 861.517 25 28.6024
v 867.502 0 15.9187
v 858.053 0 8.68292
v 838.666 0 33.997
v 848.115 0 41.2327
v 867.502 25 15.9187
v 858.053 25 8.68292
v 838.666 25 33.997
v 848.115 25 41.2327
v 853.084 25 24.9578
v 858.053 0 8.68292
v 849.384 0 2.04828
v 829.997 0 27.3623
v 838.666 0 33.997
v 858.053 25 8.68292
v 849.384 25 2.04828
v 829.997 25 27.3623
v 838.666 25 33.997
v 844.025 25 18.0226
v 849.384 0 2.04828
v 840.302 0 -4.90919
v 820.916 0 20.4049
v 829.997 0 27.3623
v 849.384 25 2.04828
v 840.302 25 -4.90919
v 820.916 25 20.4049
v 829.997 25 27.3623
v 835.15 25 11.2266
v 840.302 0 -4.90919
v 832.646 0 -10.7757
v 813.259 0 14.5383
v 820.916 0 20.4049
v 840.302 25 -4.90919
v 832.646 25 -10.7757
v 813.259 25 14.5383
v 820.916 25 20.4049
v 826.781 25 4.81457
v 943.647 0 13.8259
v 937.515 0 22.2528
v 928.979 0 23.199
v 917.483 0 14.3046
v 916.581 0 9.46216
v 924.26 0 -1.603
v 943.647 26 13.8259
v 937.515 26 22.2528
v 928.979 26 23.199
v 917.483 26 14.3046
v 916.581 26 9.46216
v 924.26 26 -1.603
v 928.078 26 13.5736
v 743.746 0 196.601
v 738.95 0 168.36
v 754.631 0 180.271
v 743.746 14 196.601
v 738.95 14 168.36
v 754.631 14 180.271
v 745.776 14 181.744
v 726.763 0 184.813
v 743.746 0 196.601
v 738.95 0 168.36
v 726.763 14 184.813
v 743.746 14 196.601
v 738.95 14 168.36
v 736.487 14 183.258
v 793.104 0 206.743
v 797.923 0 210.049
v 786.727 0 226.313
v 781.919 0 223.006
v 793.104 14 206.743
v 797.923 14 210.049
v 786.727 14 226.313
v 781.919 14 223.006
v 789.918 14 216.528
v 642.149 0 231.522
v 646.144 0 234.45
v 634.136 0 250.858
v 630.141 0 247.931
v 642.149 14 231.522
v 646.144 14 234.45
v 634.136 14 250.858
v 630.141 14 247.931
v 638.142 14 241.19
v 630.163 0 222.75
v 634.158 0 225.678
v 622.15 0 242.087
v 618.155 0 239.159
v 626.646 0 227.559
v 630.163 9 222.75
v 634.158 9 225.678
v 622.15 9 242.087
v 618.155 9 239.159
v 626.646 9 227.559
v 626.254 9 231.447
v 764.246 0 186.894
v 769.054 0 190.2
v 757.869 0 206.464
v 753.061 0 203.158
v 764.246 14 186.894
v 769.054 14 190.2
v 757.869 14 206.464
v 753.061 14 203.158
v 761.058 14 196.679
v 729.445 0 219.589
v 726.485 0 223.863
v 710.337 0 212.754
v 713.297 0 208.49
v 729.445 14 219.589
v 726.485 14 223.863
v 710.337 14 212.754
v 713.297 14 208.49
v 719.891 14 216.174
v 658.13 0 243.222
v 662.126 0 246.15
v 650.117 0 262.558
v 646.122 0 259.63
v 658.13 9 243.222
v 662.126 9 246.15
v 650.117 9 262.558
v 646.122 9 259.63
v 654.124 9 252.89
v 690.071 0 276.473
v 687.222 0 280.369
v 682.748 0 277.096
v 672.153 0 269.349
v 675.002 0 265.452
v 690.071 10 276.473
v 687.222 10 280.369
v 682.748 10 277.096
v 672.153 10 269.349
v 675.002 10 265.452
v 681.439 10 273.748
v 738.783 0 205.796
v 735.811 0 210.071
v 717.882 0 197.625
v 720.843 0 193.362
v 738.783 14 205.796
v 735.811 14 210.071
v 717.882 14 197.625
v 720.843 14 193.362
v 728.33 14 201.714
v 650.14 0 237.378
v 654.135 0 240.294
v 642.127 0 256.703
v 638.131 0 253.786
v 650.14 14 237.378
v 654.135 14 240.294
v 642.127 14 256.703
v 638.131 14 253.786
v 646.133 14 247.04
v 638.154 0 228.606
v 642.149 0 231.522
v 630.141 0 247.931
v 626.145 0 245.003
v 638.154 9 228.606
v 642.149 9 231.522
v 630.141 9 247.931
v 626.145 9 245.003
v 634.147 9 238.265
v 788.296 0 203.425
v 793.104 0 206.743
v 781.919 0 223.006
v 777.111 0 219.7
v 788.296 10 203.425
v 793.104 10 206.743
v 781.919 10 223.006
v 777.111 10 219.7
v 785.108 10 213.219
v 698.607 0 264.807
v 695.758 0 268.703
v 680.7 0 257.671
v 683.538 0 253.786
v 698.607 14 264.807
v 695.758 14 268.703
v 680.7 14 257.671
v 683.538 14 253.786
v 689.651 14 261.242
v 723.525 0 228.127
v 720.642 0 232.268
v 704.361 0 221.247
v 707.377 0 217.028
v 723.525 14 228.127
v 720.642 14 232.268
v 704.361 14 221.247
v 707.377 14 217.028
v 713.976 14 224.668
v 666.121 0 249.066
v 670.116 0 251.994
v 658.108 0 268.402
v 654.113 0 265.475
v 666.121 9 249.066
v 670.116 9 251.994
v 658.108 9 268.402
v 654.113 9 265.475
v 662.115 9 258.734
v 759.438 0 183.577
v 764.246 0 186.894
v 753.061 0 203.158
v 748.243 0 199.852
v 759.438 10 183.577
v 764.246 10 186.894
v 753.061 10 203.158
v 748.243 10 199.852
v 756.247 10 193.37
v 732.406 0 215.325
v 729.445 0 219.589
v 713.297 0 208.49
v 716.258 0 204.216
v 732.406 14 215.325
v 729.445 14 219.589
v 713.297 14 208.49
v 716.258 14 204.216
v 722.852 14 211.905
v 741.743 0 201.533
v 738.783 0 205.796
v 720.843 0 193.362
v 723.803 0 189.087
v 741.743 14 201.533
v 738.783 14 205.796
v 720.843 14 193.362
v 723.803 14 189.087
v 731.293 14 197.445
v 646.144 0 234.45
v 650.14 0 237.378
v 638.131 0 253.786
v 634.136 0 250.858
v 646.144 9 234.45
v 650.14 9 237.378
v 638.131 9 253.786
v 634.136 9 250.858
v 642.138 9 244.118
v 701.612 0 260.688
v 698.607 0 264.807
v 683.538 0 253.786
v 686.409 0 250.391
v 701.612 14 260.688
v 698.607 14 264.807
v 683.538 14 253.786
v 686.409 14 250.391
v 692.541 14 257.418
v 634.158 0 225.678
v 638.154 0 228.606
v 626.145 0 245.003
v 622.15 0 242.087
v 634.158 14 225.678
v 638.154 14 228.606
v 626.145 14 245.003
v 622.15 14 242.087
v 630.152 14 235.343
v 797.923 0 210.049
v 802.731 0 213.355
v 791.546 0 229.63
v 786.727 0 226.313
v 797.923 14 210.049
v 802.731 14 213.355
v 791.546 14 229.63
v 786.727 14 226.313
v 794.732 14 219.837
v 783.488 0 200.119
v 788.296 0 203.425
v 777.111 0 219.7
v 772.304 0 216.394
v 783.488 14 200.119
v 788.296 14 203.425
v 777.111 14 219.7
v 772.304 14 216.394
v 780.3 14 209.91
v 726.485 0 223.863
v 723.525 0 228.127
v 707.377 0 217.028
v 710.337 0 212.754
v 726.485 10 223.863
v 723.525 10 228.127
v 707.377 10 217.028
v 710.337 10 212.754
v 716.931 10 220.443
v 662.126 0 246.15
v 666.121 0 249.066
v 654.113 0 265.475
v 650.117 0 262.558
v 662.126 14 246.15
v 666.121 14 249.066
v 654.113 14 265.475
v 650.117 14 262.558
v 658.119 14 255.812
v 654.135 0 240.294
v 658.13 0 243.222
v 646.122 0 259.63
v 642.127 0 256.703
v 654.135 14 240.294
v 658.13 14 243.222
v 646.122 14 259.63
v 642.127 14 256.703
v 650.128 14 249.962
v 687.222 0 280.369
v 684.373 0 284.265
v 669.304 0 273.234
v 669.56 0 272.889
v 672.153 0 269.349
v 682.748 0 277.096
v 687.222 14 280.369
v 684.373 14 284.265
v 669.304 14 273.234
v 669.56 14 272.889
v 672.153 14 269.349
v 682.748 14 277.096
v 677.56 14 276.2
v 695.758 0 268.703
v 692.909 0 272.588
v 677.851 0 261.567
v 679.71 0 259.018
v 680.7 0 257.671
v 695.758 10 268.703
v 692.909 10 272.588
v 677.851 10 261.567
v 679.71 10 259.018
v 680.7 10 257.671
v 685.385 10 263.91
v 744.703 0 197.258
v 741.743 0 201.533
v 723.803 0 189.087
v 726.763 0 184.813
v 743.746 0 196.601
v 744.703 10 197.258
v 741.743 10 201.533
v 723.803 10 189.087
v 726.763 10 184.813
v 743.746 10 196.601
v 736.152 10 193.858
v 778.681 0 196.813
v 783.488 0 200.119
v 772.304 0 216.394
v 768.119 0 213.522
v 767.485 0 213.088
v 778.681 10 196.813
v 783.488 10 200.119
v 772.304 10 216.394
v 768.119 10 213.522
v 767.485 10 213.088
v 774.015 10 207.987
v 773.873 0 193.507
v 778.681 0 196.813
v 767.485 0 213.088
v 767.14 0 207.555
v 763.245 0 208.323
v 773.873 14 193.507
v 778.681 14 196.813
v 767.485 14 213.088
v 767.14 14 207.555
v 763.245 14 208.323
v 770.084 14 203.857
v 684.373 0 284.265
v 683.627 0 285.278
v 681.524 0 288.151
v 666.466 0 277.119
v 667.712 0 275.427
v 669.304 0 273.234
v 684.373 14 284.265
v 683.627 14 285.278
v 681.524 14 288.151
v 666.466 14 277.119
v 667.712 14 275.427
v 669.304 14 273.234
v 675.501 14 280.579
v 692.909 0 272.588
v 690.071 0 276.473
v 675.002 0 265.452
v 676.204 0 263.805
v 677.851 0 261.567
v 692.909 14 272.588
v 690.071 14 276.473
v 675.002 14 265.452
v 676.204 14 263.805
v 677.851 14 261.567
v 682.407 14 267.977
v 663.962 0 268.781
v 669.56 0 272.889
v 669.304 0 273.234
v 667.712 0 275.427
v 662.103 0 271.319
v 663.962 10 268.781
v 669.56 10 272.889
v 669.304 10 273.234
v 667.712 10 275.427
v 662.103 10 271.319
v 666.528 10 272.33
v 674.101 0 254.911
v 670.606 0 259.708
v 676.204 0 263.805
v 677.851 0 261.567
v 679.71 0 259.018
v 678.485 0 258.117
v 674.101 10 254.911
v 670.606 10 259.708
v 676.204 10 263.805
v 677.851 10 261.567
v 679.71 10 259.018
v 678.485 10 258.117
v 676.159 10 259.521
v 769.054 0 190.2
v 773.873 0 193.507
v 763.245 0 208.323
v 761.008 0 208.824
v 757.869 0 206.464
v 769.054 14 190.2
v 773.873 14 193.507
v 763.245 14 208.323
v 761.008 14 208.824
v 757.869 14 206.464
v 765.01 14 201.464
v 754.631 0 180.271
v 759.438 0 183.577
v 748.243 0 199.852
v 744.703 0 197.258
v 743.746 0 196.601
v 754.631 14 180.271
v 759.438 14 183.577
v 748.243 14 199.852
v 744.703 14 197.258
v 743.746 14 196.601
v 750.152 14 191.512
v 735.811 0 210.071
v 732.406 0 215.325
v 716.258 0 204.216
v 714.299 0 202.98
v 717.882 0 197.625
v 735.811 14 210.071
v 732.406 14 215.325
v 716.258 14 204.216
v 714.299 14 202.98
v 717.882 14 197.625
v 723.331 14 206.043
v 670.116 0 251.994
v 674.101 0 254.911
v 670.606 0 259.708
v 663.962 0 268.781
v 662.103 0 271.319
v 658.108 0 268.402
v 670.116 14 251.994
v 674.101 14 254.911
v 670.606 14 259.708
v 663.962 14 268.781
v 662.103 14 271.319
v 658.108 14 268.402
v 666.499 14 262.519
v 768.119 0 213.522
v 763.1 0 220.958
v 756.2 0 215.904
v 761.008 0 208.824
v 763.245 0 208.323
v 767.14 0 207.555
v 767.485 0 213.088
v 768.119 14 213.522
v 763.1 14 220.958
v 756.2 14 215.904
v 761.008 14 208.824
v 763.245 14 208.323
v 767.14 14 207.555
v 767.485 14 213.088
v 763.757 14 212.596
v 718.494 0 183.599
v 723.158 0 176.53
v 712.908 0 169.773
v 708.245 0 176.853
v 718.494 5 183.599
v 723.158 5 176.53
v 712.908 5 169.773
v 708.245 5 176.853
v 715.701 5 176.689
v 634.069 0 219.255
v 637.241 0 214.813
v 629.072 0 208.958
v 625.9 0 213.399
v 634.069 5 219.255
v 637.241 5 214.813
v 629.072 5 208.958
v 625.9 5 213.399
v 631.571 5 214.106
v 655.693 0 189.432
v 658.998 0 185.069
v 650.985 0 178.991
v 647.669 0 183.354
v 655.693 5 189.432
v 658.998 5 185.069
v 650.985 5 178.991
v 647.669 5 183.354
v 653.336 5 184.211
v 696.27 0 492.522
v 705.863 0 487.858
v 707.377 0 490.975
v 697.794 0 495.639
v 696.27 1 492.522
v 705.863 1 487.858
v 707.377 1 490.975
v 697.794 1 495.639
v 701.826 1 491.748
v 754.875 0 532.363
v 753.418 0 521.632
v 746.684 0 522.556
v 748.142 0 533.276
v 754.875 1 532.363
v 753.418 1 521.632
v 746.684 1 522.556
v 748.142 1 533.276
v 750.78 1 527.457
v 396.752 0 527.076
v 413.257 0 498.199
v 437.93 0 512.315
v 421.414 0 541.18
v 396.752 4 527.076
v 413.257 4 498.199
v 437.93 4 512.315
v 421.414 4 541.18
v 417.338 4 519.692
v 468.613 0 508.919
v 478.073 0 490.54
v 469.125 0 485.943
v 468.201 0 487.735
v 463.905 0 485.52
v 465.107 0 483.193
v 449.415 0 475.123
v 435.782 0 500.459
v 422.65 0 492.767
v 441.903 0 457.022
v 454.735 0 464.481
v 452.209 0 469.679
v 453.377 0 470.28
v 457.862 0 461.564
v 469.492 0 467.564
v 468.669 0 469.167
v 470.149 0 469.924
v 468.068 0 473.954
v 470.805 0 475.368
v 468.947 0 478.974
v 486.119 0 487.813
v 483.259 0 493.379
v 481.79 0 492.622
v 472.397 0 510.856
v 468.613 4 508.919
v 478.073 4 490.54
v 469.125 4 485.943
v 468.201 4 487.735
v 463.905 4 485.52
v 465.107 4 483.193
v 449.415 4 475.123
v 435.782 4 500.459
v 422.65 4 492.767
v 441.903 4 457.022
v 454.735 4 464.481
v 452.209 4 469.679
v 453.377 4 470.28
v 457.862 4 461.564
v 469.492 4 467.564
v 468.669 4 469.167
v 470.149 4 469.924
v 468.068 4 473.954
v 470.805 4 475.368
v 468.947 4 478.974
v 486.119 4 487.813
v 483.259 4 493.379
v 481.79 4 492.622
v 472.397 4 510.856
v 463.36 4 481.369
v 110.957 0 449.553
v 114.051 0 443.319
v 109.021 0 440.825
v 105.927 0 447.048
v 110.957 5 449.553
v 114.051 5 443.319
v 109.021 5 440.825
v 105.927 5 447.048
v 109.989 5 445.186
v 1151.75 0 581.488
v 1144.62 0 593.266
v 1137.06 0 605.723
v 1125.22 0 625.359
v 1193.47 0 663.152
v 1179.75 0 685.672
v 1180.24 0 688.099
v 1180.95 0 691.817
v 1191.92 0 698.285
v 1199.91 0 703.005
v 1245.94 0 729.165
v 1246.21 0 801.033
v 1237.05 0 804.205
v 1181.46 0 772.769
v 1178.78 0 776.799
v 1101.26 0 731.146
v 1106.57 0 722.141
v 1108.54 0 718.801
v 1091.72 0 708.871
v 1087.58 0 715.885
v 1073.74 0 738.861
v 1059.11 0 764.097
v 1045.17 0 755.859
v 1027.87 0 745.651
v 994.14 0 725.736
v 969.589 0 710.975
v 959.228 0 723.065
v 944.014 0 711.454
v 885.965 0 663.275
v 883.673 0 660.748
v 882.626 0 656.384
v 881.803 0 652.165
v 884.04 0 644.685
v 890.372 0 623.456
v 908.323 0 563.299
v 913.332 0 565.681
v 914.155 0 562.664
v 915.179 0 560.026
v 919.942 0 541.191
v 923.67 0 532.886
v 929.068 0 526.107
v 941.522 0 516.979
v 955.578 0 512.047
v 964.959 0 512.159
v 974.486 0 513.506
v 965.75 0 529.435
v 950.058 0 529.257
v 942.167 0 533.443
v 937.059 0 538.964
v 936.758 0 539.243
v 964.459 0 553.302
v 974.753 0 536.527
v 983.912 0 520.652
v 1004.98 0 532.797
v 995.832 0 548.672
v 985.426 0 542.682
v 983.69 0 545.555
v 979.16 0 553.102
v 996.7 0 562.932
v 988.542 0 576.98
v 1057.28 0 618.803
v 1070.6 0 626.673
v 1084.81 0 601.315
v 1111.03 0 557.254
v 1105.28 0 552.022
v 1100.2 0 547.247
v 1096.02 0 540.979
v 1093.78 0 534.267
v 1093.19 0 525.907
v 1094.16 0 516.723
v 1096.92 0 509.409
v 1100.49 0 503.053
v 1102.96 0 499.335
v 1107.43 0 495.539
v 1113.19 0 492.477
v 1119.75 0 490.607
v 1125.65 0 489.939
v 1131.55 0 489.984
v 1138.11 0 491.053
v 1144.23 0 493.669
v 1147.62 0 495.528
v 1165.95 0 505.958
v 1172.21 0 509.52
v 1174.16 0 510.634
v 1172.98 0 512.637
v 1152.71 0 548.104
v 1158.36 0 551.343
v 1167.13 0 556.453
v 1151.75 10 581.488
v 1144.62 10 593.266
v 1137.06 10 605.723
v 1125.22 10 625.359
v 1193.47 10 663.152
v 1179.75 10 685.672
v 1180.24 10 688.099
v 1180.95 10 691.817
v 1191.92 10 698.285
v 1199.91 10 703.005
v 1245.94 10 729.165
v 1246.21 10 801.033
v 1237.05 10 804.205
v 1181.46 10 772.769
v 1178.78 10 776.799
v 1101.26 10 731.146
v 1106.57 10 722.141
v 1108.54 10 718.801
v 1091.72 10 708.871
v 1087.58 10 715.885
v 1073.74 10 738.861
v 1059.11 10 764.097
v 1045.17 10 755.859
v 1027.87 10 745.651
v 994.14 10 725.736
v 969.589 10 710.975
v 959.228 10 723.065
v 944.014 10 711.454
v 885.965 10 663.275
v 883.673 10 660.748
v 882.626 10 656.384
v 881.803 10 652.165
v 884.04 10 644.685
v 890.372 10 623.456
v 908.323 10 563.299
v 913.332 10 565.681
v 914.155 10 562.664
v 915.179 10 560.026
v 919.942 10 541.191
v 923.67 10 532.886
v 929.068 10 526.107
v 941.522 10 516.979
v 955.578 10 512.047
v 964.959 10 512.159
v 974.486 10 513.506
v 965.75 10 529.435
v 950.058 10 529.257
v 942.167 10 533.443
v 937.059 10 538.964
v 936.758 10 539.243
v 964.459 10 553.302
v 974.753 10 536.527
v 983.912 10 520.652
v 1004.98 10 532.797
v 995.832 10 548.672
v 985.426 10 542.682
v 983.69 10 545.555
v 979.16 10 553.102
v 996.7 10 562.932
v 988.542 10 576.98
v 1057.28 10 618.803
v 1070.6 10 626.673
v 1084.81 10 601.315
v 1111.03 10 557.254
v 1105.28 10 552.022
v 1100.2 10 547.247
v 1096.02 10 540.979
v 1093.78 10 534.267
v 1093.19 10 525.907
v 1094.16 10 516.723
v 1096.92 10 509.409
v 1100.49 10 503.053
v 1102.96 10 499.335
v 1107.43 10 495.539
v 1113.19 10 492.477
v 1119.75 10 490.607
v 1125.65 10 489.939
v 1131.55 10 489.984
v 1138.11 10 491.053
v 1144.23 10 493.669
v 1147.62 10 495.528
v 1165.95 10 505.958
v 1172.21 10 509.52
v 1174.16 10 510.634
v 1172.98 10 512.637
v 1152.71 10 548.104
v 1158.36 10 551.343
v 1167.13 10 556.453
v 1055.67 10 597.836
v 266.23 0 575.21
v 247.967 0 609.085
v 266.531 0 619.092
v 284.794 0 585.218
v 266.23 84 575.21
v 247.967 84 609.085
v 266.531 84 619.092
v 284.794 84 585.218
v 266.38 84 597.151
v -11.7301 0 -4.94259
v -15.2469 0 0.356222
v -19.0975 0 -2.19299
v -28.2123 0 11.5884
v -22.5587 0 15.6515
v -29.9484 0 27.1731
v -38.2841 0 21.7073
v -39.2189 0 23.1099
v -49.0459 0 16.6089
v -49.5801 0 17.4104
v -52.6518 0 15.3955
v -53.6534 0 16.9094
v -59.3737 0 13.4474
v -64.0702 0 10.2525
v -65.3055 0 12.067
v -75.6222 0 5.05391
v -78.1151 0 2.84978
v -79.4172 0 4.5307
v -85.2377 0 0.34509
v -86.5065 0 -2.00375
v -88.4541 0 -0.656785
v -94.052 0 -7.30256
v -101.286 0 -8.0484
v -100.017 0 -18.1562
v -96.5115 0 -17.8556
v -98.0028 0 -20.0598
v -95.2428 0 -21.9633
v -93.3731 0 -19.2805
v -92.2936 0 -20.0932
v -92.071 0 -24.0895
v -77.4029 0 -22.5979
v -76.9911 0 -25.8818
v -67.1418 0 -25.3586
v -63.2689 0 -22.3752
v -61.0654 0 -25.9597
v -53.2639 0 -21.1396
v -51.205 0 -24.1897
v -47.7883 0 -21.8854
v -49.7137 0 -19.0913
v -36.6259 0 -10.4306
v -34.5781 0 -9.08367
v -33.4763 0 -10.7423
v -30.7386 0 -14.8834
v -32.3412 0 -15.941
v -29.4253 0 -20.3715
v -16.4599 0 -11.7887
v -18.1627 0 -9.20612
v -11.7301 30 -4.94259
v -15.2469 30 0.356222
v -19.0975 30 -2.19299
v -28.2123 30 11.5884
v -22.5587 30 15.6515
v -29.9484 30 27.1731
v -38.2841 30 21.7073
v -39.2189 30 23.1099
v -49.0459 30 16.6089
v -49.5801 30 17.4104
v -52.6518 30 15.3955
v -53.6534 30 16.9094
v -59.3737 30 13.4474
v -64.0702 30 10.2525
v -65.3055 30 12.067
v -75.6222 30 5.05391
v -78.1151 30 2.84978
v -79.4172 30 4.5307
v -85.2377 30 0.34509
v -86.5065 30 -2.00375
v -88.4541 30 -0.656785
v -94.052 30 -7.30256
v -101.286 30 -8.0484
v -100.017 30 -18.1562
v -96.5115 30 -17.8556
v -98.0028 30 -20.0598
v -95.2428 30 -21.9633
v -93.3731 30 -19.2805
v -92.2936 30 -20.0932
v -92.071 30 -24.0895
v -77.4029 30 -22.5979
v -76.9911 30 -25.8818
v -67.1418 30 -25.3586
v -63.2689 30 -22.3752
v -61.0654 30 -25.9597
v -53.2639 30 -21.1396
v -51.205 30 -24.1897
v -47.7883 30 -21.8854
v -49.7137 30 -19.0913
v -36.6259 30 -10.4306
v -34.5781 30 -9.08367
v -33.4763 30 -10.7423
v -30.7386 30 -14.8834
v -32.3412 30 -15.941
v -29.4253 30 -20.3715
v -16.4599 30 -11.7887
v -18.1627 30 -9.20612
v -58.1666 30 -5.59819
v 795.074 0 307.676
v 765.337 0 354.686
v 783.277 0 365.028
v 785.558 0 361.154
v 799.147 0 339.847
v 812.524 0 318.708
v 795.074 6 307.676
v 765.337 6 354.686
v 783.277 6 365.028
v 785.558 6 361.154
v 799.147 6 339.847
v 812.524 6 318.708
v 790.153 6 341.183
v 917.683 0 124.433
v 890.539 0 171.733
v 903.293 0 179.057
v 927.688 0 136.478
v 930.426 0 131.813
v 921.089 0 126.325
v 917.683 10 124.433
v 890.539 10 171.733
v 903.293 10 179.057
v 927.688 10 136.478
v 930.426 10 131.813
v 921.089 10 126.325
v 915.12 10 144.973
v 874.669 0 197.703
v 864.263 0 215.103
v 879.477 0 224.32
v 901.757 0 237.411
v 912.052 0 219.901
v 891.574 0 207.867
v 874.669 10 197.703
v 864.263 10 215.103
v 879.477 10 224.32
v 901.757 10 237.411
v 912.052 10 219.901
v 891.574 10 207.867
v 887.299 10 217.051
v 850.764 0 237.478
v 816.453 0 295.787
v 821.517 0 298.77
v 822.34 0 297.368
v 829.062 0 301.331
v 855.46 0 256.402
v 862.561 0 244.424
v 850.764 6 237.478
v 816.453 6 295.787
v 821.517 6 298.77
v 822.34 6 297.368
v 829.062 6 301.331
v 855.46 6 256.402
v 862.561 6 244.424
v 836.879 6 275.937
v 936.847 0 143.335
v 925.006 0 163.395
v 922.124 0 168.271
v 910.015 0 188.798
v 885.186 0 175.54
v 882.203 0 180.627
v 894.868 0 188.063
v 891.585 0 193.663
v 894.59 0 195.432
v 890.795 0 201.889
v 893.989 0 203.759
v 891.574 0 207.867
v 912.052 0 219.901
v 901.757 0 237.411
v 879.477 0 224.32
v 875.214 0 231.578
v 865.443 0 225.834
v 862.282 0 231.222
v 857.708 0 228.528
v 854.18 0 234.528
v 879.61 0 249.467
v 876.505 0 254.744
v 872.532 0 252.406
v 869.828 0 257.014
v 864.742 0 254.02
v 861.314 0 259.842
v 855.46 0 256.402
v 829.062 0 301.331
v 828.606 0 302.11
v 823.397 0 299.049
v 820.148 0 304.57
v 822.451 0 305.917
v 819.613 0 310.759
v 823.075 0 312.785
v 795.764 0 359.261
v 792.292 0 357.224
v 788.841 0 363.08
v 785.558 0 361.154
v 783.277 0 365.028
v 840.614 0 398.724
v 842.851 0 394.917
v 851.053 0 399.737
v 853.746 0 395.162
v 861.615 0 399.782
v 864.942 0 394.127
v 865.61 0 394.527
v 932.807 0 280.18
v 928.144 0 277.442
v 931.071 0 272.466
v 927.744 0 270.517
v 930.893 0 265.152
v 926.553 0 262.603
v 941.944 0 236.409
v 943.135 0 237.111
v 946.151 0 231.968
v 947.375 0 232.691
v 950.625 0 227.147
v 955.377 0 229.942
v 958.393 0 224.81
v 962.411 0 227.17
v 965.249 0 222.327
v 968.844 0 224.442
v 971.259 0 220.335
v 975.91 0 223.073
v 995.709 0 189.377
v 993.072 0 187.829
v 996.355 0 182.241
v 993.038 0 180.282
v 994.596 0 177.633
v 996.878 0 173.736
v 973.295 0 159.877
v 977.068 0 153.454
v 923.604 0 122.04
v 921.089 0 126.325
v 930.426 0 131.813
v 927.688 0 136.478
v 936.847 9 143.335
v 925.006 9 163.395
v 922.124 9 168.271
v 910.015 9 188.798
v 885.186 9 175.54
v 882.203 9 180.627
v 894.868 9 188.063
v 891.585 9 193.663
v 894.59 9 195.432
v 890.795 9 201.889
v 893.989 9 203.759
v 891.574 9 207.867
v 912.052 9 219.901
v 901.757 9 237.411
v 879.477 9 224.32
v 875.214 9 231.578
v 865.443 9 225.834
v 862.282 9 231.222
v 857.708 9 228.528
v 854.18 9 234.528
v 879.61 9 249.467
v 876.505 9 254.744
v 872.532 9 252.406
v 869.828 9 257.014
v 864.742 9 254.02
v 861.314 9 259.842
v 855.46 9 256.402
v 829.062 9 301.331
v 828.606 9 302.11
v 823.397 9 299.049
v 820.148 9 304.57
v 822.451 9 305.917
v 819.613 9 310.759
v 823.075 9 312.785
v 795.764 9 359.261
v 792.292 9 357.224
v 788.841 9 363.08
v 785.558 9 361.154
v 783.277 9 365.028
v 840.614 9 398.724
v 842.851 9 394.917
v 851.053 9 399.737
v 853.746 9 395.162
v 861.615 9 399.782
v 864.942 9 394.127
v 865.61 9 394.527
v 932.807 9 280.18
v 928.144 9 277.442
v 931.071 9 272.466
v 927.744 9 270.517
v 930.893 9 265.152
v 926.553 9 262.603
v 941.944 9 236.409
v 943.135 9 237.111
v 946.151 9 231.968
v 947.375 9 232.691
v 950.625 9 227.147
v 955.377 9 229.942
v 958.393 9 224.81
v 962.411 9 227.17
v 965.249 9 222.327
v 968.844 9 224.442
v 971.259 9 220.335
v 975.91 9 223.073
v 995.709 9 189.377
v 993.072 9 187.829
v 996.355 9 182.241
v 993.038 9 180.282
v 994.596 9 177.633
v 996.878 9 173.736
v 973.295 9 159.877
v 977.068 9 153.454
v 923.604 9 122.04
v 921.089 9 126.325
v 930.426 9 131.813
v 927.688 9 136.478
v 898.502 9 247.815
v 1038.56 0 301.231
v 1041.66 0 303.012
v 1045.66 0 305.305
v 1048.33 0 306.83
v 1052.11 0 309.001
v 1064.42 0 316.047
v 1082.22 0 326.233
v 1085.92 0 328.359
v 1091.2 0 331.387
v 1116.33 0 345.769
v 1129.48 0 353.306
v 1120.98 0 367.566
v 1133.08 0 374.145
v 1126 0 387.626
v 1113.27 0 408.876
v 1111.1 0 412.517
v 1095.57 0 439.634
v 1080.81 0 465.382
v 1075.72 0 474.277
v 1069.24 0 485.62
v 1065.61 0 491.921
v 1058.38 0 504.567
v 1044.79 0 496.797
v 1038.21 0 508.285
v 1025.03 0 500.748
v 1011.32 0 493.123
v 998.514 0 485.553
v 987.218 0 479.075
v 972.772 0 470.804
v 963.045 0 465.215
v 945.795 0 455.363
v 934.176 0 448.707
v 933.319 0 448.217
v 941.188 0 434.48
v 929.736 0 427.923
v 937.293 0 414.743
v 952.628 0 387.948
v 967.219 0 362.49
v 982.254 0 336.229
v 997.045 0 310.403
v 1004.18 0 297.969
v 1014.12 0 303.657
v 1018.12 0 305.951
v 1025.21 0 293.583
v 1030.21 0 296.444
v 1035.31 0 299.372
v 1038.56 10 301.231
v 1041.66 10 303.012
v 1045.66 10 305.305
v 1048.33 10 306.83
v 1052.11 10 309.001
v 1064.42 10 316.047
v 1082.22 10 326.233
v 1085.92 10 328.359
v 1091.2 10 331.387
v 1116.33 10 345.769
v 1129.48 10 353.306
v 1120.98 10 367.566
v 1133.08 10 374.145
v 1126 10 387.626
v 1113.27 10 408.876
v 1111.1 10 412.517
v 1095.57 10 439.634
v 1080.81 10 465.382
v 1075.72 10 474.277
v 1069.24 10 485.62
v 1065.61 10 491.921
v 1058.38 10 504.567
v 1044.79 10 496.797
v 1038.21 10 508.285
v 1025.03 10 500.748
v 1011.32 10 493.123
v 998.514 10 485.553
v 987.218 10 479.075
v 972.772 10 470.804
v 963.045 10 465.215
v 945.795 10 455.363
v 934.176 10 448.707
v 933.319 10 448.217
v 941.188 10 434.48
v 929.736 10 427.923
v 937.293 10 414.743
v 952.628 10 387.948
v 967.219 10 362.49
v 982.254 10 336.229
v 997.045 10 310.403
v 1004.18 10 297.969
v 1014.12 10 303.657
v 1018.12 10 305.951
v 1025.21 10 293.583
v 1030.21 10 296.444
v 1035.31 10 299.372
v 1033.35 10 392.645
v 176.251 0 243.01
v 162.218 0 263.816
v 128.396 0 244.402
v 116.455 0 264.684
v 71.4933 0 237.021
v 75.9895 0 229.819
v 67.7985 0 224.71
v 65.3723 0 220.646
v 64.827 0 214.546
v 65.8843 0 209.347
v 68.4662 0 203.692
v 71.3598 0 200.408
v 74.8877 0 197.136
v 78.8608 0 195.867
v 85.3713 0 194.553
v 91.4255 0 195.956
v 95.9773 0 198.794
v 101.52 0 190.768
v 121.997 0 204.594
v 138.602 0 215.002
v 176.251 30 243.01
v 162.218 30 263.816
v 128.396 30 244.402
v 116.455 30 264.684
v 71.4933 30 237.021
v 75.9895 30 229.819
v 67.7985 30 224.71
v 65.3723 30 220.646
v 64.827 30 214.546
v 65.8843 30 209.347
v 68.4662 30 203.692
v 71.3598 30 200.408
v 74.8877 30 197.136
v 78.8608 30 195.867
v 85.3713 30 194.553
v 91.4255 30 195.956
v 95.9773 30 198.794
v 101.52 30 190.768
v 121.997 30 204.594
v 138.602 30 215.002
v 96.1576 30 217.439
v 900.7 0 272.599
v 921.667 0 284.332
v 906.521 0 311.405
v 903.872 0 316.147
v 892.665 0 336.174
v 864.275 0 386.913
v 843.307 0 375.191
v 871.698 0 324.441
v 882.905 0 304.414
v 885.553 0 299.683
v 900.7 10 272.599
v 921.667 10 284.332
v 906.521 10 311.405
v 903.872 10 316.147
v 892.665 10 336.174
v 864.275 10 386.913
v 843.307 10 375.191
v 871.698 10 324.441
v 882.905 10 304.414
v 885.553 10 299.683
v 887.316 10 321.13
v 961.276 0 157.74
v 949.434 0 177.799
v 946.552 0 182.686
v 934.443 0 203.214
v 910.015 0 188.798
v 922.124 0 168.271
v 925.006 0 163.395
v 936.847 0 143.335
v 961.276 10 157.74
v 949.434 10 177.799
v 946.552 10 182.686
v 934.443 10 203.214
v 910.015 10 188.798
v 922.124 10 168.271
v 925.006 10 163.395
v 936.847 10 143.335
v 935.712 10 173.155
v -49.5913 0 269.137
v -41.4559 0 268.258
v -37.2602 0 267.812
v -35.257 0 286.648
v -39.5528 0 287.104
v -47.5769 0 287.961
v -49.5913 10 269.137
v -41.4559 10 268.258
v -37.2602 10 267.812
v -35.257 10 286.648
v -39.5528 10 287.104
v -47.5769 10 287.961
v -41.7823 10 277.82
v 296.078 0 586.854
v 283.18 0 608.873
v 271.717 0 628.432
v 269.313 0 627.029
v 265.373 0 624.736
v 255.747 0 619.103
v 229.827 0 603.964
v 226.255 0 603.964
v 225.13 0 605.934
v 207.446 0 595.838
v 173.269 0 576.312
v 163.308 0 593.756
v 150.732 0 615.797
v 148.841 0 619.103
v 146.125 0 623.846
v 141.651 0 631.76
v 140.171 0 634.287
v 174.449 0 653.857
v 188.282 0 661.728
v 195.171 0 665.679
v 202.783 0 665.379
v 222.226 0 676.867
v 231.663 0 682.433
v 252.72 0 694.867
v 259.92 0 682.066
v 248.891 0 666.982
v 252.141 0 661.305
v 253.554 0 658.822
v 270.682 0 662.574
v 295.311 0 621.486
v 307.886 0 600.19
v 296.078 10 586.854
v 283.18 10 608.873
v 271.717 10 628.432
v 269.313 10 627.029
v 265.373 10 624.736
v 255.747 10 619.103
v 229.827 10 603.964
v 226.255 10 603.964
v 225.13 10 605.934
v 207.446 10 595.838
v 173.269 10 576.312
v 163.308 10 593.756
v 150.732 10 615.797
v 148.841 10 619.103
v 146.125 10 623.846
v 141.651 10 631.76
v 140.171 10 634.287
v 174.449 10 653.857
v 188.282 10 661.728
v 195.171 10 665.679
v 202.783 10 665.379
v 222.226 10 676.867
v 231.663 10 682.433
v 252.72 10 694.867
v 259.92 10 682.066
v 248.891 10 666.982
v 252.141 10 661.305
v 253.554 10 658.822
v 270.682 10 662.574
v 295.311 10 621.486
v 307.886 10 600.19
v 224.188 10 633.994
v -26.6876 0 549.74
v -24.5842 0 548.916
v -22.3138 0 548.816
v -20.1437 0 549.462
v -18.2851 0 550.775
v -16.9719 0 552.612
v -16.3153 0 554.783
v -16.4043 0 557.054
v -17.2167 0 559.169
v -18.6858 0 560.906
v -20.6333 0 562.063
v -22.848 0 562.542
v -25.0961 0 562.264
v -27.1439 0 561.273
v -28.7465 0 559.67
v -29.7481 0 557.633
v -30.0374 0 555.384
v -29.57 0 553.169
v -28.4126 0 551.21
v -26.6876 5 549.74
v -24.5842 5 548.916
v -22.3138 5 548.816
v -20.1437 5 549.462
v -18.2851 5 550.775
v -16.9719 5 552.612
v -16.3153 5 554.783
v -16.4043 5 557.054
v -17.2167 5 559.169
v -18.6858 5 560.906
v -20.6333 5 562.063
v -22.848 5 562.542
v -25.0961 5 562.264
v -27.1439 5 561.273
v -28.7465 5 559.67
v -29.7481 5 557.633
v -30.0374 5 555.384
v -29.57 5 553.169
v -28.4126 5 551.21
v -23.1497 5 555.655
v 38.0059 0 509.298
v 38.0059 0 529.747
v 53.2082 0 530.081
v 53.3863 0 524.003
v 55.9126 0 524.17
v 55.9126 0 514.708
v 53.0413 0 514.541
v 53.0524 0 509.643
v 38.0059 20 509.298
v 38.0059 20 529.747
v 53.2082 20 530.081
v 53.3863 20 524.003
v 55.9126 20 524.17
v 55.9126 20 514.708
v 53.0413 20 514.541
v 53.0524 20 509.643
v 50.0656 20 519.524
v 798.735 0 70.1313
v 803.187 0 73.649
v 785.703 0 95.835
v 781.251 0 92.3284
v 798.735 12 70.1313
v 803.187 12 73.649
v 785.703 12 95.835
v 781.251 12 92.3284
v 792.219 12 82.9859
v 794.273 0 66.6247
v 798.735 0 70.1313
v 781.251 0 92.3284
v 776.789 0 88.8107
v 794.273 12 66.6247
v 798.735 12 70.1313
v 781.251 12 92.3284
v 776.789 12 88.8107
v 787.762 12 79.4738
v 789.821 0 63.107
v 794.273 0 66.6247
v 776.789 0 88.8107
v 772.337 0 85.3041
v 789.821 12 63.107
v 794.273 12 66.6247
v 776.789 12 88.8107
v 772.337 12 85.3041
v 783.305 12 75.9616
v 785.358 0 59.6005
v 789.821 0 63.107
v 772.337 0 85.3041
v 767.874 0 81.7864
v 785.358 12 59.6005
v 789.821 12 63.107
v 772.337 12 85.3041
v 767.874 12 81.7864
v 778.848 12 72.4495
v 780.906 0 56.0828
v 785.358 0 59.6005
v 767.874 0 81.7864
v 763.411 0 78.2799
v 780.906 12 56.0828
v 785.358 12 59.6005
v 767.874 12 81.7864
v 763.411 12 78.2799
v 774.388 12 68.9374
v 776.444 0 52.5762
v 780.906 0 56.0828
v 763.411 0 78.2799
v 758.96 0 74.7733
v 776.444 12 52.5762
v 780.906 12 56.0828
v 763.411 12 78.2799
v 758.96 12 74.7733
v 769.93 12 65.428
v 771.992 0 49.0585
v 776.444 0 52.5762
v 758.96 0 74.7733
v 754.508 0 71.2556
v 771.992 12 49.0585
v 776.444 12 52.5762
v 758.96 12 74.7733
v 754.508 12 71.2556
v 765.476 12 61.9159
v 767.529 0 45.5519
v 771.992 0 49.0585
v 754.508 0 71.2556
v 750.045 0 67.749
v 767.529 12 45.5519
v 771.992 12 49.0585
v 754.508 12 71.2556
v 750.045 12 67.749
v 761.019 12 58.4038
v 763.067 0 42.0342
v 767.529 0 45.5519
v 750.045 0 67.749
v 745.594 0 64.2313
v 763.067 12 42.0342
v 767.529 12 45.5519
v 750.045 12 67.749
v 745.594 12 64.2313
v 756.559 12 54.8916
v 349.621 0 198.505
v 352.748 0 201.31
v 360.104 0 193.095
v 356.966 0 190.301
v 349.621 10 198.505
v 352.748 10 201.31
v 360.104 10 193.095
v 356.966 10 190.301
v 354.86 10 195.803
v 426.656 0 389.485
v 426.133 0 398.134
v 429.405 0 404.657
v 433.556 0 403.188
v 436.472 0 398.858
v 436.561 0 396.231
v 434.491 0 391.9
v 430.919 0 389.64
v 426.656 10 389.485
v 426.133 10 398.134
v 429.405 10 404.657
v 433.556 10 403.188
v 436.472 10 398.858
v 436.561 10 396.231
v 434.491 10 391.9
v 430.919 10 389.64
v 431.774 10 396.512
v 384.165 0 470.659
v 367.116 0 500.337
v 373.659 0 505.157
v 377.655 0 508.084
v 395.472 0 476.414
v 391.21 0 474.076
v 384.165 8 470.659
v 367.116 8 500.337
v 373.659 8 505.157
v 377.655 8 508.084
v 395.472 8 476.414
v 391.21 8 474.076
v 381.546 8 489.121
v 240.7 0 468.143
v 238.062 0 473.008
v 235.124 0 478.44
v 278.227 0 501.806
v 281.132 0 496.474
v 283.814 0 491.52
v 240.7 13 468.143
v 238.062 13 473.008
v 235.124 13 478.44
v 278.227 13 501.806
v 281.132 13 496.474
v 283.814 13 491.52
v 259.51 13 484.898
v 200.023 0 510.734
v 221.525 0 471.06
v 224.607 0 465.393
v 227.111 0 460.774
v 234.657 0 446.848
v 251.64 0 456.054
v 253.32 0 452.948
v 306.306 0 481.668
v 297.069 0 498.7
v 294.365 0 503.687
v 291.493 0 508.997
v 269.981 0 548.66
v 200.023 10 510.734
v 221.525 10 471.06
v 224.607 10 465.393
v 227.111 10 460.774
v 234.657 10 446.848
v 251.64 10 456.054
v 253.32 10 452.948
v 306.306 10 481.668
v 297.069 10 498.7
v 294.365 10 503.687
v 291.493 10 508.997
v 269.981 10 548.66
v 256.008 10 483.794
v 908.323 0 563.299
v 905.085 0 561.941
v 897.595 0 558.245
v 899.587 0 551.822
v 907.055 0 555.751
v 915.179 0 560.026
v 914.155 0 562.664
v 913.332 0 565.681
v 908.323 10 563.299
v 905.085 10 561.941
v 897.595 10 558.245
v 899.587 10 551.822
v 907.055 10 555.751
v 915.179 10 560.026
v 914.155 10 562.664
v 913.332 10 565.681
v 907.539 10 559.929
v -79.4729 0 297.312
v -79.5842 0 309.457
v -67.1418 0 309.579
v -67.0194 0 297.435
v -79.4729 10 297.312
v -79.5842 10 309.457
v -67.1418 10 309.579
v -67.0194 10 297.435
v -73.3046 10 303.446
v -69.913 0 120.359
v -71.0481 0 119.301
v -72.4727 0 118.678
v -74.0196 0 118.555
v -75.5332 0 118.934
v -76.8464 0 119.78
v -77.8035 0 121.015
v -78.3155 0 122.496
v -78.3043 0 124.066
v -77.7924 0 125.546
v -76.8242 0 126.782
v -75.5109 0 127.628
v -73.9862 0 127.995
v -72.4393 0 127.85
v -71.0148 0 127.216
v -69.8796 0 126.158
v -69.1562 0 124.789
v -68.9002 0 123.253
v -69.1673 0 121.717
v -69.913 10 120.359
v -71.0481 10 119.301
v -72.4727 10 118.678
v -74.0196 10 118.555
v -75.5332 10 118.934
v -76.8464 10 119.78
v -77.8035 10 121.015
v -78.3155 10 122.496
v -78.3043 10 124.066
v -77.7924 10 125.546
v -76.8242 10 126.782
v -75.5109 10 127.628
v -73.9862 10 127.995
v -72.4393 10 127.85
v -71.0148 10 127.216
v -69.8796 10 126.158
v -69.1562 10 124.789
v -68.9002 10 123.253
v -69.1673 10 121.717
v -73.6278 10 123.269
v -34.7117 0 128.529
v -34.7117 0 130.689
v -28.8244 0 130.7
v -23.6827 0 130.734
v -23.6716 0 128.585
v -28.8911 0 128.541
v -34.7117 10 128.529
v -34.7117 10 130.689
v -28.8244 10 130.7
v -23.6827 10 130.734
v -23.6716 10 128.585
v -28.8911 10 128.541
v -29.0822 10 129.63
v -107.307 0 243.189
v -102.109 0 242.32
v -101.308 0 247.129
v -106.505 0 247.998
v -107.307 10 243.189
v -102.109 10 242.32
v -101.308 10 247.129
v -106.505 10 247.998
v -104.307 10 245.159
v 283.814 0 491.52
v 281.132 0 496.474
v 278.227 0 501.806
v 291.493 0 508.997
v 294.365 0 503.687
v 297.069 0 498.7
v 283.814 13 491.52
v 281.132 13 496.474
v 278.227 13 501.806
v 291.493 13 508.997
v 294.365 13 503.687
v 297.069 13 498.7
v 287.683 13 500.197
v 227.111 0 460.774
v 224.607 0 465.393
v 221.525 0 471.06
v 235.124 0 478.44
v 238.062 0 473.008
v 240.7 0 468.143
v 227.111 13 460.774
v 224.607 13 465.393
v 221.525 13 471.06
v 235.124 13 478.44
v 238.062 13 473.008
v 240.7 13 468.143
v 231.188 13 469.47
v 227.111 0 460.774
v 240.7 0 468.143
v 283.814 0 491.52
v 297.069 0 498.7
v 306.306 0 481.668
v 253.32 0 452.948
v 251.64 0 456.054
v 234.657 0 446.848
v 227.111 13 460.774
v 240.7 13 468.143
v 283.814 13 491.52
v 297.069 13 498.7
v 306.306 13 481.668
v 253.32 13 452.948
v 251.64 13 456.054
v 234.657 13 446.848
v 261.827 13 469.582
v 221.525 0 471.06
v 235.124 0 478.44
v 278.227 0 501.806
v 291.493 0 508.997
v 269.981 0 548.66
v 200.023 0 510.734
v 221.525 13 471.06
v 235.124 13 478.44
v 278.227 13 501.806
v 291.493 13 508.997
v 269.981 13 548.66
v 200.023 13 510.734
v 249.396 13 503.283
v 269.268 0 621.697
v 289.512 0 584.505
v 285.762 0 582.468
v 197.196 0 534.278
v 186.557 0 538.675
v 174.204 0 563.956
v 177.264 0 571.614
v 269.268 23 621.697
v 289.512 23 584.505
v 285.762 23 582.468
v 197.196 23 534.278
v 186.557 23 538.675
v 174.204 23 563.956
v 177.264 23 571.614
v 225.681 23 571.028
v 150.866 0 126.181
v 150.41 0 122.563
v 117.434 0 150.059
v 104.758 0 160.745
v 104.369 0 160.523
v 101.342 0 163.283
v 102.054 0 163.918
v 88.2204 0 179.48
v 90.1568 0 180.827
v 104.591 0 162.894
v 105.704 0 163.528
v 118.291 0 153.51
v 121.129 0 155.447
v 118.992 0 158.096
v 116.154 0 156.482
v 111.113 0 163.617
v 137.255 0 180.415
v 153.259 0 190.891
v 183.33 0 210.383
v 187.136 0 207.5
v 178.722 0 196.668
v 181.649 0 191.815
v 178.878 0 189.555
v 179.824 0 188.419
v 181.772 0 186.104
v 170.832 0 166.111
v 165.946 0 147.565
v 162.262 0 128.73
v 158.2 0 127.817
v 150.866 30 126.181
v 150.41 30 122.563
v 117.434 30 150.059
v 104.758 30 160.745
v 104.369 30 160.523
v 101.342 30 163.283
v 102.054 30 163.918
v 88.2204 30 179.48
v 90.1568 30 180.827
v 104.591 30 162.894
v 105.704 30 163.528
v 118.291 30 153.51
v 121.129 30 155.447
v 118.992 30 158.096
v 116.154 30 156.482
v 111.113 30 163.617
v 137.255 30 180.415
v 153.259 30 190.891
v 183.33 30 210.383
v 187.136 30 207.5
v 178.722 30 196.668
v 181.649 30 191.815
v 178.878 30 189.555
v 179.824 30 188.419
v 181.772 30 186.104
v 170.832 30 166.111
v 165.946 30 147.565
v 162.262 30 128.73
v 158.2 30 127.817
v 138.781 30 166.659
v 137.255 0 180.415
v 128.318 0 194.464
v 121.997 0 204.594
v 138.602 0 215.002
v 145.424 0 204.338
v 153.259 0 190.891
v 137.255 6 180.415
v 128.318 6 194.464
v 121.997 6 204.594
v 138.602 6 215.002
v 145.424 6 204.338
v 153.259 6 190.891
v 137.476 6 198.284
v 93.6291 0 148.578
v 95.1093 0 153.799
v 113.739 0 148.522
v 112.259 0 143.313
v 93.6291 5 148.578
v 95.1093 5 153.799
v 113.739 5 148.522
v 112.259 5 143.313
v 103.684 5 148.553
v 249.214 0 395.963
v 246.799 0 400.628
v 244.762 0 404.58
v 297.503 0 431.842
v 301.955 0 423.226
v 249.214 13 395.963
v 246.799 13 400.628
v 244.762 13 404.58
v 297.503 13 431.842
v 301.955 13 423.226
v 268.047 13 411.248
v 988.542 0 576.98
v 1057.28 0 618.803
v 1050.03 0 631.081
v 1044.41 0 640.599
v 1022.61 0 677.524
v 998.992 0 664.065
v 981.475 0 676.856
v 963.412 0 665.78
v 962.211 0 645.831
v 964.025 0 634.388
v 909.904 0 603.218
v 930.426 0 544.419
v 988.542 10 576.98
v 1057.28 10 618.803
v 1050.03 10 631.081
v 1044.41 10 640.599
v 1022.61 10 677.524
v 998.992 10 664.065
v 981.475 10 676.856
v 963.412 10 665.78
v 962.211 10 645.831
v 964.025 10 634.388
v 909.904 10 603.218
v 930.426 10 544.419
v 989.443 10 631.629
v 836.485 0 452.191
v 842.673 0 456.009
v 833.692 0 470.458
v 827.56 0 466.651
v 836.485 1 452.191
v 842.673 1 456.009
v 833.692 1 470.458
v 827.56 1 466.651
v 835.102 1 461.327
v 272.974 0 115.372
v 275.078 0 117.03
v 277.537 0 118.978
v 284.938 0 109.594
v 283.091 0 108.136
v 280.375 0 105.998
v 272.974 5 115.372
v 275.078 5 117.03
v 277.537 5 118.978
v 284.938 5 109.594
v 283.091 5 108.136
v 280.375 5 105.998
v 278.999 5 112.518
v 628.449 0 118.911
v 639.422 0 104.529
v 625.644 0 94.0204
v 624.187 0 95.9351
v 622.64 0 94.7551
v 620.536 0 97.5159
v 620.08 0 97.1708
v 613.525 0 105.765
v 626.768 0 115.861
v 625.923 0 116.975
v 628.449 32 118.911
v 639.422 32 104.529
v 625.644 32 94.0204
v 624.187 32 95.9351
v 622.64 32 94.7551
v 620.536 32 97.5159
v 620.08 32 97.1708
v 613.525 32 105.765
v 626.768 32 115.861
v 625.923 32 116.975
v 624.717 32 104.144
v 162.262 0 128.73
v 167.115 0 129.42
v 168.016 0 129.665
v 170.275 0 138.938
v 168.483 0 141.287
v 173.636 0 159.176
v 175.038 0 158.341
v 175.984 0 160.356
v 185.322 0 149.636
v 197.018 0 158.53
v 183.107 0 175.451
v 184.609 0 177.699
v 184.175 0 178.378
v 185.388 0 180.839
v 184.465 0 181.885
v 182.862 0 184.468
v 181.772 0 186.104
v 170.832 0 166.111
v 165.946 0 147.565
v 162.262 30 128.73
v 167.115 30 129.42
v 168.016 30 129.665
v 170.275 30 138.938
v 168.483 30 141.287
v 173.636 30 159.176
v 175.038 30 158.341
v 175.984 30 160.356
v 185.322 30 149.636
v 197.018 30 158.53
v 183.107 30 175.451
v 184.609 30 177.699
v 184.175 30 178.378
v 185.388 30 180.839
v 184.465 30 181.885
v 182.862 30 184.468
v 181.772 30 186.104
v 170.832 30 166.111
v 165.946 30 147.565
v 177.174 30 159.609
v 572.547 0 449.976
v 570.789 0 452.714
v 588.662 0 464.135
v 590.421 0 461.386
v 572.547 10 449.976
v 570.789 10 452.714
v 588.662 10 464.135
v 590.421 10 461.386
v 580.605 10 457.053
v 339.716 0 376.683
v 353.471 0 356.612
v 408.738 0 394.271
v 411.765 0 409.633
v 397.899 0 434.012
v 376.453 0 425.663
v 384.855 0 411.036
v 383.564 0 401.874
v 339.716 10 376.683
v 353.471 10 356.612
v 408.738 10 394.271
v 411.765 10 409.633
v 397.899 10 434.012
v 376.453 10 425.663
v 384.855 10 411.036
v 383.564 10 401.874
v 382.058 10 401.223
v 551.558 0 34.1417
v 558.369 0 39.6297
v 561.919 0 35.2215
v 565.291 0 31.047
v 558.491 0 25.559
v 551.558 15 34.1417
v 558.369 15 39.6297
v 561.919 15 35.2215
v 565.291 15 31.047
v 558.491 15 25.559
v 559.126 15 33.1198
v 150.732 0 615.797
v 141.651 0 631.76
v 140.171 0 634.287
v 174.449 0 653.857
v 207.446 0 595.838
v 173.269 0 576.312
v 163.308 0 593.756
v 182.595 0 604.676
v 170.008 0 626.718
v 150.732 51.9 615.797
v 141.651 51.9 631.76
v 140.171 51.9 634.287
v 174.449 51.9 653.857
v 207.446 51.9 595.838
v 173.269 51.9 576.312
v 163.308 51.9 593.756
v 182.595 51.9 604.676
v 170.008 51.9 626.718
v 167.07 51.9 614.778
v -11.5409 0 526.764
v -15.9257 0 530.081
v -16.1038 0 536.66
v -11.7412 0 540.233
v -6.83327 0 539.788
v -3.76163 0 536.849
v -3.22744 0 531.495
v -5.95407 0 527.788
v -11.5409 10 526.764
v -15.9257 10 530.081
v -16.1038 10 536.66
v -11.7412 10 540.233
v -6.83327 10 539.788
v -3.76163 10 536.849
v -3.22744 10 531.495
v -5.95407 10 527.788
v -9.386 10 533.707
v -80.6192 0 519.484
v -71.2819 0 510.389
v -62.4787 0 519.406
v -71.8049 0 528.512
v -80.6192 10 519.484
v -71.2819 10 510.389
v -62.4787 10 519.406
v -71.8049 10 528.512
v -71.5462 10 519.447
v -94.8088 0 532.775
v -109.176 0 546.735
v -101.865 0 554.26
v -105.749 0 558.045
v -103.345 0 560.516
v -97.9027 0 555.228
v -101.442 0 551.577
v -97.6912 0 547.937
v -94.3636 0 551.365
v -87.9532 0 545.132
v -91.0137 0 541.992
v -88.3539 0 539.41
v -94.8088 10 532.775
v -109.176 10 546.735
v -101.865 10 554.26
v -105.749 10 558.045
v -103.345 10 560.516
v -97.9027 10 555.228
v -101.442 10 551.577
v -97.6912 10 547.937
v -94.3636 10 551.365
v -87.9532 10 545.132
v -91.0137 10 541.992
v -88.3539 10 539.41
v -97.8053 10 548.747
v -112.749 0 254.888
v -109.967 0 268.592
v -129.698 0 272.599
v -132.481 0 258.896
v -112.749 3 254.888
v -109.967 3 268.592
v -129.698 3 272.599
v -132.481 3 258.896
v -121.224 3 263.744
v -137.255 0 161.725
v -154.194 0 165.142
v -156.03 0 156.07
v -139.091 0 152.652
v -137.255 3 161.725
v -154.194 3 165.142
v -156.03 3 156.07
v -139.091 3 152.652
v -146.643 3 158.897
v -158.968 0 140.53
v -139.125 0 136.956
v -137.6 0 145.406
v -157.443 0 148.99
v -158.968 3 140.53
v -139.125 3 136.956
v -137.6 3 145.406
v -157.443 3 148.99
v -148.284 3 142.97
v 701.523 0 299.416
v 697.527 0 296.321
v 698.217 0 295.397
v 699.653 0 293.549
v 707.733 0 283.141
v 711.594 0 286.124
v 701.523 10 299.416
v 697.527 10 296.321
v 698.217 10 295.397
v 699.653 10 293.549
v 707.733 10 283.141
v 711.594 10 286.124
v 702.708 10 292.325
v 700.109 0 301.286
v 681.524 0 288.151
v 683.627 0 285.278
v 698.217 0 295.397
v 697.527 0 296.321
v 701.523 0 299.416
v 700.109 10 301.286
v 681.524 10 288.151
v 683.627 10 285.278
v 698.217 10 295.397
v 697.527 10 296.321
v 701.523 10 299.416
v 693.754 10 294.308
v 126.994 0 497.509
v 129.209 0 493.112
v 105.37 0 481.067
v 103.144 0 485.464
v 126.994 10 497.509
v 129.209 10 493.112
v 105.37 10 481.067
v 103.144 10 485.464
v 116.179 10 489.288

f 1 2 76
f 2 77 76
f 2 3 77
f 3 78 77
f 3 4 78
f 4 79 78
f 4 5 79
f 5 80 79
f 5 6 80
f 6 81 80
f 6 7 81
f 7 82 81
f 7 8 82
f 8 83 82
f 8 9 83
f 9 84 83
f 9 10 84
f 10 85 84
f 10 11 85
f 11 86 85
f 11 12 86
f 12 87 86
f 12 13 87
f 13 88 87
f 13 14 88
f 14 89 88
f 14 15 89
f 15 90 89
f 15 16 90
f 16 91 90
f 16 17 91
f 17 92 91
f 17 18 92
f 18 93 92
f 18 19 93
f 19 94 93
f 19 20 94
f 20 95 94
f 20 21 95
f 21 96 95
f 21 22 96
f 22 97 96
f 22 23 97
f 23 98 97
f 23 24 98
f 24 99 98
f 24 25 99
f 25 100 99
f 25 26 100
f 26 101 100
f 26 27 101
f 27 102 101
f 27 28 102
f 28 103 102
f 28 29 103
f 29 104 103
f 29 30 104
f 30 105 104
f 30 31 105
f 31 106 105
f 31 32 106
f 32 107 106
f 32 33 107
f 33 108 107
f 33 34 108
f 34 109 108
f 34 35 109
f 35 110 109
f 35 36 110
f 36 111 110
f 36 37 111
f 37 112 111
f 37 38 112
f 38 113 112
f 38 39 113
f 39 114 113
f 39 40 114
f 40 115 114
f 40 41 115
f 41 116 115
f 41 42 116
f 42 117 116
f 42 43 117
f 43 118 117
f 43 44 118
f 44 119 118
f 44 45 119
f 45 120 119
f 45 46 120
f 46 121 120
f 46 47 121
f 47 122 121
f 47 48 122
f 48 123 122
f 48 49 123
f 49 124 123
f 49 50 124
f 50 125 124
f 50 51 125
f 51 126 125
f 51 52 126
f 52 127 126
f 52 53 127
f 53 128 127
f 53 54 128
f 54 129 128
f 54 55 129
f 55 130 129
f 55 56 130
f 56 131 130
f 56 57 131
f 57 132 131
f 57 58 132
f 58 133 132
f 58 59 133
f 59 134 133
f 59 60 134
f 60 135 134
f 60 61 135
f 61 136 135
f 61 62 136
f 62 137 136
f 62 63 137
f 63 138 137
f 63 64 138
f 64 139 138
f 64 65 139
f 65 140 139
f 65 66 140
f 66 141 140
f 66 67 141
f 67 142 141
f 67 68 142
f 68 143 142
f 68 69 143
f 69 144 143
f 69 70 144
f 70 145 144
f 70 71 145
f 71 146 145
f 71 72 146
f 72 147 146
f 72 73 147
f 73 148 147
f 73 74 148
f 74 149 148
f 74 75 149
f 75 150 149
f 75 1 150
f 1 76 150
f 151 76 77
f 151 77 78
f 151 78 79
f 151 79 80
f 151 80 81
f 151 81 82
f 151 82 83
f 151 83 84
f 151 84 85
f 151 85 86
f 151 86 87
f 151 87 88
f 151 88 89
f 151 89 90
f 151 90 91
f 151 91 92
f 151 92 93
f 151 93 94
f 151 94 95
f 151 95 96
f 151 96 97
f 151 97 98
f 151 98 99
f 151 99 100
f 151 100 101
f 151 101 102
f 151 102 103
f 151 103 104
f 151 104 105
f 151 105 106
f 151 106 107
f 151 107 108
f 151 108 109
f 151 109 110
f 151 110 111
f 151 111 112
f 151 112 113
f 151 113 114
f 151 114 115
f 151 115 116
f 151 116 117
f 151 117 118
f 151 118 119
f 151 119 120
f 151 120 121
f 151 121 122
f 151 122 123
f 151 123 124
f 151 124 125
f 151 125 126
f 151 126 127
f 151 127 128
f 151 128 129
f 151 129 130
f 151 130 131
f 151 131 132
f 151 132 133
f 151 133 134
f 151 134 135
f 151 135 136
f 151 136 137
f 151 137 138
f 151 138 139
f 151 139 140
f 151 140 141
f 151 141 142
f 151 142 143
f 151 143 144
f 151 144 145
f 151 145 146
f 151 146 147
f 151 147 148
f 151 148 149
f 151 149 150
f 151 150 76
f 152 153 180
f 153 181 180
f 153 154 181
f 154 182 181
f 154 155 182
f 155 183 182
f 155 156 183
f 156 184 183
f 156 157 184
f 157 185 184
f 157 158 185
f 158 186 185
f 158 159 186
f 159 187 186
f 159 160 187
f 160 188 187
f 160 161 188
f 161 189 188
f 161 162 189
f 162 190 189
f 162 163 190
f 163 191 190
f 163 164 191
f 164 192 191
f 164 165 192
f 165 193 192
f 165 166 193
f 166 194 193
f 166 167 194
f 167 195 194
f 167 168 195
f 168 196 195
f 168 169 196
f 169 197 196
f 169 170 197
f 170 198 197
f 170 171 198
f 171 199 198
f 171 172 199
f 172 200 199
f 172 173 200
f 173 201 200
f 173 174 201
f 174 202 201
f 174 175 202
f 175 203 202
f 175 176 203
f 176 204 203
f 176 177 204
f 177 205 204
f 177 178 205
f 178 206 205
f 178 179 206
f 179 207 206
f 179 152 207
f 152 180 207
f 208 180 181
f 208 181 182
f 208 182 183
f 208 183 184
f 208 184 185
f 208 185 186
f 208 186 187
f 208 187 188
f 208 188 189
f 208 189 190
f 208 190 191
f 208 191 192
f 208 192 193
f 208 193 194
f 208 194 195
f 208 195 196
f 208 196 197
f 208 197 198
f 208 198 199
f 208 199 200
f 208 200 201
f 208 201 202
f 208 202 203
f 208 203 204
f 208 204 205
f 208 205 206
f 208 206 207
f 208 207 180
f 209 210 259
f 210 260 259
f 210 211 260
f 211 261 260
f 211 212 261
f 212 262 261
f 212 213 262
f 213 263 262
f 213 214 263
f 214 264 263
f 214 215 264
f 215 265 264
f 215 216 265
f 216 266 265
f 216 217 266
f 217 267 266
f 217 218 267
f 218 268 267
f 218 219 268
f 219 269 268
f 219 220 269
f 220 270 269
f 220 221 270
f 221 271 270
f 221 222 271
f 222 272 271
f 222 223 272
f 223 273 272
f 223 224 273
f 224 274 273
f 224 225 274
f 225 275 274
f 225 226 275
f 226 276 275
f 226 227 276
f 227 277 276
f 227 228 277
f 228 278 277
f 228 229 278
f 229 279 278
f 229 230 279
f 230 280 279
f 230 231 280
f 231 281 280
f 231 232 281
f 232 282 281
f 232 233 282
f 233 283 282
f 233 234 283
f 234 284 283
f 234 235 284
f 235 285 284
f 235 236 285
f 236 286 285
f 236 237 286
f 237 287 286
f 237 238 287
f 238 288 287
f 238 239 288
f 239 289 288
f 239 240 289
f 240 290 289
f 240 241 290
f 241 291 290
f 241 242 291
f 242 292 291
f 242 243 292
f 243 293 292
f 243 244 293
f 244 294 293
f 244 245 294
f 245 295 294
f 245 246 295
f 246 296 295
f 246 247 296
f 247 297 296
f 247 248 297
f 248 298 297
f 248 249 298
f 249 299 298
f 249 250 299
f 250 300 299
f 250 251 300
f 251 301 300
f 251 252 301
f 252 302 301
f 252 253 302
f 253 303 302
f 253 254 303
f 254 304 303
f 254 255 304
f 255 305 304
f 255 256 305
f 256 306 305
f 256 257 306
f 257 307 306
f 257 258 307
f 258 308 307
f 258 209 308
f 209 259 308
f 309 259 260
f 309 260 261
f 309 261 262
f 309 262 263
f 309 263 264
f 309 264 265
f 309 265 266
f 309 266 267
f 309 267 268
f 309 268 269
f 309 269 270
f 309 270 271
f 309 271 272
f 309 272 273
f 309 273 274
f 309 274 275
f 309 275 276
f 309 276 277
f 309 277 278
f 309 278 279
f 309 279 280
f 309 280 281
f 309 281 282
f 309 282 283
f 309 283 284
f 309 284 285
f 309 285 286
f 309 286 287
f 309 287 288
f 309 288 289
f 309 289 290
f 309 290 291
f 309 291 292
f 309 292 293
f 309 293 294
f 309 294 295
f 309 295 296
f 309 296 297
f 309 297 298
f 309 298 299
f 309 299 300
f 309 300 301
f 309 301 302
f 309 302 303
f 309 303 304
f 309 304 305
f 309 305 306
f 309 306 307
f 309 307 308
f 309 308 259
f 310 311 314
f 311 315 314
f 311 312 315
f 312 316 315
f 312 313 316
f 313 317 316
f 313 310 317
f 310 314 317
f 318 314 315
f 318 315 316
f 318 316 317
f 318 317 314
f 319 320 331
f 320 332 331
f 320 321 332
f 321 333 332
f 321 322 333
f 322 334 333
f 322 323 334
f 323 335 334
f 323 324 335
f 324 336 335
f 324 325 336
f 325 337 336
f 325 326 337
f 326 338 337
f 326 327 338
f 327 339 338
f 327 328 339
f 328 340 339
f 328 329 340
f 329 341 340
f 329 330 341
f 330 342 341
f 330 319 342
f 319 331 342
f 343 331 332
f 343 332 333
f 343 333 334
f 343 334 335
f 343 335 336
f 343 336 337
f 343 337 338
f 343 338 339
f 343 339 340
f 343 340 341
f 343 341 342
f 343 342 331
f 344 345 373
f 345 374 373
f 345 346 374
f 346 375 374
f 346 347 375
f 347 376 375
f 347 348 376
f 348 377 376
f 348 349 377
f 349 378 377
f 349 350 378
f 350 379 378
f 350 351 379
f 351 380 379
f 351 352 380
f 352 381 380
f 352 353 381
f 353 382 381
f 353 354 382
f 354 383 382
f 354 355 383
f 355 384 383
f 355 356 384
f 356 385 384
f 356 357 385
f 357 386 385
f 357 358 386
f 358 387 386
f 358 359 387
f 359 388 387
f 359 360 388
f 360 389 388
f 360 361 389
f 361 390 389
f 361 362 390
f 362 391 390
f 362 363 391
f 363 392 391
f 363 364 392
f 364 393 392
f 364 365 393
f 365 394 393
f 365 366 394
f 366 395 394
f 366 367 395
f 367 396 395
f 367 368 396
f 368 397 396
f 368 369 397
f 369 398 397
f 369 370 398
f 370 399 398
f 370 371 399
f 371 400 399
f 371 372 400
f 372 401 400
f 372 344 401
f 344 373 401
f 402 373 374
f 402 374 375
f 402 375 376
f 402 376 377
f 402 377 378
f 402 378 379
f 402 379 380
f 402 380 381
f 402 381 382
f 402 382 383
f 402 383 384
f 402 384 385
f 402 385 386
f 402 386 387
f 402 387 388
f 402 388 389
f 402 389 390
f 402 390 391
f 402 391 392
f 402 392 393
f 402 393 394
f 402 394 395
f 402 395 396
f 402 396 397
f 402 397 398
f 402 398 399
f 402 399 400
f 402 400 401
f 402 401 373
f 403 404 423
f 404 424 423
f 404 405 424
f 405 425 424
f 405 406 425
f 406 426 425
f 406 407 426
f 407 427 426
f 407 408 427
f 408 428 427
f 408 409 428
f 409 429 428
f 409 410 429
f 410 430 429
f 410 411 430
f 411 431 430
f 411 412 431
f 412 432 431
f 412 413 432
f 413 433 432
f 413 414 433
f 414 434 433
f 414 415 434
f 415 435 434
f 415 416 435
f 416 436 435
f 416 417 436
f 417 437 436
f 417 418 437
f 418 438 437
f 418 419 438
f 419 439 438
f 419 420 439
f 420 440 439
f 420 421 440
f 421 441 440
f 421 422 441
f 422 442 441
f 422 403 442
f 403 423 442
f 443 423 424
f 443 424 425
f 443 425 426
f 443 426 427
f 443 427 428
f 443 428 429
f 443 429 430
f 443 430 431
f 443 431 432
f 443 432 433
f 443 433 434
f 443 434 435
f 443 435 436
f 443 436 437
f 443 437 438
f 443 438 439
f 443 439 440
f 443 440 441
f 443 441 442
f 443 442 423
f 444 445 465
f 445 466 465
f 445 446 466
f 446 467 466
f 446 447 467
f 447 468 467
f 447 448 468
f 448 469 468
f 448 449 469
f 449 470 469
f 449 450 470
f 450 471 470
f 450 451 471
f 451 472 471
f 451 452 472
f 452 473 472
f 452 453 473
f 453 474 473
f 453 454 474
f 454 475 474
f 454 455 475
f 455 476 475
f 455 456 476
f 456 477 476
f 456 457 477
f 457 478 477
f 457 458 478
f 458 479 478
f 458 459 479
f 459 480 479
f 459 460 480
f 460 481 480
f 460 461 481
f 461 482 481
f 461 462 482
f 462 483 482
f 462 463 483
f 463 484 483
f 463 464 484
f 464 485 484
f 464 444 485
f 444 465 485
f 486 465 466
f 486 466 467
f 486 467 468
f 486 468 469
f 486 469 470
f 486 470 471
f 486 471 472
f 486 472 473
f 486 473 474
f 486 474 475
f 486 475 476
f 486 476 477
f 486 477 478
f 486 478 479
f 486 479 480
f 486 480 481
f 486 481 482
f 486 482 483
f 486 483 484
f 486 484 485
f 486 485 465
f 487 488 520
f 488 521 520
f 488 489 521
f 489 522 521
f 489 490 522
f 490 523 522
f 490 491 523
f 491 524 523
f 491 492 524
f 492 525 524
f 492 493 525
f 493 526 525
f 493 494 526
f 494 527 526
f 494 495 527
f 495 528 527
f 495 496 528
f 496 529 528
f 496 497 529
f 497 530 529
f 497 498 530
f 498 531 530
f 498 499 531
f 499 532 531
f 499 500 532
f 500 533 532
f 500 501 533
f 501 534 533
f 501 502 534
f 502 535 534
f 502 503 535
f 503 536 535
f 503 504 536
f 504 537 536
f 504 505 537
f 505 538 537
f 505 506 538
f 506 539 538
f 506 507 539
f 507 540 539
f 507 508 540
f 508 541 540
f 508 509 541
f 509 542 541
f 509 510 542
f 510 543 542
f 510 511 543
f 511 544 543
f 511 512 544
f 512 545 544
f 512 513 545
f 513 546 545
f 513 514 546
f 514 547 546
f 514 515 547
f 515 548 547
f 515 516 548
f 516 549 548
f 516 517 549
f 517 550 549
f 517 518 550
f 518 551 550
f 518 519 551
f 519 552 551
f 519 487 552
f 487 520 552
f 553 520 521
f 553 521 522
f 553 522 523
f 553 523 524
f 553 524 525
f 553 525 526
f 553 526 527
f 553 527 528
f 553 528 529
f 553 529 530
f 553 530 531
f 553 531 532
f 553 532 533
f 553 533 534
f 553 534 535
f 553 535 536
f 553 536 537
f 553 537 538
f 553 538 539
f 553 539 540
f 553 540 541
f 553 541 542
f 553 542 543
f 553 543 544
f 553 544 545
f 553 545 546
f 553 546 547
f 553 547 548
f 553 548 549
f 553 549 550
f 553 550 551
f 553 551 552
f 553 552 520
f 554 555 565
f 555 566 565
f 555 556 566
f 556 567 566
f 556 557 567
f 557 568 567
f 557 558 568
f 558 569 568
f 558 559 569
f 559 570 569
f 559 560 570
f 560 571 570
f 560 561 571
f 561 572 571
f 561 562 572
f 562 573 572
f 562 563 573
f 563 574 573
f 563 564 574
f 564 575 574
f 564 554 575
f 554 565 575
f 576 565 566
f 576 566 567
f 576 567 568
f 576 568 569
f 576 569 570
f 576 570 571
f 576 571 572
f 576 572 573
f 576 573 574
f 576 574 575
f 576 575 565
f 577 578 586
f 578 587 586
f 578 579 587
f 579 588 587
f 579 580 588
f 580 589 588
f 580 581 589
f 581 590 589
f 581 582 590
f 582 591 590
f 582 583 591
f 583 592 591
f 583 584 592
f 584 593 592
f 584 585 593
f 585 594 593
f 585 577 594
f 577 586 594
f 595 586 587
f 595 587 588
f 595 588 589
f 595 589 590
f 595 590 591
f 595 591 592
f 595 592 593
f 595 593 594
f 595 594 586
f 596 597 607
f 597 608 607
f 597 598 608
f 598 609 608
f 598 599 609
f 599 610 609
f 599 600 610
f 600 611 610
f 600 601 611
f 601 612 611
f 601 602 612
f 602 613 612
f 602 603 613
f 603 614 613
f 603 604 614
f 604 615 614
f 604 605 615
f 605 616 615
f 605 606 616
f 606 617 616
f 606 596 617
f 596 607 617
f 618 607 608
f 618 608 609
f 618 609 610
f 618 610 611
f 618 611 612
f 618 612 613
f 618 613 614
f 618 614 615
f 618 615 616
f 618 616 617
f 618 617 607
f 619 620 625
f 620 626 625
f 620 621 626
f 621 627 626
f 621 622 627
f 622 628 627
f 622 623 628
f 623 629 628
f 623 624 629
f 624 630 629
f 624 619 630
f 619 625 630
f 631 625 626
f 631 626 627
f 631 627 628
f 631 628 629
f 631 629 630
f 631 630 625
f 632 633 636
f 633 637 636
f 633 634 637
f 634 638 637
f 634 635 638
f 635 639 638
f 635 632 639
f 632 636 639
f 640 636 637
f 640 637 638
f 640 638 639
f 640 639 636
f 641 642 646
f 642 647 646
f 642 643 647
f 643 648 647
f 643 644 648
f 644 649 648
f 644 645 649
f 645 650 649
f 645 641 650
f 641 646 650
f 651 646 647
f 651 647 648
f 651 648 649
f 651 649 650
f 651 650 646
f 652 653 659
f 653 660 659
f 653 654 660
f 654 661 660
f 654 655 661
f 655 662 661
f 655 656 662
f 656 663 662
f 656 657 663
f 657 664 663
f 657 658 664
f 658 665 664
f 658 652 665
f 652 659 665
f 666 659 660
f 666 660 661
f 666 661 662
f 666 662 663
f 666 663 664
f 666 664 665
f 666 665 659
f 667 668 680
f 668 681 680
f 668 669 681
f 669 682 681
f 669 670 682
f 670 683 682
f 670 671 683
f 671 684 683
f 671 672 684
f 672 685 684
f 672 673 685
f 673 686 685
f 673 674 686
f 674 687 686
f 674 675 687
f 675 688 687
f 675 676 688
f 676 689 688
f 676 677 689
f 677 690 689
f 677 678 690
f 678 691 690
f 678 679 691
f 679 692 691
f 679 667 692
f 667 680 692
f 693 680 681
f 693 681 682
f 693 682 683
f 693 683 684
f 693 684 685
f 693 685 686
f 693 686 687
f 693 687 688
f 693 688 689
f 693 689 690
f 693 690 691
f 693 691 692
f 693 692 680
f 694 695 701
f 695 702 701
f 695 696 702
f 696 703 702
f 696 697 703
f 697 704 703
f 697 698 704
f 698 705 704
f 698 699 705
f 699 706 705
f 699 700 706
f 700 707 706
f 700 694 707
f 694 701 707
f 708 701 702
f 708 702 703
f 708 703 704
f 708 704 705
f 708 705 706
f 708 706 707
f 708 707 701
f 709 710 739
f 710 740 739
f 710 711 740
f 711 741 740
f 711 712 741
f 712 742 741
f 712 713 742
f 713 743 742
f 713 714 743
f 714 744 743
f 714 715 744
f 715 745 744
f 715 716 745
f 716 746 745
f 716 717 746
f 717 747 746
f 717 718 747
f 718 748 747
f 718 719 748
f 719 749 748
f 719 720 749
f 720 750 749
f 720 721 750
f 721 751 750
f 721 722 751
f 722 752 751
f 722 723 752
f 723 753 752
f 723 724 753
f 724 754 753
f 724 725 754
f 725 755 754
f 725 726 755
f 726 756 755
f 726 727 756
f 727 757 756
f 727 728 757
f 728 758 757
f 728 729 758
f 729 759 758
f 729 730 759
f 730 760 759
f 730 731 760
f 731 761 760
f 731 732 761
f 732 762 761
f 732 733 762
f 733 763 762
f 733 734 763
f 734 764 763
f 734 735 764
f 735 765 764
f 735 736 765
f 736 766 765
f 736 737 766
f 737 767 766
f 737 738 767
f 738 768 767
f 738 709 768
f 709 739 768
f 769 739 740
f 769 740 741
f 769 741 742
f 769 742 743
f 769 743 744
f 769 744 745
f 769 745 746
f 769 746 747
f 769 747 748
f 769 748 749
f 769 749 750
f 769 750 751
f 769 751 752
f 769 752 753
f 769 753 754
f 769 754 755
f 769 755 756
f 769 756 757
f 769 757 758
f 769 758 759
f 769 759 760
f 769 760 761
f 769 761 762
f 769 762 763
f 769 763 764
f 769 764 765
f 769 765 766
f 769 766 767
f 769 767 768
f 769 768 739
f 770 771 774
f 771 775 774
f 771 772 775
f 772 776 775
f 772 773 776
f 773 777 776
f 773 770 777
f 770 774 777
f 778 774 775
f 778 775 776
f 778 776 777
f 778 777 774
f 779 780 787
f 780 788 787
f 780 781 788
f 781 789 788
f 781 782 789
f 782 790 789
f 782 783 790
f 783 791 790
f 783 784 791
f 784 792 791
f 784 785 792
f 785 793 792
f 785 786 793
f 786 794 793
f 786 779 794
f 779 787 794
f 795 787 788
f 795 788 789
f 795 789 790
f 795 790 791
f 795 791 792
f 795 792 793
f 795 793 794
f 795 794 787
f 796 797 802
f 797 803 802
f 797 798 803
f 798 804 803
f 798 799 804
f 799 805 804
f 799 800 805
f 800 806 805
f 800 801 806
f 801 807 806
f 801 796 807
f 796 802 807
f 808 802 803
f 808 803 804
f 808 804 805
f 808 805 806
f 808 806 807
f 808 807 802
f 809 810 814
f 810 815 814
f 810 811 815
f 811 816 815
f 811 812 816
f 812 817 816
f 812 813 817
f 813 818 817
f 813 809 818
f 809 814 818
f 819 814 815
f 819 815 816
f 819 816 817
f 819 817 818
f 819 818 814
f 820 821 824
f 821 825 824
f 821 822 825
f 822 826 825
f 822 823 826
f 823 827 826
f 823 820 827
f 820 824 827
f 828 824 825
f 828 825 826
f 828 826 827
f 828 827 824
f 829 830 839
f 830 840 839
f 830 831 840
f 831 841 840
f 831 832 841
f 832 842 841
f 832 833 842
f 833 843 842
f 833 834 843
f 834 844 843
f 834 835 844
f 835 845 844
f 835 836 845
f 836 846 845
f 836 837 846
f 837 847 846
f 837 838 847
f 838 848 847
f 838 829 848
f 829 839 848
f 849 839 840
f 849 840 841
f 849 841 842
f 849 842 843
f 849 843 844
f 849 844 845
f 849 845 846
f 849 846 847
f 849 847 848
f 849 848 839
f 850 851 857
f 851 858 857
f 851 852 858
f 852 859 858
f 852 853 859
f 853 860 859
f 853 854 860
f 854 861 860
f 854 855 861
f 855 862 861
f 855 856 862
f 856 863 862
f 856 850 863
f 850 857 863
f 864 857 858
f 864 858 859
f 864 859 860
f 864 860 861
f 864 861 862
f 864 862 863
f 864 863 857
f 865 866 870
f 866 871 870
f 866 867 871
f 867 872 871
f 867 868 872
f 868 873 872
f 868 869 873
f 869 874 873
f 869 865 874
f 865 870 874
f 875 870 871
f 875 871 872
f 875 872 873
f 875 873 874
f 875 874 870
f 876 877 889
f 877 890 889
f 877 878 890
f 878 891 890
f 878 879 891
f 879 892 891
f 879 880 892
f 880 893 892
f 880 881 893
f 881 894 893
f 881 882 894
f 882 895 894
f 882 883 895
f 883 896 895
f 883 884 896
f 884 897 896
f 884 885 897
f 885 898 897
f 885 886 898
f 886 899 898
f 886 887 899
f 887 900 899
f 887 888 900
f 888 901 900
f 888 876 901
f 876 889 901
f 902 889 890
f 902 890 891
f 902 891 892
f 902 892 893
f 902 893 894
f 902 894 895
f 902 895 896
f 902 896 897
f 902 897 898
f 902 898 899
f 902 899 900
f 902 900 901
f 902 901 889
f 903 904 915
f 904 916 915
f 904 905 916
f 905 917 916
f 905 906 917
f 906 918 917
f 906 907 918
f 907 919 918
f 907 908 919
f 908 920 919
f 908 909 920
f 909 921 920
f 909 910 921
f 910 922 921
f 910 911 922
f 911 923 922
f 911 912 923
f 912 924 923
f 912 913 924
f 913 925 924
f 913 914 925
f 914 926 925
f 914 903 926
f 903 915 926
f 927 915 916
f 927 916 917
f 927 917 918
f 927 918 919
f 927 919 920
f 927 920 921
f 927 921 922
f 927 922 923
f 927 923 924
f 927 924 925
f 927 925 926
f 927 926 915
f 928 929 939
f 929 940 939
f 929 930 940
f 930 941 940
f 930 931 941
f 931 942 941
f 931 932 942
f 932 943 942
f 932 933 943
f 933 944 943
f 933 934 944
f 934 945 944
f 934 935 945
f 935 946 945
f 935 936 946
f 936 947 946
f 936 937 947
f 937 948 947
f 937 938 948
f 938 949 948
f 938 928 949
f 928 939 949
f 950 939 940
f 950 940 941
f 950 941 942
f 950 942 943
f 950 943 944
f 950 944 945
f 950 945 946
f 950 946 947
f 950 947 948
f 950 948 949
f 950 949 939
f 951 952 967
f 952 968 967
f 952 953 968
f 953 969 968
f 953 954 969
f 954 970 969
f 954 955 970
f 955 971 970
f 955 956 971
f 956 972 971
f 956 957 972
f 957 973 972
f 957 958 973
f 958 974 973
f 958 959 974
f 959 975 974
f 959 960 975
f 960 976 975
f 960 961 976
f 961 977 976
f 961 962 977
f 962 978 977
f 962 963 978
f 963 979 978
f 963 964 979
f 964 980 979
f 964 965 980
f 965 981 980
f 965 966 981
f 966 982 981
f 966 951 982
f 951 967 982
f 983 967 968
f 983 968 969
f 983 969 970
f 983 970 971
f 983 971 972
f 983 972 973
f 983 973 974
f 983 974 975
f 983 975 976
f 983 976 977
f 983 977 978
f 983 978 979
f 983 979 980
f 983 980 981
f 983 981 982
f 983 982 967
f 984 985 988
f 985 989 988
f 985 986 989
f 986 990 989
f 986 987 990
f 987 991 990
f 987 984 991
f 984 988 991
f 992 988 989
f 992 989 990
f 992 990 991
f 992 991 988
f 993 994 1018
f 994 1019 1018
f 994 995 1019
f 995 1020 1019
f 995 996 1020
f 996 1021 1020
f 996 997 1021
f 997 1022 1021
f 997 998 1022
f 998 1023 1022
f 998 999 1023
f 999 1024 1023
f 999 1000 1024
f 1000 1025 1024
f 1000 1001 1025
f 1001 1026 1025
f 1001 1002 1026
f 1002 1027 1026
f 1002 1003 1027
f 1003 1028 1027
f 1003 1004 1028
f 1004 1029 1028
f 1004 1005 1029
f 1005 1030 1029
f 1005 1006 1030
f 1006 1031 1030
f 1006 1007 1031
f 1007 1032 1031
f 1007 1008 1032
f 1008 1033 1032
f 1008 1009 1033
f 1009 1034 1033
f 1009 1010 1034
f 1010 1035 1034
f 1010 1011 1035
f 1011 1036 1035
f 1011 1012 1036
f 1012 1037 1036
f 1012 1013 1037
f 1013 1038 1037
f 1013 1014 1038
f 1014 1039 1038
f 1014 1015 1039
f 1015 1040 1039
f 1015 1016 1040
f 1016 1041 1040
f 1016 1017 1041
f 1017 1042 1041
f 1017 993 1042
f 993 1018 1042
f 1043 1018 1019
f 1043 1019 1020
f 1043 1020 1021
f 1043 1021 1022
f 1043 1022 1023
f 1043 1023 1024
f 1043 1024 1025
f 1043 1025 1026
f 1043 1026 1027
f 1043 1027 1028
f 1043 1028 1029
f 1043 1029 1030
f 1043 1030 1031
f 1043 1031 1032
f 1043 1032 1033
f 1043 1033 1034
f 1043 1034 1035
f 1043 1035 1036
f 1043 1036 1037
f 1043 1037 1038
f 1043 1038 1039
f 1043 1039 1040
f 1043 1040 1041
f 1043 1041 1042
f 1043 1042 1018
f 1044 1045 1058
f 1045 1059 1058
f 1045 1046 1059
f 1046 1060 1059
f 1046 1047 1060
f 1047 1061 1060
f 1047 1048 1061
f 1048 1062 1061
f 1048 1049 1062
f 1049 1063 1062
f 1049 1050 1063
f 1050 1064 1063
f 1050 1051 1064
f 1051 1065 1064
f 1051 1052 1065
f 1052 1066 1065
f 1052 1053 1066
f 1053 1067 1066
f 1053 1054 1067
f 1054 1068 1067
f 1054 1055 1068
f 1055 1069 1068
f 1055 1056 1069
f 1056 1070 1069
f 1056 1057 1070
f 1057 1071 1070
f 1057 1044 1071
f 1044 1058 1071
f 1072 1058 1059
f 1072 1059 1060
f 1072 1060 1061
f 1072 1061 1062
f 1072 1062 1063
f 1072 1063 1064
f 1072 1064 1065
f 1072 1065 1066
f 1072 1066 1067
f 1072 1067 1068
f 1072 1068 1069
f 1072 1069 1070
f 1072 1070 1071
f 1072 1071 1058
f 1073 1074 1104
f 1074 1105 1104
f 1074 1075 1105
f 1075 1106 1105
f 1075 1076 1106
f 1076 1107 1106
f 1076 1077 1107
f 1077 1108 1107
f 1077 1078 1108
f 1078 1109 1108
f 1078 1079 1109
f 1079 1110 1109
f 1079 1080 1110
f 1080 1111 1110
f 1080 1081 1111
f 1081 1112 1111
f 1081 1082 1112
f 1082 1113 1112
f 1082 1083 1113
f 1083 1114 1113
f 1083 1084 1114
f 1084 1115 1114
f 1084 1085 1115
f 1085 1116 1115
f 1085 1086 1116
f 1086 1117 1116
f 1086 1087 1117
f 1087 1118 1117
f 1087 1088 1118
f 1088 1119 1118
f 1088 1089 1119
f 1089 1120 1119
f 1089 1090 1120
f 1090 1121 1120
f 1090 1091 1121
f 1091 1122 1121
f 1091 1092 1122
f 1092 1123 1122
f 1092 1093 1123
f 1093 1124 1123
f 1093 1094 1124
f 1094 1125 1124
f 1094 1095 1125
f 1095 1126 1125
f 1095 1096 1126
f 1096 1127 1126
f 1096 1097 1127
f 1097 1128 1127
f 1097 1098 1128
f 1098 1129 1128
f 1098 1099 1129
f 1099 1130 1129
f 1099 1100 1130
f 1100 1131 1130
f 1100 1101 1131
f 1101 1132 1131
f 1101 1102 1132
f 1102 1133 1132
f 1102 1103 1133
f 1103 1134 1133
f 1103 1073 1134
f 1073 1104 1134
f 1135 1104 1105
f 1135 1105 1106
f 1135 1106 1107
f 1135 1107 1108
f 1135 1108 1109
f 1135 1109 1110
f 1135 1110 1111
f 1135 1111 1112
f 1135 1112 1113
f 1135 1113 1114
f 1135 1114 1115
f 1135 1115 1116
f 1135 1116 1117
f 1135 1117 1118
f 1135 1118 1119
f 1135 1119 1120
f 1135 1120 1121
f 1135 1121 1122
f 1135 1122 1123
f 1135 1123 1124
f 1135 1124 1125
f 1135 1125 1126
f 1135 1126 1127
f 1135 1127 1128
f 1135 1128 1129
f 1135 1129 1130
f 1135 1130 1131
f 1135 1131 1132
f 1135 1132 1133
f 1135 1133 1134
f 1135 1134 1104
f 1136 1137 1145
f 1137 1146 1145
f 1137 1138 1146
f 1138 1147 1146
f 1138 1139 1147
f 1139 1148 1147
f 1139 1140 1148
f 1140 1149 1148
f 1140 1141 1149
f 1141 1150 1149
f 1141 1142 1150
f 1142 1151 1150
f 1142 1143 1151
f 1143 1152 1151
f 1143 1144 1152
f 1144 1153 1152
f 1144 1136 1153
f 1136 1145 1153
f 1154 1145 1146
f 1154 1146 1147
f 1154 1147 1148
f 1154 1148 1149
f 1154 1149 1150
f 1154 1150 1151
f 1154 1151 1152
f 1154 1152 1153
f 1154 1153 1145
f 1155 1156 1314
f 1156 1315 1314
f 1156 1157 1315
f 1157 1316 1315
f 1157 1158 1316
f 1158 1317 1316
f 1158 1159 1317
f 1159 1318 1317
f 1159 1160 1318
f 1160 1319 1318
f 1160 1161 1319
f 1161 1320 1319
f 1161 1162 1320
f 1162 1321 1320
f 1162 1163 1321
f 1163 1322 1321
f 1163 1164 1322
f 1164 1323 1322
f 1164 1165 1323
f 1165 1324 1323
f 1165 1166 1324
f 1166 1325 1324
f 1166 1167 1325
f 1167 1326 1325
f 1167 1168 1326
f 1168 1327 1326
f 1168 1169 1327
f 1169 1328 1327
f 1169 1170 1328
f 1170 1329 1328
f 1170 1171 1329
f 1171 1330 1329
f 1171 1172 1330
f 1172 1331 1330
f 1172 1173 1331
f 1173 1332 1331
f 1173 1174 1332
f 1174 1333 1332
f 1174 1175 1333
f 1175 1334 1333
f 1175 1176 1334
f 1176 1335 1334
f 1176 1177 1335
f 1177 1336 1335
f 1177 1178 1336
f 1178 1337 1336
f 1178 1179 1337
f 1179 1338 1337
f 1179 1180 1338
f 1180 1339 1338
f 1180 1181 1339
f 1181 1340 1339
f 1181 1182 1340
f 1182 1341 1340
f 1182 1183 1341
f 1183 1342 1341
f 1183 1184 1342
f 1184 1343 1342
f 1184 1185 1343
f 1185 1344 1343
f 1185 1186 1344
f 1186 1345 1344
f 1186 1187 1345
f 1187 1346 1345
f 1187 1188 1346
f 1188 1347 1346
f 1188 1189 1347
f 1189 1348 1347
f 1189 1190 1348
f 1190 1349 1348
f 1190 1191 1349
f 1191 1350 1349
f 1191 1192 1350
f 1192 1351 1350
f 1192 1193 1351
f 1193 1352 1351
f 1193 1194 1352
f 1194 1353 1352
f 1194 1195 1353
f 1195 1354 1353
f 1195 1196 1354
f 1196 1355 1354
f 1196 1197 1355
f 1197 1356 1355
f 1197 1198 1356
f 1198 1357 1356
f 1198 1199 1357
f 1199 1358 1357
f 1199 1200 1358
f 1200 1359 1358
f 1200 1201 1359
f 1201 1360 1359
f 1201 1202 1360
f 1202 1361 1360
f 1202 1203 1361
f 1203 1362 1361
f 1203 1204 1362
f 1204 1363 1362
f 1204 1205 1363
f 1205 1364 1363
f 1205 1206 1364
f 1206 1365 1364
f 1206 1207 1365
f 1207 1366 1365
f 1207 1208 1366
f 1208 1367 1366
f 1208 1209 1367
f 1209 1368 1367
f 1209 1210 1368
f 1210 1369 1368
f 1210 1211 1369
f 1211 1370 1369
f 1211 1212 1370
f 1212 1371 1370
f 1212 1213 1371
f 1213 1372 1371
f 1213 1214 1372
f 1214 1373 1372
f 1214 1215 1373
f 1215 1374 1373
f 1215 1216 1374
f 1216 1375 1374
f 1216 1217 1375
f 1217 1376 1375
f 1217 1218 1376
f 1218 1377 1376
f 1218 1219 1377
f 1219 1378 1377
f 1219 1220 1378
f 1220 1379 1378
f 1220 1221 1379
f 1221 1380 1379
f 1221 1222 1380
f 1222 1381 1380
f 1222 1223 1381
f 1223 1382 1381
f 1223 1224 1382
f 1224 1383 1382
f 1224 1225 1383
f 1225 1384 1383
f 1225 1226 1384
f 1226 1385 1384
f 1226 1227 1385
f 1227 1386 1385
f 1227 1228 1386
f 1228 1387 1386
f 1228 1229 1387
f 1229 1388 1387
f 1229 1230 1388
f 1230 1389 1388
f 1230 1231 1389
f 1231 1390 1389
f 1231 1232 1390
f 1232 1391 1390
f 1232 1233 1391
f 1233 1392 1391
f 1233 1234 1392
f 1234 1393 1392
f 1234 1235 1393
f 1235 1394 1393
f 1235 1236 1394
f 1236 1395 1394
f 1236 1237 1395
f 1237 1396 1395
f 1237 1238 1396
f 1238 1397 1396
f 1238 1239 1397
f 1239 1398 1397
f 1239 1240 1398
f 1240 1399 1398
f 1240 1241 1399
f 1241 1400 1399
f 1241 1242 1400
f 1242 1401 1400
f 1242 1243 1401
f 1243 1402 1401
f 1243 1244 1402
f 1244 1403 1402
f 1244 1245 1403
f 1245 1404 1403
f 1245 1246 1404
f 1246 1405 1404
f 1246 1247 1405
f 1247 1406 1405
f 1247 1248 1406
f 1248 1407 1406
f 1248 1249 1407
f 1249 1408 1407
f 1249 1250 1408
f 1250 1409 1408
f 1250 1251 1409
f 1251 1410 1409
f 1251 1252 1410
f 1252 1411 1410
f 1252 1253 1411
f 1253 1412 1411
f 1253 1254 1412
f 1254 1413 1412
f 1254 1255 1413
f 1255 1414 1413
f 1255 1256 1414
f 1256 1415 1414
f 1256 1257 1415
f 1257 1416 1415
f 1257 1258 1416
f 1258 1417 1416
f 1258 1259 1417
f 1259 1418 1417
f 1259 1260 1418
f 1260 1419 1418
f 1260 1261 1419
f 1261 1420 1419
f 1261 1262 1420
f 1262 1421 1420
f 1262 1263 1421
f 1263 1422 1421
f 1263 1264 1422
f 1264 1423 1422
f 1264 1265 1423
f 1265 1424 1423
f 1265 1266 1424
f 1266 1425 1424
f 1266 1267 1425
f 1267 1426 1425
f 1267 1268 1426
f 1268 1427 1426
f 1268 1269 1427
f 1269 1428 1427
f 1269 1270 1428
f 1270 1429 1428
f 1270 1271 1429
f 1271 1430 1429
f 1271 1272 1430
f 1272 1431 1430
f 1272 1273 1431
f 1273 1432 1431
f 1273 1274 1432
f 1274 1433 1432
f 1274 1275 1433
f 1275 1434 1433
f 1275 1276 1434
f 1276 1435 1434
f 1276 1277 1435
f 1277 1436 1435
f 1277 1278 1436
f 1278 1437 1436
f 1278 1279 1437
f 1279 1438 1437
f 1279 1280 1438
f 1280 1439 1438
f 1280 1281 1439
f 1281 1440 1439
f 1281 1282 1440
f 1282 1441 1440
f 1282 1283 1441
f 1283 1442 1441
f 1283 1284 1442
f 1284 1443 1442
f 1284 1285 1443
f 1285 1444 1443
f 1285 1286 1444
f 1286 1445 1444
f 1286 1287 1445
f 1287 1446 1445
f 1287 1288 1446
f 1288 1447 1446
f 1288 1289 1447
f 1289 1448 1447
f 1289 1290 1448
f 1290 1449 1448
f 1290 1291 1449
f 1291 1450 1449
f 1291 1292 1450
f 1292 1451 1450
f 1292 1293 1451
f 1293 1452 1451
f 1293 1294 1452
f 1294 1453 1452
f 1294 1295 1453
f 1295 1454 1453
f 1295 1296 1454
f 1296 1455 1454
f 1296 1297 1455
f 1297 1456 1455
f 1297 1298 1456
f 1298 1457 1456
f 1298 1299 1457
f 1299 1458 1457
f 1299 1300 1458
f 1300 1459 1458
f 1300 1301 1459
f 1301 1460 1459
f 1301 1302 1460
f 1302 1461 1460
f 1302 1303 1461
f 1303 1462 1461
f 1303 1304 1462
f 1304 1463 1462
f 1304 1305 1463
f 1305 1464 1463
f 1305 1306 1464
f 1306 1465 1464
f 1306 1307 1465
f 1307 1466 1465
f 1307 1308 1466
f 1308 1467 1466
f 1308 1309 1467
f 1309 1468 1467
f 1309 1310 1468
f 1310 1469 1468
f 1310 1311 1469
f 1311 1470 1469
f 1311 1312 1470
f 1312 1471 1470
f 1312 1313 1471
f 1313 1472 1471
f 1313 1155 1472
f 1155 1314 1472
f 1473 1314 1315
f 1473 1315 1316
f 1473 1316 1317
f 1473 1317 1318
f 1473 1318 1319
f 1473 1319 1320
f 1473 1320 1321
f 1473 1321 1322
f 1473 1322 1323
f 1473 1323 1324
f 1473 1324 1325
f 1473 1325 1326
f 1473 1326 1327
f 1473 1327 1328
f 1473 1328 1329
f 1473 1329 1330
f 1473 1330 1331
f 1473 1331 1332
f 1473 1332 1333
f 1473 1333 1334
f 1473 1334 1335
f 1473 1335 1336
f 1473 1336 1337
f 1473 1337 1338
f 1473 1338 1339
f 1473 1339 1340
f 1473 1340 1341
f 1473 1341 1342
f 1473 1342 1343
f 1473 1343 1344
f 1473 1344 1345
f 1473 1345 1346
f 1473 1346 1347
f 1473 1347 1348
f 1473 1348 1349
f 1473 1349 1350
f 1473 1350 1351
f 1473 1351 1352
f 1473 1352 1353
f 1473 1353 1354
f 1473 1354 1355
f 1473 1355 1356
f 1473 1356 1357
f 1473 1357 1358
f 1473 1358 1359
f 1473 1359 1360
f 1473 1360 1361
f 1473 1361 1362
f 1473 1362 1363
f 1473 1363 1364
f 1473 1364 1365
f 1473 1365 1366
f 1473 1366 1367
f 1473 1367 1368
f 1473 1368 1369
f 1473 1369 1370
f 1473 1370 1371
f 1473 1371 1372
f 1473 1372 1373
f 1473 1373 1374
f 1473 1374 1375
f 1473 1375 1376
f 1473 1376 1377
f 1473 1377 1378
f 1473 1378 1379
f 1473 1379 1380
f 1473 1380 1381
f 1473 1381 1382
f 1473 1382 1383
f 1473 1383 1384
f 1473 1384 1385
f 1473 1385 1386
f 1473 1386 1387
f 1473 1387 1388
f 1473 1388 1389
f 1473 1389 1390
f 1473 1390 1391
f 1473 1391 1392
f 1473 1392 1393
f 1473 1393 1394
f 1473 1394 1395
f 1473 1395 1396
f 1473 1396 1397
f 1473 1397 1398
f 1473 1398 1399
f 1473 1399 1400
f 1473 1400 1401
f 1473 1401 1402
f 1473 1402 1403
f 1473 1403 1404
f 1473 1404 1405
f 1473 1405 1406
f 1473 1406 1407
f 1473 1407 1408
f 1473 1408 1409
f 1473 1409 1410
f 1473 1410 1411
f 1473 1411 1412
f 1473 1412 1413
f 1473 1413 1414
f 1473 1414 1415
f 1473 1415 1416
f 1473 1416 1417
f 1473 1417 1418
f 1473 1418 1419
f 1473 1419 1420
f 1473 1420 1421
f 1473 1421 1422
f 1473 1422 1423
f 1473 1423 1424
f 1473 1424 1425
f 1473 1425 1426
f 1473 1426 1427
f 1473 1427 1428
f 1473 1428 1429
f 1473 1429 1430
f 1473 1430 1431
f 1473 1431 1432
f 1473 1432 1433
f 1473 1433 1434
f 1473 1434 1435
f 1473 1435 1436
f 1473 1436 1437
f 1473 1437 1438
f 1473 1438 1439
f 1473 1439 1440
f 1473 1440 1441
f 1473 1441 1442
f 1473 1442 1443
f 1473 1443 1444
f 1473 1444 1445
f 1473 1445 1446
f 1473 1446 1447
f 1473 1447 1448
f 1473 1448 1449
f 1473 1449 1450
f 1473 1450 1451
f 1473 1451 1452
f 1473 1452 1453
f 1473 1453 1454
f 1473 1454 1455
f 1473 1455 1456
f 1473 1456 1457
f 1473 1457 1458
f 1473 1458 1459
f 1473 1459 1460
f 1473 1460 1461
f 1473 1461 1462
f 1473 1462 1463
f 1473 1463 1464
f 1473 1464 1465
f 1473 1465 1466
f 1473 1466 1467
f 1473 1467 1468
f 1473 1468 1469
f 1473 1469 1470
f 1473 1470 1471
f 1473 1471 1472
f 1473 1472 1314
f 1474 1475 1495
f 1475 1496 1495
f 1475 1476 1496
f 1476 1497 1496
f 1476 1477 1497
f 1477 1498 1497
f 1477 1478 1498
f 1478 1499 1498
f 1478 1479 1499
f 1479 1500 1499
f 1479 1480 1500
f 1480 1501 1500
f 1480 1481 1501
f 1481 1502 1501
f 1481 1482 1502
f 1482 1503 1502
f 1482 1483 1503
f 1483 1504 1503
f 1483 1484 1504
f 1484 1505 1504
f 1484 1485 1505
f 1485 1506 1505
f 1485 1486 1506
f 1486 1507 1506
f 1486 1487 1507
f 1487 1508 1507
f 1487 1488 1508
f 1488 1509 1508
f 1488 1489 1509
f 1489 1510 1509
f 1489 1490 1510
f 1490 1511 1510
f 1490 1491 1511
f 1491 1512 1511
f 1491 1492 1512
f 1492 1513 1512
f 1492 1493 1513
f 1493 1514 1513
f 1493 1494 1514
f 1494 1515 1514
f 1494 1474 1515
f 1474 1495 1515
f 1516 1495 1496
f 1516 1496 1497
f 1516 1497 1498
f 1516 1498 1499
f 1516 1499 1500
f 1516 1500 1501
f 1516 1501 1502
f 1516 1502 1503
f 1516 1503 1504
f 1516 1504 1505
f 1516 1505 1506
f 1516 1506 1507
f 1516 1507 1508
f 1516 1508 1509
f 1516 1509 1510
f 1516 1510 1511
f 1516 1511 1512
f 1516 1512 1513
f 1516 1513 1514
f 1516 1514 1515
f 1516 1515 1495
f 1517 1518 1529
f 1518 1530 1529
f 1518 1519 1530
f 1519 1531 1530
f 1519 1520 1531
f 1520 1532 1531
f 1520 1521 1532
f 1521 1533 1532
f 1521 1522 1533
f 1522 1534 1533
f 1522 1523 1534
f 1523 1535 1534
f 1523 1524 1535
f 1524 1536 1535
f 1524 1525 1536
f 1525 1537 1536
f 1525 1526 1537
f 1526 1538 1537
f 1526 1527 1538
f 1527 1539 1538
f 1527 1528 1539
f 1528 1540 1539
f 1528 1517 1540
f 1517 1529 1540
f 1541 1529 1530
f 1541 1530 1531
f 1541 1531 1532
f 1541 1532 1533
f 1541 1533 1534
f 1541 1534 1535
f 1541 1535 1536
f 1541 1536 1537
f 1541 1537 1538
f 1541 1538 1539
f 1541 1539 1540
f 1541 1540 1529
f 1542 1543 1550
f 1543 1551 1550
f 1543 1544 1551
f 1544 1552 1551
f 1544 1545 1552
f 1545 1553 1552
f 1545 1546 1553
f 1546 1554 1553
f 1546 1547 1554
f 1547 1555 1554
f 1547 1548 1555
f 1548 1556 1555
f 1548 1549 1556
f 1549 1557 1556
f 1549 1542 1557
f 1542 1550 1557
f 1558 1550 1551
f 1558 1551 1552
f 1558 1552 1553
f 1558 1553 1554
f 1558 1554 1555
f 1558 1555 1556
f 1558 1556 1557
f 1558 1557 1550
f 1559 1560 1563
f 1560 1564 1563
f 1560 1561 1564
f 1561 1565 1564
f 1561 1562 1565
f 1562 1566 1565
f 1562 1559 1566
f 1559 1563 1566
f 1567 1563 1564
f 1567 1564 1565
f 1567 1565 1566
f 1567 1566 1563
f 1568 1569 1573
f 1569 1574 1573
f 1569 1570 1574
f 1570 1575 1574
f 1570 1571 1575
f 1571 1576 1575
f 1571 1572 1576
f 1572 1577 1576
f 1572 1568 1577
f 1568 1573 1577
f 1578 1573 1574
f 1578 1574 1575
f 1578 1575 1576
f 1578 1576 1577
f 1578 1577 1573
f 1579 1580 1584
f 1580 1585 1584
f 1580 1581 1585
f 1581 1586 1585
f 1581 1582 1586
f 1582 1587 1586
f 1582 1583 1587
f 1583 1588 1587
f 1583 1579 1588
f 1579 1584 1588
f 1589 1584 1585
f 1589 1585 1586
f 1589 1586 1587
f 1589 1587 1588
f 1589 1588 1584
f 1590 1591 1597
f 1591 1598 1597
f 1591 1592 1598
f 1592 1599 1598
f 1592 1593 1599
f 1593 1600 1599
f 1593 1594 1600
f 1594 1601 1600
f 1594 1595 1601
f 1595 1602 1601
f 1595 1596 1602
f 1596 1603 1602
f 1596 1590 1603
f 1590 1597 1603
f 1604 1597 1598
f 1604 1598 1599
f 1604 1599 1600
f 1604 1600 1601
f 1604 1601 1602
f 1604 1602 1603
f 1604 1603 1597
f 1605 1606 1611
f 1606 1612 1611
f 1606 1607 1612
f 1607 1613 1612
f 1607 1608 1613
f 1608 1614 1613
f 1608 1609 1614
f 1609 1615 1614
f 1609 1610 1615
f 1610 1616 1615
f 1610 1605 1616
f 1605 1611 1616
f 1617 1611 1612
f 1617 1612 1613
f 1617 1613 1614
f 1617 1614 1615
f 1617 1615 1616
f 1617 1616 1611
f 1618 1619 1625
f 1619 1626 1625
f 1619 1620 1626
f 1620 1627 1626
f 1620 1621 1627
f 1621 1628 1627
f 1621 1622 1628
f 1622 1629 1628
f 1622 1623 1629
f 1623 1630 1629
f 1623 1624 1630
f 1624 1631 1630
f 1624 1618 1631
f 1618 1625 1631
f 1632 1625 1626
f 1632 1626 1627
f 1632 1627 1628
f 1632 1628 1629
f 1632 1629 1630
f 1632 1630 1631
f 1632 1631 1625
f 1633 1634 1638
f 1634 1639 1638
f 1634 1635 1639
f 1635 1640 1639
f 1635 1636 1640
f 1636 1641 1640
f 1636 1637 1641
f 1637 1642 1641
f 1637 1633 1642
f 1633 1638 1642
f 1643 1638 1639
f 1643 1639 1640
f 1643 1640 1641
f 1643 1641 1642
f 1643 1642 1638
f 1644 1645 1684
f 1645 1685 1684
f 1645 1646 1685
f 1646 1686 1685
f 1646 1647 1686
f 1647 1687 1686
f 1647 1648 1687
f 1648 1688 1687
f 1648 1649 1688
f 1649 1689 1688
f 1649 1650 1689
f 1650 1690 1689
f 1650 1651 1690
f 1651 1691 1690
f 1651 1652 1691
f 1652 1692 1691
f 1652 1653 1692
f 1653 1693 1692
f 1653 1654 1693
f 1654 1694 1693
f 1654 1655 1694
f 1655 1695 1694
f 1655 1656 1695
f 1656 1696 1695
f 1656 1657 1696
f 1657 1697 1696
f 1657 1658 1697
f 1658 1698 1697
f 1658 1659 1698
f 1659 1699 1698
f 1659 1660 1699
f 1660 1700 1699
f 1660 1661 1700
f 1661 1701 1700
f 1661 1662 1701
f 1662 1702 1701
f 1662 1663 1702
f 1663 1703 1702
f 1663 1664 1703
f 1664 1704 1703
f 1664 1665 1704
f 1665 1705 1704
f 1665 1666 1705
f 1666 1706 1705
f 1666 1667 1706
f 1667 1707 1706
f 1667 1668 1707
f 1668 1708 1707
f 1668 1669 1708
f 1669 1709 1708
f 1669 1670 1709
f 1670 1710 1709
f 1670 1671 1710
f 1671 1711 1710
f 1671 1672 1711
f 1672 1712 1711
f 1672 1673 1712
f 1673 1713 1712
f 1673 1674 1713
f 1674 1714 1713
f 1674 1675 1714
f 1675 1715 1714
f 1675 1676 1715
f 1676 1716 1715
f 1676 1677 1716
f 1677 1717 1716
f 1677 1678 1717
f 1678 1718 1717
f 1678 1679 1718
f 1679 1719 1718
f 1679 1680 1719
f 1680 1720 1719
f 1680 1681 1720
f 1681 1721 1720
f 1681 1682 1721
f 1682 1722 1721
f 1682 1683 1722
f 1683 1723 1722
f 1683 1644 1723
f 1644 1684 1723
f 1724 1684 1685
f 1724 1685 1686
f 1724 1686 1687
f 1724 1687 1688
f 1724 1688 1689
f 1724 1689 1690
f 1724 1690 1691
f 1724 1691 1692
f 1724 1692 1693
f 1724 1693 1694
f 1724 1694 1695
f 1724 1695 1696
f 1724 1696 1697
f 1724 1697 1698
f 1724 1698 1699
f 1724 1699 1700
f 1724 1700 1701
f 1724 1701 1702
f 1724 1702 1703
f 1724 1703 1704
f 1724 1704 1705
f 1724 1705 1706
f 1724 1706 1707
f 1724 1707 1708
f 1724 1708 1709
f 1724 1709 1710
f 1724 1710 1711
f 1724 1711 1712
f 1724 1712 1713
f 1724 1713 1714
f 1724 1714 1715
f 1724 1715 1716
f 1724 1716 1717
f 1724 1717 1718
f 1724 1718 1719
f 1724 1719 1720
f 1724 1720 1721
f 1724 1721 1722
f 1724 1722 1723
f 1724 1723 1684
f 1725 1726 1759
f 1726 1760 1759
f 1726 1727 1760
f 1727 1761 1760
f 1727 1728 1761
f 1728 1762 1761
f 1728 1729 1762
f 1729 1763 1762
f 1729 1730 1763
f 1730 1764 1763
f 1730 1731 1764
f 1731 1765 1764
f 1731 1732 1765
f 1732 1766 1765
f 1732 1733 1766
f 1733 1767 1766
f 1733 1734 1767
f 1734 1768 1767
f 1734 1735 1768
f 1735 1769 1768
f 1735 1736 1769
f 1736 1770 1769
f 1736 1737 1770
f 1737 1771 1770
f 1737 1738 1771
f 1738 1772 1771
f 1738 1739 1772
f 1739 1773 1772
f 1739 1740 1773
f 1740 1774 1773
f 1740 1741 1774
f 1741 1775 1774
f 1741 1742 1775
f 1742 1776 1775
f 1742 1743 1776
f 1743 1777 1776
f 1743 1744 1777
f 1744 1778 1777
f 1744 1745 1778
f 1745 1779 1778
f 1745 1746 1779
f 1746 1780 1779
f 1746 1747 1780
f 1747 1781 1780
f 1747 1748 1781
f 1748 1782 1781
f 1748 1749 1782
f 1749 1783 1782
f 1749 1750 1783
f 1750 1784 1783
f 1750 1751 1784
f 1751 1785 1784
f 1751 1752 1785
f 1752 1786 1785
f 1752 1753 1786
f 1753 1787 1786
f 1753 1754 1787
f 1754 1788 1787
f 1754 1755 1788
f 1755 1789 1788
f 1755 1756 1789
f 1756 1790 1789
f 1756 1757 1790
f 1757 1791 1790
f 1757 1758 1791
f 1758 1792 1791
f 1758 1725 1792
f 1725 1759 1792
f 1793 1759 1760
f 1793 1760 1761
f 1793 1761 1762
f 1793 1762 1763
f 1793 1763 1764
f 1793 1764 1765
f 1793 1765 1766
f 1793 1766 1767
f 1793 1767 1768
f 1793 1768 1769
f 1793 1769 1770
f 1793 1770 1771
f 1793 1771 1772
f 1793 1772 1773
f 1793 1773 1774
f 1793 1774 1775
f 1793 1775 1776
f 1793 1776 1777
f 1793 1777 1778
f 1793 1778 1779
f 1793 1779 1780
f 1793 1780 1781
f 1793 1781 1782
f 1793 1782 1783
f 1793 1783 1784
f 1793 1784 1785
f 1793 1785 1786
f 1793 1786 1787
f 1793 1787 1788
f 1793 1788 1789
f 1793 1789 1790
f 1793 1790 1791
f 1793 1791 1792
f 1793 1792 1759
f 1794 1795 1812
f 1795 1813 1812
f 1795 1796 1813
f 1796 1814 1813
f 1796 1797 1814
f 1797 1815 1814
f 1797 1798 1815
f 1798 1816 1815
f 1798 1799 1816
f 1799 1817 1816
f 1799 1800 1817
f 1800 1818 1817
f 1800 1801 1818
f 1801 1819 1818
f 1801 1802 1819
f 1802 1820 1819
f 1802 1803 1820
f 1803 1821 1820
f 1803 1804 1821
f 1804 1822 1821
f 1804 1805 1822
f 1805 1823 1822
f 1805 1806 1823
f 1806 1824 1823
f 1806 1807 1824
f 1807 1825 1824
f 1807 1808 1825
f 1808 1826 1825
f 1808 1809 1826
f 1809 1827 1826
f 1809 1810 1827
f 1810 1828 1827
f 1810 1811 1828
f 1811 1829 1828
f 1811 1794 1829
f 1794 1812 1829
f 1830 1812 1813
f 1830 1813 1814
f 1830 1814 1815
f 1830 1815 1816
f 1830 1816 1817
f 1830 1817 1818
f 1830 1818 1819
f 1830 1819 1820
f 1830 1820 1821
f 1830 1821 1822
f 1830 1822 1823
f 1830 1823 1824
f 1830 1824 1825
f 1830 1825 1826
f 1830 1826 1827
f 1830 1827 1828
f 1830 1828 1829
f 1830 1829 1812
f 1831 1832 1840
f 1832 1841 1840
f 1832 1833 1841
f 1833 1842 1841
f 1833 1834 1842
f 1834 1843 1842
f 1834 1835 1843
f 1835 1844 1843
f 1835 1836 1844
f 1836 1845 1844
f 1836 1837 1845
f 1837 1846 1845
f 1837 1838 1846
f 1838 1847 1846
f 1838 1839 1847
f 1839 1848 1847
f 1839 1831 1848
f 1831 1840 1848
f 1849 1840 1841
f 1849 1841 1842
f 1849 1842 1843
f 1849 1843 1844
f 1849 1844 1845
f 1849 1845 1846
f 1849 1846 1847
f 1849 1847 1848
f 1849 1848 1840
f 1850 1851 1864
f 1851 1865 1864
f 1851 1852 1865
f 1852 1866 1865
f 1852 1853 1866
f 1853 1867 1866
f 1853 1854 1867
f 1854 1868 1867
f 1854 1855 1868
f 1855 1869 1868
f 1855 1856 1869
f 1856 1870 1869
f 1856 1857 1870
f 1857 1871 1870
f 1857 1858 1871
f 1858 1872 1871
f 1858 1859 1872
f 1859 1873 1872
f 1859 1860 1873
f 1860 1874 1873
f 1860 1861 1874
f 1861 1875 1874
f 1861 1862 1875
f 1862 1876 1875
f 1862 1863 1876
f 1863 1877 1876
f 1863 1850 1877
f 1850 1864 1877
f 1878 1864 1865
f 1878 1865 1866
f 1878 1866 1867
f 1878 1867 1868
f 1878 1868 1869
f 1878 1869 1870
f 1878 1870 1871
f 1878 1871 1872
f 1878 1872 1873
f 1878 1873 1874
f 1878 1874 1875
f 1878 1875 1876
f 1878 1876 1877
f 1878 1877 1864
f 1879 1880 1895
f 1880 1896 1895
f 1880 1881 1896
f 1881 1897 1896
f 1881 1882 1897
f 1882 1898 1897
f 1882 1883 1898
f 1883 1899 1898
f 1883 1884 1899
f 1884 1900 1899
f 1884 1885 1900
f 1885 1901 1900
f 1885 1886 1901
f 1886 1902 1901
f 1886 1887 1902
f 1887 1903 1902
f 1887 1888 1903
f 1888 1904 1903
f 1888 1889 1904
f 1889 1905 1904
f 1889 1890 1905
f 1890 1906 1905
f 1890 1891 1906
f 1891 1907 1906
f 1891 1892 1907
f 1892 1908 1907
f 1892 1893 1908
f 1893 1909 1908
f 1893 1894 1909
f 1894 1910 1909
f 1894 1879 1910
f 1879 1895 1910
f 1911 1895 1896
f 1911 1896 1897
f 1911 1897 1898
f 1911 1898 1899
f 1911 1899 1900
f 1911 1900 1901
f 1911 1901 1902
f 1911 1902 1903
f 1911 1903 1904
f 1911 1904 1905
f 1911 1905 1906
f 1911 1906 1907
f 1911 1907 1908
f 1911 1908 1909
f 1911 1909 1910
f 1911 1910 1895
f 1912 1913 1933
f 1913 1934 1933
f 1913 1914 1934
f 1914 1935 1934
f 1914 1915 1935
f 1915 1936 1935
f 1915 1916 1936
f 1916 1937 1936
f 1916 1917 1937
f 1917 1938 1937
f 1917 1918 1938
f 1918 1939 1938
f 1918 1919 1939
f 1919 1940 1939
f 1919 1920 1940
f 1920 1941 1940
f 1920 1921 1941
f 1921 1942 1941
f 1921 1922 1942
f 1922 1943 1942
f 1922 1923 1943
f 1923 1944 1943
f 1923 1924 1944
f 1924 1945 1944
f 1924 1925 1945
f 1925 1946 1945
f 1925 1926 1946
f 1926 1947 1946
f 1926 1927 1947
f 1927 1948 1947
f 1927 1928 1948
f 1928 1949 1948
f 1928 1929 1949
f 1929 1950 1949
f 1929 1930 1950
f 1930 1951 1950
f 1930 1931 1951
f 1931 1952 1951
f 1931 1932 1952
f 1932 1953 1952
f 1932 1912 1953
f 1912 1933 1953
f 1954 1933 1934
f 1954 1934 1935
f 1954 1935 1936
f 1954 1936 1937
f 1954 1937 1938
f 1954 1938 1939
f 1954 1939 1940
f 1954 1940 1941
f 1954 1941 1942
f 1954 1942 1943
f 1954 1943 1944
f 1954 1944 1945
f 1954 1945 1946
f 1954 1946 1947
f 1954 1947 1948
f 1954 1948 1949
f 1954 1949 1950
f 1954 1950 1951
f 1954 1951 1952
f 1954 1952 1953
f 1954 1953 1933
f 1955 1956 1969
f 1956 1970 1969
f 1956 1957 1970
f 1957 1971 1970
f 1957 1958 1971
f 1958 1972 1971
f 1958 1959 1972
f 1959 1973 1972
f 1959 1960 1973
f 1960 1974 1973
f 1960 1961 1974
f 1961 1975 1974
f 1961 1962 1975
f 1962 1976 1975
f 1962 1963 1976
f 1963 1977 1976
f 1963 1964 1977
f 1964 1978 1977
f 1964 1965 1978
f 1965 1979 1978
f 1965 1966 1979
f 1966 1980 1979
f 1966 1967 1980
f 1967 1981 1980
f 1967 1968 1981
f 1968 1982 1981
f 1968 1955 1982
f 1955 1969 1982
f 1983 1969 1970
f 1983 1970 1971
f 1983 1971 1972
f 1983 1972 1973
f 1983 1973 1974
f 1983 1974 1975
f 1983 1975 1976
f 1983 1976 1977
f 1983 1977 1978
f 1983 1978 1979
f 1983 1979 1980
f 1983 1980 1981
f 1983 1981 1982
f 1983 1982 1969
f 1984 1985 1992
f 1985 1993 1992
f 1985 1986 1993
f 1986 1994 1993
f 1986 1987 1994
f 1987 1995 1994
f 1987 1988 1995
f 1988 1996 1995
f 1988 1989 1996
f 1989 1997 1996
f 1989 1990 1997
f 1990 1998 1997
f 1990 1991 1998
f 1991 1999 1998
f 1991 1984 1999
f 1984 1992 1999
f 2000 1992 1993
f 2000 1993 1994
f 2000 1994 1995
f 2000 1995 1996
f 2000 1996 1997
f 2000 1997 1998
f 2000 1998 1999
f 2000 1999 1992
f 2001 2002 2009
f 2002 2010 2009
f 2002 2003 2010
f 2003 2011 2010
f 2003 2004 2011
f 2004 2012 2011
f 2004 2005 2012
f 2005 2013 2012
f 2005 2006 2013
f 2006 2014 2013
f 2006 2007 2014
f 2007 2015 2014
f 2007 2008 2015
f 2008 2016 2015
f 2008 2001 2016
f 2001 2009 2016
f 2017 2009 2010
f 2017 2010 2011
f 2017 2011 2012
f 2017 2012 2013
f 2017 2013 2014
f 2017 2014 2015
f 2017 2015 2016
f 2017 2016 2009
f 2018 2019 2022
f 2019 2023 2022
f 2019 2020 2023
f 2020 2024 2023
f 2020 2021 2024
f 2021 2025 2024
f 2021 2018 2025
f 2018 2022 2025
f 2026 2022 2023
f 2026 2023 2024
f 2026 2024 2025
f 2026 2025 2022
f 2027 2028 2035
f 2028 2036 2035
f 2028 2029 2036
f 2029 2037 2036
f 2029 2030 2037
f 2030 2038 2037
f 2030 2031 2038
f 2031 2039 2038
f 2031 2032 2039
f 2032 2040 2039
f 2032 2033 2040
f 2033 2041 2040
f 2033 2034 2041
f 2034 2042 2041
f 2034 2027 2042
f 2027 2035 2042
f 2043 2035 2036
f 2043 2036 2037
f 2043 2037 2038
f 2043 2038 2039
f 2043 2039 2040
f 2043 2040 2041
f 2043 2041 2042
f 2043 2042 2035
f 2044 2045 2077
f 2045 2078 2077
f 2045 2046 2078
f 2046 2079 2078
f 2046 2047 2079
f 2047 2080 2079
f 2047 2048 2080
f 2048 2081 2080
f 2048 2049 2081
f 2049 2082 2081
f 2049 2050 2082
f 2050 2083 2082
f 2050 2051 2083
f 2051 2084 2083
f 2051 2052 2084
f 2052 2085 2084
f 2052 2053 2085
f 2053 2086 2085
f 2053 2054 2086
f 2054 2087 2086
f 2054 2055 2087
f 2055 2088 2087
f 2055 2056 2088
f 2056 2089 2088
f 2056 2057 2089
f 2057 2090 2089
f 2057 2058 2090
f 2058 2091 2090
f 2058 2059 2091
f 2059 2092 2091
f 2059 2060 2092
f 2060 2093 2092
f 2060 2061 2093
f 2061 2094 2093
f 2061 2062 2094
f 2062 2095 2094
f 2062 2063 2095
f 2063 2096 2095
f 2063 2064 2096
f 2064 2097 2096
f 2064 2065 2097
f 2065 2098 2097
f 2065 2066 2098
f 2066 2099 2098
f 2066 2067 2099
f 2067 2100 2099
f 2067 2068 2100
f 2068 2101 2100
f 2068 2069 2101
f 2069 2102 2101
f 2069 2070 2102
f 2070 2103 2102
f 2070 2071 2103
f 2071 2104 2103
f 2071 2072 2104
f 2072 2105 2104
f 2072 2073 2105
f 2073 2106 2105
f 2073 2074 2106
f 2074 2107 2106
f 2074 2075 2107
f 2075 2108 2107
f 2075 2076 2108
f 2076 2109 2108
f 2076 2044 2109
f 2044 2077 2109
f 2110 2077 2078
f 2110 2078 2079
f 2110 2079 2080
f 2110 2080 2081
f 2110 2081 2082
f 2110 2082 2083
f 2110 2083 2084
f 2110 2084 2085
f 2110 2085 2086
f 2110 2086 2087
f 2110 2087 2088
f 2110 2088 2089
f 2110 2089 2090
f 2110 2090 2091
f 2110 2091 2092
f 2110 2092 2093
f 2110 2093 2094
f 2110 2094 2095
f 2110 2095 2096
f 2110 2096 2097
f 2110 2097 2098
f 2110 2098 2099
f 2110 2099 2100
f 2110 2100 2101
f 2110 2101 2102
f 2110 2102 2103
f 2110 2103 2104
f 2110 2104 2105
f 2110 2105 2106
f 2110 2106 2107
f 2110 2107 2108
f 2110 2108 2109
f 2110 2109 2077
f 2111 2112 2116
f 2112 2117 2116
f 2112 2113 2117
f 2113 2118 2117
f 2113 2114 2118
f 2114 2119 2118
f 2114 2115 2119
f 2115 2120 2119
f 2115 2111 2120
f 2111 2116 2120
f 2121 2116 2117
f 2121 2117 2118
f 2121 2118 2119
f 2121 2119 2120
f 2121 2120 2116
f 2122 2123 2126
f 2123 2127 2126
f 2123 2124 2127
f 2124 2128 2127
f 2124 2125 2128
f 2125 2129 2128
f 2125 2122 2129
f 2122 2126 2129
f 2130 2126 2127
f 2130 2127 2128
f 2130 2128 2129
f 2130 2129 2126
f 2131 2132 2135
f 2132 2136 2135
f 2132 2133 2136
f 2133 2137 2136
f 2133 2134 2137
f 2134 2138 2137
f 2134 2131 2138
f 2131 2135 2138
f 2139 2135 2136
f 2139 2136 2137
f 2139 2137 2138
f 2139 2138 2135
f 2140 2141 2144
f 2141 2145 2144
f 2141 2142 2145
f 2142 2146 2145
f 2142 2143 2146
f 2143 2147 2146
f 2143 2140 2147
f 2140 2144 2147
f 2148 2144 2145
f 2148 2145 2146
f 2148 2146 2147
f 2148 2147 2144
f 2149 2150 2153
f 2150 2154 2153
f 2150 2151 2154
f 2151 2155 2154
f 2151 2152 2155
f 2152 2156 2155
f 2152 2149 2156
f 2149 2153 2156
f 2157 2153 2154
f 2157 2154 2155
f 2157 2155 2156
f 2157 2156 2153
f 2158 2159 2162
f 2159 2163 2162
f 2159 2160 2163
f 2160 2164 2163
f 2160 2161 2164
f 2161 2165 2164
f 2161 2158 2165
f 2158 2162 2165
f 2166 2162 2163
f 2166 2163 2164
f 2166 2164 2165
f 2166 2165 2162
f 2167 2168 2171
f 2168 2172 2171
f 2168 2169 2172
f 2169 2173 2172
f 2169 2170 2173
f 2170 2174 2173
f 2170 2167 2174
f 2167 2171 2174
f 2175 2171 2172
f 2175 2172 2173
f 2175 2173 2174
f 2175 2174 2171
f 2176 2177 2182
f 2177 2183 2182
f 2177 2178 2183
f 2178 2184 2183
f 2178 2179 2184
f 2179 2185 2184
f 2179 2180 2185
f 2180 2186 2185
f 2180 2181 2186
f 2181 2187 2186
f 2181 2176 2187
f 2176 2182 2187
f 2188 2182 2183
f 2188 2183 2184
f 2188 2184 2185
f 2188 2185 2186
f 2188 2186 2187
f 2188 2187 2182
f 2189 2190 2193
f 2190 2194 2193
f 2190 2191 2194
f 2191 2195 2194
f 2191 2192 2195
f 2192 2196 2195
f 2192 2189 2196
f 2189 2193 2196
f 2197 2193 2194
f 2197 2194 2195
f 2197 2195 2196
f 2197 2196 2193
f 2198 2199 2202
f 2199 2203 2202
f 2199 2200 2203
f 2200 2204 2203
f 2200 2201 2204
f 2201 2205 2204
f 2201 2198 2205
f 2198 2202 2205
f 2206 2202 2203
f 2206 2203 2204
f 2206 2204 2205
f 2206 2205 2202
f 2207 2208 2211
f 2208 2212 2211
f 2208 2209 2212
f 2209 2213 2212
f 2209 2210 2213
f 2210 2214 2213
f 2210 2207 2214
f 2207 2211 2214
f 2215 2211 2212
f 2215 2212 2213
f 2215 2213 2214
f 2215 2214 2211
f 2216 2217 2220
f 2217 2221 2220
f 2217 2218 2221
f 2218 2222 2221
f 2218 2219 2222
f 2219 2223 2222
f 2219 2216 2223
f 2216 2220 2223
f 2224 2220 2221
f 2224 2221 2222
f 2224 2222 2223
f 2224 2223 2220
f 2225 2226 2229
f 2226 2230 2229
f 2226 2227 2230
f 2227 2231 2230
f 2227 2228 2231
f 2228 2232 2231
f 2228 2225 2232
f 2225 2229 2232
f 2233 2229 2230
f 2233 2230 2231
f 2233 2231 2232
f 2233 2232 2229
f 2234 2235 2238
f 2235 2239 2238
f 2235 2236 2239
f 2236 2240 2239
f 2236 2237 2240
f 2237 2241 2240
f 2237 2234 2241
f 2234 2238 2241
f 2242 2238 2239
f 2242 2239 2240
f 2242 2240 2241
f 2242 2241 2238
f 2243 2244 2248
f 2244 2249 2248
f 2244 2245 2249
f 2245 2250 2249
f 2245 2246 2250
f 2246 2251 2250
f 2246 2247 2251
f 2247 2252 2251
f 2247 2243 2252
f 2243 2248 2252
f 2253 2248 2249
f 2253 2249 2250
f 2253 2250 2251
f 2253 2251 2252
f 2253 2252 2248
f 2254 2255 2258
f 2255 2259 2258
f 2255 2256 2259
f 2256 2260 2259
f 2256 2257 2260
f 2257 2261 2260
f 2257 2254 2261
f 2254 2258 2261
f 2262 2258 2259
f 2262 2259 2260
f 2262 2260 2261
f 2262 2261 2258
f 2263 2264 2267
f 2264 2268 2267
f 2264 2265 2268
f 2265 2269 2268
f 2265 2266 2269
f 2266 2270 2269
f 2266 2263 2270
f 2263 2267 2270
f 2271 2267 2268
f 2271 2268 2269
f 2271 2269 2270
f 2271 2270 2267
f 2272 2273 2277
f 2273 2278 2277
f 2273 2274 2278
f 2274 2279 2278
f 2274 2275 2279
f 2275 2280 2279
f 2275 2276 2280
f 2276 2281 2280
f 2276 2272 2281
f 2272 2277 2281
f 2282 2277 2278
f 2282 2278 2279
f 2282 2279 2280
f 2282 2280 2281
f 2282 2281 2277
f 2283 2284 2287
f 2284 2288 2287
f 2284 2285 2288
f 2285 2289 2288
f 2285 2286 2289
f 2286 2290 2289
f 2286 2283 2290
f 2283 2287 2290
f 2291 2287 2288
f 2291 2288 2289
f 2291 2289 2290
f 2291 2290 2287
f 2292 2293 2296
f 2293 2297 2296
f 2293 2294 2297
f 2294 2298 2297
f 2294 2295 2298
f 2295 2299 2298
f 2295 2292 2299
f 2292 2296 2299
f 2300 2296 2297
f 2300 2297 2298
f 2300 2298 2299
f 2300 2299 2296
f 2301 2302 2305
f 2302 2306 2305
f 2302 2303 2306
f 2303 2307 2306
f 2303 2304 2307
f 2304 2308 2307
f 2304 2301 2308
f 2301 2305 2308
f 2309 2305 2306
f 2309 2306 2307
f 2309 2307 2308
f 2309 2308 2305
f 2310 2311 2314
f 2311 2315 2314
f 2311 2312 2315
f 2312 2316 2315
f 2312 2313 2316
f 2313 2317 2316
f 2313 2310 2317
f 2310 2314 2317
f 2318 2314 2315
f 2318 2315 2316
f 2318 2316 2317
f 2318 2317 2314
f 2319 2320 2324
f 2320 2325 2324
f 2320 2321 2325
f 2321 2326 2325
f 2321 2322 2326
f 2322 2327 2326
f 2322 2323 2327
f 2323 2328 2327
f 2323 2319 2328
f 2319 2324 2328
f 2329 2324 2325
f 2329 2325 2326
f 2329 2326 2327
f 2329 2327 2328
f 2329 2328 2324
f 2330 2331 2334
f 2331 2335 2334
f 2331 2332 2335
f 2332 2336 2335
f 2332 2333 2336
f 2333 2337 2336
f 2333 2330 2337
f 2330 2334 2337
f 2338 2334 2335
f 2338 2335 2336
f 2338 2336 2337
f 2338 2337 2334
f 2339 2340 2343
f 2340 2344 2343
f 2340 2341 2344
f 2341 2345 2344
f 2341 2342 2345
f 2342 2346 2345
f 2342 2339 2346
f 2339 2343 2346
f 2347 2343 2344
f 2347 2344 2345
f 2347 2345 2346
f 2347 2346 2343
f 2348 2349 2352
f 2349 2353 2352
f 2349 2350 2353
f 2350 2354 2353
f 2350 2351 2354
f 2351 2355 2354
f 2351 2348 2355
f 2348 2352 2355
f 2356 2352 2353
f 2356 2353 2354
f 2356 2354 2355
f 2356 2355 2352
f 2357 2358 2361
f 2358 2362 2361
f 2358 2359 2362
f 2359 2363 2362
f 2359 2360 2363
f 2360 2364 2363
f 2360 2357 2364
f 2357 2361 2364
f 2365 2361 2362
f 2365 2362 2363
f 2365 2363 2364
f 2365 2364 2361
f 2366 2367 2370
f 2367 2371 2370
f 2367 2368 2371
f 2368 2372 2371
f 2368 2369 2372
f 2369 2373 2372
f 2369 2366 2373
f 2366 2370 2373
f 2374 2370 2371
f 2374 2371 2372
f 2374 2372 2373
f 2374 2373 2370
f 2375 2376 2379
f 2376 2380 2379
f 2376 2377 2380
f 2377 2381 2380
f 2377 2378 2381
f 2378 2382 2381
f 2378 2375 2382
f 2375 2379 2382
f 2383 2379 2380
f 2383 2380 2381
f 2383 2381 2382
f 2383 2382 2379
f 2384 2385 2388
f 2385 2389 2388
f 2385 2386 2389
f 2386 2390 2389
f 2386 2387 2390
f 2387 2391 2390
f 2387 2384 2391
f 2384 2388 2391
f 2392 2388 2389
f 2392 2389 2390
f 2392 2390 2391
f 2392 2391 2388
f 2393 2394 2397
f 2394 2398 2397
f 2394 2395 2398
f 2395 2399 2398
f 2395 2396 2399
f 2396 2400 2399
f 2396 2393 2400
f 2393 2397 2400
f 2401 2397 2398
f 2401 2398 2399
f 2401 2399 2400
f 2401 2400 2397
f 2402 2403 2406
f 2403 2407 2406
f 2403 2404 2407
f 2404 2408 2407
f 2404 2405 2408
f 2405 2409 2408
f 2405 2402 2409
f 2402 2406 2409
f 2410 2406 2407
f 2410 2407 2408
f 2410 2408 2409
f 2410 2409 2406
f 2411 2412 2415
f 2412 2416 2415
f 2412 2413 2416
f 2413 2417 2416
f 2413 2414 2417
f 2414 2418 2417
f 2414 2411 2418
f 2411 2415 2418
f 2419 2415 2416
f 2419 2416 2417
f 2419 2417 2418
f 2419 2418 2415
f 2420 2421 2424
f 2421 2425 2424
f 2421 2422 2425
f 2422 2426 2425
f 2422 2423 2426
f 2423 2427 2426
f 2423 2420 2427
f 2420 2424 2427
f 2428 2424 2425
f 2428 2425 2426
f 2428 2426 2427
f 2428 2427 2424
f 2429 2430 2433
f 2430 2434 2433
f 2430 2431 2434
f 2431 2435 2434
f 2431 2432 2435
f 2432 2436 2435
f 2432 2429 2436
f 2429 2433 2436
f 2437 2433 2434
f 2437 2434 2435
f 2437 2435 2436
f 2437 2436 2433
f 2438 2439 2442
f 2439 2443 2442
f 2439 2440 2443
f 2440 2444 2443
f 2440 2441 2444
f 2441 2445 2444
f 2441 2438 2445
f 2438 2442 2445
f 2446 2442 2443
f 2446 2443 2444
f 2446 2444 2445
f 2446 2445 2442
f 2447 2448 2451
f 2448 2452 2451
f 2448 2449 2452
f 2449 2453 2452
f 2449 2450 2453
f 2450 2454 2453
f 2450 2447 2454
f 2447 2451 2454
f 2455 2451 2452
f 2455 2452 2453
f 2455 2453 2454
f 2455 2454 2451
f 2456 2457 2460
f 2457 2461 2460
f 2457 2458 2461
f 2458 2462 2461
f 2458 2459 2462
f 2459 2463 2462
f 2459 2456 2463
f 2456 2460 2463
f 2464 2460 2461
f 2464 2461 2462
f 2464 2462 2463
f 2464 2463 2460
f 2465 2466 2469
f 2466 2470 2469
f 2466 2467 2470
f 2467 2471 2470
f 2467 2468 2471
f 2468 2472 2471
f 2468 2465 2472
f 2465 2469 2472
f 2473 2469 2470
f 2473 2470 2471
f 2473 2471 2472
f 2473 2472 2469
f 2474 2475 2478
f 2475 2479 2478
f 2475 2476 2479
f 2476 2480 2479
f 2476 2477 2480
f 2477 2481 2480
f 2477 2474 2481
f 2474 2478 2481
f 2482 2478 2479
f 2482 2479 2480
f 2482 2480 2481
f 2482 2481 2478
f 2483 2484 2487
f 2484 2488 2487
f 2484 2485 2488
f 2485 2489 2488
f 2485 2486 2489
f 2486 2490 2489
f 2486 2483 2490
f 2483 2487 2490
f 2491 2487 2488
f 2491 2488 2489
f 2491 2489 2490
f 2491 2490 2487
f 2492 2493 2496
f 2493 2497 2496
f 2493 2494 2497
f 2494 2498 2497
f 2494 2495 2498
f 2495 2499 2498
f 2495 2492 2499
f 2492 2496 2499
f 2500 2496 2497
f 2500 2497 2498
f 2500 2498 2499
f 2500 2499 2496
f 2501 2502 2505
f 2502 2506 2505
f 2502 2503 2506
f 2503 2507 2506
f 2503 2504 2507
f 2504 2508 2507
f 2504 2501 2508
f 2501 2505 2508
f 2509 2505 2506
f 2509 2506 2507
f 2509 2507 2508
f 2509 2508 2505
f 2510 2511 2514
f 2511 2515 2514
f 2511 2512 2515
f 2512 2516 2515
f 2512 2513 2516
f 2513 2517 2516
f 2513 2510 2517
f 2510 2514 2517
f 2518 2514 2515
f 2518 2515 2516
f 2518 2516 2517
f 2518 2517 2514
f 2519 2520 2523
f 2520 2524 2523
f 2520 2521 2524
f 2521 2525 2524
f 2521 2522 2525
f 2522 2526 2525
f 2522 2519 2526
f 2519 2523 2526
f 2527 2523 2524
f 2527 2524 2525
f 2527 2525 2526
f 2527 2526 2523
f 2528 2529 2532
f 2529 2533 2532
f 2529 2530 2533
f 2530 2534 2533
f 2530 2531 2534
f 2531 2535 2534
f 2531 2528 2535
f 2528 2532 2535
f 2536 2532 2533
f 2536 2533 2534
f 2536 2534 2535
f 2536 2535 2532
f 2537 2538 2541
f 2538 2542 2541
f 2538 2539 2542
f 2539 2543 2542
f 2539 2540 2543
f 2540 2544 2543
f 2540 2537 2544
f 2537 2541 2544
f 2545 2541 2542
f 2545 2542 2543
f 2545 2543 2544
f 2545 2544 2541
f 2546 2547 2552
f 2547 2553 2552
f 2547 2548 2553
f 2548 2554 2553
f 2548 2549 2554
f 2549 2555 2554
f 2549 2550 2555
f 2550 2556 2555
f 2550 2551 2556
f 2551 2557 2556
f 2551 2546 2557
f 2546 2552 2557
f 2558 2552 2553
f 2558 2553 2554
f 2558 2554 2555
f 2558 2555 2556
f 2558 2556 2557
f 2558 2557 2552
f 2559 2560 2563
f 2560 2564 2563
f 2560 2561 2564
f 2561 2565 2564
f 2561 2562 2565
f 2562 2566 2565
f 2562 2559 2566
f 2559 2563 2566
f 2567 2563 2564
f 2567 2564 2565
f 2567 2565 2566
f 2567 2566 2563
f 2568 2569 2576
f 2569 2577 2576
f 2569 2570 2577
f 2570 2578 2577
f 2570 2571 2578
f 2571 2579 2578
f 2571 2572 2579
f 2572 2580 2579
f 2572 2573 2580
f 2573 2581 2580
f 2573 2574 2581
f 2574 2582 2581
f 2574 2575 2582
f 2575 2583 2582
f 2575 2568 2583
f 2568 2576 2583
f 2584 2576 2577
f 2584 2577 2578
f 2584 2578 2579
f 2584 2579 2580
f 2584 2580 2581
f 2584 2581 2582
f 2584 2582 2583
f 2584 2583 2576
f 2585 2586 2592
f 2586 2593 2592
f 2586 2587 2593
f 2587 2594 2593
f 2587 2588 2594
f 2588 2595 2594
f 2588 2589 2595
f 2589 2596 2595
f 2589 2590 2596
f 2590 2597 2596
f 2590 2591 2597
f 2591 2598 2597
f 2591 2585 2598
f 2585 2592 2598
f 2599 2592 2593
f 2599 2593 2594
f 2599 2594 2595
f 2599 2595 2596
f 2599 2596 2597
f 2599 2597 2598
f 2599 2598 2592
f 2600 2601 2605
f 2601 2606 2605
f 2601 2602 2606
f 2602 2607 2606
f 2602 2603 2607
f 2603 2608 2607
f 2603 2604 2608
f 2604 2609 2608
f 2604 2600 2609
f 2600 2605 2609
f 2610 2605 2606
f 2610 2606 2607
f 2610 2607 2608
f 2610 2608 2609
f 2610 2609 2605
f 2611 2612 2616
f 2612 2617 2616
f 2612 2613 2617
f 2613 2618 2617
f 2613 2614 2618
f 2614 2619 2618
f 2614 2615 2619
f 2615 2620 2619
f 2615 2611 2620
f 2611 2616 2620
f 2621 2616 2617
f 2621 2617 2618
f 2621 2618 2619
f 2621 2619 2620
f 2621 2620 2616
f 2622 2623 2628
f 2623 2629 2628
f 2623 2624 2629
f 2624 2630 2629
f 2624 2625 2630
f 2625 2631 2630
f 2625 2626 2631
f 2626 2632 2631
f 2626 2627 2632
f 2627 2633 2632
f 2627 2622 2633
f 2622 2628 2633
f 2634 2628 2629
f 2634 2629 2630
f 2634 2630 2631
f 2634 2631 2632
f 2634 2632 2633
f 2634 2633 2628
f 2635 2636 2645
f 2636 2646 2645
f 2636 2637 2646
f 2637 2647 2646
f 2637 2638 2647
f 2638 2648 2647
f 2638 2639 2648
f 2639 2649 2648
f 2639 2640 2649
f 2640 2650 2649
f 2640 2641 2650
f 2641 2651 2650
f 2641 2642 2651
f 2642 2652 2651
f 2642 2643 2652
f 2643 2653 2652
f 2643 2644 2653
f 2644 2654 2653
f 2644 2635 2654
f 2635 2645 2654
f 2655 2645 2646
f 2655 2646 2647
f 2655 2647 2648
f 2655 2648 2649
f 2655 2649 2650
f 2655 2650 2651
f 2655 2651 2652
f 2655 2652 2653
f 2655 2653 2654
f 2655 2654 2645
f 2656 2657 2664
f 2657 2665 2664
f 2657 2658 2665
f 2658 2666 2665
f 2658 2659 2666
f 2659 2667 2666
f 2659 2660 2667
f 2660 2668 2667
f 2660 2661 2668
f 2661 2669 2668
f 2661 2662 2669
f 2662 2670 2669
f 2662 2663 2670
f 2663 2671 2670
f 2663 2656 2671
f 2656 2664 2671
f 2672 2664 2665
f 2672 2665 2666
f 2672 2666 2667
f 2672 2667 2668
f 2672 2668 2669
f 2672 2669 2670
f 2672 2670 2671
f 2672 2671 2664
f 2673 2674 2683
f 2674 2684 2683
f 2674 2675 2684
f 2675 2685 2684
f 2675 2676 2685
f 2676 2686 2685
f 2676 2677 2686
f 2677 2687 2686
f 2677 2678 2687
f 2678 2688 2687
f 2678 2679 2688
f 2679 2689 2688
f 2679 2680 2689
f 2680 2690 2689
f 2680 2681 2690
f 2681 2691 2690
f 2681 2682 2691
f 2682 2692 2691
f 2682 2673 2692
f 2673 2683 2692
f 2693 2683 2684
f 2693 2684 2685
f 2693 2685 2686
f 2693 2686 2687
f 2693 2687 2688
f 2693 2688 2689
f 2693 2689 2690
f 2693 2690 2691
f 2693 2691 2692
f 2693 2692 2683
f 2694 2695 2698
f 2695 2699 2698
f 2695 2696 2699
f 2696 2700 2699
f 2696 2697 2700
f 2697 2701 2700
f 2697 2694 2701
f 2694 2698 2701
f 2702 2698 2699
f 2702 2699 2700
f 2702 2700 2701
f 2702 2701 2698
f 2703 2704 2709
f 2704 2710 2709
f 2704 2705 2710
f 2705 2711 2710
f 2705 2706 2711
f 2706 2712 2711
f 2706 2707 2712
f 2707 2713 2712
f 2707 2708 2713
f 2708 2714 2713
f 2708 2703 2714
f 2703 2709 2714
f 2715 2709 2710
f 2715 2710 2711
f 2715 2711 2712
f 2715 2712 2713
f 2715 2713 2714
f 2715 2714 2709
f 2716 2717 2725
f 2717 2726 2725
f 2717 2718 2726
f 2718 2727 2726
f 2718 2719 2727
f 2719 2728 2727
f 2719 2720 2728
f 2720 2729 2728
f 2720 2721 2729
f 2721 2730 2729
f 2721 2722 2730
f 2722 2731 2730
f 2722 2723 2731
f 2723 2732 2731
f 2723 2724 2732
f 2724 2733 2732
f 2724 2716 2733
f 2716 2725 2733
f 2734 2725 2726
f 2734 2726 2727
f 2734 2727 2728
f 2734 2728 2729
f 2734 2729 2730
f 2734 2730 2731
f 2734 2731 2732
f 2734 2732 2733
f 2734 2733 2725
f 2735 2736 2773
f 2736 2774 2773
f 2736 2737 2774
f 2737 2775 2774
f 2737 2738 2775
f 2738 2776 2775
f 2738 2739 2776
f 2739 2777 2776
f 2739 2740 2777
f 2740 2778 2777
f 2740 2741 2778
f 2741 2779 2778
f 2741 2742 2779
f 2742 2780 2779
f 2742 2743 2780
f 2743 2781 2780
f 2743 2744 2781
f 2744 2782 2781
f 2744 2745 2782
f 2745 2783 2782
f 2745 2746 2783
f 2746 2784 2783
f 2746 2747 2784
f 2747 2785 2784
f 2747 2748 2785
f 2748 2786 2785
f 2748 2749 2786
f 2749 2787 2786
f 2749 2750 2787
f 2750 2788 2787
f 2750 2751 2788
f 2751 2789 2788
f 2751 2752 2789
f 2752 2790 2789
f 2752 2753 2790
f 2753 2791 2790
f 2753 2754 2791
f 2754 2792 2791
f 2754 2755 2792
f 2755 2793 2792
f 2755 2756 2793
f 2756 2794 2793
f 2756 2757 2794
f 2757 2795 2794
f 2757 2758 2795
f 2758 2796 2795
f 2758 2759 2796
f 2759 2797 2796
f 2759 2760 2797
f 2760 2798 2797
f 2760 2761 2798
f 2761 2799 2798
f 2761 2762 2799
f 2762 2800 2799
f 2762 2763 2800
f 2763 2801 2800
f 2763 2764 2801
f 2764 2802 2801
f 2764 2765 2802
f 2765 2803 2802
f 2765 2766 2803
f 2766 2804 2803
f 2766 2767 2804
f 2767 2805 2804
f 2767 2768 2805
f 2768 2806 2805
f 2768 2769 2806
f 2769 2807 2806
f 2769 2770 2807
f 2770 2808 2807
f 2770 2771 2808
f 2771 2809 2808
f 2771 2772 2809
f 2772 2810 2809
f 2772 2735 2810
f 2735 2773 2810
f 2811 2773 2774
f 2811 2774 2775
f 2811 2775 2776
f 2811 2776 2777
f 2811 2777 2778
f 2811 2778 2779
f 2811 2779 2780
f 2811 2780 2781
f 2811 2781 2782
f 2811 2782 2783
f 2811 2783 2784
f 2811 2784 2785
f 2811 2785 2786
f 2811 2786 2787
f 2811 2787 2788
f 2811 2788 2789
f 2811 2789 2790
f 2811 2790 2791
f 2811 2791 2792
f 2811 2792 2793
f 2811 2793 2794
f 2811 2794 2795
f 2811 2795 2796
f 2811 2796 2797
f 2811 2797 2798
f 2811 2798 2799
f 2811 2799 2800
f 2811 2800 2801
f 2811 2801 2802
f 2811 2802 2803
f 2811 2803 2804
f 2811 2804 2805
f 2811 2805 2806
f 2811 2806 2807
f 2811 2807 2808
f 2811 2808 2809
f 2811 2809 2810
f 2811 2810 2773
f 2812 2813 2819
f 2813 2820 2819
f 2813 2814 2820
f 2814 2821 2820
f 2814 2815 2821
f 2815 2822 2821
f 2815 2816 2822
f 2816 2823 2822
f 2816 2817 2823
f 2817 2824 2823
f 2817 2818 2824
f 2818 2825 2824
f 2818 2812 2825
f 2812 2819 2825
f 2826 2819 2820
f 2826 2820 2821
f 2826 2821 2822
f 2826 2822 2823
f 2826 2823 2824
f 2826 2824 2825
f 2826 2825 2819
f 2827 2828 2835
f 2828 2836 2835
f 2828 2829 2836
f 2829 2837 2836
f 2829 2830 2837
f 2830 2838 2837
f 2830 2831 2838
f 2831 2839 2838
f 2831 2832 2839
f 2832 2840 2839
f 2832 2833 2840
f 2833 2841 2840
f 2833 2834 2841
f 2834 2842 2841
f 2834 2827 2842
f 2827 2835 2842
f 2843 2835 2836
f 2843 2836 2837
f 2843 2837 2838
f 2843 2838 2839
f 2843 2839 2840
f 2843 2840 2841
f 2843 2841 2842
f 2843 2842 2835
f 2844 2845 2849
f 2845 2850 2849
f 2845 2846 2850
f 2846 2851 2850
f 2846 2847 2851
f 2847 2852 2851
f 2847 2848 2852
f 2848 2853 2852
f 2848 2844 2853
f 2844 2849 2853
f 2854 2849 2850
f 2854 2850 2851
f 2854 2851 2852
f 2854 2852 2853
f 2854 2853 2849
f 2855 2856 2859
f 2856 2860 2859
f 2856 2857 2860
f 2857 2861 2860
f 2857 2858 2861
f 2858 2862 2861
f 2858 2855 2862
f 2855 2859 2862
f 2863 2859 2860
f 2863 2860 2861
f 2863 2861 2862
f 2863 2862 2859
f 2864 2865 2869
f 2865 2870 2869
f 2865 2866 2870
f 2866 2871 2870
f 2866 2867 2871
f 2867 2872 2871
f 2867 2868 2872
f 2868 2873 2872
f 2868 2864 2873
f 2864 2869 2873
f 2874 2869 2870
f 2874 2870 2871
f 2874 2871 2872
f 2874 2872 2873
f 2874 2873 2869
f 2875 2876 2879
f 2876 2880 2879
f 2876 2877 2880
f 2877 2881 2880
f 2877 2878 2881
f 2878 2882 2881
f 2878 2875 2882
f 2875 2879 2882
f 2883 2879 2880
f 2883 2880 2881
f 2883 2881 2882
f 2883 2882 2879
f 2884 2885 2888
f 2885 2889 2888
f 2885 2886 2889
f 2886 2890 2889
f 2886 2887 2890
f 2887 2891 2890
f 2887 2884 2891
f 2884 2888 2891
f 2892 2888 2889
f 2892 2889 2890
f 2892 2890 2891
f 2892 2891 2888
f 2893 2894 2897
f 2894 2898 2897
f 2894 2895 2898
f 2895 2899 2898
f 2895 2896 2899
f 2896 2900 2899
f 2896 2893 2900
f 2893 2897 2900
f 2901 2897 2898
f 2901 2898 2899
f 2901 2899 2900
f 2901 2900 2897
f 2902 2903 2906
f 2903 2907 2906
f 2903 2904 2907
f 2904 2908 2907
f 2904 2905 2908
f 2905 2909 2908
f 2905 2902 2909
f 2902 2906 2909
f 2910 2906 2907
f 2910 2907 2908
f 2910 2908 2909
f 2910 2909 2906
f 2911 2912 2917
f 2912 2918 2917
f 2912 2913 2918
f 2913 2919 2918
f 2913 2914 2919
f 2914 2920 2919
f 2914 2915 2920
f 2915 2921 2920
f 2915 2916 2921
f 2916 2922 2921
f 2916 2911 2922
f 2911 2917 2922
f 2923 2917 2918
f 2923 2918 2919
f 2923 2919 2920
f 2923 2920 2921
f 2923 2921 2922
f 2923 2922 2917
f 2924 2925 2927
f 2925 2928 2927
f 2925 2926 2928
f 2926 2929 2928
f 2926 2924 2929
f 2924 2927 2929
f 2930 2927 2928
f 2930 2928 2929
f 2930 2929 2927
f 2931 2932 2934
f 2932 2935 2934
f 2932 2933 2935
f 2933 2936 2935
f 2933 2931 2936
f 2931 2934 2936
f 2937 2934 2935
f 2937 2935 2936
f 2937 2936 2934
f 2938 2939 2942
f 2939 2943 2942
f 2939 2940 2943
f 2940 2944 2943
f 2940 2941 2944
f 2941 2945 2944
f 2941 2938 2945
f 2938 2942 2945
f 2946 2942 2943
f 2946 2943 2944
f 2946 2944 2945
f 2946 2945 2942
f 2947 2948 2951
f 2948 2952 2951
f 2948 2949 2952
f 2949 2953 2952
f 2949 2950 2953
f 2950 2954 2953
f 2950 2947 2954
f 2947 2951 2954
f 2955 2951 2952
f 2955 2952 2953
f 2955 2953 2954
f 2955 2954 2951
f 2956 2957 2961
f 2957 2962 2961
f 2957 2958 2962
f 2958 2963 2962
f 2958 2959 2963
f 2959 2964 2963
f 2959 2960 2964
f 2960 2965 2964
f 2960 2956 2965
f 2956 2961 2965
f 2966 2961 2962
f 2966 2962 2963
f 2966 2963 2964
f 2966 2964 2965
f 2966 2965 2961
f 2967 2968 2971
f 2968 2972 2971
f 2968 2969 2972
f 2969 2973 2972
f 2969 2970 2973
f 2970 2974 2973
f 2970 2967 2974
f 2967 2971 2974
f 2975 2971 2972
f 2975 2972 2973
f 2975 2973 2974
f 2975 2974 2971
f 2976 2977 2980
f 2977 2981 2980
f 2977 2978 2981
f 2978 2982 2981
f 2978 2979 2982
f 2979 2983 2982
f 2979 2976 2983
f 2976 2980 2983
f 2984 2980 2981
f 2984 2981 2982
f 2984 2982 2983
f 2984 2983 2980
f 2985 2986 2989
f 2986 2990 2989
f 2986 2987 2990
f 2987 2991 2990
f 2987 2988 2991
f 2988 2992 2991
f 2988 2985 2992
f 2985 2989 2992
f 2993 2989 2990
f 2993 2990 2991
f 2993 2991 2992
f 2993 2992 2989
f 2994 2995 2999
f 2995 3000 2999
f 2995 2996 3000
f 2996 3001 3000
f 2996 2997 3001
f 2997 3002 3001
f 2997 2998 3002
f 2998 3003 3002
f 2998 2994 3003
f 2994 2999 3003
f 3004 2999 3000
f 3004 3000 3001
f 3004 3001 3002
f 3004 3002 3003
f 3004 3003 2999
f 3005 3006 3009
f 3006 3010 3009
f 3006 3007 3010
f 3007 3011 3010
f 3007 3008 3011
f 3008 3012 3011
f 3008 3005 3012
f 3005 3009 3012
f 3013 3009 3010
f 3013 3010 3011
f 3013 3011 3012
f 3013 3012 3009
f 3014 3015 3018
f 3015 3019 3018
f 3015 3016 3019
f 3016 3020 3019
f 3016 3017 3020
f 3017 3021 3020
f 3017 3014 3021
f 3014 3018 3021
f 3022 3018 3019
f 3022 3019 3020
f 3022 3020 3021
f 3022 3021 3018
f 3023 3024 3027
f 3024 3028 3027
f 3024 3025 3028
f 3025 3029 3028
f 3025 3026 3029
f 3026 3030 3029
f 3026 3023 3030
f 3023 3027 3030
f 3031 3027 3028
f 3031 3028 3029
f 3031 3029 3030
f 3031 3030 3027
f 3032 3033 3036
f 3033 3037 3036
f 3033 3034 3037
f 3034 3038 3037
f 3034 3035 3038
f 3035 3039 3038
f 3035 3032 3039
f 3032 3036 3039
f 3040 3036 3037
f 3040 3037 3038
f 3040 3038 3039
f 3040 3039 3036
f 3041 3042 3045
f 3042 3046 3045
f 3042 3043 3046
f 3043 3047 3046
f 3043 3044 3047
f 3044 3048 3047
f 3044 3041 3048
f 3041 3045 3048
f 3049 3045 3046
f 3049 3046 3047
f 3049 3047 3048
f 3049 3048 3045
f 3050 3051 3054
f 3051 3055 3054
f 3051 3052 3055
f 3052 3056 3055
f 3052 3053 3056
f 3053 3057 3056
f 3053 3050 3057
f 3050 3054 3057
f 3058 3054 3055
f 3058 3055 3056
f 3058 3056 3057
f 3058 3057 3054
f 3059 3060 3063
f 3060 3064 3063
f 3060 3061 3064
f 3061 3065 3064
f 3061 3062 3065
f 3062 3066 3065
f 3062 3059 3066
f 3059 3063 3066
f 3067 3063 3064
f 3067 3064 3065
f 3067 3065 3066
f 3067 3066 3063
f 3068 3069 3072
f 3069 3073 3072
f 3069 3070 3073
f 3070 3074 3073
f 3070 3071 3074
f 3071 3075 3074
f 3071 3068 3075
f 3068 3072 3075
f 3076 3072 3073
f 3076 3073 3074
f 3076 3074 3075
f 3076 3075 3072
f 3077 3078 3081
f 3078 3082 3081
f 3078 3079 3082
f 3079 3083 3082
f 3079 3080 3083
f 3080 3084 3083
f 3080 3077 3084
f 3077 3081 3084
f 3085 3081 3082
f 3085 3082 3083
f 3085 3083 3084
f 3085 3084 3081
f 3086 3087 3090
f 3087 3091 3090
f 3087 3088 3091
f 3088 3092 3091
f 3088 3089 3092
f 3089 3093 3092
f 3089 3086 3093
f 3086 3090 3093
f 3094 3090 3091
f 3094 3091 3092
f 3094 3092 3093
f 3094 3093 3090
f 3095 3096 3099
f 3096 3100 3099
f 3096 3097 3100
f 3097 3101 3100
f 3097 3098 3101
f 3098 3102 3101
f 3098 3095 3102
f 3095 3099 3102
f 3103 3099 3100
f 3103 3100 3101
f 3103 3101 3102
f 3103 3102 3099
f 3104 3105 3108
f 3105 3109 3108
f 3105 3106 3109
f 3106 3110 3109
f 3106 3107 3110
f 3107 3111 3110
f 3107 3104 3111
f 3104 3108 3111
f 3112 3108 3109
f 3112 3109 3110
f 3112 3110 3111
f 3112 3111 3108
f 3113 3114 3117
f 3114 3118 3117
f 3114 3115 3118
f 3115 3119 3118
f 3115 3116 3119
f 3116 3120 3119
f 3116 3113 3120
f 3113 3117 3120
f 3121 3117 3118
f 3121 3118 3119
f 3121 3119 3120
f 3121 3120 3117
f 3122 3123 3126
f 3123 3127 3126
f 3123 3124 3127
f 3124 3128 3127
f 3124 3125 3128
f 3125 3129 3128
f 3125 3122 3129
f 3122 3126 3129
f 3130 3126 3127
f 3130 3127 3128
f 3130 3128 3129
f 3130 3129 3126
f 3131 3132 3135
f 3132 3136 3135
f 3132 3133 3136
f 3133 3137 3136
f 3133 3134 3137
f 3134 3138 3137
f 3134 3131 3138
f 3131 3135 3138
f 3139 3135 3136
f 3139 3136 3137
f 3139 3137 3138
f 3139 3138 3135
f 3140 3141 3144
f 3141 3145 3144
f 3141 3142 3145
f 3142 3146 3145
f 3142 3143 3146
f 3143 3147 3146
f 3143 3140 3147
f 3140 3144 3147
f 3148 3144 3145
f 3148 3145 3146
f 3148 3146 3147
f 3148 3147 3144
f 3149 3150 3153
f 3150 3154 3153
f 3150 3151 3154
f 3151 3155 3154
f 3151 3152 3155
f 3152 3156 3155
f 3152 3149 3156
f 3149 3153 3156
f 3157 3153 3154
f 3157 3154 3155
f 3157 3155 3156
f 3157 3156 3153
f 3158 3159 3162
f 3159 3163 3162
f 3159 3160 3163
f 3160 3164 3163
f 3160 3161 3164
f 3161 3165 3164
f 3161 3158 3165
f 3158 3162 3165
f 3166 3162 3163
f 3166 3163 3164
f 3166 3164 3165
f 3166 3165 3162
f 3167 3168 3173
f 3168 3174 3173
f 3168 3169 3174
f 3169 3175 3174
f 3169 3170 3175
f 3170 3176 3175
f 3170 3171 3176
f 3171 3177 3176
f 3171 3172 3177
f 3172 3178 3177
f 3172 3167 3178
f 3167 3173 3178
f 3179 3173 3174
f 3179 3174 3175
f 3179 3175 3176
f 3179 3176 3177
f 3179 3177 3178
f 3179 3178 3173
f 3180 3181 3185
f 3181 3186 3185
f 3181 3182 3186
f 3182 3187 3186
f 3182 3183 3187
f 3183 3188 3187
f 3183 3184 3188
f 3184 3189 3188
f 3184 3180 3189
f 3180 3185 3189
f 3190 3185 3186
f 3190 3186 3187
f 3190 3187 3188
f 3190 3188 3189
f 3190 3189 3185
f 3191 3192 3196
f 3192 3197 3196
f 3192 3193 3197
f 3193 3198 3197
f 3193 3194 3198
f 3194 3199 3198
f 3194 3195 3199
f 3195 3200 3199
f 3195 3191 3200
f 3191 3196 3200
f 3201 3196 3197
f 3201 3197 3198
f 3201 3198 3199
f 3201 3199 3200
f 3201 3200 3196
f 3202 3203 3207
f 3203 3208 3207
f 3203 3204 3208
f 3204 3209 3208
f 3204 3205 3209
f 3205 3210 3209
f 3205 3206 3210
f 3206 3211 3210
f 3206 3202 3211
f 3202 3207 3211
f 3212 3207 3208
f 3212 3208 3209
f 3212 3209 3210
f 3212 3210 3211
f 3212 3211 3207
f 3213 3214 3218
f 3214 3219 3218
f 3214 3215 3219
f 3215 3220 3219
f 3215 3216 3220
f 3216 3221 3220
f 3216 3217 3221
f 3217 3222 3221
f 3217 3213 3222
f 3213 3218 3222
f 3223 3218 3219
f 3223 3219 3220
f 3223 3220 3221
f 3223 3221 3222
f 3223 3222 3218
f 3224 3225 3230
f 3225 3231 3230
f 3225 3226 3231
f 3226 3232 3231
f 3226 3227 3232
f 3227 3233 3232
f 3227 3228 3233
f 3228 3234 3233
f 3228 3229 3234
f 3229 3235 3234
f 3229 3224 3235
f 3224 3230 3235
f 3236 3230 3231
f 3236 3231 3232
f 3236 3232 3233
f 3236 3233 3234
f 3236 3234 3235
f 3236 3235 3230
f 3237 3238 3242
f 3238 3243 3242
f 3238 3239 3243
f 3239 3244 3243
f 3239 3240 3244
f 3240 3245 3244
f 3240 3241 3245
f 3241 3246 3245
f 3241 3237 3246
f 3237 3242 3246
f 3247 3242 3243
f 3247 3243 3244
f 3247 3244 3245
f 3247 3245 3246
f 3247 3246 3242
f 3248 3249 3253
f 3249 3254 3253
f 3249 3250 3254
f 3250 3255 3254
f 3250 3251 3255
f 3251 3256 3255
f 3251 3252 3256
f 3252 3257 3256
f 3252 3248 3257
f 3248 3253 3257
f 3258 3253 3254
f 3258 3254 3255
f 3258 3255 3256
f 3258 3256 3257
f 3258 3257 3253
f 3259 3260 3265
f 3260 3266 3265
f 3260 3261 3266
f 3261 3267 3266
f 3261 3262 3267
f 3262 3268 3267
f 3262 3263 3268
f 3263 3269 3268
f 3263 3264 3269
f 3264 3270 3269
f 3264 3259 3270
f 3259 3265 3270
f 3271 3265 3266
f 3271 3266 3267
f 3271 3267 3268
f 3271 3268 3269
f 3271 3269 3270
f 3271 3270 3265
f 3272 3273 3277
f 3273 3278 3277
f 3273 3274 3278
f 3274 3279 3278
f 3274 3275 3279
f 3275 3280 3279
f 3275 3276 3280
f 3276 3281 3280
f 3276 3272 3281
f 3272 3277 3281
f 3282 3277 3278
f 3282 3278 3279
f 3282 3279 3280
f 3282 3280 3281
f 3282 3281 3277
f 3283 3284 3288
f 3284 3289 3288
f 3284 3285 3289
f 3285 3290 3289
f 3285 3286 3290
f 3286 3291 3290
f 3286 3287 3291
f 3287 3292 3291
f 3287 3283 3292
f 3283 3288 3292
f 3293 3288 3289
f 3293 3289 3290
f 3293 3290 3291
f 3293 3291 3292
f 3293 3292 3288
f 3294 3295 3299
f 3295 3300 3299
f 3295 3296 3300
f 3296 3301 3300
f 3296 3297 3301
f 3297 3302 3301
f 3297 3298 3302
f 3298 3303 3302
f 3298 3294 3303
f 3294 3299 3303
f 3304 3299 3300
f 3304 3300 3301
f 3304 3301 3302
f 3304 3302 3303
f 3304 3303 3299
f 3305 3306 3311
f 3306 3312 3311
f 3306 3307 3312
f 3307 3313 3312
f 3307 3308 3313
f 3308 3314 3313
f 3308 3309 3314
f 3309 3315 3314
f 3309 3310 3315
f 3310 3316 3315
f 3310 3305 3316
f 3305 3311 3316
f 3317 3311 3312
f 3317 3312 3313
f 3317 3313 3314
f 3317 3314 3315
f 3317 3315 3316
f 3317 3316 3311
f 3318 3319 3325
f 3319 3326 3325
f 3319 3320 3326
f 3320 3327 3326
f 3320 3321 3327
f 3321 3328 3327
f 3321 3322 3328
f 3322 3329 3328
f 3322 3323 3329
f 3323 3330 3329
f 3323 3324 3330
f 3324 3331 3330
f 3324 3318 3331
f 3318 3325 3331
f 3332 3325 3326
f 3332 3326 3327
f 3332 3327 3328
f 3332 3328 3329
f 3332 3329 3330
f 3332 3330 3331
f 3332 3331 3325
f 3333 3334 3337
f 3334 3338 3337
f 3334 3335 3338
f 3335 3339 3338
f 3335 3336 3339
f 3336 3340 3339
f 3336 3333 3340
f 3333 3337 3340
f 3341 3337 3338
f 3341 3338 3339
f 3341 3339 3340
f 3341 3340 3337
f 3342 3343 3346
f 3343 3347 3346
f 3343 3344 3347
f 3344 3348 3347
f 3344 3345 3348
f 3345 3349 3348
f 3345 3342 3349
f 3342 3346 3349
f 3350 3346 3347
f 3350 3347 3348
f 3350 3348 3349
f 3350 3349 3346
f 3351 3352 3355
f 3352 3356 3355
f 3352 3353 3356
f 3353 3357 3356
f 3353 3354 3357
f 3354 3358 3357
f 3354 3351 3358
f 3351 3355 3358
f 3359 3355 3356
f 3359 3356 3357
f 3359 3357 3358
f 3359 3358 3355
f 3360 3361 3364
f 3361 3365 3364
f 3361 3362 3365
f 3362 3366 3365
f 3362 3363 3366
f 3363 3367 3366
f 3363 3360 3367
f 3360 3364 3367
f 3368 3364 3365
f 3368 3365 3366
f 3368 3366 3367
f 3368 3367 3364
f 3369 3370 3373
f 3370 3374 3373
f 3370 3371 3374
f 3371 3375 3374
f 3371 3372 3375
f 3372 3376 3375
f 3372 3369 3376
f 3369 3373 3376
f 3377 3373 3374
f 3377 3374 3375
f 3377 3375 3376
f 3377 3376 3373
f 3378 3379 3382
f 3379 3383 3382
f 3379 3380 3383
f 3380 3384 3383
f 3380 3381 3384
f 3381 3385 3384
f 3381 3378 3385
f 3378 3382 3385
f 3386 3382 3383
f 3386 3383 3384
f 3386 3384 3385
f 3386 3385 3382
f 3387 3388 3411
f 3388 3412 3411
f 3388 3389 3412
f 3389 3413 3412
f 3389 3390 3413
f 3390 3414 3413
f 3390 3391 3414
f 3391 3415 3414
f 3391 3392 3415
f 3392 3416 3415
f 3392 3393 3416
f 3393 3417 3416
f 3393 3394 3417
f 3394 3418 3417
f 3394 3395 3418
f 3395 3419 3418
f 3395 3396 3419
f 3396 3420 3419
f 3396 3397 3420
f 3397 3421 3420
f 3397 3398 3421
f 3398 3422 3421
f 3398 3399 3422
f 3399 3423 3422
f 3399 3400 3423
f 3400 3424 3423
f 3400 3401 3424
f 3401 3425 3424
f 3401 3402 3425
f 3402 3426 3425
f 3402 3403 3426
f 3403 3427 3426
f 3403 3404 3427
f 3404 3428 3427
f 3404 3405 3428
f 3405 3429 3428
f 3405 3406 3429
f 3406 3430 3429
f 3406 3407 3430
f 3407 3431 3430
f 3407 3408 3431
f 3408 3432 3431
f 3408 3409 3432
f 3409 3433 3432
f 3409 3410 3433
f 3410 3434 3433
f 3410 3387 3434
f 3387 3411 3434
f 3435 3411 3412
f 3435 3412 3413
f 3435 3413 3414
f 3435 3414 3415
f 3435 3415 3416
f 3435 3416 3417
f 3435 3417 3418
f 3435 3418 3419
f 3435 3419 3420
f 3435 3420 3421
f 3435 3421 3422
f 3435 3422 3423
f 3435 3423 3424
f 3435 3424 3425
f 3435 3425 3426
f 3435 3426 3427
f 3435 3427 3428
f 3435 3428 3429
f 3435 3429 3430
f 3435 3430 3431
f 3435 3431 3432
f 3435 3432 3433
f 3435 3433 3434
f 3435 3434 3411
f 3436 3437 3440
f 3437 3441 3440
f 3437 3438 3441
f 3438 3442 3441
f 3438 3439 3442
f 3439 3443 3442
f 3439 3436 3443
f 3436 3440 3443
f 3444 3440 3441
f 3444 3441 3442
f 3444 3442 3443
f 3444 3443 3440
f 3445 3446 3533
f 3446 3534 3533
f 3446 3447 3534
f 3447 3535 3534
f 3447 3448 3535
f 3448 3536 3535
f 3448 3449 3536
f 3449 3537 3536
f 3449 3450 3537
f 3450 3538 3537
f 3450 3451 3538
f 3451 3539 3538
f 3451 3452 3539
f 3452 3540 3539
f 3452 3453 3540
f 3453 3541 3540
f 3453 3454 3541
f 3454 3542 3541
f 3454 3455 3542
f 3455 3543 3542
f 3455 3456 3543
f 3456 3544 3543
f 3456 3457 3544
f 3457 3545 3544
f 3457 3458 3545
f 3458 3546 3545
f 3458 3459 3546
f 3459 3547 3546
f 3459 3460 3547
f 3460 3548 3547
f 3460 3461 3548
f 3461 3549 3548
f 3461 3462 3549
f 3462 3550 3549
f 3462 3463 3550
f 3463 3551 3550
f 3463 3464 3551
f 3464 3552 3551
f 3464 3465 3552
f 3465 3553 3552
f 3465 3466 3553
f 3466 3554 3553
f 3466 3467 3554
f 3467 3555 3554
f 3467 3468 3555
f 3468 3556 3555
f 3468 3469 3556
f 3469 3557 3556
f 3469 3470 3557
f 3470 3558 3557
f 3470 3471 3558
f 3471 3559 3558
f 3471 3472 3559
f 3472 3560 3559
f 3472 3473 3560
f 3473 3561 3560
f 3473 3474 3561
f 3474 3562 3561
f 3474 3475 3562
f 3475 3563 3562
f 3475 3476 3563
f 3476 3564 3563
f 3476 3477 3564
f 3477 3565 3564
f 3477 3478 3565
f 3478 3566 3565
f 3478 3479 3566
f 3479 3567 3566
f 3479 3480 3567
f 3480 3568 3567
f 3480 3481 3568
f 3481 3569 3568
f 3481 3482 3569
f 3482 3570 3569
f 3482 3483 3570
f 3483 3571 3570
f 3483 3484 3571
f 3484 3572 3571
f 3484 3485 3572
f 3485 3573 3572
f 3485 3486 3573
f 3486 3574 3573
f 3486 3487 3574
f 3487 3575 3574
f 3487 3488 3575
f 3488 3576 3575
f 3488 3489 3576
f 3489 3577 3576
f 3489 3490 3577
f 3490 3578 3577
f 3490 3491 3578
f 3491 3579 3578
f 3491 3492 3579
f 3492 3580 3579
f 3492 3493 3580
f 3493 3581 3580
f 3493 3494 3581
f 3494 3582 3581
f 3494 3495 3582
f 3495 3583 3582
f 3495 3496 3583
f 3496 3584 3583
f 3496 3497 3584
f 3497 3585 3584
f 3497 3498 3585
f 3498 3586 3585
f 3498 3499 3586
f 3499 3587 3586
f 3499 3500 3587
f 3500 3588 3587
f 3500 3501 3588
f 3501 3589 3588
f 3501 3502 3589
f 3502 3590 3589
f 3502 3503 3590
f 3503 3591 3590
f 3503 3504 3591
f 3504 3592 3591
f 3504 3505 3592
f 3505 3593 3592
f 3505 3506 3593
f 3506 3594 3593
f 3506 3507 3594
f 3507 3595 3594
f 3507 3508 3595
f 3508 3596 3595
f 3508 3509 3596
f 3509 3597 3596
f 3509 3510 3597
f 3510 3598 3597
f 3510 3511 3598
f 3511 3599 3598
f 3511 3512 3599
f 3512 3600 3599
f 3512 3513 3600
f 3513 3601 3600
f 3513 3514 3601
f 3514 3602 3601
f 3514 3515 3602
f 3515 3603 3602
f 3515 3516 3603
f 3516 3604 3603
f 3516 3517 3604
f 3517 3605 3604
f 3517 3518 3605
f 3518 3606 3605
f 3518 3519 3606
f 3519 3607 3606
f 3519 3520 3607
f 3520 3608 3607
f 3520 3521 3608
f 3521 3609 3608
f 3521 3522 3609
f 3522 3610 3609
f 3522 3523 3610
f 3523 3611 3610
f 3523 3524 3611
f 3524 3612 3611
f 3524 3525 3612
f 3525 3613 3612
f 3525 3526 3613
f 3526 3614 3613
f 3526 3527 3614
f 3527 3615 3614
f 3527 3528 3615
f 3528 3616 3615
f 3528 3529 3616
f 3529 3617 3616
f 3529 3530 3617
f 3530 3618 3617
f 3530 3531 3618
f 3531 3619 3618
f 3531 3532 3619
f 3532 3620 3619
f 3532 3445 3620
f 3445 3533 3620
f 3621 3533 3534
f 3621 3534 3535
f 3621 3535 3536
f 3621 3536 3537
f 3621 3537 3538
f 3621 3538 3539
f 3621 3539 3540
f 3621 3540 3541
f 3621 3541 3542
f 3621 3542 3543
f 3621 3543 3544
f 3621 3544 3545
f 3621 3545 3546
f 3621 3546 3547
f 3621 3547 3548
f 3621 3548 3549
f 3621 3549 3550
f 3621 3550 3551
f 3621 3551 3552
f 3621 3552 3553
f 3621 3553 3554
f 3621 3554 3555
f 3621 3555 3556
f 3621 3556 3557
f 3621 3557 3558
f 3621 3558 3559
f 3621 3559 3560
f 3621 3560 3561
f 3621 3561 3562
f 3621 3562 3563
f 3621 3563 3564
f 3621 3564 3565
f 3621 3565 3566
f 3621 3566 3567
f 3621 3567 3568
f 3621 3568 3569
f 3621 3569 3570
f 3621 3570 3571
f 3621 3571 3572
f 3621 3572 3573
f 3621 3573 3574
f 3621 3574 3575
f 3621 3575 3576
f 3621 3576 3577
f 3621 3577 3578
f 3621 3578 3579
f 3621 3579 3580
f 3621 3580 3581
f 3621 3581 3582
f 3621 3582 3583
f 3621 3583 3584
f 3621 3584 3585
f 3621 3585 3586
f 3621 3586 3587
f 3621 3587 3588
f 3621 3588 3589
f 3621 3589 3590
f 3621 3590 3591
f 3621 3591 3592
f 3621 3592 3593
f 3621 3593 3594
f 3621 3594 3595
f 3621 3595 3596
f 3621 3596 3597
f 3621 3597 3598
f 3621 3598 3599
f 3621 3599 3600
f 3621 3600 3601
f 3621 3601 3602
f 3621 3602 3603
f 3621 3603 3604
f 3621 3604 3605
f 3621 3605 3606
f 3621 3606 3607
f 3621 3607 3608
f 3621 3608 3609
f 3621 3609 3610
f 3621 3610 3611
f 3621 3611 3612
f 3621 3612 3613
f 3621 3613 3614
f 3621 3614 3615
f 3621 3615 3616
f 3621 3616 3617
f 3621 3617 3618
f 3621 3618 3619
f 3621 3619 3620
f 3621 3620 3533
f 3622 3623 3626
f 3623 3627 3626
f 3623 3624 3627
f 3624 3628 3627
f 3624 3625 3628
f 3625 3629 3628
f 3625 3622 3629
f 3622 3626 3629
f 3630 3626 3627
f 3630 3627 3628
f 3630 3628 3629
f 3630 3629 3626
f 3631 3632 3678
f 3632 3679 3678
f 3632 3633 3679
f 3633 3680 3679
f 3633 3634 3680
f 3634 3681 3680
f 3634 3635 3681
f 3635 3682 3681
f 3635 3636 3682
f 3636 3683 3682
f 3636 3637 3683
f 3637 3684 3683
f 3637 3638 3684
f 3638 3685 3684
f 3638 3639 3685
f 3639 3686 3685
f 3639 3640 3686
f 3640 3687 3686
f 3640 3641 3687
f 3641 3688 3687
f 3641 3642 3688
f 3642 3689 3688
f 3642 3643 3689
f 3643 3690 3689
f 3643 3644 3690
f 3644 3691 3690
f 3644 3645 3691
f 3645 3692 3691
f 3645 3646 3692
f 3646 3693 3692
f 3646 3647 3693
f 3647 3694 3693
f 3647 3648 3694
f 3648 3695 3694
f 3648 3649 3695
f 3649 3696 3695
f 3649 3650 3696
f 3650 3697 3696
f 3650 3651 3697
f 3651 3698 3697
f 3651 3652 3698
f 3652 3699 3698
f 3652 3653 3699
f 3653 3700 3699
f 3653 3654 3700
f 3654 3701 3700
f 3654 3655 3701
f 3655 3702 3701
f 3655 3656 3702
f 3656 3703 3702
f 3656 3657 3703
f 3657 3704 3703
f 3657 3658 3704
f 3658 3705 3704
f 3658 3659 3705
f 3659 3706 3705
f 3659 3660 3706
f 3660 3707 3706
f 3660 3661 3707
f 3661 3708 3707
f 3661 3662 3708
f 3662 3709 3708
f 3662 3663 3709
f 3663 3710 3709
f 3663 3664 3710
f 3664 3711 3710
f 3664 3665 3711
f 3665 3712 3711
f 3665 3666 3712
f 3666 3713 3712
f 3666 3667 3713
f 3667 3714 3713
f 3667 3668 3714
f 3668 3715 3714
f 3668 3669 3715
f 3669 3716 3715
f 3669 3670 3716
f 3670 3717 3716
f 3670 3671 3717
f 3671 3718 3717
f 3671 3672 3718
f 3672 3719 3718
f 3672 3673 3719
f 3673 3720 3719
f 3673 3674 3720
f 3674 3721 3720
f 3674 3675 3721
f 3675 3722 3721
f 3675 3676 3722
f 3676 3723 3722
f 3676 3677 3723
f 3677 3724 3723
f 3677 3631 3724
f 3631 3678 3724
f 3725 3678 3679
f 3725 3679 3680
f 3725 3680 3681
f 3725 3681 3682
f 3725 3682 3683
f 3725 3683 3684
f 3725 3684 3685
f 3725 3685 3686
f 3725 3686 3687
f 3725 3687 3688
f 3725 3688 3689
f 3725 3689 3690
f 3725 3690 3691
f 3725 3691 3692
f 3725 3692 3693
f 3725 3693 3694
f 3725 3694 3695
f 3725 3695 3696
f 3725 3696 3697
f 3725 3697 3698
f 3725 3698 3699
f 3725 3699 3700
f 3725 3700 3701
f 3725 3701 3702
f 3725 3702 3703
f 3725 3703 3704
f 3725 3704 3705
f 3725 3705 3706
f 3725 3706 3707
f 3725 3707 3708
f 3725 3708 3709
f 3725 3709 3710
f 3725 3710 3711
f 3725 3711 3712
f 3725 3712 3713
f 3725 3713 3714
f 3725 3714 3715
f 3725 3715 3716
f 3725 3716 3717
f 3725 3717 3718
f 3725 3718 3719
f 3725 3719 3720
f 3725 3720 3721
f 3725 3721 3722
f 3725 3722 3723
f 3725 3723 3724
f 3725 3724 3678
f 3726 3727 3732
f 3727 3733 3732
f 3727 3728 3733
f 3728 3734 3733
f 3728 3729 3734
f 3729 3735 3734
f 3729 3730 3735
f 3730 3736 3735
f 3730 3731 3736
f 3731 3737 3736
f 3731 3726 3737
f 3726 3732 3737
f 3738 3732 3733
f 3738 3733 3734
f 3738 3734 3735
f 3738 3735 3736
f 3738 3736 3737
f 3738 3737 3732
f 3739 3740 3745
f 3740 3746 3745
f 3740 3741 3746
f 3741 3747 3746
f 3741 3742 3747
f 3742 3748 3747
f 3742 3743 3748
f 3743 3749 3748
f 3743 3744 3749
f 3744 3750 3749
f 3744 3739 3750
f 3739 3745 3750
f 3751 3745 3746
f 3751 3746 3747
f 3751 3747 3748
f 3751 3748 3749
f 3751 3749 3750
f 3751 3750 3745
f 3752 3753 3758
f 3753 3759 3758
f 3753 3754 3759
f 3754 3760 3759
f 3754 3755 3760
f 3755 3761 3760
f 3755 3756 3761
f 3756 3762 3761
f 3756 3757 3762
f 3757 3763 3762
f 3757 3752 3763
f 3752 3758 3763
f 3764 3758 3759
f 3764 3759 3760
f 3764 3760 3761
f 3764 3761 3762
f 3764 3762 3763
f 3764 3763 3758
f 3765 3766 3772
f 3766 3773 3772
f 3766 3767 3773
f 3767 3774 3773
f 3767 3768 3774
f 3768 3775 3774
f 3768 3769 3775
f 3769 3776 3775
f 3769 3770 3776
f 3770 3777 3776
f 3770 3771 3777
f 3771 3778 3777
f 3771 3765 3778
f 3765 3772 3778
f 3779 3772 3773
f 3779 3773 3774
f 3779 3774 3775
f 3779 3775 3776
f 3779 3776 3777
f 3779 3777 3778
f 3779 3778 3772
f 3780 3781 3856
f 3781 3857 3856
f 3781 3782 3857
f 3782 3858 3857
f 3782 3783 3858
f 3783 3859 3858
f 3783 3784 3859
f 3784 3860 3859
f 3784 3785 3860
f 3785 3861 3860
f 3785 3786 3861
f 3786 3862 3861
f 3786 3787 3862
f 3787 3863 3862
f 3787 3788 3863
f 3788 3864 3863
f 3788 3789 3864
f 3789 3865 3864
f 3789 3790 3865
f 3790 3866 3865
f 3790 3791 3866
f 3791 3867 3866
f 3791 3792 3867
f 3792 3868 3867
f 3792 3793 3868
f 3793 3869 3868
f 3793 3794 3869
f 3794 3870 3869
f 3794 3795 3870
f 3795 3871 3870
f 3795 3796 3871
f 3796 3872 3871
f 3796 3797 3872
f 3797 3873 3872
f 3797 3798 3873
f 3798 3874 3873
f 3798 3799 3874
f 3799 3875 3874
f 3799 3800 3875
f 3800 3876 3875
f 3800 3801 3876
f 3801 3877 3876
f 3801 3802 3877
f 3802 3878 3877
f 3802 3803 3878
f 3803 3879 3878
f 3803 3804 3879
f 3804 3880 3879
f 3804 3805 3880
f 3805 3881 3880
f 3805 3806 3881
f 3806 3882 3881
f 3806 3807 3882
f 3807 3883 3882
f 3807 3808 3883
f 3808 3884 3883
f 3808 3809 3884
f 3809 3885 3884
f 3809 3810 3885
f 3810 3886 3885
f 3810 3811 3886
f 3811 3887 3886
f 3811 3812 3887
f 3812 3888 3887
f 3812 3813 3888
f 3813 3889 3888
f 3813 3814 3889
f 3814 3890 3889
f 3814 3815 3890
f 3815 3891 3890
f 3815 3816 3891
f 3816 3892 3891
f 3816 3817 3892
f 3817 3893 3892
f 3817 3818 3893
f 3818 3894 3893
f 3818 3819 3894
f 3819 3895 3894
f 3819 3820 3895
f 3820 3896 3895
f 3820 3821 3896
f 3821 3897 3896
f 3821 3822 3897
f 3822 3898 3897
f 3822 3823 3898
f 3823 3899 3898
f 3823 3824 3899
f 3824 3900 3899
f 3824 3825 3900
f 3825 3901 3900
f 3825 3826 3901
f 3826 3902 3901
f 3826 3827 3902
f 3827 3903 3902
f 3827 3828 3903
f 3828 3904 3903
f 3828 3829 3904
f 3829 3905 3904
f 3829 3830 3905
f 3830 3906 3905
f 3830 3831 3906
f 3831 3907 3906
f 3831 3832 3907
f 3832 3908 3907
f 3832 3833 3908
f 3833 3909 3908
f 3833 3834 3909
f 3834 3910 3909
f 3834 3835 3910
f 3835 3911 3910
f 3835 3836 3911
f 3836 3912 3911
f 3836 3837 3912
f 3837 3913 3912
f 3837 3838 3913
f 3838 3914 3913
f 3838 3839 3914
f 3839 3915 3914
f 3839 3840 3915
f 3840 3916 3915
f 3840 3841 3916
f 3841 3917 3916
f 3841 3842 3917
f 3842 3918 3917
f 3842 3843 3918
f 3843 3919 3918
f 3843 3844 3919
f 3844 3920 3919
f 3844 3845 3920
f 3845 3921 3920
f 3845 3846 3921
f 3846 3922 3921
f 3846 3847 3922
f 3847 3923 3922
f 3847 3848 3923
f 3848 3924 3923
f 3848 3849 3924
f 3849 3925 3924
f 3849 3850 3925
f 3850 3926 3925
f 3850 3851 3926
f 3851 3927 3926
f 3851 3852 3927
f 3852 3928 3927
f 3852 3853 3928
f 3853 3929 3928
f 3853 3854 3929
f 3854 3930 3929
f 3854 3855 3930
f 3855 3931 3930
f 3855 3780 3931
f 3780 3856 3931
f 3932 3856 3857
f 3932 3857 3858
f 3932 3858 3859
f 3932 3859 3860
f 3932 3860 3861
f 3932 3861 3862
f 3932 3862 3863
f 3932 3863 3864
f 3932 3864 3865
f 3932 3865 3866
f 3932 3866 3867
f 3932 3867 3868
f 3932 3868 3869
f 3932 3869 3870
f 3932 3870 3871
f 3932 3871 3872
f 3932 3872 3873
f 3932 3873 3874
f 3932 3874 3875
f 3932 3875 3876
f 3932 3876 3877
f 3932 3877 3878
f 3932 3878 3879
f 3932 3879 3880
f 3932 3880 3881
f 3932 3881 3882
f 3932 3882 3883
f 3932 3883 3884
f 3932 3884 3885
f 3932 3885 3886
f 3932 3886 3887
f 3932 3887 3888
f 3932 3888 3889
f 3932 3889 3890
f 3932 3890 3891
f 3932 3891 3892
f 3932 3892 3893
f 3932 3893 3894
f 3932 3894 3895
f 3932 3895 3896
f 3932 3896 3897
f 3932 3897 3898
f 3932 3898 3899
f 3932 3899 3900
f 3932 3900 3901
f 3932 3901 3902
f 3932 3902 3903
f 3932 3903 3904
f 3932 3904 3905
f 3932 3905 3906
f 3932 3906 3907
f 3932 3907 3908
f 3932 3908 3909
f 3932 3909 3910
f 3932 3910 3911
f 3932 3911 3912
f 3932 3912 3913
f 3932 3913 3914
f 3932 3914 3915
f 3932 3915 3916
f 3932 3916 3917
f 3932 3917 3918
f 3932 3918 3919
f 3932 3919 3920
f 3932 3920 3921
f 3932 3921 3922
f 3932 3922 3923
f 3932 3923 3924
f 3932 3924 3925
f 3932 3925 3926
f 3932 3926 3927
f 3932 3927 3928
f 3932 3928 3929
f 3932 3929 3930
f 3932 3930 3931
f 3932 3931 3856
f 3933 3934 3979
f 3934 3980 3979
f 3934 3935 3980
f 3935 3981 3980
f 3935 3936 3981
f 3936 3982 3981
f 3936 3937 3982
f 3937 3983 3982
f 3937 3938 3983
f 3938 3984 3983
f 3938 3939 3984
f 3939 3985 3984
f 3939 3940 3985
f 3940 3986 3985
f 3940 3941 3986
f 3941 3987 3986
f 3941 3942 3987
f 3942 3988 3987
f 3942 3943 3988
f 3943 3989 3988
f 3943 3944 3989
f 3944 3990 3989
f 3944 3945 3990
f 3945 3991 3990
f 3945 3946 3991
f 3946 3992 3991
f 3946 3947 3992
f 3947 3993 3992
f 3947 3948 3993
f 3948 3994 3993
f 3948 3949 3994
f 3949 3995 3994
f 3949 3950 3995
f 3950 3996 3995
f 3950 3951 3996
f 3951 3997 3996
f 3951 3952 3997
f 3952 3998 3997
f 3952 3953 3998
f 3953 3999 3998
f 3953 3954 3999
f 3954 4000 3999
f 3954 3955 4000
f 3955 4001 4000
f 3955 3956 4001
f 3956 4002 4001
f 3956 3957 4002
f 3957 4003 4002
f 3957 3958 4003
f 3958 4004 4003
f 3958 3959 4004
f 3959 4005 4004
f 3959 3960 4005
f 3960 4006 4005
f 3960 3961 4006
f 3961 4007 4006
f 3961 3962 4007
f 3962 4008 4007
f 3962 3963 4008
f 3963 4009 4008
f 3963 3964 4009
f 3964 4010 4009
f 3964 3965 4010
f 3965 4011 4010
f 3965 3966 4011
f 3966 4012 4011
f 3966 3967 4012
f 3967 4013 4012
f 3967 3968 4013
f 3968 4014 4013
f 3968 3969 4014
f 3969 4015 4014
f 3969 3970 4015
f 3970 4016 4015
f 3970 3971 4016
f 3971 4017 4016
f 3971 3972 4017
f 3972 4018 4017
f 3972 3973 4018
f 3973 4019 4018
f 3973 3974 4019
f 3974 4020 4019
f 3974 3975 4020
f 3975 4021 4020
f 3975 3976 4021
f 3976 4022 4021
f 3976 3977 4022
f 3977 4023 4022
f 3977 3978 4023
f 3978 4024 4023
f 3978 3933 4024
f 3933 3979 4024
f 4025 3979 3980
f 4025 3980 3981
f 4025 3981 3982
f 4025 3982 3983
f 4025 3983 3984
f 4025 3984 3985
f 4025 3985 3986
f 4025 3986 3987
f 4025 3987 3988
f 4025 3988 3989
f 4025 3989 3990
f 4025 3990 3991
f 4025 3991 3992
f 4025 3992 3993
f 4025 3993 3994
f 4025 3994 3995
f 4025 3995 3996
f 4025 3996 3997
f 4025 3997 3998
f 4025 3998 3999
f 4025 3999 4000
f 4025 4000 4001
f 4025 4001 4002
f 4025 4002 4003
f 4025 4003 4004
f 4025 4004 4005
f 4025 4005 4006
f 4025 4006 4007
f 4025 4007 4008
f 4025 4008 4009
f 4025 4009 4010
f 4025 4010 4011
f 4025 4011 4012
f 4025 4012 4013
f 4025 4013 4014
f 4025 4014 4015
f 4025 4015 4016
f 4025 4016 4017
f 4025 4017 4018
f 4025 4018 4019
f 4025 4019 4020
f 4025 4020 4021
f 4025 4021 4022
f 4025 4022 4023
f 4025 4023 4024
f 4025 4024 3979
f 4026 4027 4046
f 4027 4047 4046
f 4027 4028 4047
f 4028 4048 4047
f 4028 4029 4048
f 4029 4049 4048
f 4029 4030 4049
f 4030 4050 4049
f 4030 4031 4050
f 4031 4051 4050
f 4031 4032 4051
f 4032 4052 4051
f 4032 4033 4052
f 4033 4053 4052
f 4033 4034 4053
f 4034 4054 4053
f 4034 4035 4054
f 4035 4055 4054
f 4035 4036 4055
f 4036 4056 4055
f 4036 4037 4056
f 4037 4057 4056
f 4037 4038 4057
f 4038 4058 4057
f 4038 4039 4058
f 4039 4059 4058
f 4039 4040 4059
f 4040 4060 4059
f 4040 4041 4060
f 4041 4061 4060
f 4041 4042 4061
f 4042 4062 4061
f 4042 4043 4062
f 4043 4063 4062
f 4043 4044 4063
f 4044 4064 4063
f 4044 4045 4064
f 4045 4065 4064
f 4045 4026 4065
f 4026 4046 4065
f 4066 4046 4047
f 4066 4047 4048
f 4066 4048 4049
f 4066 4049 4050
f 4066 4050 4051
f 4066 4051 4052
f 4066 4052 4053
f 4066 4053 4054
f 4066 4054 4055
f 4066 4055 4056
f 4066 4056 4057
f 4066 4057 4058
f 4066 4058 4059
f 4066 4059 4060
f 4066 4060 4061
f 4066 4061 4062
f 4066 4062 4063
f 4066 4063 4064
f 4066 4064 4065
f 4066 4065 4046
f 4067 4068 4077
f 4068 4078 4077
f 4068 4069 4078
f 4069 4079 4078
f 4069 4070 4079
f 4070 4080 4079
f 4070 4071 4080
f 4071 4081 4080
f 4071 4072 4081
f 4072 4082 4081
f 4072 4073 4082
f 4073 4083 4082
f 4073 4074 4083
f 4074 4084 4083
f 4074 4075 4084
f 4075 4085 4084
f 4075 4076 4085
f 4076 4086 4085
f 4076 4067 4086
f 4067 4077 4086
f 4087 4077 4078
f 4087 4078 4079
f 4087 4079 4080
f 4087 4080 4081
f 4087 4081 4082
f 4087 4082 4083
f 4087 4083 4084
f 4087 4084 4085
f 4087 4085 4086
f 4087 4086 4077
f 4088 4089 4096
f 4089 4097 4096
f 4089 4090 4097
f 4090 4098 4097
f 4090 4091 4098
f 4091 4099 4098
f 4091 4092 4099
f 4092 4100 4099
f 4092 4093 4100
f 4093 4101 4100
f 4093 4094 4101
f 4094 4102 4101
f 4094 4095 4102
f 4095 4103 4102
f 4095 4088 4103
f 4088 4096 4103
f 4104 4096 4097
f 4104 4097 4098
f 4104 4098 4099
f 4104 4099 4100
f 4104 4100 4101
f 4104 4101 4102
f 4104 4102 4103
f 4104 4103 4096
f 4105 4106 4111
f 4106 4112 4111
f 4106 4107 4112
f 4107 4113 4112
f 4107 4108 4113
f 4108 4114 4113
f 4108 4109 4114
f 4109 4115 4114
f 4109 4110 4115
f 4110 4116 4115
f 4110 4105 4116
f 4105 4111 4116
f 4117 4111 4112
f 4117 4112 4113
f 4117 4113 4114
f 4117 4114 4115
f 4117 4115 4116
f 4117 4116 4111
f 4118 4119 4149
f 4119 4150 4149
f 4119 4120 4150
f 4120 4151 4150
f 4120 4121 4151
f 4121 4152 4151
f 4121 4122 4152
f 4122 4153 4152
f 4122 4123 4153
f 4123 4154 4153
f 4123 4124 4154
f 4124 4155 4154
f 4124 4125 4155
f 4125 4156 4155
f 4125 4126 4156
f 4126 4157 4156
f 4126 4127 4157
f 4127 4158 4157
f 4127 4128 4158
f 4128 4159 4158
f 4128 4129 4159
f 4129 4160 4159
f 4129 4130 4160
f 4130 4161 4160
f 4130 4131 4161
f 4131 4162 4161
f 4131 4132 4162
f 4132 4163 4162
f 4132 4133 4163
f 4133 4164 4163
f 4133 4134 4164
f 4134 4165 4164
f 4134 4135 4165
f 4135 4166 4165
f 4135 4136 4166
f 4136 4167 4166
f 4136 4137 4167
f 4137 4168 4167
f 4137 4138 4168
f 4138 4169 4168
f 4138 4139 4169
f 4139 4170 4169
f 4139 4140 4170
f 4140 4171 4170
f 4140 4141 4171
f 4141 4172 4171
f 4141 4142 4172
f 4142 4173 4172
f 4142 4143 4173
f 4143 4174 4173
f 4143 4144 4174
f 4144 4175 4174
f 4144 4145 4175
f 4145 4176 4175
f 4145 4146 4176
f 4146 4177 4176
f 4146 4147 4177
f 4147 4178 4177
f 4147 4148 4178
f 4148 4179 4178
f 4148 4118 4179
f 4118 4149 4179
f 4180 4149 4150
f 4180 4150 4151
f 4180 4151 4152
f 4180 4152 4153
f 4180 4153 4154
f 4180 4154 4155
f 4180 4155 4156
f 4180 4156 4157
f 4180 4157 4158
f 4180 4158 4159
f 4180 4159 4160
f 4180 4160 4161
f 4180 4161 4162
f 4180 4162 4163
f 4180 4163 4164
f 4180 4164 4165
f 4180 4165 4166
f 4180 4166 4167
f 4180 4167 4168
f 4180 4168 4169
f 4180 4169 4170
f 4180 4170 4171
f 4180 4171 4172
f 4180 4172 4173
f 4180 4173 4174
f 4180 4174 4175
f 4180 4175 4176
f 4180 4176 4177
f 4180 4177 4178
f 4180 4178 4179
f 4180 4179 4149
f 4181 4182 4200
f 4182 4201 4200
f 4182 4183 4201
f 4183 4202 4201
f 4183 4184 4202
f 4184 4203 4202
f 4184 4185 4203
f 4185 4204 4203
f 4185 4186 4204
f 4186 4205 4204
f 4186 4187 4205
f 4187 4206 4205
f 4187 4188 4206
f 4188 4207 4206
f 4188 4189 4207
f 4189 4208 4207
f 4189 4190 4208
f 4190 4209 4208
f 4190 4191 4209
f 4191 4210 4209
f 4191 4192 4210
f 4192 4211 4210
f 4192 4193 4211
f 4193 4212 4211
f 4193 4194 4212
f 4194 4213 4212
f 4194 4195 4213
f 4195 4214 4213
f 4195 4196 4214
f 4196 4215 4214
f 4196 4197 4215
f 4197 4216 4215
f 4197 4198 4216
f 4198 4217 4216
f 4198 4199 4217
f 4199 4218 4217
f 4199 4181 4218
f 4181 4200 4218
f 4219 4200 4201
f 4219 4201 4202
f 4219 4202 4203
f 4219 4203 4204
f 4219 4204 4205
f 4219 4205 4206
f 4219 4206 4207
f 4219 4207 4208
f 4219 4208 4209
f 4219 4209 4210
f 4219 4210 4211
f 4219 4211 4212
f 4219 4212 4213
f 4219 4213 4214
f 4219 4214 4215
f 4219 4215 4216
f 4219 4216 4217
f 4219 4217 4218
f 4219 4218 4200
f 4220 4221 4228
f 4221 4229 4228
f 4221 4222 4229
f 4222 4230 4229
f 4222 4223 4230
f 4223 4231 4230
f 4223 4224 4231
f 4224 4232 4231
f 4224 4225 4232
f 4225 4233 4232
f 4225 4226 4233
f 4226 4234 4233
f 4226 4227 4234
f 4227 4235 4234
f 4227 4220 4235
f 4220 4228 4235
f 4236 4228 4229
f 4236 4229 4230
f 4236 4230 4231
f 4236 4231 4232
f 4236 4232 4233
f 4236 4233 4234
f 4236 4234 4235
f 4236 4235 4228
f 4237 4238 4241
f 4238 4242 4241
f 4238 4239 4242
f 4239 4243 4242
f 4239 4240 4243
f 4240 4244 4243
f 4240 4237 4244
f 4237 4241 4244
f 4245 4241 4242
f 4245 4242 4243
f 4245 4243 4244
f 4245 4244 4241
f 4246 4247 4250
f 4247 4251 4250
f 4247 4248 4251
f 4248 4252 4251
f 4248 4249 4252
f 4249 4253 4252
f 4249 4246 4253
f 4246 4250 4253
f 4254 4250 4251
f 4254 4251 4252
f 4254 4252 4253
f 4254 4253 4250
f 4255 4256 4259
f 4256 4260 4259
f 4256 4257 4260
f 4257 4261 4260
f 4257 4258 4261
f 4258 4262 4261
f 4258 4255 4262
f 4255 4259 4262
f 4263 4259 4260
f 4263 4260 4261
f 4263 4261 4262
f 4263 4262 4259
f 4264 4265 4268
f 4265 4269 4268
f 4265 4266 4269
f 4266 4270 4269
f 4266 4267 4270
f 4267 4271 4270
f 4267 4264 4271
f 4264 4268 4271
f 4272 4268 4269
f 4272 4269 4270
f 4272 4270 4271
f 4272 4271 4268
f 4273 4274 4277
f 4274 4278 4277
f 4274 4275 4278
f 4275 4279 4278
f 4275 4276 4279
f 4276 4280 4279
f 4276 4273 4280
f 4273 4277 4280
f 4281 4277 4278
f 4281 4278 4279
f 4281 4279 4280
f 4281 4280 4277
f 4282 4283 4286
f 4283 4287 4286
f 4283 4284 4287
f 4284 4288 4287
f 4284 4285 4288
f 4285 4289 4288
f 4285 4282 4289
f 4282 4286 4289
f 4290 4286 4287
f 4290 4287 4288
f 4290 4288 4289
f 4290 4289 4286
f 4291 4292 4295
f 4292 4296 4295
f 4292 4293 4296
f 4293 4297 4296
f 4293 4294 4297
f 4294 4298 4297
f 4294 4291 4298
f 4291 4295 4298
f 4299 4295 4296
f 4299 4296 4297
f 4299 4297 4298
f 4299 4298 4295
f 4300 4301 4304
f 4301 4305 4304
f 4301 4302 4305
f 4302 4306 4305
f 4302 4303 4306
f 4303 4307 4306
f 4303 4300 4307
f 4300 4304 4307
f 4308 4304 4305
f 4308 4305 4306
f 4308 4306 4307
f 4308 4307 4304
f 4309 4310 4313
f 4310 4314 4313
f 4310 4311 4314
f 4311 4315 4314
f 4311 4312 4315
f 4312 4316 4315
f 4312 4309 4316
f 4309 4313 4316
f 4317 4313 4314
f 4317 4314 4315
f 4317 4315 4316
f 4317 4316 4313
f 4318 4319 4322
f 4319 4323 4322
f 4319 4320 4323
f 4320 4324 4323
f 4320 4321 4324
f 4321 4325 4324
f 4321 4318 4325
f 4318 4322 4325
f 4326 4322 4323
f 4326 4323 4324
f 4326 4324 4325
f 4326 4325 4322
f 4327 4328 4335
f 4328 4336 4335
f 4328 4329 4336
f 4329 4337 4336
f 4329 4330 4337
f 4330 4338 4337
f 4330 4331 4338
f 4331 4339 4338
f 4331 4332 4339
f 4332 4340 4339
f 4332 4333 4340
f 4333 4341 4340
f 4333 4334 4341
f 4334 4342 4341
f 4334 4327 4342
f 4327 4335 4342
f 4343 4335 4336
f 4343 4336 4337
f 4343 4337 4338
f 4343 4338 4339
f 4343 4339 4340
f 4343 4340 4341
f 4343 4341 4342
f 4343 4342 4335
f 4344 4345 4350
f 4345 4351 4350
f 4345 4346 4351
f 4346 4352 4351
f 4346 4347 4352
f 4347 4353 4352
f 4347 4348 4353
f 4348 4354 4353
f 4348 4349 4354
f 4349 4355 4354
f 4349 4344 4355
f 4344 4350 4355
f 4356 4350 4351
f 4356 4351 4352
f 4356 4352 4353
f 4356 4353 4354
f 4356 4354 4355
f 4356 4355 4350
f 4357 4358 4363
f 4358 4364 4363
f 4358 4359 4364
f 4359 4365 4364
f 4359 4360 4365
f 4360 4366 4365
f 4360 4361 4366
f 4361 4367 4366
f 4361 4362 4367
f 4362 4368 4367
f 4362 4357 4368
f 4357 4363 4368
f 4369 4363 4364
f 4369 4364 4365
f 4369 4365 4366
f 4369 4366 4367
f 4369 4367 4368
f 4369 4368 4363
f 4370 4371 4382
f 4371 4383 4382
f 4371 4372 4383
f 4372 4384 4383
f 4372 4373 4384
f 4373 4385 4384
f 4373 4374 4385
f 4374 4386 4385
f 4374 4375 4386
f 4375 4387 4386
f 4375 4376 4387
f 4376 4388 4387
f 4376 4377 4388
f 4377 4389 4388
f 4377 4378 4389
f 4378 4390 4389
f 4378 4379 4390
f 4379 4391 4390
f 4379 4380 4391
f 4380 4392 4391
f 4380 4381 4392
f 4381 4393 4392
f 4381 4370 4393
f 4370 4382 4393
f 4394 4382 4383
f 4394 4383 4384
f 4394 4384 4385
f 4394 4385 4386
f 4394 4386 4387
f 4394 4387 4388
f 4394 4388 4389
f 4394 4389 4390
f 4394 4390 4391
f 4394 4391 4392
f 4394 4392 4393
f 4394 4393 4382
f 4395 4396 4403
f 4396 4404 4403
f 4396 4397 4404
f 4397 4405 4404
f 4397 4398 4405
f 4398 4406 4405
f 4398 4399 4406
f 4399 4407 4406
f 4399 4400 4407
f 4400 4408 4407
f 4400 4401 4408
f 4401 4409 4408
f 4401 4402 4409
f 4402 4410 4409
f 4402 4395 4410
f 4395 4403 4410
f 4411 4403 4404
f 4411 4404 4405
f 4411 4405 4406
f 4411 4406 4407
f 4411 4407 4408
f 4411 4408 4409
f 4411 4409 4410
f 4411 4410 4403
f 4412 4413 4416
f 4413 4417 4416
f 4413 4414 4417
f 4414 4418 4417
f 4414 4415 4418
f 4415 4419 4418
f 4415 4412 4419
f 4412 4416 4419
f 4420 4416 4417
f 4420 4417 4418
f 4420 4418 4419
f 4420 4419 4416
f 4421 4422 4440
f 4422 4441 4440
f 4422 4423 4441
f 4423 4442 4441
f 4423 4424 4442
f 4424 4443 4442
f 4424 4425 4443
f 4425 4444 4443
f 4425 4426 4444
f 4426 4445 4444
f 4426 4427 4445
f 4427 4446 4445
f 4427 4428 4446
f 4428 4447 4446
f 4428 4429 4447
f 4429 4448 4447
f 4429 4430 4448
f 4430 4449 4448
f 4430 4431 4449
f 4431 4450 4449
f 4431 4432 4450
f 4432 4451 4450
f 4432 4433 4451
f 4433 4452 4451
f 4433 4434 4452
f 4434 4453 4452
f 4434 4435 4453
f 4435 4454 4453
f 4435 4436 4454
f 4436 4455 4454
f 4436 4437 4455
f 4437 4456 4455
f 4437 4438 4456
f 4438 4457 4456
f 4438 4439 4457
f 4439 4458 4457
f 4439 4421 4458
f 4421 4440 4458
f 4459 4440 4441
f 4459 4441 4442
f 4459 4442 4443
f 4459 4443 4444
f 4459 4444 4445
f 4459 4445 4446
f 4459 4446 4447
f 4459 4447 4448
f 4459 4448 4449
f 4459 4449 4450
f 4459 4450 4451
f 4459 4451 4452
f 4459 4452 4453
f 4459 4453 4454
f 4459 4454 4455
f 4459 4455 4456
f 4459 4456 4457
f 4459 4457 4458
f 4459 4458 4440
f 4460 4461 4466
f 4461 4467 4466
f 4461 4462 4467
f 4462 4468 4467
f 4462 4463 4468
f 4463 4469 4468
f 4463 4464 4469
f 4464 4470 4469
f 4464 4465 4470
f 4465 4471 4470
f 4465 4460 4471
f 4460 4466 4471
f 4472 4466 4467
f 4472 4467 4468
f 4472 4468 4469
f 4472 4469 4470
f 4472 4470 4471
f 4472 4471 4466
f 4473 4474 4477
f 4474 4478 4477
f 4474 4475 4478
f 4475 4479 4478
f 4475 4476 4479
f 4476 4480 4479
f 4476 4473 4480
f 4473 4477 4480
f 4481 4477 4478
f 4481 4478 4479
f 4481 4479 4480
f 4481 4480 4477
f 4482 4483 4488
f 4483 4489 4488
f 4483 4484 4489
f 4484 4490 4489
f 4484 4485 4490
f 4485 4491 4490
f 4485 4486 4491
f 4486 4492 4491
f 4486 4487 4492
f 4487 4493 4492
f 4487 4482 4493
f 4482 4488 4493
f 4494 4488 4489
f 4494 4489 4490
f 4494 4490 4491
f 4494 4491 4492
f 4494 4492 4493
f 4494 4493 4488
f 4495 4496 4501
f 4496 4502 4501
f 4496 4497 4502
f 4497 4503 4502
f 4497 4498 4503
f 4498 4504 4503
f 4498 4499 4504
f 4499 4505 4504
f 4499 4500 4505
f 4500 4506 4505
f 4500 4495 4506
f 4495 4501 4506
f 4507 4501 4502
f 4507 4502 4503
f 4507 4503 4504
f 4507 4504 4505
f 4507 4505 4506
f 4507 4506 4501
f 4508 4509 4516
f 4509 4517 4516
f 4509 4510 4517
f 4510 4518 4517
f 4510 4511 4518
f 4511 4519 4518
f 4511 4512 4519
f 4512 4520 4519
f 4512 4513 4520
f 4513 4521 4520
f 4513 4514 4521
f 4514 4522 4521
f 4514 4515 4522
f 4515 4523 4522
f 4515 4508 4523
f 4508 4516 4523
f 4524 4516 4517
f 4524 4517 4518
f 4524 4518 4519
f 4524 4519 4520
f 4524 4520 4521
f 4524 4521 4522
f 4524 4522 4523
f 4524 4523 4516
f 4525 4526 4531
f 4526 4532 4531
f 4526 4527 4532
f 4527 4533 4532
f 4527 4528 4533
f 4528 4534 4533
f 4528 4529 4534
f 4529 4535 4534
f 4529 4530 4535
f 4530 4536 4535
f 4530 4525 4536
f 4525 4531 4536
f 4537 4531 4532
f 4537 4532 4533
f 4537 4533 4534
f 4537 4534 4535
f 4537 4535 4536
f 4537 4536 4531
f 4538 4539 4545
f 4539 4546 4545
f 4539 4540 4546
f 4540 4547 4546
f 4540 4541 4547
f 4541 4548 4547
f 4541 4542 4548
f 4542 4549 4548
f 4542 4543 4549
f 4543 4550 4549
f 4543 4544 4550
f 4544 4551 4550
f 4544 4538 4551
f 4538 4545 4551
f 4552 4545 4546
f 4552 4546 4547
f 4552 4547 4548
f 4552 4548 4549
f 4552 4549 4550
f 4552 4550 4551
f 4552 4551 4545
f 4553 4554 4582
f 4554 4583 4582
f 4554 4555 4583
f 4555 4584 4583
f 4555 4556 4584
f 4556 4585 4584
f 4556 4557 4585
f 4557 4586 4585
f 4557 4558 4586
f 4558 4587 4586
f 4558 4559 4587
f 4559 4588 4587
f 4559 4560 4588
f 4560 4589 4588
f 4560 4561 4589
f 4561 4590 4589
f 4561 4562 4590
f 4562 4591 4590
f 4562 4563 4591
f 4563 4592 4591
f 4563 4564 4592
f 4564 4593 4592
f 4564 4565 4593
f 4565 4594 4593
f 4565 4566 4594
f 4566 4595 4594
f 4566 4567 4595
f 4567 4596 4595
f 4567 4568 4596
f 4568 4597 4596
f 4568 4569 4597
f 4569 4598 4597
f 4569 4570 4598
f 4570 4599 4598
f 4570 4571 4599
f 4571 4600 4599
f 4571 4572 4600
f 4572 4601 4600
f 4572 4573 4601
f 4573 4602 4601
f 4573 4574 4602
f 4574 4603 4602
f 4574 4575 4603
f 4575 4604 4603
f 4575 4576 4604
f 4576 4605 4604
f 4576 4577 4605
f 4577 4606 4605
f 4577 4578 4606
f 4578 4607 4606
f 4578 4579 4607
f 4579 4608 4607
f 4579 4580 4608
f 4580 4609 4608
f 4580 4581 4609
f 4581 4610 4609
f 4581 4553 4610
f 4553 4582 4610
f 4611 4582 4583
f 4611 4583 4584
f 4611 4584 4585
f 4611 4585 4586
f 4611 4586 4587
f 4611 4587 4588
f 4611 4588 4589
f 4611 4589 4590
f 4611 4590 4591
f 4611 4591 4592
f 4611 4592 4593
f 4611 4593 4594
f 4611 4594 4595
f 4611 4595 4596
f 4611 4596 4597
f 4611 4597 4598
f 4611 4598 4599
f 4611 4599 4600
f 4611 4600 4601
f 4611 4601 4602
f 4611 4602 4603
f 4611 4603 4604
f 4611 4604 4605
f 4611 4605 4606
f 4611 4606 4607
f 4611 4607 4608
f 4611 4608 4609
f 4611 4609 4610
f 4611 4610 4582
f 4612 4613 4618
f 4613 4619 4618
f 4613 4614 4619
f 4614 4620 4619
f 4614 4615 4620
f 4615 4621 4620
f 4615 4616 4621
f 4616 4622 4621
f 4616 4617 4622
f 4617 4623 4622
f 4617 4612 4623
f 4612 4618 4623
f 4624 4618 4619
f 4624 4619 4620
f 4624 4620 4621
f 4624 4621 4622
f 4624 4622 4623
f 4624 4623 4618
f 4625 4626 4629
f 4626 4630 4629
f 4626 4627 4630
f 4627 4631 4630
f 4627 4628 4631
f 4628 4632 4631
f 4628 4625 4632
f 4625 4629 4632
f 4633 4629 4630
f 4633 4630 4631
f 4633 4631 4632
f 4633 4632 4629
f 4634 4635 4639
f 4635 4640 4639
f 4635 4636 4640
f 4636 4641 4640
f 4636 4637 4641
f 4637 4642 4641
f 4637 4638 4642
f 4638 4643 4642
f 4638 4634 4643
f 4634 4639 4643
f 4644 4639 4640
f 4644 4640 4641
f 4644 4641 4642
f 4644 4642 4643
f 4644 4643 4639
f 4645 4646 4657
f 4646 4658 4657
f 4646 4647 4658
f 4647 4659 4658
f 4647 4648 4659
f 4648 4660 4659
f 4648 4649 4660
f 4649 4661 4660
f 4649 4650 4661
f 4650 4662 4661
f 4650 4651 4662
f 4651 4663 4662
f 4651 4652 4663
f 4652 4664 4663
f 4652 4653 4664
f 4653 4665 4664
f 4653 4654 4665
f 4654 4666 4665
f 4654 4655 4666
f 4655 4667 4666
f 4655 4656 4667
f 4656 4668 4667
f 4656 4645 4668
f 4645 4657 4668
f 4669 4657 4658
f 4669 4658 4659
f 4669 4659 4660
f 4669 4660 4661
f 4669 4661 4662
f 4669 4662 4663
f 4669 4663 4664
f 4669 4664 4665
f 4669 4665 4666
f 4669 4666 4667
f 4669 4667 4668
f 4669 4668 4657
f 4670 4671 4674
f 4671 4675 4674
f 4671 4672 4675
f 4672 4676 4675
f 4672 4673 4676
f 4673 4677 4676
f 4673 4670 4677
f 4670 4674 4677
f 4678 4674 4675
f 4678 4675 4676
f 4678 4676 4677
f 4678 4677 4674
f 4679 4680 4685
f 4680 4686 4685
f 4680 4681 4686
f 4681 4687 4686
f 4681 4682 4687
f 4682 4688 4687
f 4682 4683 4688
f 4683 4689 4688
f 4683 4684 4689
f 4684 4690 4689
f 4684 4679 4690
f 4679 4685 4690
f 4691 4685 4686
f 4691 4686 4687
f 4691 4687 4688
f 4691 4688 4689
f 4691 4689 4690
f 4691 4690 4685
f 4692 4693 4702
f 4693 4703 4702
f 4693 4694 4703
f 4694 4704 4703
f 4694 4695 4704
f 4695 4705 4704
f 4695 4696 4705
f 4696 4706 4705
f 4696 4697 4706
f 4697 4707 4706
f 4697 4698 4707
f 4698 4708 4707
f 4698 4699 4708
f 4699 4709 4708
f 4699 4700 4709
f 4700 4710 4709
f 4700 4701 4710
f 4701 4711 4710
f 4701 4692 4711
f 4692 4702 4711
f 4712 4702 4703
f 4712 4703 4704
f 4712 4704 4705
f 4712 4705 4706
f 4712 4706 4707
f 4712 4707 4708
f 4712 4708 4709
f 4712 4709 4710
f 4712 4710 4711
f 4712 4711 4702
f 4713 4714 4732
f 4714 4733 4732
f 4714 4715 4733
f 4715 4734 4733
f 4715 4716 4734
f 4716 4735 4734
f 4716 4717 4735
f 4717 4736 4735
f 4717 4718 4736
f 4718 4737 4736
f 4718 4719 4737
f 4719 4738 4737
f 4719 4720 4738
f 4720 4739 4738
f 4720 4721 4739
f 4721 4740 4739
f 4721 4722 4740
f 4722 4741 4740
f 4722 4723 4741
f 4723 4742 4741
f 4723 4724 4742
f 4724 4743 4742
f 4724 4725 4743
f 4725 4744 4743
f 4725 4726 4744
f 4726 4745 4744
f 4726 4727 4745
f 4727 4746 4745
f 4727 4728 4746
f 4728 4747 4746
f 4728 4729 4747
f 4729 4748 4747
f 4729 4730 4748
f 4730 4749 4748
f 4730 4731 4749
f 4731 4750 4749
f 4731 4713 4750
f 4713 4732 4750
f 4751 4732 4733
f 4751 4733 4734
f 4751 4734 4735
f 4751 4735 4736
f 4751 4736 4737
f 4751 4737 4738
f 4751 4738 4739
f 4751 4739 4740
f 4751 4740 4741
f 4751 4741 4742
f 4751 4742 4743
f 4751 4743 4744
f 4751 4744 4745
f 4751 4745 4746
f 4751 4746 4747
f 4751 4747 4748
f 4751 4748 4749
f 4751 4749 4750
f 4751 4750 4732
f 4752 4753 4756
f 4753 4757 4756
f 4753 4754 4757
f 4754 4758 4757
f 4754 4755 4758
f 4755 4759 4758
f 4755 4752 4759
f 4752 4756 4759
f 4760 4756 4757
f 4760 4757 4758
f 4760 4758 4759
f 4760 4759 4756
f 4761 4762 4769
f 4762 4770 4769
f 4762 4763 4770
f 4763 4771 4770
f 4763 4764 4771
f 4764 4772 4771
f 4764 4765 4772
f 4765 4773 4772
f 4765 4766 4773
f 4766 4774 4773
f 4766 4767 4774
f 4767 4775 4774
f 4767 4768 4775
f 4768 4776 4775
f 4768 4761 4776
f 4761 4769 4776
f 4777 4769 4770
f 4777 4770 4771
f 4777 4771 4772
f 4777 4772 4773
f 4777 4773 4774
f 4777 4774 4775
f 4777 4775 4776
f 4777 4776 4769
f 4778 4779 4783
f 4779 4784 4783
f 4779 4780 4784
f 4780 4785 4784
f 4780 4781 4785
f 4781 4786 4785
f 4781 4782 4786
f 4782 4787 4786
f 4782 4778 4787
f 4778 4783 4787
f 4788 4783 4784
f 4788 4784 4785
f 4788 4785 4786
f 4788 4786 4787
f 4788 4787 4783
f 4789 4790 4798
f 4790 4799 4798
f 4790 4791 4799
f 4791 4800 4799
f 4791 4792 4800
f 4792 4801 4800
f 4792 4793 4801
f 4793 4802 4801
f 4793 4794 4802
f 4794 4803 4802
f 4794 4795 4803
f 4795 4804 4803
f 4795 4796 4804
f 4796 4805 4804
f 4796 4797 4805
f 4797 4806 4805
f 4797 4789 4806
f 4789 4798 4806
f 4807 4798 4799
f 4807 4799 4800
f 4807 4800 4801
f 4807 4801 4802
f 4807 4802 4803
f 4807 4803 4804
f 4807 4804 4805
f 4807 4805 4806
f 4807 4806 4798
f 4808 4809 4816
f 4809 4817 4816
f 4809 4810 4817
f 4810 4818 4817
f 4810 4811 4818
f 4811 4819 4818
f 4811 4812 4819
f 4812 4820 4819
f 4812 4813 4820
f 4813 4821 4820
f 4813 4814 4821
f 4814 4822 4821
f 4814 4815 4822
f 4815 4823 4822
f 4815 4808 4823
f 4808 4816 4823
f 4824 4816 4817
f 4824 4817 4818
f 4824 4818 4819
f 4824 4819 4820
f 4824 4820 4821
f 4824 4821 4822
f 4824 4822 4823
f 4824 4823 4816
f 4825 4826 4829
f 4826 4830 4829
f 4826 4827 4830
f 4827 4831 4830
f 4827 4828 4831
f 4828 4832 4831
f 4828 4825 4832
f 4825 4829 4832
f 4833 4829 4830
f 4833 4830 4831
f 4833 4831 4832
f 4833 4832 4829
f 4834 4835 4846
f 4835 4847 4846
f 4835 4836 4847
f 4836 4848 4847
f 4836 4837 4848
f 4837 4849 4848
f 4837 4838 4849
f 4838 4850 4849
f 4838 4839 4850
f 4839 4851 4850
f 4839 4840 4851
f 4840 4852 4851
f 4840 4841 4852
f 4841 4853 4852
f 4841 4842 4853
f 4842 4854 4853
f 4842 4843 4854
f 4843 4855 4854
f 4843 4844 4855
f 4844 4856 4855
f 4844 4845 4856
f 4845 4857 4856
f 4845 4834 4857
f 4834 4846 4857
f 4858 4846 4847
f 4858 4847 4848
f 4858 4848 4849
f 4858 4849 4850
f 4858 4850 4851
f 4858 4851 4852
f 4858 4852 4853
f 4858 4853 4854
f 4858 4854 4855
f 4858 4855 4856
f 4858 4856 4857
f 4858 4857 4846
f 4859 4860 4863
f 4860 4864 4863
f 4860 4861 4864
f 4861 4865 4864
f 4861 4862 4865
f 4862 4866 4865
f 4862 4859 4866
f 4859 4863 4866
f 4867 4863 4864
f 4867 4864 4865
f 4867 4865 4866
f 4867 4866 4863
f 4868 4869 4872
f 4869 4873 4872
f 4869 4870 4873
f 4870 4874 4873
f 4870 4871 4874
f 4871 4875 4874
f 4871 4868 4875
f 4868 4872 4875
f 4876 4872 4873
f 4876 4873 4874
f 4876 4874 4875
f 4876 4875 4872
f 4877 4878 4881
f 4878 4882 4881
f 4878 4879 4882
f 4879 4883 4882
f 4879 4880 4883
f 4880 4884 4883
f 4880 4877 4884
f 4877 4881 4884
f 4885 4881 4882
f 4885 4882 4883
f 4885 4883 4884
f 4885 4884 4881
f 4886 4887 4892
f 4887 4893 4892
f 4887 4888 4893
f 4888 4894 4893
f 4888 4889 4894
f 4889 4895 4894
f 4889 4890 4895
f 4890 4896 4895
f 4890 4891 4896
f 4891 4897 4896
f 4891 4886 4897
f 4886 4892 4897
f 4898 4892 4893
f 4898 4893 4894
f 4898 4894 4895
f 4898 4895 4896
f 4898 4896 4897
f 4898 4897 4892
f 4899 4900 4905
f 4900 4906 4905
f 4900 4901 4906
f 4901 4907 4906
f 4901 4902 4907
f 4902 4908 4907
f 4902 4903 4908
f 4903 4909 4908
f 4903 4904 4909
f 4904 4910 4909
f 4904 4899 4910
f 4899 4905 4910
f 4911 4905 4906
f 4911 4906 4907
f 4911 4907 4908
f 4911 4908 4909
f 4911 4909 4910
f 4911 4910 4905
f 4912 4913 4916
f 4913 4917 4916
f 4913 4914 4917
f 4914 4918 4917
f 4914 4915 4918
f 4915 4919 4918
f 4915 4912 4919
f 4912 4916 4919
f 4920 4916 4917
f 4920 4917 4918
f 4920 4918 4919
f 4920 4919 4916
