v -0.14411 0 -1.55847
v 1.85422 0 -1.50281
v 2.75731 0 -12.1227
v -3.42021 0 -12.9019
v -4.5827 0 -1.75885
v -1.94068 0 -1.43602
v -1.74854 0 1.0798
v -4.38095 0 2.69393
v -6.03341 0 0.0222639
v -14.8241 0 5.44352
v -8.29113 0 16.0411
v -3.61236 0 13.158
v -5.4954 0 10.0967
v -2.16165 0 8.03727
v 2.60359 0 15.7628
v 10.1453 0 11.1097
v 6.72514 0 5.55484
v 5.13993 0 2.98336
v 4.86131 0 2.53808
v 10.2126 0 -0.756973
v 12.1149 0 2.31545
v 16.2172 0 -0.222639
v 9.90516 0 -10.464
v 2.99749 0 -6.2005
v 4.93817 0 -3.05015
v 0 0 -0
v -0.14411 10 -1.55847
v 1.85422 10 -1.50281
v 2.75731 10 -12.1227
v -3.42021 10 -12.9019
v -4.5827 10 -1.75885
v -1.94068 10 -1.43602
v -1.74854 10 1.0798
v -4.38095 10 2.69393
v -6.03341 10 0.0222639
v -14.8241 10 5.44352
v -8.29113 10 16.0411
v -3.61236 10 13.158
v -5.4954 10 10.0967
v -2.16165 10 8.03727
v 2.60359 10 15.7628
v 10.1453 10 11.1097
v 6.72514 10 5.55484
v 5.13993 10 2.98336
v 4.86131 10 2.53808
v 10.2126 10 -0.756973
v 12.1149 10 2.31545
v 16.2172 10 -0.222639
v 9.90516 10 -10.464
v 2.99749 10 -6.2005
v 4.93817 10 -3.05015
v 0 10 -0
v 160.318 0 -144.214
v 155.216 0 -124.489
v 166.159 0 -121.661
v 171.26 0 -141.387
v 160.318 6 -144.214
v 155.216 6 -124.489
v 166.159 6 -121.661
v 171.26 6 -141.387
v 208.585 0 -104.774
v 206.529 0 -99.0966
v 228.683 0 -89.8237
v 230.49 0 -95.8795
v 208.585 6 -104.774
v 206.529 6 -99.0966
v 228.683 6 -89.8237
v 230.49 6 -95.8795
v 189.889 0 -127.027
v 188.39 0 -115.795
v 191.638 0 -115.36
v 191.176 0 -111.898
v 198.853 0 -110.874
v 199.41 0 -115.071
v 195.01 0 -115.661
v 195.548 0 -119.646
v 196.105 0 -123.843
v 201.668 0 -123.097
v 209.027 0 -122.117
v 210.679 0 -134.463
v 205.28 0 -135.186
v 204.982 0 -132.96
v 204.828 0 -131.758
v 190.763 0 -133.628
v 189.889 6 -127.027
v 188.39 6 -115.795
v 191.638 6 -115.36
v 191.176 6 -111.898
v 198.853 6 -110.874
v 199.41 6 -115.071
v 195.01 6 -115.661
v 195.548 6 -119.646
v 196.105 6 -123.843
v 201.668 6 -123.097
v 209.027 6 -122.117
v 210.679 6 -134.463
v 205.28 6 -135.186
v 204.982 6 -132.96
v 204.828 6 -131.758
v 190.763 6 -133.628
v 153.602 0 -87.2522
v 146.992 0 -89.2226
v 144.571 0 -81.0963
v 141.516 0 -70.8883
v 160.395 0 -65.2444
v 166.149 0 -84.5249
v 157.695 0 -87.0407
v 153.391 0 -72.6137
v 151.383 0 -73.2148
v 153.833 0 -81.4191
v 152.027 0 -81.9645
v 153.602 3 -87.2522
v 146.992 3 -89.2226
v 144.571 3 -81.0963
v 141.516 3 -70.8883
v 160.395 3 -65.2444
v 166.149 3 -84.5249
v 157.695 3 -87.0407
v 153.391 3 -72.6137
v 151.383 3 -73.2148
v 153.833 3 -81.4191
v 152.027 3 -81.9645
v 85.9184 0 -24.635
v 89.2714 0 -20.7722
v 95.4681 0 -14.9725
v 97.649 0 -18.1896
v 98.2927 0 -19.0913
v 104.989 0 -16.1302
v 107.439 0 -19.993
v 108.467 0 -20.8947
v 112.079 0 -17.9336
v 118.91 0 -25.0135
v 114.395 0 -29.277
v 110.014 0 -33.3958
v 102.933 0 -26.572
v 99.0613 0 -31.0804
v 96.3616 0 -29.021
v 94.1711 0 -31.3364
v 85.9184 9 -24.635
v 89.2714 9 -20.7722
v 95.4681 9 -14.9725
v 97.649 9 -18.1896
v 98.2927 9 -19.0913
v 104.989 9 -16.1302
v 107.439 9 -19.993
v 108.467 9 -20.8947
v 112.079 9 -17.9336
v 118.91 9 -25.0135
v 114.395 9 -29.277
v 110.014 9 -33.3958
v 102.933 9 -26.572
v 99.0613 9 -31.0804
v 96.3616 9 -29.021
v 94.1711 9 -31.3364
v -6.25438 0 -71.1332
v -8.2527 0 -65.6674
v -8.6466 0 -59.8676
v -8.31995 0 -55.092
v -7.12864 0 -51.4185
v -4.96699 0 -48.7245
v -2.71888 0 -46.7208
v -0.912697 0 -45.7523
v 0.912697 0 -44.6169
v 4.30409 0 -42.9248
v 6.31202 0 -41.8784
v -1.86382 0 -26.3493
v 7.10943 0 -21.4735
v 22.3755 0 -50.706
v 21.1746 0 -51.5632
v 23.3458 0 -55.3814
v 40.1298 0 -45.9304
v 23.6341 0 -45.7523
v 23.9511 0 -36.8022
v 36.969 0 -36.9358
v 38.9674 0 -39.5741
v 41.9937 0 -36.8022
v 47.8541 0 -36.613
v 49.7948 0 -40.3422
v 53.8203 0 -38.0156
v 59.2869 0 -47.6002
v 44.2706 0 -56.1607
v 28.9565 0 -64.8881
v 31.099 0 -69.1071
v 24.2393 0 -72.8141
v 21.8663 0 -69.1071
v -6.10066 0 -85.1483
v -11.6921 0 -73.9273
v -6.25438 12 -71.1332
v -8.2527 12 -65.6674
v -8.6466 12 -59.8676
v -8.31995 12 -55.092
v -7.12864 12 -51.4185
v -4.96699 12 -48.7245
v -2.71888 12 -46.7208
v -0.912697 12 -45.7523
v 0.912697 12 -44.6169
v 4.30409 12 -42.9248
v 6.31202 12 -41.8784
v -1.86382 12 -26.3493
v 7.10943 12 -21.4735
v 22.3755 12 -50.706
v 21.1746 12 -51.5632
v 23.3458 12 -55.3814
v 40.1298 12 -45.9304
v 23.6341 12 -45.7523
v 23.9511 12 -36.8022
v 36.969 12 -36.9358
v 38.9674 12 -39.5741
v 41.9937 12 -36.8022
v 47.8541 12 -36.613
v 49.7948 12 -40.3422
v 53.8203 12 -38.0156
v 59.2869 12 -47.6002
v 44.2706 12 -56.1607
v 28.9565 12 -64.8881
v 31.099 12 -69.1071
v 24.2393 12 -72.8141
v 21.8663 12 -69.1071
v -6.10066 12 -85.1483
v -11.6921 12 -73.9273
v -56.5776 0 -132.76
v -61.8616 0 -122.396
v -10.9716 0 -96.4361
v -5.67794 0 -106.8
v -56.5776 6 -132.76
v -61.8616 6 -122.396
v -10.9716 6 -96.4361
v -5.67794 6 -106.8
v 38.8713 0 -5.35447
v 54.8771 0 -5.30994
v 54.8867 0 -8.11519
v 54.8963 0 -12.6125
v 54.9059 0 -15.4511
v 54.9155 0 -21.685
v 40.4949 0 -21.7184
v 38.3045 0 -21.7184
v 38.2948 0 -15.607
v 32.223 0 -15.6293
v 32.2038 0 -11.3323
v 38.8809 0 -11.3212
v 38.8713 10 -5.35447
v 54.8771 10 -5.30994
v 54.8867 10 -8.11519
v 54.8963 10 -12.6125
v 54.9059 10 -15.4511
v 54.9155 10 -21.685
v 40.4949 10 -21.7184
v 38.3045 10 -21.7184
v 38.2948 10 -15.607
v 32.223 10 -15.6293
v 32.2038 10 -11.3323
v 38.8809 10 -11.3212
v 297.059 0 -34.4868
v 291.592 0 -29.5776
v 284.281 0 -17.4883
v 293.485 0 -7.58086
v 303.304 0 -0.879424
v 309.741 0 1.74772
v 319.847 0 -5.09843
v 323.316 0 -8.96122
v 316.869 0 -15.7406
v 318.925 0 -19.8705
v 316.062 0 -24.1007
v 312.411 0 -29.5999
v 304.178 0 -36.2011
v 297.059 10 -34.4868
v 291.592 10 -29.5776
v 284.281 10 -17.4883
v 293.485 10 -7.58086
v 303.304 10 -0.879424
v 309.741 10 1.74772
v 319.847 10 -5.09843
v 323.316 10 -8.96122
v 316.869 10 -15.7406
v 318.925 10 -19.8705
v 316.062 10 -24.1007
v 312.411 10 -29.5999
v 304.178 10 -36.2011
v 737.488 0 19.403
v 743.368 0 15.6293
v 742.811 0 13.9483
v 745.75 0 13.247
v 742.532 0 8.48254
v 739.025 0 10.5865
v 737.911 0 8.20425
v 735.672 0 5.54371
v 731.608 0 8.48254
v 737.488 10 19.403
v 743.368 10 15.6293
v 742.811 10 13.9483
v 745.75 10 13.247
v 742.532 10 8.48254
v 739.025 10 10.5865
v 737.911 10 8.20425
v 735.672 10 5.54371
v 731.608 10 8.48254
v 175.978 0 -58.0642
v 175.209 0 -53.0215
v 171.328 0 -51.9639
v 171.155 0 -52.053
v 170.924 0 -54.0567
v 169.858 0 -55.9937
v 168.128 0 -57.3741
v 166.005 0 -57.9975
v 163.796 0 -57.7526
v 161.864 0 -56.6839
v 160.481 0 -54.9473
v 159.856 0 -52.8211
v 160.106 0 -50.6281
v 161.173 0 -48.68
v 162.902 0 -47.2997
v 165.025 0 -46.6874
v 167.225 0 -46.9323
v 169.166 0 -48.001
v 169.397 0 -47.9008
v 168.004 0 -44.8506
v 157.445 0 -33.8968
v 166.976 0 -25.648
v 178.322 0 -36.2122
v 185.662 0 -46.9768
v 190.763 0 -57.1848
v 189.975 0 -67.1145
v 189.082 0 -72.6916
v 184.98 0 -73.0924
v 176.179 0 -72.9699
v 176.275 0 -66.4355
v 175.978 12 -58.0642
v 175.209 12 -53.0215
v 171.328 12 -51.9639
v 171.155 12 -52.053
v 170.924 12 -54.0567
v 169.858 12 -55.9937
v 168.128 12 -57.3741
v 166.005 12 -57.9975
v 163.796 12 -57.7526
v 161.864 12 -56.6839
v 160.481 12 -54.9473
v 159.856 12 -52.8211
v 160.106 12 -50.6281
v 161.173 12 -48.68
v 162.902 12 -47.2997
v 165.025 12 -46.6874
v 167.225 12 -46.9323
v 169.166 12 -48.001
v 169.397 12 -47.9008
v 168.004 12 -44.8506
v 157.445 12 -33.8968
v 166.976 12 -25.648
v 178.322 12 -36.2122
v 185.662 12 -46.9768
v 190.763 12 -57.1848
v 189.975 12 -67.1145
v 189.082 12 -72.6916
v 184.98 12 -73.0924
v 176.179 12 -72.9699
v 176.275 12 -66.4355
v 143.159 0 -58.1533
v 136.05 0 -49.7264
v 145.782 0 -41.511
v 152.891 0 -49.9491
v 143.159 9 -58.1533
v 136.05 9 -49.7264
v 145.782 9 -41.511
v 152.891 9 -49.9491
v 316.206 0 -62.9289
v 324.296 0 -56.439
v 318.022 0 -48.6244
v 331.953 0 -37.459
v 339.821 0 -47.2774
v 327.034 0 -57.5188
v 334.969 0 -67.4151
v 325.737 0 -74.8067
v 316.206 10 -62.9289
v 324.296 10 -56.439
v 318.022 10 -48.6244
v 331.953 10 -37.459
v 339.821 10 -47.2774
v 327.034 10 -57.5188
v 334.969 10 -67.4151
v 325.737 10 -74.8067
v -95.2471 0 0.389618
v -90.5107 0 -6.95747
v -102.75 0 -14.85
v -107.487 0 -7.50293
v -95.2471 10 0.389618
v -90.5107 10 -6.95747
v -102.75 10 -14.85
v -107.487 10 -7.50293
v -61.8905 0 -14.4715
v -56.3855 0 -20.9503
v -61.8905 0 -25.6257
v -67.3955 0 -19.147
v -61.8905 10 -14.4715
v -56.3855 10 -20.9503
v -61.8905 10 -25.6257
v -67.3955 10 -19.147
v 261.569 0 -80.0498
v 269.515 0 -78.0016
v 270.206 0 -80.6621
v 276.893 0 -78.9367
v 276.201 0 -76.2539
v 284.166 0 -74.1944
v 286.529 0 -83.3115
v 276.365 0 -85.9386
v 272.925 0 -86.8292
v 263.923 0 -89.1558
v 261.569 10 -80.0498
v 269.515 10 -78.0016
v 270.206 10 -80.6621
v 276.893 10 -78.9367
v 276.201 10 -76.2539
v 284.166 10 -74.1944
v 286.529 10 -83.3115
v 276.365 10 -85.9386
v 272.925 10 -86.8292
v 263.923 10 -89.1558
v -64.4748 0 -0.690181
v -59.4214 0 -9.58461
v -66.3002 0 -13.4919
v -68.1737 0 -10.1969
v -71.1231 0 -11.8778
v -74.3128 0 -6.26729
v -64.4748 10 -0.690181
v -59.4214 10 -9.58461
v -66.3002 10 -13.4919
v -68.1737 10 -10.1969
v -71.1231 10 -11.8778
v -74.3128 10 -6.26729
v 91.7405 0 26.405
v 91.8654 0 29.3661
v 96.2559 0 29.1768
v 96.083 0 25.0914
v 98.4752 0 24.9801
v 98.2542 0 19.9039
v 104.124 0 19.6479
v 103.923 0 15.0393
v 101.444 0 15.1506
v 101.098 0 7.16898
v 97.8123 0 7.30256
v 97.6682 0 3.90731
v 91.9422 0 4.16335
v 91.8461 0 1.99262
v 94.6131 0 1.87017
v 94.4882 0 -1.01301
v 91.7981 0 -0.901688
v 91.654 0 -4.15222
v 74.7739 0 -3.41751
v 74.8892 0 -0.890556
v 72.7275 0 -0.790368
v 72.8717 0 2.46016
v 75.36 0 2.34884
v 75.4368 0 4.08543
v 66.8959 0 4.45278
v 67.0976 0 9.11707
v 64.3307 0 9.23952
v 64.5901 0 15.1728
v 62.2171 0 15.2842
v 62.4669 0 21.0616
v 66.4924 0 20.8835
v 66.7134 0 25.904
v 70.4026 0 25.7371
v 70.5659 0 29.4663
v 74.9084 0 29.277
v 74.8123 0 27.1397
v 82.7864 0 26.7946
v 91.7405 12 26.405
v 91.8654 12 29.3661
v 96.2559 12 29.1768
v 96.083 12 25.0914
v 98.4752 12 24.9801
v 98.2542 12 19.9039
v 104.124 12 19.6479
v 103.923 12 15.0393
v 101.444 12 15.1506
v 101.098 12 7.16898
v 97.8123 12 7.30256
v 97.6682 12 3.90731
v 91.9422 12 4.16335
v 91.8461 12 1.99262
v 94.6131 12 1.87017
v 94.4882 12 -1.01301
v 91.7981 12 -0.901688
v 91.654 12 -4.15222
v 74.7739 12 -3.41751
v 74.8892 12 -0.890556
v 72.7275 12 -0.790368
v 72.8717 12 2.46016
v 75.36 12 2.34884
v 75.4368 12 4.08543
v 66.8959 12 4.45278
v 67.0976 12 9.11707
v 64.3307 12 9.23952
v 64.5901 12 15.1728
v 62.2171 12 15.2842
v 62.4669 12 21.0616
v 66.4924 12 20.8835
v 66.7134 12 25.904
v 70.4026 12 25.7371
v 70.5659 12 29.4663
v 74.9084 12 29.277
v 74.8123 12 27.1397
v 82.7864 12 26.7946
v -81.6528 0 8.28217
v -77.4544 0 1.31357
v -85.9953 0 -3.84052
v -90.2033 0 3.13921
v -81.6528 10 8.28217
v -77.4544 10 1.31357
v -85.9953 10 -3.84052
v -90.2033 10 3.13921
v -84.9577 0 40.4869
v -79.1549 0 31.214
v -89.5884 0 26.0599
v -94.8725 0 35.4664
v -84.9577 10 40.4869
v -79.1549 10 31.214
v -89.5884 10 26.0599
v -94.8725 10 35.4664
v -120.86 0 39.5184
v -115.442 0 30.1008
v -124.819 0 24.7018
v -130.247 0 34.1306
v -120.86 10 39.5184
v -115.442 10 30.1008
v -124.819 10 24.7018
v -130.247 10 34.1306
v 389.587 0 81.0295
v 398.925 0 88.243
v 408.687 0 83.5675
v 413.356 0 86.5398
v 424.817 0 80.1723
v 418.87 0 72.5358
v 409.109 0 79.7493
v 398.503 0 72.5358
v 389.587 10 81.0295
v 398.925 10 88.243
v 408.687 10 83.5675
v 413.356 10 86.5398
v 424.817 10 80.1723
v 418.87 10 72.5358
v 409.109 10 79.7493
v 398.503 10 72.5358
v 735.48 0 -29.2214
v 742.955 0 -33.7409
v 736.902 0 -43.0139
v 730.196 0 -38.5054
v 735.48 10 -29.2214
v 742.955 10 -33.7409
v 736.902 10 -43.0139
v 730.196 10 -38.5054
v 722.549 0 -19.2249
v 734.279 0 -26.3716
v 733.126 0 -28.264
v 734.049 0 -28.8206
v 729.456 0 -36.3681
v 716.803 0 -28.6536
v 722.549 10 -19.2249
v 734.279 10 -26.3716
v 733.126 10 -28.264
v 734.049 10 -28.8206
v 729.456 10 -36.3681
v 716.803 10 -28.6536
v 705.736 0 -23.288
v 712.413 0 -28.2195
v 707.542 0 -34.8096
v 700.875 0 -29.8782
v 705.736 10 -23.288
v 712.413 10 -28.2195
v 707.542 10 -34.8096
v 700.875 10 -29.8782
v 756.443 0 -13.1691
v 759.556 0 -15.6181
v 761.871 0 -12.6682
v 766.3 0 -16.1525
v 764.744 0 -18.1339
v 774.284 0 -25.6257
v 769.25 0 -32.0378
v 763.418 0 -27.4514
v 762.4 0 -28.7538
v 751.15 0 -19.9151
v 756.443 10 -13.1691
v 759.556 10 -15.6181
v 761.871 10 -12.6682
v 766.3 10 -16.1525
v 764.744 10 -18.1339
v 774.284 10 -25.6257
v 769.25 10 -32.0378
v 763.418 10 -27.4514
v 762.4 10 -28.7538
v 751.15 10 -19.9151
v 736.921 0 4.40825
v 741.014 0 1.50281
v 733.568 0 -9.00575
v 731.964 0 -7.88142
v 729.264 0 -11.6885
v 726.766 0 -9.91857
v 736.921 10 4.40825
v 741.014 10 1.50281
v 733.568 10 -9.00575
v 731.964 10 -7.88142
v 729.264 10 -11.6885
v 726.766 10 -9.91857
v -39.8705 0 23.8112
v -30.8972 0 38.5611
v -21.6453 0 32.9283
v -23.1921 0 30.3902
v -18.9265 0 27.7965
v -21.53 0 23.5218
v -24.6332 0 25.4031
v -29.4561 0 17.4772
v -39.8705 3 23.8112
v -30.8972 3 38.5611
v -21.6453 3 32.9283
v -23.1921 3 30.3902
v -18.9265 3 27.7965
v -21.53 3 23.5218
v -24.6332 3 25.4031
v -29.4561 3 17.4772
v 391.778 0 158.218
v 390.385 0 159.576
v 397.801 0 167.168
v 413.231 0 182.33
v 417.131 0 178.367
v 426.595 0 168.215
v 425.711 0 165.577
v 430.121 0 161.369
v 428.237 0 159.387
v 431.379 0 156.382
v 421.484 0 146.018
v 423.376 0 144.203
v 412.126 0 132.448
v 406.611 0 137.724
v 403.931 0 134.941
v 400.05 0 138.66
v 396.159 0 134.608
v 390.077 0 140.452
v 392.796 0 143.279
v 390.625 0 145.383
v 392.325 0 147.142
v 386.503 0 152.775
v 391.778 9 158.218
v 390.385 9 159.576
v 397.801 9 167.168
v 413.231 9 182.33
v 417.131 9 178.367
v 426.595 9 168.215
v 425.711 9 165.577
v 430.121 9 161.369
v 428.237 9 159.387
v 431.379 9 156.382
v 421.484 9 146.018
v 423.376 9 144.203
v 412.126 9 132.448
v 406.611 9 137.724
v 403.931 9 134.941
v 400.05 9 138.66
v 396.159 9 134.608
v 390.077 9 140.452
v 392.796 9 143.279
v 390.625 9 145.383
v 392.325 9 147.142
v 386.503 9 152.775
v 272.772 0 -102.013
v 287.404 0 -98.3508
v 289.882 0 -108.28
v 281.898 0 -110.284
v 283.186 0 -115.427
v 276.538 0 -117.097
v 272.772 10 -102.013
v 287.404 10 -98.3508
v 289.882 10 -108.28
v 281.898 10 -110.284
v 283.186 10 -115.427
v 276.538 10 -117.097
v 413.385 0 52.5873
v 425.72 0 41.6001
v 413.164 0 33.2957
v 404.632 0 44.294
v 413.385 10 52.5873
v 425.72 10 41.6001
v 413.164 10 33.2957
v 404.632 10 44.294
v 364.925 0 -11.7887
v 392.296 0 12.657
v 410.464 0 -7.30256
v 389.376 0 -25.2473
v 385.341 0 -20.7611
v 388.261 0 -18.3009
v 379.509 0 -8.64952
v 369.863 0 -16.954
v 364.925 10 -11.7887
v 392.296 10 12.657
v 410.464 10 -7.30256
v 389.376 10 -25.2473
v 385.341 10 -20.7611
v 388.261 10 -18.3009
v 379.509 10 -8.64952
v 369.863 10 -16.954
v 283.474 0 81.1742
v 300.345 0 59.6116
v 282.119 0 45.3627
v 265.259 0 66.9253
v 283.474 10 81.1742
v 300.345 10 59.6116
v 282.119 10 45.3627
v 265.259 10 66.9253
v 285.78 0 80.6064
v 307.829 0 97.4602
v 323.546 0 76.8995
v 301.507 0 60.0457
v 285.78 10 80.6064
v 307.829 10 97.4602
v 323.546 10 76.8995
v 301.507 10 60.0457
v 316.984 0 90.5361
v 336.852 0 103.316
v 345.057 0 90.5361
v 325.189 0 77.7678
v 316.984 10 90.5361
v 336.852 10 103.316
v 345.057 10 90.5361
v 325.189 10 77.7678
v -158.3 0 18.0894
v -139.777 0 26.494
v -135.194 0 17.9002
v -143.601 0 13.5031
v -137.683 0 0.322827
v -145.128 0 -4.44165
v -152.382 0 8.72745
v -154.87 0 7.58086
v -156.773 0 10.8314
v -155.437 0 12.5457
v -158.3 10 18.0894
v -139.777 10 26.494
v -135.194 10 17.9002
v -143.601 10 13.5031
v -137.683 10 0.322827
v -145.128 10 -4.44165
v -152.382 10 8.72745
v -154.87 10 7.58086
v -156.773 10 10.8314
v -155.437 10 12.5457
v 539.25 0 -95.245
v 534.744 0 -91.0593
v 529.595 0 -87.5194
v 539.25 0 -75.931
v 544.073 0 -80.1166
v 550.193 0 -83.6566
v 539.25 10 -95.245
v 534.744 10 -91.0593
v 529.595 10 -87.5194
v 539.25 10 -75.931
v 544.073 10 -80.1166
v 550.193 10 -83.6566
v 800.618 0 -175.284
v 804.903 0 -179.558
v 797.227 0 -187.228
v 792.951 0 -182.954
v 800.618 10 -175.284
v 804.903 10 -179.558
v 797.227 10 -187.228
v 792.951 10 -182.954
v 814.193 0 -134.396
v 823.339 0 -139.706
v 816.547 0 -151.395
v 807.41 0 -146.085
v 814.193 10 -134.396
v 823.339 10 -139.706
v 816.547 10 -151.395
v 807.41 10 -146.085
v 802.53 0 -182.542
v 807.103 0 -187.696
v 801.8 0 -192.393
v 797.227 0 -187.228
v 802.53 10 -182.542
v 807.103 10 -187.696
v 801.8 10 -192.393
v 797.227 10 -187.228
v 794.364 0 304.403
v 780.98 0 292.08
v 776.004 0 297.479
v 778.646 0 299.917
v 774.745 0 304.158
v 777.032 0 306.262
v 776.062 0 308.388
v 784.084 0 315.735
v 794.364 10 304.403
v 780.98 10 292.08
v 776.004 10 297.479
v 778.646 10 299.917
v 774.745 10 304.158
v 777.032 10 306.262
v 776.062 10 308.388
v 784.084 10 315.735
v 770.758 0 46.0751
v 758.932 0 53.2107
v 763.438 0 60.6914
v 775.264 0 53.5558
v 770.758 10 46.0751
v 758.932 10 53.2107
v 763.438 10 60.6914
v 775.264 10 53.5558
v 791.5 0 33.3291
v 779.472 0 39.6965
v 793.134 0 65.467
v 805.153 0 59.0884
v 791.5 10 33.3291
v 779.472 10 39.6965
v 793.134 10 65.467
v 805.153 10 59.0884
v 769.154 0 20.7388
v 749.055 0 33.4849
v 758.518 0 48.4017
v 778.617 0 35.6445
v 769.154 10 20.7388
v 749.055 10 33.4849
v 758.518 10 48.4017
v 778.617 10 35.6445
v 491.876 0 -51.1402
v 489.023 0 -53.6226
v 489.58 0 -54.2571
v 483.729 0 -59.3444
v 483.182 0 -58.7099
v 480.098 0 -61.3927
v 473.623 0 -53.9677
v 483.22 0 -45.6076
v 484.536 0 -47.1215
v 486.717 0 -45.218
v 491.876 10 -51.1402
v 489.023 10 -53.6226
v 489.58 10 -54.2571
v 483.729 10 -59.3444
v 483.182 10 -58.7099
v 480.098 10 -61.3927
v 473.623 10 -53.9677
v 483.22 10 -45.6076
v 484.536 10 -47.1215
v 486.717 10 -45.218
v 306.513 0 27.1508
v 304.13 0 30.1787
v 301.017 0 27.7186
v 303.457 0 24.635
v 299.221 0 21.2843
v 295.109 0 26.494
v 296.79 0 27.8187
v 294.004 0 31.3587
v 302.622 0 38.1603
v 304.639 0 35.6111
v 307.348 0 37.7484
v 312.181 0 31.6259
v 306.513 10 27.1508
v 304.13 10 30.1787
v 301.017 10 27.7186
v 303.457 10 24.635
v 299.221 10 21.2843
v 295.109 10 26.494
v 296.79 10 27.8187
v 294.004 10 31.3587
v 302.622 10 38.1603
v 304.639 10 35.6111
v 307.348 10 37.7484
v 312.181 10 31.6259
v 474.814 0 -50.8062
v 472.883 0 -48.68
v 471.288 0 -50.1383
v 464.87 0 -43.0918
v 469.011 0 -39.318
v 469.856 0 -40.2531
v 472.585 0 -37.7707
v 473.844 0 -39.1622
v 476.12 0 -37.0805
v 478.551 0 -39.7411
v 480.405 0 -38.049
v 484.219 0 -42.2346
v 474.814 10 -50.8062
v 472.883 10 -48.68
v 471.288 10 -50.1383
v 464.87 10 -43.0918
v 469.011 10 -39.318
v 469.856 10 -40.2531
v 472.585 10 -37.7707
v 473.844 10 -39.1622
v 476.12 10 -37.0805
v 478.551 10 -39.7411
v 480.405 10 -38.049
v 484.219 10 -42.2346
v 380.095 0 -166.278
v 379.038 0 -167.168
v 381.911 0 -170.564
v 376.473 0 -175.161
v 373.601 0 -171.766
v 370.507 0 -174.382
v 366.357 0 -169.462
v 364.099 0 -171.376
v 361.937 0 -168.816
v 366.414 0 -165.042
v 364.704 0 -163.016
v 368.336 0 -159.955
v 370.036 0 -161.97
v 373.783 0 -158.808
v 380.095 10 -166.278
v 379.038 10 -167.168
v 381.911 10 -170.564
v 376.473 10 -175.161
v 373.601 10 -171.766
v 370.507 10 -174.382
v 366.357 10 -169.462
v 364.099 10 -171.376
v 361.937 10 -168.816
v 366.414 10 -165.042
v 364.704 10 -163.016
v 368.336 10 -159.955
v 370.036 10 -161.97
v 373.783 10 -158.808
v 656.633 0 -144.982
v 649.715 0 -151.15
v 644.854 0 -145.695
v 651.771 0 -139.528
v 656.633 10 -144.982
v 649.715 10 -151.15
v 644.854 10 -145.695
v 651.771 10 -139.528
v 334.537 0 184.111
v 324.949 0 177.243
v 316.639 0 188.842
v 326.227 0 195.711
v 334.537 10 184.111
v 324.949 10 177.243
v 316.639 10 188.842
v 326.227 10 195.711
v 481.193 0 103.416
v 487.909 0 109.705
v 495.623 0 101.479
v 488.908 0 95.1782
v 481.193 10 103.416
v 487.909 10 109.705
v 495.623 10 101.479
v 488.908 10 95.1782
v 426.268 0 -72.3243
v 427.671 0 -70.8994
v 430.169 0 -73.3373
v 429.611 0 -73.9161
v 431.792 0 -76.0535
v 432.407 0 -75.4301
v 438.642 0 -81.5304
v 436.884 0 -83.3226
v 439.123 0 -85.5156
v 438.316 0 -86.3394
v 440.304 0 -88.2875
v 438.508 0 -90.1243
v 442.793 0 -94.321
v 439.353 0 -97.8276
v 434.857 0 -93.4082
v 418.601 0 -77.4784
v 424.923 0 -71.0107
v 426.268 10 -72.3243
v 427.671 10 -70.8994
v 430.169 10 -73.3373
v 429.611 10 -73.9161
v 431.792 10 -76.0535
v 432.407 10 -75.4301
v 438.642 10 -81.5304
v 436.884 10 -83.3226
v 439.123 10 -85.5156
v 438.316 10 -86.3394
v 440.304 10 -88.2875
v 438.508 10 -90.1243
v 442.793 10 -94.321
v 439.353 10 -97.8276
v 434.857 10 -93.4082
v 418.601 10 -77.4784
v 424.923 10 -71.0107
v 650.551 0 -112.288
v 655.403 0 -105.865
v 668.92 0 -116.073
v 664.069 0 -122.496
v 650.551 10 -112.288
v 655.403 10 -105.865
v 668.92 10 -116.073
v 664.069 10 -122.496
v 368.259 0 -154.823
v 363.177 0 -158.307
v 359.353 0 -152.741
v 364.445 0 -149.246
v 368.259 10 -154.823
v 363.177 10 -158.307
v 359.353 10 -152.741
v 364.445 10 -149.246
v 316.168 0 157.194
v 298.394 0 176.13
v 308.059 0 185.213
v 325.842 0 166.267
v 316.168 10 157.194
v 298.394 10 176.13
v 308.059 10 185.213
v 325.842 10 166.267
v 580.149 0 11.8221
v 566.564 0 0.133583
v 555.074 0 13.4919
v 568.668 0 25.1805
v 580.149 10 11.8221
v 566.564 10 0.133583
v 555.074 10 13.4919
v 568.668 10 25.1805
v 326.736 0 7.33595
v 322.038 0 14.5161
v 332.865 0 21.6071
v 337.563 0 14.427
v 326.736 10 7.33595
v 322.038 10 14.5161
v 332.865 10 21.6071
v 337.563 10 14.427
v 365.204 0 -146.374
v 352.416 0 -157.272
v 347.584 0 -151.595
v 360.371 0 -140.708
v 365.204 10 -146.374
v 352.416 10 -157.272
v 347.584 10 -151.595
v 360.371 10 -140.708
v 610.364 0 -26.3271
v 603.216 0 -33.9079
v 589.948 0 -21.4067
v 597.086 0 -13.8259
v 610.364 10 -26.3271
v 603.216 10 -33.9079
v 589.948 10 -21.4067
v 597.086 10 -13.8259
v 382.151 0 79.6157
v 367.884 0 68.4058
v 360.986 0 77.1778
v 375.263 0 88.3877
v 382.151 10 79.6157
v 367.884 10 68.4058
v 360.986 10 77.1778
v 375.263 10 88.3877
v 391.778 0 -128.685
v 384.793 0 -120.002
v 397.936 0 -109.438
v 404.92 0 -118.121
v 391.778 10 -128.685
v 384.793 10 -120.002
v 397.936 10 -109.438
v 404.92 10 -118.121
v 662.608 0 -16.62
v 655.931 0 -22.9096
v 644.998 0 -11.2989
v 651.685 0 -5.00938
v 662.608 10 -16.62
v 655.931 10 -22.9096
v 644.998 10 -11.2989
v 651.685 10 -5.00938
v 518.979 0 -58.9548
v 513.368 0 -64.4651
v 505.769 0 -56.7284
v 511.379 0 -51.2181
v 518.979 10 -58.9548
v 513.368 10 -64.4651
v 505.769 10 -56.7284
v 511.379 10 -51.2181
v 331.184 0 -166.701
v 326.035 0 -160.768
v 332.731 0 -154.946
v 337.88 0 -160.879
v 331.184 10 -166.701
v 326.035 10 -160.768
v 332.731 10 -154.946
v 337.88 10 -160.879
v 353.867 0 -138.96
v 344.577 0 -147.298
v 340.061 0 -142.277
v 349.352 0 -133.94
v 353.867 10 -138.96
v 344.577 10 -147.298
v 340.061 10 -142.277
v 349.352 10 -133.94
v 327.975 0 27.0061
v 317.609 0 18.9466
v 311.768 0 26.4606
v 322.144 0 34.5202
v 327.975 10 27.0061
v 317.609 10 18.9466
v 311.768 10 26.4606
v 322.144 10 34.5202
v 632.71 0 -133.138
v 627.522 0 -139.428
v 622.757 0 -135.498
v 627.945 0 -129.209
v 632.71 10 -133.138
v 627.522 10 -139.428
v 622.757 10 -135.498
v 627.945 10 -129.209
v 430.976 0 -133.127
v 422.646 0 -140.385
v 414.115 0 -130.6
v 422.444 0 -123.342
v 430.976 10 -133.127
v 422.646 10 -140.385
v 414.115 10 -130.6
v 422.444 10 -123.342
v 604.513 0 -164.23
v 601.429 0 -167.814
v 596.116 0 -163.228
v 599.2 0 -159.643
v 604.513 10 -164.23
v 601.429 10 -167.814
v 596.116 10 -163.228
v 599.2 10 -159.643
v 487.188 0 45.4629
v 478.945 0 38.1715
v 466.186 0 52.6096
v 474.439 0 59.901
v 487.188 10 45.4629
v 478.945 10 38.1715
v 466.186 10 52.6096
v 474.439 10 59.901
v 537.694 0 -24.3233
v 529.883 0 -32.0489
v 518.422 0 -20.4494
v 526.223 0 -12.7238
v 537.694 10 -24.3233
v 529.883 10 -32.0489
v 518.422 10 -20.4494
v 526.223 10 -12.7238
v 382.728 0 49.3368
v 370.603 0 61.9827
v 378.462 0 69.519
v 390.586 0 56.8843
v 382.728 10 49.3368
v 370.603 10 61.9827
v 378.462 10 69.519
v 390.586 10 56.8843
v 485.766 0 90.9369
v 478.541 0 83.9906
v 468.742 0 94.1986
v 475.967 0 101.134
v 485.766 10 90.9369
v 478.541 10 83.9906
v 468.742 10 94.1986
v 475.967 10 101.134
v 545.245 0 -6.64577
v 536.781 0 -14.8945
v 530.056 0 -7.98161
v 538.51 0 0.256035
v 545.245 10 -6.64577
v 536.781 10 -14.8945
v 530.056 10 -7.98161
v 538.51 10 0.256035
v 645.901 0 -89.9462
v 654.577 0 -77.7567
v 662.762 0 -83.5787
v 654.087 0 -95.7682
v 645.901 10 -89.9462
v 654.577 10 -77.7567
v 662.762 10 -83.5787
v 654.087 10 -95.7682
v 630.203 0 -156.192
v 625.438 0 -161.547
v 618.991 0 -155.814
v 623.756 0 -150.459
v 630.203 10 -156.192
v 625.438 10 -161.547
v 618.991 10 -155.814
v 623.756 10 -150.459
v 523.485 0 -77.7678
v 510.947 0 -90.525
v 503.732 0 -83.4451
v 516.27 0 -70.6767
v 523.485 10 -77.7678
v 510.947 10 -90.525
v 503.732 10 -83.4451
v 516.27 10 -70.6767
v 379.73 0 -137.903
v 372.995 0 -128.563
v 378.539 0 -124.578
v 385.264 0 -133.906
v 379.73 10 -137.903
v 372.995 10 -128.563
v 378.539 10 -124.578
v 385.264 10 -133.906
v 352.512 0 195.266
v 342.463 0 187.763
v 334.479 0 198.449
v 344.519 0 205.952
v 352.512 10 195.266
v 342.463 10 187.763
v 334.479 10 198.449
v 344.519 10 205.952
v 556.736 0 -10.7312
v 545.658 0 1.9147
v 552.787 0 8.15972
v 563.864 0 -4.49731
v 556.736 10 -10.7312
v 545.658 10 1.9147
v 552.787 10 8.15972
v 563.864 10 -4.49731
v 636.774 0 -163.094
v 632.009 0 -168.449
v 625.563 0 -162.716
v 630.328 0 -157.35
v 636.774 10 -163.094
v 632.009 10 -168.449
v 625.563 10 -162.716
v 630.328 10 -157.35
v 595.232 0 -184.356
v 576.229 0 -208.101
v 568.802 0 -202.167
v 587.806 0 -178.423
v 595.232 10 -184.356
v 576.229 10 -208.101
v 568.802 10 -202.167
v 587.806 10 -178.423
v 565.526 0 -31.6036
v 558.695 0 -38.4386
v 554.18 0 -33.919
v 561.011 0 -27.0952
v 565.526 10 -31.6036
v 558.695 10 -38.4386
v 554.18 10 -33.919
v 561.011 10 -27.0952
v 382.92 0 145.817
v 368.787 0 128.886
v 360.602 0 135.71
v 374.734 0 152.641
v 382.92 10 145.817
v 368.787 10 128.886
v 360.602 10 135.71
v 374.734 10 152.641
v 450.882 0 29.0767
v 442.476 0 22.6535
v 436 0 31.1361
v 444.407 0 37.5592
v 450.882 10 29.0767
v 442.476 10 22.6535
v 436 10 31.1361
v 444.407 10 37.5592
v 607.001 0 -174.816
v 600.42 0 -181.774
v 591.101 0 -172.968
v 597.672 0 -166.011
v 607.001 10 -174.816
v 600.42 10 -181.774
v 591.101 10 -172.968
v 597.672 10 -166.011
v 639.349 0 -177.844
v 632.048 0 -186.037
v 626.12 0 -180.749
v 633.421 0 -172.556
v 639.349 10 -177.844
v 632.048 10 -186.037
v 626.12 10 -180.749
v 633.421 10 -172.556
v 629.944 0 -7.51407
v 623.132 0 -14.7387
v 614.236 0 -6.36748
v 621.057 0 0.868292
v 629.944 10 -7.51407
v 623.132 10 -14.7387
v 614.236 10 -6.36748
v 621.057 10 0.868292
v 375.637 0 47.2774
v 361.38 0 35.2771
v 355.193 0 42.6242
v 369.45 0 54.6245
v 375.637 10 47.2774
v 361.38 10 35.2771
v 355.193 10 42.6242
v 369.45 10 54.6245
v 472.21 0 88.2541
v 464.351 0 80.228
v 458.164 0 86.2837
v 466.023 0 94.3099
v 472.21 10 88.2541
v 464.351 10 80.228
v 458.164 10 86.2837
v 466.023 10 94.3099
v 593.032 0 -88.2096
v 599.834 0 -93.2523
v 601.89 0 -90.4805
v 610.037 0 -96.514
v 603.149 0 -105.82
v 588.2 0 -94.7329
v 593.032 10 -88.2096
v 599.834 10 -93.2523
v 601.89 10 -90.4805
v 610.037 10 -96.514
v 603.149 10 -105.82
v 588.2 10 -94.7329
v 654.836 0 -124.21
v 657.046 0 -126.136
v 660.889 0 -121.75
v 664.866 0 -125.223
v 656.642 0 -134.619
v 650.465 0 -129.209
v 654.836 10 -124.21
v 657.046 10 -126.136
v 660.889 10 -121.75
v 664.866 10 -125.223
v 656.642 10 -134.619
v 650.465 10 -129.209
v 633.652 0 -48.1679
v 626.129 0 -55.1811
v 621.499 0 -50.2051
v 625.37 0 -46.5983
v 623.045 0 -44.0937
v 626.696 0 -40.6984
v 633.652 10 -48.1679
v 626.129 10 -55.1811
v 621.499 10 -50.2051
v 625.37 10 -46.5983
v 623.045 10 -44.0937
v 626.696 10 -40.6984
v 446.376 0 -119.446
v 437.22 0 -128.229
v 429.448 0 -120.136
v 430.553 0 -119.078
v 427.498 0 -115.895
v 435.549 0 -108.169
v 446.376 10 -119.446
v 437.22 10 -128.229
v 429.448 10 -120.136
v 430.553 10 -119.078
v 427.498 10 -115.895
v 435.549 10 -108.169
v 405.67 0 -100.755
v 397.465 0 -91.4712
v 399.55 0 -89.6345
v 396.783 0 -86.5175
v 404.997 0 -79.2483
v 415.969 0 -91.6605
v 405.67 10 -100.755
v 397.465 10 -91.4712
v 399.55 10 -89.6345
v 396.783 10 -86.5175
v 404.997 10 -79.2483
v 415.969 10 -91.6605
v 518.47 0 121.472
v 515.059 0 124.789
v 513.714 0 123.409
v 507.46 0 129.487
v 514.723 0 136.956
v 524.388 0 127.55
v 518.47 10 121.472
v 515.059 10 124.789
v 513.714 10 123.409
v 507.46 10 129.487
v 514.723 10 136.956
v 524.388 10 127.55
v 419.716 0 -114.659
v 415.69 0 -109.794
v 421.608 0 -104.896
v 419.485 0 -102.336
v 424.798 0 -97.9278
v 430.947 0 -105.353
v 419.716 10 -114.659
v 415.69 10 -109.794
v 421.608 10 -104.896
v 419.485 10 -102.336
v 424.798 10 -97.9278
v 430.947 10 -105.353
v 418.861 0 -143.123
v 410.003 0 -150.515
v 403.729 0 -143.001
v 408.638 0 -138.904
v 410.406 0 -141.02
v 414.345 0 -137.724
v 418.861 10 -143.123
v 410.003 10 -150.515
v 403.729 10 -143.001
v 408.638 10 -138.904
v 410.406 10 -141.02
v 414.345 10 -137.724
v 501.868 0 113.869
v 499.265 0 111.319
v 502.848 0 107.657
v 498.967 0 103.85
v 489.551 0 113.468
v 496.046 0 119.824
v 501.868 10 113.869
v 499.265 10 111.319
v 502.848 10 107.657
v 498.967 10 103.85
v 489.551 10 113.468
v 496.046 10 119.824
v 652.444 0 -99.1411
v 648.438 0 -104.095
v 650.609 0 -105.843
v 646.574 0 -110.83
v 637.562 0 -103.549
v 645.603 0 -93.6086
v 652.444 10 -99.1411
v 648.438 10 -104.095
v 650.609 10 -105.843
v 646.574 10 -110.83
v 637.562 10 -103.549
v 645.603 10 -93.6086
v 648.735 0 -150.827
v 645.075 0 -154.422
v 642.462 0 -151.762
v 641.011 0 -153.198
v 638.475 0 -150.626
v 643.586 0 -145.595
v 648.735 10 -150.827
v 645.075 10 -154.422
v 642.462 10 -151.762
v 641.011 10 -153.198
v 638.475 10 -150.626
v 643.586 10 -145.595
v 644.633 0 -27.4848
v 642.289 0 -24.9467
v 645.661 0 -21.8298
v 642.039 0 -17.9113
v 645.498 0 -14.7164
v 651.464 0 -21.173
v 644.633 10 -27.4848
v 642.289 10 -24.9467
v 645.661 10 -21.8298
v 642.039 10 -17.9113
v 645.498 10 -14.7164
v 651.464 10 -21.173
v 377.732 0 -111.553
v 386.071 0 -104.874
v 388.742 0 -108.214
v 386.157 0 -110.284
v 389.155 0 -114.036
v 383.4 0 -118.633
v 377.732 10 -111.553
v 386.071 10 -104.874
v 388.742 10 -108.214
v 386.157 10 -110.284
v 389.155 10 -114.036
v 383.4 10 -118.633
v 510.572 0 -34.0304
v 511.024 0 -33.6185
v 508.122 0 -30.5015
v 515.664 0 -23.4884
v 518.287 0 -26.3159
v 519.584 0 -25.1025
v 527.126 0 -33.2177
v 517.845 0 -41.845
v 510.572 10 -34.0304
v 511.024 10 -33.6185
v 508.122 10 -30.5015
v 515.664 10 -23.4884
v 518.287 10 -26.3159
v 519.584 10 -25.1025
v 527.126 10 -33.2177
v 517.845 10 -41.845
v 598.893 0 -106.399
v 593.205 0 -114.704
v 582.771 0 -107.546
v 583.396 0 -106.633
v 581.542 0 -105.364
v 585.308 0 -99.8647
v 587.162 0 -101.134
v 588.459 0 -99.2525
v 598.893 10 -106.399
v 593.205 10 -114.704
v 582.771 10 -107.546
v 583.396 10 -106.633
v 581.542 10 -105.364
v 585.308 10 -99.8647
v 587.162 10 -101.134
v 588.459 10 -99.2525
v 535.215 0 -44.8395
v 537.156 0 -43.0139
v 544.573 0 -50.9287
v 539.615 0 -55.5707
v 537.358 0 -53.1662
v 530.114 0 -59.9567
v 523.168 0 -52.5428
v 533.428 0 -42.9248
v 535.215 10 -44.8395
v 537.156 10 -43.0139
v 544.573 10 -50.9287
v 539.615 10 -55.5707
v 537.358 10 -53.1662
v 530.114 10 -59.9567
v 523.168 10 -52.5428
v 533.428 10 -42.9248
v 349.169 0 44.9063
v 338.38 0 58.4761
v 347.632 0 65.8232
v 351.427 0 61.0476
v 350.034 0 59.9344
v 353.675 0 55.3592
v 355.721 0 56.9956
v 359.065 0 52.7766
v 349.169 10 44.9063
v 338.38 10 58.4761
v 347.632 10 65.8232
v 351.427 10 61.0476
v 350.034 10 59.9344
v 353.675 10 55.3592
v 355.721 10 56.9956
v 359.065 10 52.7766
v 469.021 0 -23.7444
v 467.003 0 -25.5812
v 471.547 0 -30.5572
v 463.17 0 -38.216
v 453.678 0 -27.8299
v 455.032 0 -26.5942
v 451.737 0 -22.9875
v 460.768 0 -14.7276
v 469.021 10 -23.7444
v 467.003 10 -25.5812
v 471.547 10 -30.5572
v 463.17 10 -38.216
v 453.678 10 -27.8299
v 455.032 10 -26.5942
v 451.737 10 -22.9875
v 460.768 10 -14.7276
v 707.062 0 -190.601
v 697.915 0 -182.408
v 704.477 0 -175.072
v 713.633 0 -183.254
v 707.062 10 -190.601
v 697.915 10 -182.408
v 704.477 10 -175.072
v 713.633 10 -183.254
v 530.219 0 139.272
v 522.649 0 131.858
v 516.337 0 138.303
v 523.907 0 145.717
v 530.219 10 139.272
v 522.649 10 131.858
v 516.337 10 138.303
v 523.907 10 145.717
v 694.149 0 -126.192
v 698.204 0 -121.294
v 703.901 0 -126.014
v 699.846 0 -130.912
v 694.149 10 -126.192
v 698.204 10 -121.294
v 703.901 10 -126.014
v 699.846 10 -130.912
v 664.962 0 -69.3075
v 673.724 0 -78.0016
v 668.402 0 -83.3672
v 659.64 0 -74.6731
v 664.962 10 -69.3075
v 673.724 10 -78.0016
v 668.402 10 -83.3672
v 659.64 10 -74.6731
v 593.541 0 267.935
v 588.228 0 263.037
v 580.504 0 271.408
v 585.807 0 276.306
v 593.541 10 267.935
v 588.228 10 263.037
v 580.504 10 271.408
v 585.807 10 276.306
v 590.678 0 284.733
v 586.288 0 281.46
v 577.391 0 274.803
v 571.934 0 282.106
v 585.231 0 292.036
v 590.678 10 284.733
v 586.288 10 281.46
v 577.391 10 274.803
v 571.934 10 282.106
v 585.231 10 292.036
v 715.045 0 -65.7787
v 721.261 0 -70.9105
v 717.005 0 -76.0646
v 710.789 0 -70.9328
v 715.045 10 -65.7787
v 721.261 10 -70.9105
v 717.005 10 -76.0646
v 710.789 10 -70.9328
v 679.191 0 -155.647
v 673.426 0 -162.148
v 668.277 0 -157.573
v 674.041 0 -151.072
v 679.191 10 -155.647
v 673.426 10 -162.148
v 668.277 10 -157.573
v 674.041 10 -151.072
v 724.739 0 -187.095
v 717.745 0 -195.577
v 709.387 0 -188.687
v 716.381 0 -180.204
v 724.739 10 -187.095
v 717.745 10 -195.577
v 709.387 10 -188.687
v 716.381 10 -180.204
v 713.47 0 -90.781
v 709.089 0 -96.0687
v 703.065 0 -91.0593
v 707.446 0 -85.7828
v 713.47 10 -90.781
v 709.089 10 -96.0687
v 703.065 10 -91.0593
v 707.446 10 -85.7828
v 535.33 0 183.332
v 528.634 0 176.441
v 521.39 0 183.466
v 528.096 0 190.367
v 535.33 10 183.332
v 528.634 10 176.441
v 521.39 10 183.466
v 528.096 10 190.367
v 541.172 0 147.521
v 535.234 0 141.242
v 530.594 0 145.617
v 536.531 0 151.907
v 541.172 10 147.521
v 535.234 10 141.242
v 530.594 10 145.617
v 536.531 10 151.907
v 684.129 0 -102.648
v 690.403 0 -95.9351
v 695.908 0 -101.067
v 689.634 0 -107.78
v 684.129 10 -102.648
v 690.403 10 -95.9351
v 695.908 10 -101.067
v 689.634 10 -107.78
v 541.258 0 197.436
v 544.496 0 200.253
v 545.61 0 198.972
v 549.175 0 202.078
v 558.715 0 191.136
v 551.922 0 185.213
v 541.258 10 197.436
v 544.496 10 200.253
v 545.61 10 198.972
v 549.175 10 202.078
v 558.715 10 191.136
v 551.922 10 185.213
v 562.048 0 217.362
v 563.23 0 218.554
v 566.333 0 215.47
v 555.304 0 204.36
v 548.963 0 210.661
v 558.82 0 220.58
v 562.048 10 217.362
v 563.23 10 218.554
v 566.333 10 215.47
v 555.304 10 204.36
v 548.963 10 210.661
v 558.82 10 220.58
v 569.225 0 290.143
v 571.627 0 292.102
v 569.427 0 294.807
v 573.433 0 298.069
v 575.633 0 295.364
v 577.92 0 297.234
v 580.85 0 293.639
v 572.155 0 286.548
v 569.225 10 290.143
v 571.627 10 292.102
v 569.427 10 294.807
v 573.433 10 298.069
v 575.633 10 295.364
v 577.92 10 297.234
v 580.85 10 293.639
v 572.155 10 286.548
v 693.496 0 -71.3669
v 691.872 0 -69.9198
v 687.511 0 -74.8178
v 683.043 0 -70.8437
v 684.83 0 -68.8288
v 682.573 0 -66.8251
v 688.616 0 -60.0235
v 696.974 0 -67.4596
v 693.496 10 -71.3669
v 691.872 10 -69.9198
v 687.511 10 -74.8178
v 683.043 10 -70.8437
v 684.83 10 -68.8288
v 682.573 10 -66.8251
v 688.616 10 -60.0235
v 696.974 10 -67.4596
v 690.806 0 -154.823
v 691.632 0 -155.669
v 695.811 0 -151.617
v 697.474 0 -153.32
v 699.529 0 -151.328
v 702.268 0 -154.155
v 693.852 0 -162.315
v 688.635 0 -156.938
v 690.806 10 -154.823
v 691.632 10 -155.669
v 695.811 10 -151.617
v 697.474 10 -153.32
v 699.529 10 -151.328
v 702.268 10 -154.155
v 693.852 10 -162.315
v 688.635 10 -156.938
v 399.473 0 194.264
v 393.075 0 203.336
v 404.392 0 211.307
v 391.874 0 229.062
v 389.731 0 227.559
v 376.56 0 246.239
v 384.803 0 252.061
v 389.203 0 245.816
v 391.883 0 247.708
v 402.019 0 233.337
v 403.364 0 234.283
v 406.477 0 229.864
v 407.937 0 230.888
v 410.637 0 227.058
v 409.186 0 226.023
v 412.914 0 220.735
v 413.807 0 221.37
v 416.728 0 217.229
v 414.931 0 215.96
v 420.014 0 208.746
v 399.473 10 194.264
v 393.075 10 203.336
v 404.392 10 211.307
v 391.874 10 229.062
v 389.731 10 227.559
v 376.56 10 246.239
v 384.803 10 252.061
v 389.203 10 245.816
v 391.883 10 247.708
v 402.019 10 233.337
v 403.364 10 234.283
v 406.477 10 229.864
v 407.937 10 230.888
v 410.637 10 227.058
v 409.186 10 226.023
v 412.914 10 220.735
v 413.807 10 221.37
v 416.728 10 217.229
v 414.931 10 215.96
v 420.014 10 208.746
v 533.399 0 68.2388
v 525.387 0 61.3036
v 515.732 0 72.4579
v 523.744 0 79.3931
v 533.399 10 68.2388
v 525.387 10 61.3036
v 515.732 10 72.4579
v 523.744 10 79.3931
v 531.814 0 73.1703
v 528.922 0 76.2205
v 535.657 0 82.5879
v 538.539 0 79.5378
v 531.814 10 73.1703
v 528.922 10 76.2205
v 535.657 10 82.5879
v 538.539 10 79.5378
v 327.966 0 249.333
v 317.129 0 272.466
v 328.187 0 277.653
v 339.024 0 254.51
v 327.966 10 249.333
v 317.129 10 272.466
v 328.187 10 277.653
v 339.024 10 254.51
v 586.662 0 108.169
v 594.925 0 99.2747
v 587.844 0 92.6957
v 579.591 0 101.601
v 586.662 10 108.169
v 594.925 10 99.2747
v 587.844 10 92.6957
v 579.591 10 101.601
v 327.063 0 289.742
v 320.914 0 284.499
v 314.986 0 291.457
v 321.135 0 296.7
v 327.063 10 289.742
v 320.914 10 284.499
v 314.986 10 291.457
v 321.135 10 296.7
v 314.823 0 300.819
v 307.502 0 292.96
v 301.834 0 298.247
v 309.155 0 306.106
v 314.823 10 300.819
v 307.502 10 292.96
v 301.834 10 298.247
v 309.155 10 306.106
v 325.9 0 246.183
v 311.268 0 236.098
v 299.538 0 253.107
v 314.179 0 263.193
v 325.9 10 246.183
v 311.268 10 236.098
v 299.538 10 253.107
v 314.179 10 263.193
v 545.351 0 85.2151
v 549.04 0 80.9515
v 545.764 0 78.124
v 542.075 0 82.3876
v 545.351 10 85.2151
v 549.04 10 80.9515
v 545.764 10 78.124
v 542.075 10 82.3876
v 552.48 0 102.781
v 560.598 0 94.9333
v 555.122 0 89.2671
v 547.003 0 97.1151
v 552.48 10 102.781
v 560.598 10 94.9333
v 555.122 10 89.2671
v 547.003 10 97.1151
v 595.242 0 141.365
v 602.832 0 133.494
v 600.372 0 131.123
v 601.756 0 129.687
v 596.058 0 124.199
v 587.095 0 133.505
v 595.242 10 141.365
v 602.832 10 133.494
v 600.372 10 131.123
v 601.756 10 129.687
v 596.058 10 124.199
v 587.095 10 133.505
v 586.864 0 62.684
v 579.409 0 55.6041
v 583.29 0 51.5187
v 577.987 0 46.487
v 569.744 0 55.1699
v 582.493 0 67.2815
v 586.864 10 62.684
v 579.409 10 55.6041
v 583.29 10 51.5187
v 577.987 10 46.487
v 569.744 10 55.1699
v 582.493 10 67.2815
v 339.379 0 307.709
v 341.743 0 304.771
v 337.746 0 301.676
v 342.338 0 295.854
v 338.274 0 292.57
v 331.319 0 301.208
v 339.379 10 307.709
v 341.743 10 304.771
v 337.746 10 301.676
v 342.338 10 295.854
v 338.274 10 292.57
v 331.319 10 301.208
v 547.099 0 282.807
v 543.958 0 286.581
v 547.436 0 289.475
v 550.577 0 285.713
v 547.099 10 282.807
v 543.958 10 286.581
v 547.436 10 289.475
v 550.577 10 285.713
v 815.48 0 285.423
v 821.005 0 280.536
v 812.896 0 271.375
v 807.381 0 276.262
v 815.48 10 285.423
v 821.005 10 280.536
v 812.896 10 271.375
v 807.381 10 276.262
v 762.63 0 260.588
v 758.576 0 266.31
v 768.116 0 273.067
v 772.171 0 267.345
v 762.63 10 260.588
v 758.576 10 266.31
v 768.116 10 273.067
v 772.171 10 267.345
v 726.603 0 88.8997
v 730.84 0 93.2857
v 744.463 0 80.1389
v 740.226 0 75.7529
v 726.603 10 88.8997
v 730.84 10 93.2857
v 744.463 10 80.1389
v 740.226 10 75.7529
v 558.369 0 278.688
v 555.544 0 282.284
v 559.157 0 285.123
v 561.981 0 281.527
v 558.369 10 278.688
v 555.544 10 282.284
v 559.157 10 285.123
v 561.981 10 281.527
v 619.827 0 72.3354
v 612.516 0 65.4113
v 604.398 0 73.9829
v 611.709 0 80.907
v 619.827 10 72.3354
v 612.516 10 65.4113
v 604.398 10 73.9829
v 611.709 10 80.907
v 536.916 0 281.46
v 541.104 0 285.368
v 543.804 0 282.462
v 539.625 0 278.555
v 536.916 10 281.46
v 541.104 10 285.368
v 543.804 10 282.462
v 539.625 10 278.555
v 769 0 135.031
v 761.007 0 142.378
v 766.195 0 148.022
v 774.188 0 140.674
v 769 10 135.031
v 761.007 10 142.378
v 766.195 10 148.022
v 774.188 10 140.674
v 454.783 0 252.15
v 464.784 0 260.276
v 473.161 0 249.968
v 463.151 0 241.842
v 454.783 10 252.15
v 464.784 10 260.276
v 473.161 10 249.968
v 463.151 10 241.842
v 590.208 0 301.141
v 596.942 0 308.355
v 604.743 0 301.075
v 598.009 0 293.861
v 590.208 10 301.141
v 596.942 10 308.355
v 604.743 10 301.075
v 598.009 10 293.861
v 606.3 0 77.3003
v 597.346 0 86.5732
v 604.945 0 93.9203
v 613.899 0 84.6473
v 606.3 10 77.3003
v 597.346 10 86.5732
v 604.945 10 93.9203
v 613.899 10 84.6473
v 728.438 0 114.525
v 736.46 0 105.375
v 729.12 0 98.9296
v 721.098 0 108.08
v 728.438 10 114.525
v 736.46 10 105.375
v 729.12 10 98.9296
v 721.098 10 108.08
v 557.36 0 267.011
v 554.103 0 270.217
v 557.322 0 273.49
v 560.579 0 270.273
v 557.36 10 267.011
v 554.103 10 270.217
v 557.322 10 273.49
v 560.579 10 270.273
v 733.174 0 50.7728
v 723.24 0 37.626
v 715.286 0 43.6261
v 725.219 0 56.7841
v 733.174 10 50.7728
v 723.24 10 37.626
v 715.286 10 43.6261
v 725.219 10 56.7841
v 750.948 0 90.8478
v 738.257 0 103.861
v 743.781 0 109.238
v 756.472 0 96.2246
v 750.948 10 90.8478
v 738.257 10 103.861
v 743.781 10 109.238
v 756.472 10 96.2246
v 676.712 0 91.8608
v 671.62 0 86.7735
v 665.471 0 92.9295
v 670.563 0 98.0168
v 676.712 10 91.8608
v 671.62 10 86.7735
v 665.471 10 92.9295
v 670.563 10 98.0168
v 564.162 0 262.002
v 560.377 0 265.642
v 563.557 0 268.948
v 567.342 0 265.308
v 564.162 10 262.002
v 560.377 10 265.642
v 563.557 10 268.948
v 567.342 10 265.308
v 625.073 0 113.112
v 631.903 0 105.631
v 621.758 0 96.3693
v 614.937 0 103.839
v 625.073 10 113.112
v 631.903 10 105.631
v 621.758 10 96.3693
v 614.937 10 103.839
v 705.621 0 296.344
v 698.867 0 301.108
v 709.175 0 315.735
v 715.929 0 310.971
v 705.621 10 296.344
v 698.867 10 301.108
v 709.175 10 315.735
v 715.929 10 310.971
v 667.066 0 101.167
v 661.657 0 95.501
v 652.012 0 104.718
v 657.421 0 110.384
v 667.066 10 101.167
v 661.657 10 95.501
v 652.012 10 104.718
v 657.421 10 110.384
v 573.164 0 266.955
v 570.119 0 270.362
v 573.539 0 273.423
v 576.584 0 270.005
v 573.164 10 266.955
v 570.119 10 270.362
v 573.539 10 273.423
v 576.584 10 270.005
v 698.492 0 52.1977
v 689.941 0 58.721
v 693.294 0 63.107
v 701.835 0 56.5726
v 698.492 10 52.1977
v 689.941 10 58.721
v 693.294 10 63.107
v 701.835 10 56.5726
v 665.183 0 64.287
v 654.615 0 52.6875
v 648.822 0 57.9752
v 659.38 0 69.5747
v 665.183 10 64.287
v 654.615 10 52.6875
v 648.822 10 57.9752
v 659.38 10 69.5747
v 769.625 0 157.439
v 775.293 0 163.495
v 783.978 0 155.369
v 778.31 0 149.313
v 769.625 10 157.439
v 775.293 10 163.495
v 783.978 10 155.369
v 778.31 10 149.313
v 744.319 0 115.205
v 735.807 0 107.902
v 728.332 0 116.607
v 736.835 0 123.91
v 744.319 10 115.205
v 735.807 10 107.902
v 728.332 10 116.607
v 736.835 10 123.91
v 807.199 0 265.196
v 813.626 0 251.493
v 805.374 0 247.63
v 798.956 0 261.323
v 807.199 10 265.196
v 813.626 10 251.493
v 805.374 10 247.63
v 798.956 10 261.323
v 569.427 0 271.564
v 566.737 0 275.26
v 570.445 0 277.954
v 573.135 0 274.258
v 569.427 10 271.564
v 566.737 10 275.26
v 570.445 10 277.954
v 573.135 10 274.258
v 596.769 0 311.227
v 603.504 0 318.429
v 611.296 0 311.149
v 604.561 0 303.947
v 596.769 10 311.227
v 603.504 10 318.429
v 611.296 10 311.149
v 604.561 10 303.947
v 482.346 0 236.354
v 476.678 0 231.211
v 467.964 0 240.817
v 469.376 0 242.098
v 470.222 0 241.174
v 474.478 0 245.036
v 482.346 10 236.354
v 476.678 10 231.211
v 467.964 10 240.817
v 469.376 10 242.098
v 470.222 10 241.174
v 474.478 10 245.036
v 642.692 0 95.924
v 638.167 0 91.6939
v 636.582 0 93.3859
v 632 0 89.089
v 626.235 0 95.2338
v 635.343 0 103.761
v 642.692 10 95.924
v 638.167 10 91.6939
v 636.582 10 93.3859
v 632 10 89.089
v 626.235 10 95.2338
v 635.343 10 103.761
v 617.348 0 148.912
v 606.406 0 138.526
v 601.352 0 143.858
v 603.744 0 146.118
v 601.708 0 148.266
v 610.258 0 156.382
v 617.348 10 148.912
v 606.406 10 138.526
v 601.352 10 143.858
v 603.744 10 146.118
v 601.708 10 148.266
v 610.258 10 156.382
v 620.999 0 84.703
v 620.307 0 85.4043
v 624.371 0 89.3895
v 629.761 0 83.8904
v 623.007 0 77.2669
v 618.309 0 82.0647
v 620.999 10 84.703
v 620.307 10 85.4043
v 624.371 10 89.3895
v 629.761 10 83.8904
v 623.007 10 77.2669
v 618.309 10 82.0647
v 617.675 0 97.438
v 610.297 0 90.8812
v 607.885 0 93.5974
v 610.066 0 95.5344
v 607.837 0 98.0391
v 613.035 0 102.648
v 617.675 10 97.438
v 610.297 10 90.8812
v 607.885 10 93.5974
v 610.066 10 95.5344
v 607.837 10 98.0391
v 613.035 10 102.648
v 577.833 0 171.143
v 579.659 0 169.35
v 582.704 0 172.423
v 587.988 0 167.191
v 579.294 0 158.396
v 572.184 0 165.432
v 577.833 10 171.143
v 579.659 10 169.35
v 582.704 10 172.423
v 587.988 10 167.191
v 579.294 10 158.396
v 572.184 10 165.432
v 759.643 0 112.177
v 751.889 0 120.058
v 747.902 0 116.14
v 739.938 0 124.233
v 749.449 0 133.595
v 765.167 0 117.609
v 759.643 10 112.177
v 751.889 10 120.058
v 747.902 10 116.14
v 739.938 10 124.233
v 749.449 10 133.595
v 765.167 10 117.609
v 613.006 0 120.103
v 604.148 0 113
v 597.836 0 120.871
v 603.639 0 125.524
v 604.984 0 123.843
v 608.048 0 126.292
v 613.006 10 120.103
v 604.148 10 113
v 597.836 10 120.871
v 603.639 10 125.524
v 604.984 10 123.843
v 608.048 10 126.292
v 698.194 0 89.0556
v 707.475 0 97.95
v 712.413 0 92.8071
v 709.79 0 90.2912
v 713.133 0 86.7958
v 706.476 0 80.4061
v 698.194 10 89.0556
v 707.475 10 97.95
v 712.413 10 92.8071
v 709.79 10 90.2912
v 713.133 10 86.7958
v 706.476 10 80.4061
v 643.893 0 170.297
v 650.59 0 163.595
v 646.343 0 159.343
v 648.274 0 157.417
v 637.197 0 146.329
v 628.56 0 154.968
v 643.893 10 170.297
v 650.59 10 163.595
v 646.343 10 159.343
v 648.274 10 157.417
v 637.197 10 146.329
v 628.56 10 154.968
v 598.239 0 81.0963
v 595.511 0 78.458
v 597.576 0 76.3095
v 594.204 0 73.059
v 587.902 0 79.5823
v 594.003 0 85.4711
v 598.239 10 81.0963
v 595.511 10 78.458
v 597.576 10 76.3095
v 594.204 10 73.059
v 587.902 10 79.5823
v 594.003 10 85.4711
v 684.148 0 76.354
v 687.376 0 80.6398
v 686.329 0 81.4302
v 690.768 0 87.319
v 698.492 0 81.5081
v 690.825 0 71.3224
v 684.148 10 76.354
v 687.376 10 80.6398
v 686.329 10 81.4302
v 690.768 10 87.319
v 698.492 10 81.5081
v 690.825 10 71.3224
v 681.871 0 60.491
v 683.898 0 58.7433
v 685.339 0 60.4131
v 689.567 0 56.7618
v 683.966 0 50.2719
v 677.711 0 55.6709
v 681.871 10 60.491
v 683.898 10 58.7433
v 685.339 10 60.4131
v 689.567 10 56.7618
v 683.966 10 50.2719
v 677.711 10 55.6709
v 632.701 0 51.3962
v 636.803 0 55.9046
v 644.835 0 48.5798
v 635.352 0 38.1826
v 623.084 0 49.3591
v 628.454 0 55.259
v 632.701 10 51.3962
v 636.803 10 55.9046
v 644.835 10 48.5798
v 635.352 10 38.1826
v 623.084 10 49.3591
v 628.454 10 55.259
v 684.34 0 83.6232
v 682.265 0 81.7419
v 680.344 0 83.857
v 676.75 0 80.5953
v 671.976 0 85.8385
v 677.644 0 90.9926
v 684.34 10 83.6232
v 682.265 10 81.7419
v 680.344 10 83.857
v 676.75 10 80.5953
v 671.976 10 85.8385
v 677.644 10 90.9926
v 633.508 0 119.012
v 636.746 0 121.873
v 638.686 0 119.691
v 641.77 0 122.418
v 650.1 0 113.012
v 646.401 0 109.739
v 644.018 0 112.422
v 641.405 0 110.106
v 633.508 10 119.012
v 636.746 10 121.873
v 638.686 10 119.691
v 641.77 10 122.418
v 650.1 10 113.012
v 646.401 10 109.739
v 644.018 10 112.422
v 641.405 10 110.106
v 494.595 0 248.543
v 485.276 0 240.161
v 481.952 0 243.868
v 485.055 0 246.651
v 480.031 0 252.239
v 484.757 0 256.48
v 483.96 0 257.382
v 485.449 0 258.718
v 494.595 10 248.543
v 485.276 10 240.161
v 481.952 10 243.868
v 485.055 10 246.651
v 480.031 10 252.239
v 484.757 10 256.48
v 483.96 10 257.382
v 485.449 10 258.718
v 596.5 0 235.574
v 592.427 0 239.404
v 590.515 0 237.367
v 585.692 0 241.897
v 587.806 0 244.146
v 586.701 0 245.181
v 589.929 0 248.621
v 596.068 0 242.866
v 595.492 0 242.242
v 599.354 0 238.624
v 596.5 10 235.574
v 592.427 10 239.404
v 590.515 10 237.367
v 585.692 10 241.897
v 587.806 10 244.146
v 586.701 10 245.181
v 589.929 10 248.621
v 596.068 10 242.866
v 595.492 10 242.242
v 599.354 10 238.624
v 614.812 0 254.732
v 610.719 0 258.54
v 608.817 0 256.491
v 603.975 0 261
v 606.079 0 263.259
v 604.974 0 264.284
v 608.183 0 267.746
v 614.351 0 262.013
v 613.765 0 261.389
v 617.646 0 257.783
v 614.812 10 254.732
v 610.719 10 258.54
v 608.817 10 256.491
v 603.975 10 261
v 606.079 10 263.259
v 604.974 10 264.284
v 608.183 10 267.746
v 614.351 10 262.013
v 613.765 10 261.389
v 617.646 10 257.783
v 694.159 0 121.461
v 695.888 0 119.902
v 697.118 0 121.26
v 700.702 0 118.043
v 699.472 0 116.685
v 701.249 0 115.082
v 699.02 0 112.6
v 700.375 0 111.375
v 698.05 0 108.793
v 699.26 0 107.69
v 696.407 0 104.518
v 686.742 0 113.212
v 694.159 10 121.461
v 695.888 10 119.902
v 697.118 10 121.26
v 700.702 10 118.043
v 699.472 10 116.685
v 701.249 10 115.082
v 699.02 10 112.6
v 700.375 10 111.375
v 698.05 10 108.793
v 699.26 10 107.69
v 696.407 10 104.518
v 686.742 10 113.212
v 616.195 0 185.703
v 622.7 0 191.893
v 626.033 0 188.386
v 619.529 0 182.197
v 616.195 10 185.703
v 622.7 10 191.893
v 626.033 10 188.386
v 619.529 10 182.197
v 693.044 0 304.615
v 698.761 0 300.14
v 694.659 0 294.908
v 688.942 0 299.383
v 693.044 10 304.615
v 698.761 10 300.14
v 694.659 10 294.908
v 688.942 10 299.383
v 721.501 0 206.72
v 727.17 0 200.408
v 714.44 0 188.976
v 708.772 0 195.288
v 721.501 10 206.72
v 727.17 10 200.408
v 714.44 10 188.976
v 708.772 10 195.288
v 589.497 0 189.076
v 600.238 0 198.683
v 605.714 0 192.572
v 594.973 0 182.954
v 589.497 10 189.076
v 600.238 10 198.683
v 605.714 10 192.572
v 594.973 10 182.954
v 670.189 0 251.371
v 662.138 0 261.1
v 668.286 0 266.187
v 676.337 0 256.458
v 670.189 10 251.371
v 662.138 10 261.1
v 668.286 10 266.187
v 676.337 10 256.458
v 361.399 0 307.453
v 352.407 0 301.965
v 347.613 0 309.836
v 356.596 0 315.312
v 361.399 10 307.453
v 352.407 10 301.965
v 347.613 10 309.836
v 356.596 10 315.312
v 699.587 0 211.396
v 708.176 0 218.208
v 717.87 0 205.986
v 709.281 0 199.162
v 699.587 10 211.396
v 708.176 10 218.208
v 717.87 10 205.986
v 709.281 10 199.162
v 643.077 0 194.141
v 655.336 0 180.538
v 649.062 0 174.883
v 636.803 0 188.486
v 643.077 10 194.141
v 655.336 10 180.538
v 649.062 10 174.883
v 636.803 10 188.486
v 629.761 0 222.238
v 635.621 0 227.648
v 641.684 0 221.092
v 635.814 0 215.682
v 629.761 10 222.238
v 635.621 10 227.648
v 641.684 10 221.092
v 635.814 10 215.682
v 297.779 0 200.909
v 293.398 0 207.477
v 306.042 0 215.904
v 310.423 0 209.336
v 297.779 10 200.909
v 293.398 10 207.477
v 306.042 10 215.904
v 310.423 10 209.336
v 660.812 0 225.411
v 655.624 0 231.945
v 667.479 0 241.352
v 672.667 0 234.817
v 660.812 10 225.411
v 655.624 10 231.945
v 667.479 10 241.352
v 672.667 10 234.817
v 689.057 0 268.302
v 694.918 0 273.657
v 700.433 0 267.601
v 694.572 0 262.258
v 689.057 10 268.302
v 694.918 10 273.657
v 700.433 10 267.601
v 694.572 10 262.258
v 547.801 0 158.508
v 544.131 0 161.914
v 549.463 0 167.658
v 553.133 0 164.241
v 547.801 10 158.508
v 544.131 10 161.914
v 549.463 10 167.658
v 553.133 10 164.241
v 674.685 0 267.723
v 681.035 0 273.557
v 685.935 0 268.213
v 679.585 0 262.38
v 674.685 10 267.723
v 681.035 10 273.557
v 685.935 10 268.213
v 679.585 10 262.38
v 446.703 0 297.334
v 450.094 0 302.244
v 453.831 0 299.672
v 450.44 0 294.763
v 446.703 10 297.334
v 450.094 10 302.244
v 453.831 10 299.672
v 450.44 10 294.763
v 486.852 0 294.796
v 483.441 0 290.21
v 477.677 0 283.531
v 470.471 0 287.961
v 475.755 0 296.744
v 479.973 0 301.364
v 483.172 0 298.559
v 486.852 10 294.796
v 483.441 10 290.21
v 477.677 10 283.531
v 470.471 10 287.961
v 475.755 10 296.744
v 479.973 10 301.364
v 483.172 10 298.559
v 578.093 0 195.9
v 574.932 0 199.384
v 581.926 0 205.73
v 585.087 0 202.245
v 578.093 10 195.9
v 574.932 10 199.384
v 581.926 10 205.73
v 585.087 10 202.245
v 354.578 0 214.245
v 350.072 0 219.533
v 358.354 0 226.602
v 362.86 0 221.314
v 354.578 10 214.245
v 350.072 10 219.533
v 358.354 10 226.602
v 362.86 10 221.314
v 657.478 0 236.175
v 653.222 0 241.463
v 660.495 0 247.319
v 664.741 0 242.031
v 657.478 10 236.175
v 653.222 10 241.463
v 660.495 10 247.319
v 664.741 10 242.031
v 539.567 0 218.008
v 499.668 0 262.503
v 508.785 0 270.673
v 548.685 0 226.168
v 539.567 10 218.008
v 499.668 10 262.503
v 508.785 10 270.673
v 548.685 10 226.168
v 388.905 0 292.425
v 392.364 0 293.216
v 392.777 0 291.39
v 396.658 0 292.28
v 398.676 0 283.419
v 391.336 0 281.75
v 388.905 10 292.425
v 392.364 10 293.216
v 392.777 10 291.39
v 396.658 10 292.28
v 398.676 10 283.419
v 391.336 10 281.75
v 671.332 0 121.149
v 662.897 0 112.466
v 654.865 0 120.27
v 659.784 0 125.323
v 658.708 0 126.37
v 662.234 0 129.999
v 671.332 10 121.149
v 662.897 10 112.466
v 654.865 10 120.27
v 659.784 10 125.323
v 658.708 10 126.37
v 662.234 10 129.999
v 613.073 0 290.833
v 605.349 0 296.711
v 610.94 0 304.058
v 613.044 0 302.466
v 611.959 0 301.041
v 617.589 0 296.755
v 613.073 10 290.833
v 605.349 10 296.711
v 610.94 10 304.058
v 613.044 10 302.466
v 611.959 10 301.041
v 617.589 10 296.755
v 501.34 0 292.102
v 502.56 0 290.555
v 495.767 0 285.178
v 493.74 0 287.75
v 495.047 0 288.785
v 488.514 0 297.034
v 495.729 0 302.744
v 503.079 0 293.472
v 501.34 10 292.102
v 502.56 10 290.555
v 495.767 10 285.178
v 493.74 10 287.75
v 495.047 10 288.785
v 488.514 10 297.034
v 495.729 10 302.744
v 503.079 10 293.472
v 714.43 0 179.313
v 715.689 0 180.649
v 711.337 0 184.746
v 713.796 0 187.362
v 718.158 0 183.276
v 720.425 0 185.681
v 723.913 0 182.408
v 717.928 0 176.03
v 714.43 10 179.313
v 715.689 10 180.649
v 711.337 10 184.746
v 713.796 10 187.362
v 718.158 10 183.276
v 720.425 10 185.681
v 723.913 10 182.408
v 717.928 10 176.03
v 622.796 0 207.088
v 618.837 0 211.585
v 617.665 0 210.561
v 611.901 0 217.106
v 615.417 0 220.201
v 617.156 0 218.231
v 623.708 0 223.997
v 631.692 0 214.913
v 622.796 10 207.088
v 618.837 10 211.585
v 617.665 10 210.561
v 611.901 10 217.106
v 615.417 10 220.201
v 617.156 10 218.231
v 623.708 10 223.997
v 631.692 10 214.913
v 591.62 0 251.148
v 595.175 0 254.911
v 598.047 0 252.194
v 601.093 0 255.411
v 604.936 0 251.782
v 601.89 0 248.554
v 605.743 0 244.925
v 602.188 0 241.163
v 591.62 10 251.148
v 595.175 10 254.911
v 598.047 10 252.194
v 601.093 10 255.411
v 604.936 10 251.782
v 601.89 10 248.554
v 605.743 10 244.925
v 602.188 10 241.163
v 573.741 0 232.068
v 577.295 0 235.83
v 580.168 0 233.114
v 583.213 0 236.331
v 587.056 0 232.702
v 584.011 0 229.474
v 587.863 0 225.845
v 584.309 0 222.082
v 573.741 10 232.068
v 577.295 10 235.83
v 580.168 10 233.114
v 583.213 10 236.331
v 587.056 10 232.702
v 584.011 10 229.474
v 587.863 10 225.845
v 584.309 10 222.082
v 673.59 0 191.002
v 682.371 0 197.826
v 686.704 0 192.26
v 690.739 0 195.388
v 692.958 0 192.538
v 688.904 0 189.388
v 693.025 0 184.1
v 684.263 0 177.287
v 673.59 10 191.002
v 682.371 10 197.826
v 686.704 10 192.26
v 690.739 10 195.388
v 692.958 10 192.538
v 688.904 10 189.388
v 693.025 10 184.1
v 684.263 10 177.287
v 689.788 0 175.673
v 700.01 0 184.968
v 703.843 0 180.749
v 701.384 0 178.512
v 709.396 0 169.695
v 701.633 0 162.638
v 695.158 0 169.773
v 689.788 10 175.673
v 700.01 10 184.968
v 703.843 10 180.749
v 701.384 10 178.512
v 709.396 10 169.695
v 701.633 10 162.638
v 695.158 10 169.773
v 722.625 0 230.888
v 719.993 0 235.296
v 724.211 0 237.801
v 726.833 0 233.392
v 722.625 10 230.888
v 719.993 10 235.296
v 724.211 10 237.801
v 726.833 10 233.392
v 769.865 0 246.339
v 765.628 0 242.866
v 767.914 0 240.083
v 762.871 0 235.942
v 757.702 0 242.253
v 766.983 0 249.857
v 769.865 10 246.339
v 765.628 10 242.866
v 767.914 10 240.083
v 762.871 10 235.942
v 757.702 10 242.253
v 766.983 10 249.857
v 740.86 0 261.601
v 744.136 0 258.005
v 743.464 0 257.404
v 746.596 0 253.964
v 747.393 0 254.688
v 749.968 0 251.86
v 743.397 0 245.871
v 734.414 0 255.723
v 740.86 10 261.601
v 744.136 10 258.005
v 743.464 10 257.404
v 746.596 10 253.964
v 747.393 10 254.688
v 749.968 10 251.86
v 743.397 10 245.871
v 734.414 10 255.723
v 772.853 0 247.953
v 768.155 0 255.623
v 774.467 0 259.497
v 775.466 0 257.872
v 775.975 0 258.194
v 777.762 0 255.289
v 778.483 0 255.734
v 780.414 0 252.595
v 772.853 10 247.953
v 768.155 10 255.623
v 774.467 10 259.497
v 775.466 10 257.872
v 775.975 10 258.194
v 777.762 10 255.289
v 778.483 10 255.734
v 780.414 10 252.595
v 605.483 0 7.44727
v 612.66 0 14.8723
v 615.984 0 11.5995
v 608.855 0 4.33033
v 605.483 10 7.44727
v 612.66 10 14.8723
v 615.984 10 11.5995
v 608.855 10 4.33033
v 818.219 0 133.205
v 830.66 0 124.132
v 810.561 0 96.5697
v 798.12 0 105.631
v 818.219 10 133.205
v 830.66 10 124.132
v 810.561 10 96.5697
v 798.12 10 105.631
v 524.196 0 20.082
v 542.488 0 39.6631
v 558.206 0 29.8782
v 534.754 0 6.67917
v 524.196 10 20.082
v 542.488 10 39.6631
v 558.206 10 29.8782
v 534.754 10 6.67917
v 520.843 0 46.3646
v 533.668 0 34.7985
v 521.813 0 21.6516
v 508.987 0 33.2289
v 520.843 10 46.3646
v 533.668 10 34.7985
v 521.813 10 21.6516
v 508.987 10 33.2289
v 483.585 0 16.8872
v 492.242 0 6.1671
v 481.827 0 -2.23752
v 473.171 0 8.48254
v 483.585 10 16.8872
v 492.242 10 6.1671
v 481.827 10 -2.23752
v 473.171 10 8.48254
v 268.304 0 -45.2402
v 276.864 0 -54.9696
v 265.134 0 -65.2777
v 256.583 0 -55.5484
v 268.304 10 -45.2402
v 276.864 10 -54.9696
v 265.134 10 -65.2777
v 256.583 10 -55.5484
v 305.677 0 -82.933
v 313.055 0 -81.9645
v 314.083 0 -89.8905
v 309.548 0 -90.4805
v 310.173 0 -93.6642
v 306.926 0 -94.3099
v 307.502 0 -97.2487
v 311.547 0 -96.4583
v 312.325 0 -100.421
v 305.609 0 -101.735
v 305.994 0 -103.672
v 300.806 0 -104.696
v 300.469 0 -102.948
v 294.446 0 -104.128
v 292.121 0 -92.2727
v 306.522 0 -89.4452
v 305.677 10 -82.933
v 313.055 10 -81.9645
v 314.083 10 -89.8905
v 309.548 10 -90.4805
v 310.173 10 -93.6642
v 306.926 10 -94.3099
v 307.502 10 -97.2487
v 311.547 10 -96.4583
v 312.325 10 -100.421
v 305.609 10 -101.735
v 305.994 10 -103.672
v 300.806 10 -104.696
v 300.469 10 -102.948
v 294.446 10 -104.128
v 292.121 10 -92.2727
v 306.522 10 -89.4452
v 335.411 0 -73.5933
v 335.392 0 -62.35
v 341.147 0 -62.3389
v 341.128 0 -56.7395
v 338.764 0 -56.7395
v 338.745 0 -49.2477
v 354.511 0 -49.2143
v 354.568 0 -75.6639
v 338.466 0 -75.6973
v 338.457 0 -73.5822
v 335.411 10 -73.5933
v 335.392 10 -62.35
v 341.147 10 -62.3389
v 341.128 10 -56.7395
v 338.764 10 -56.7395
v 338.745 10 -49.2477
v 354.511 10 -49.2143
v 354.568 10 -75.6639
v 338.466 10 -75.6973
v 338.457 10 -73.5822
v 69.6628 0 -15.8185
v 81.0571 0 -15.8185
v 81.0571 0 -27.4959
v 69.6724 0 -27.4959
v 69.6628 3 -15.8185
v 81.0571 3 -15.8185
v 81.0571 3 -27.4959
v 69.6724 3 -27.4959
v 237.08 0 -134.719
v 248.311 0 -130.567
v 251.29 0 -138.626
v 240.049 0 -142.778
v 237.08 3 -134.719
v 248.311 3 -130.567
v 251.29 3 -138.626
v 240.049 3 -142.778
v 14.1612 0 -22.4977
v 16.4189 0 -22.4977
v 16.4189 0 -15.7406
v 26.401 0 -15.7406
v 26.401 0 -27.585
v 14.1612 0 -27.585
v 14.1612 3 -22.4977
v 16.4189 3 -22.4977
v 16.4189 3 -15.7406
v 26.401 3 -15.7406
v 26.401 3 -27.585
v 14.1612 3 -27.585
v 256.103 0 68.4392
v 267.18 0 54.6467
v 257.352 0 46.7542
v 246.274 0 60.5355
v 256.103 10 68.4392
v 267.18 10 54.6467
v 257.352 10 46.7542
v 246.274 10 60.5355
v -5.55304 0 -20.9281
v -1.23935 0 -18.6683
v 0.75898 0 -22.4977
v -3.55471 0 -24.7575
v -5.55304 10 -20.9281
v -1.23935 10 -18.6683
v 0.75898 10 -22.4977
v -3.55471 10 -24.7575
v 197.661 0 -3.67354
v 207.192 0 -11.9223
v 215.704 0 -24.5459
v 205.655 0 -35.1102
v 199.468 0 -25.058
v 187.093 0 -12.1784
v 197.661 10 -3.67354
v 207.192 10 -11.9223
v 215.704 10 -24.5459
v 205.655 10 -35.1102
v 199.468 10 -25.058
v 187.093 10 -12.1784
v 662.484 0 182.263
v 674.022 0 168.894
v 669.766 0 165.22
v 670.852 0 163.951
v 668.373 0 161.814
v 655.739 0 176.441
v 662.484 6 182.263
v 674.022 6 168.894
v 669.766 6 165.22
v 670.852 6 163.951
v 668.373 6 161.814
v 655.739 6 176.441
v 250.012 0 -80.0276
v 252.644 0 -86.5175
v 238.339 0 -92.3061
v 235.706 0 -85.8273
v 250.012 10 -80.0276
v 252.644 10 -86.5175
v 238.339 10 -92.3061
v 235.706 10 -85.8273
v 222.189 0 -55.0252
v 231.556 0 -76.5099
v 200.246 0 -90.1688
v 190.879 0 -68.673
v 222.189 10 -55.0252
v 231.556 10 -76.5099
v 200.246 10 -90.1688
v 190.879 10 -68.673
v 586.49 0 276.551
v 593.781 0 282.974
v 601.381 0 274.336
v 594.089 0 267.924
v 586.49 10 276.551
v 593.781 10 282.974
v 601.381 10 274.336
v 594.089 10 267.924
v 513.224 0 273.378
v 520.891 0 278.466
v 523.609 0 274.358
v 515.943 0 269.271
v 513.224 10 273.378
v 520.891 10 278.466
v 523.609 10 274.358
v 515.943 10 269.271
v 515.491 0 265.731
v 523.629 0 272.722
v 557.812 0 232.981
v 549.684 0 225.979
v 515.491 10 265.731
v 523.629 10 272.722
v 557.812 10 232.981
v 549.684 10 225.979
v 488.889 0 141.454
v 494.49 0 135.687
v 463.304 0 105.408
v 457.713 0 111.175
v 488.889 10 141.454
v 494.49 10 135.687
v 463.304 10 105.408
v 457.713 10 111.175
v 481.097 0 166.389
v 491.05 0 172.801
v 500.975 0 157.406
v 491.012 0 150.994
v 481.097 10 166.389
v 491.05 10 172.801
v 500.975 10 157.406
v 491.012 10 150.994
v 469.559 0 182.753
v 478.618 0 189.277
v 489.052 0 174.772
v 480.002 0 168.259
v 469.559 10 182.753
v 478.618 10 189.277
v 489.052 10 174.772
v 480.002 10 168.259
v 454.235 0 209.937
v 460.393 0 214.424
v 476.889 0 191.748
v 470.721 0 187.262
v 454.235 10 209.937
v 460.393 10 214.424
v 476.889 10 191.748
v 470.721 10 187.262
v 430.956 0 176.876
v 450.613 0 195.499
v 469.953 0 175.083
v 450.306 0 156.471
v 430.956 10 176.876
v 450.613 10 195.499
v 469.953 10 175.083
v 450.306 10 156.471
v 443.936 0 123.609
v 434.28 0 136.622
v 449.21 0 147.71
v 458.866 0 134.697
v 443.936 10 123.609
v 434.28 10 136.622
v 449.21 10 147.71
v 458.866 10 134.697
v 238.541 0 102.347
v 247.254 0 110.841
v 261.685 0 96.0242
v 252.971 0 87.5305
v 238.541 10 102.347
v 247.254 10 110.841
v 261.685 10 96.0242
v 252.971 10 87.5305
v -145.532 0 285.779
v -125.952 0 279.657
v -129.757 0 267.467
v -149.336 0 273.59
v -145.532 10 285.779
v -125.952 10 279.657
v -129.757 10 267.467
v -149.336 10 273.59
v -110.369 0 307.019
v -100.291 0 296.499
v -109.437 0 287.739
v -119.515 0 298.258
v -110.369 10 307.019
v -100.291 10 296.499
v -109.437 10 287.739
v -119.515 10 298.258
v -97.6202 0 299.628
v -107.669 0 310.448
v -101.021 0 316.626
v -90.9719 0 305.795
v -97.6202 10 299.628
v -107.669 10 310.448
v -101.021 10 316.626
v -90.9719 10 305.795
v -122.801 0 318.752
v -114.347 0 310.181
v -123.944 0 300.718
v -132.399 0 309.279
v -122.801 10 318.752
v -114.347 10 310.181
v -123.944 10 300.718
v -132.399 10 309.279
v 18.2251 0 228.038
v 28.2744 0 216.784
v 10.7506 0 201.132
v 0.701336 0 212.386
v 18.2251 10 228.038
v 28.2744 10 216.784
v 10.7506 10 201.132
v 0.701336 10 212.386
v -22.6253 0 199.562
v -12.1821 0 208.757
v -1.22974 0 196.323
v -11.6729 0 187.128
v -22.6253 10 199.562
v -12.1821 10 208.757
v -1.22974 10 196.323
v -11.6729 10 187.128
v -36.7961 0 208.646
v -29.0814 0 215.826
v -21.2226 0 207.388
v -28.9373 0 200.208
v -36.7961 10 208.646
v -29.0814 10 215.826
v -21.2226 10 207.388
v -28.9373 10 200.208
v -19.599 0 224.687
v -11.6345 0 215.793
v -20.2619 0 208.067
v -28.2264 0 216.962
v -19.599 10 224.687
v -11.6345 10 215.793
v -20.2619 10 208.067
v -28.2264 10 216.962
v -5.48579 0 236.676
v 2.23851 0 228.394
v -9.22304 0 217.696
v -16.957 0 225.979
v -5.48579 10 236.676
v 2.23851 10 228.394
v -9.22304 10 217.696
v -16.957 10 225.979
v -28.8028 0 246.528
v -22.2794 0 239.637
v -29.4945 0 232.802
v -36.0179 0 239.704
v -28.8028 10 246.528
v -22.2794 10 239.637
v -29.4945 10 232.802
v -36.0179 10 239.704
v -39.8897 0 234.873
v -36.7 0 237.823
v -29.6098 0 230.153
v -32.7994 0 227.203
v -39.8897 10 234.873
v -36.7 10 237.823
v -29.6098 10 230.153
v -32.7994 10 227.203
v -46.7781 0 228.561
v -41.6094 0 234.005
v -33.741 0 226.524
v -38.9193 0 221.081
v -46.7781 10 228.561
v -41.6094 10 234.005
v -33.741 10 226.524
v -38.9193 10 221.081
v -55.0885 0 221.337
v -48.5074 0 228.049
v -41.35 0 221.025
v -47.9406 0 214.323
v -55.0885 10 221.337
v -48.5074 10 228.049
v -41.35 10 221.025
v -47.9406 10 214.323
v -64.3692 0 232.101
v -67.1745 0 223.63
v -87.2058 0 230.275
v -84.4005 0 238.736
v -64.3692 10 232.101
v -67.1745 10 223.63
v -87.2058 10 230.275
v -84.4005 10 238.736
v -79.4431 0 221.47
v -71.9974 0 214.168
v -81.4606 0 204.505
v -88.9159 0 211.808
v -79.4431 10 221.47
v -71.9974 10 214.168
v -81.4606 10 204.505
v -88.9159 10 211.808
v -97.5433 0 185.993
v -84.7271 0 198.36
v -75.3215 0 188.609
v -88.1377 0 176.241
v -97.5433 10 185.993
v -84.7271 10 198.36
v -75.3215 10 188.609
v -88.1377 10 176.241
v -38.8617 0 207.744
v -30.9933 0 199.217
v -47.4218 0 184.078
v -55.2806 0 192.605
v -38.8617 10 207.744
v -30.9933 10 199.217
v -47.4218 10 184.078
v -55.2806 10 192.605
v -62.7647 0 168.404
v -71.9782 0 177.944
v -63.5333 0 186.104
v -54.3199 0 176.564
v -62.7647 10 168.404
v -71.9782 10 177.944
v -63.5333 10 186.104
v -54.3199 10 176.564
v -59.6712 0 164.63
v -40.6679 0 183.054
v -33.251 0 175.406
v -52.2543 0 156.983
v -59.6712 10 164.63
v -40.6679 10 183.054
v -33.251 10 175.406
v -52.2543 10 156.983
v -155.725 0 117.754
v -162.748 0 125.991
v -156.619 0 131.212
v -149.596 0 122.964
v -155.725 10 117.754
v -162.748 10 125.991
v -156.619 10 131.212
v -149.596 10 122.964
v -146.253 0 110.151
v -134.291 0 116.952
v -126.817 0 103.805
v -138.778 0 97.0038
v -146.253 10 110.151
v -134.291 10 116.952
v -126.817 10 103.805
v -138.778 10 97.0038
v -85.3516 0 110.774
v -82.1331 0 115.093
v -77.0605 0 111.308
v -80.2789 0 106.989
v -85.3516 10 110.774
v -82.1331 10 115.093
v -77.0605 10 111.308
v -80.2789 10 106.989
v -86.3219 0 94.2876
v -84.583 0 102.792
v -75.8307 0 101
v -77.5793 0 92.4954
v -86.3219 10 94.2876
v -84.583 10 102.792
v -75.8307 10 101
v -77.5793 10 92.4954
v -116.239 0 101.368
v -108.63 0 106.388
v -103.663 0 98.874
v -111.272 0 93.8423
v -116.239 10 101.368
v -108.63 10 106.388
v -103.663 10 98.874
v -111.272 10 93.8423
v -110.35 0 88.8775
v -102.299 0 93.898
v -98.1293 0 87.2077
v -106.18 0 82.1872
v -110.35 10 88.8775
v -102.299 10 93.898
v -98.1293 10 87.2077
v -106.18 10 82.1872
v -123.118 0 71.1109
v -116.662 0 74.751
v -108.419 0 60.1237
v -114.875 0 56.4835
v -123.118 10 71.1109
v -116.662 10 74.751
v -108.419 10 60.1237
v -114.875 10 56.4835
v -132.207 0 69.4968
v -125.722 0 73.2928
v -115.605 0 56.0271
v -122.09 0 52.2311
v -132.207 10 69.4968
v -125.722 10 73.2928
v -115.605 10 56.0271
v -122.09 10 52.2311
v -143.659 0 60.9252
v -134.32 0 66.4021
v -130.66 0 60.1571
v -139.998 0 54.6801
v -143.659 10 60.9252
v -134.32 10 66.4021
v -130.66 10 60.1571
v -139.998 10 54.6801
v -127.758 0 59.7006
v -122.186 0 50.5613
v -132.754 0 44.1159
v -138.326 0 53.2664
v -127.758 10 59.7006
v -122.186 10 50.5613
v -132.754 10 44.1159
v -138.326 10 53.2664
v -155.783 0 41.6001
v -146.858 0 46.3646
v -139.575 0 32.7057
v -148.501 0 27.9412
v -155.783 10 41.6001
v -146.858 10 46.3646
v -139.575 10 32.7057
v -148.501 10 27.9412
v -163.45 0 36.3124
v -157.56 0 39.9748
v -149.192 0 26.5163
v -155.072 0 22.8539
v -163.45 10 36.3124
v -157.56 10 39.9748
v -149.192 10 26.5163
v -155.072 10 22.8539
v -162.931 0 -3.29506
v -151.402 0 2.94997
v -146.445 0 -6.2005
v -157.973 0 -12.4455
v -162.931 10 -3.29506
v -151.402 10 2.94997
v -146.445 10 -6.2005
v -157.973 10 -12.4455
v -117.325 0 -17.5996
v -111.628 0 -26.6276
v -123.867 0 -34.3532
v -129.565 0 -25.3363
v -117.325 10 -17.5996
v -111.628 10 -26.6276
v -123.867 10 -34.3532
v -129.565 10 -25.3363
v -131.755 0 -26.5608
v -126.971 0 -34.8207
v -137.529 0 -40.9433
v -142.323 0 -32.6834
v -131.755 10 -26.5608
v -126.971 10 -34.8207
v -137.529 10 -40.9433
v -142.323 10 -32.6834
v -136.655 0 -16.0523
v -132.821 0 -22.9986
v -143.447 0 -28.8651
v -147.28 0 -21.9188
v -136.655 10 -16.0523
v -132.821 10 -22.9986
v -143.447 10 -28.8651
v -147.28 10 -21.9188
v -121.965 0 -7.29143
v -117.286 0 -15.2062
v -128.94 0 -22.1081
v -133.619 0 -14.1932
v -121.965 10 -7.29143
v -117.286 10 -15.2062
v -128.94 10 -22.1081
v -133.619 10 -14.1932
v -70.1912 0 15.4623
v -64.4941 0 6.62351
v -74.7163 0 0.0333958
v -80.4134 0 8.87216
v -70.1912 10 15.4623
v -64.4941 10 6.62351
v -74.7163 10 0.0333958
v -80.4134 10 8.87216
v -82.3445 0 22.6646
v -77.5889 0 14.9391
v -87.6381 0 8.74971
v -92.3938 0 16.4753
v -82.3445 10 22.6646
v -77.5889 10 14.9391
v -87.6381 10 8.74971
v -92.3938 10 16.4753
v -111.705 0 5.65503
v -99.974 0 12.1004
v -95.545 0 4.0409
v -107.276 0 -2.4045
v -111.705 10 5.65503
v -99.974 10 12.1004
v -95.545 10 4.0409
v -107.276 10 -2.4045
v -111.714 0 22.8539
v -104.105 0 27.5404
v -99.4648 0 20.0041
v -107.083 0 15.3176
v -111.714 10 22.8539
v -104.105 10 27.5404
v -99.4648 10 20.0041
v -107.083 10 15.3176
v -84.535 0 42.5018
v -78.4343 0 45.9749
v -72.1127 0 34.8987
v -78.2229 0 31.4255
v -84.535 10 42.5018
v -78.4343 10 45.9749
v -72.1127 10 34.8987
v -78.2229 10 31.4255
v -97.4857 0 51.719
v -87.7246 0 58.1533
v -81.4798 0 48.68
v -91.2313 0 42.2457
v -97.4857 10 51.719
v -87.7246 10 58.1533
v -81.4798 10 48.68
v -91.2313 10 42.2457
v -109.014 0 44.1159
v -98.3599 0 51.0734
v -92.1728 0 41.6001
v -102.827 0 34.6426
v -109.014 10 44.1159
v -98.3599 10 51.0734
v -92.1728 10 41.6001
v -102.827 10 34.6426
v -117.517 0 40.242
v -111.099 0 44.5055
v -105.498 0 36.0675
v -111.916 0 31.804
v -117.517 10 40.242
v -111.099 10 44.5055
v -105.498 10 36.0675
v -111.916 10 31.804
v 37.5455 0 311.917
v 43.7614 0 303.301
v 32.6842 0 295.308
v 26.4682 0 303.936
v 37.5455 10 311.917
v 43.7614 10 303.301
v 32.6842 10 295.308
v 26.4682 10 303.936
v 28.5434 0 289.553
v 40.6583 0 294.574
v 44.6357 0 284.989
v 32.5208 0 279.969
v 28.5434 10 289.553
v 40.6583 10 294.574
v 44.6357 10 284.989
v 32.5208 10 279.969
v 8.94443 0 302.644
v 15.1219 0 307.587
v 18.2251 0 303.702
v 20.0313 0 305.149
v 25.1712 0 298.726
v 17.1875 0 292.336
v 8.94443 10 302.644
v 15.1219 10 307.587
v 18.2251 10 303.702
v 20.0313 10 305.149
v 25.1712 10 298.726
v 17.1875 10 292.336
v -22.8847 0 279.445
v -26.3818 0 269.193
v -49.0551 0 276.918
v -45.558 0 287.182
v -22.8847 10 279.445
v -26.3818 10 269.193
v -49.0551 10 276.918
v -45.558 10 287.182
v 104.806 0 61.9604
v 102.107 0 53.4779
v 92.1824 0 56.6282
v 94.8821 0 65.1108
v 104.806 10 61.9604
v 102.107 10 53.4779
v 92.1824 10 56.6282
v 94.8821 10 65.1108
v -44.53 0 52.9992
v -37.2284 0 60.1125
v -29.8884 0 52.5762
v -37.1804 0 45.4629
v -44.53 10 52.9992
v -37.2284 10 60.1125
v -29.8884 10 52.5762
v -37.1804 10 45.4629
v -50.9861 0 57.3184
v -38.1219 0 43.1474
v -41.667 0 39.9303
v -43.8479 0 42.3348
v -46.4034 0 40.0082
v -57.0868 0 51.7747
v -50.9861 10 57.3184
v -38.1219 10 43.1474
v -41.667 10 39.9303
v -43.8479 10 42.3348
v -46.4034 10 40.0082
v -57.0868 10 51.7747
v -55.7802 0 49.3257
v -46.413 0 37.715
v -49.9005 0 34.8987
v -52.5714 0 38.2048
v -55.1557 0 36.1232
v -61.852 0 44.4387
v -55.7802 10 49.3257
v -46.413 10 37.715
v -49.9005 10 34.8987
v -52.5714 10 38.2048
v -55.1557 10 36.1232
v -61.852 10 44.4387
v -58.3742 0 68.5283
v -53.4937 0 62.4057
v -64.7727 0 53.4222
v -69.6532 0 59.5448
v -58.3742 10 68.5283
v -53.4937 10 62.4057
v -64.7727 10 53.4222
v -69.6532 10 59.5448
v -73.5154 0 77.0331
v -67.2129 0 69.5413
v -74.5722 0 63.3519
v -77.5793 0 66.9141
v -80.1732 0 64.7323
v -83.4782 0 68.6619
v -73.5154 10 77.0331
v -67.2129 10 69.5413
v -74.5722 10 63.3519
v -77.5793 10 66.9141
v -80.1732 10 64.7323
v -83.4782 10 68.6619
v -119.832 0 123.865
v -115.557 0 127.416
v -110.532 0 121.361
v -114.808 0 117.809
v -119.832 10 123.865
v -115.557 10 127.416
v -110.532 10 121.361
v -114.808 10 117.809
v -114.616 0 116.073
v -110.34 0 109.494
v -119.554 0 103.505
v -123.829 0 110.084
v -114.616 10 116.073
v -110.34 10 109.494
v -119.554 10 103.505
v -123.829 10 110.084
v -85.8223 0 134.307
v -79.9427 0 130.288
v -85.2267 0 122.552
v -91.1064 0 126.57
v -85.8223 10 134.307
v -79.9427 10 130.288
v -85.2267 10 122.552
v -91.1064 10 126.57
v -93.1624 0 141.52
v -87.936 0 135.376
v -93.9886 0 130.222
v -99.2246 0 136.366
v -93.1624 10 141.52
v -87.936 10 135.376
v -93.9886 10 130.222
v -99.2246 10 136.366
v -100.992 0 135.275
v -95.1319 0 127.928
v -101.021 0 123.22
v -106.891 0 130.567
v -100.992 10 135.275
v -95.1319 10 127.928
v -101.021 10 123.22
v -106.891 10 130.567
v -111.33 0 161.814
v -104.71 0 154.69
v -113.732 0 146.307
v -120.351 0 153.443
v -111.33 10 161.814
v -104.71 10 154.69
v -113.732 10 146.307
v -120.351 10 153.443
v -127.951 0 184.1
v -122.042 0 178.979
v -129.574 0 170.285
v -135.492 0 175.406
v -127.951 10 184.1
v -122.042 10 178.979
v -129.574 10 170.285
v -135.492 10 175.406
v -155.466 0 163.684
v -150.826 0 167.235
v -144.706 0 159.243
v -149.336 0 155.691
v -155.466 10 163.684
v -150.826 10 167.235
v -144.706 10 159.243
v -149.336 10 155.691
v -62.7551 0 317.138
v -57.2982 0 310.759
v -65.3491 0 303.869
v -70.8061 0 310.247
v -62.7551 10 317.138
v -57.2982 10 310.759
v -65.3491 10 303.869
v -70.8061 10 310.247
v -34.3462 0 315.724
v -27.0831 0 323.561
v -14.9106 0 312.296
v -22.1737 0 304.448
v -34.3462 10 315.724
v -27.0831 10 323.561
v -14.9106 10 312.296
v -22.1737 10 304.448
v 365.646 0 218.375
v 373.476 0 209.848
v 360.977 0 198.382
v 353.156 0 206.91
v 365.646 10 218.375
v 373.476 10 209.848
v 360.977 10 198.382
v 353.156 10 206.91
v 373.572 0 205.618
v 380.47 0 196.958
v 367.519 0 186.649
v 360.621 0 195.31
v 373.572 10 205.618
v 380.47 10 196.958
v 367.519 10 186.649
v 360.621 10 195.31
v 366.04 0 181.718
v 370.2 0 176.731
v 363.57 0 171.187
v 359.401 0 176.174
v 366.04 10 181.718
v 370.2 10 176.731
v 363.57 10 171.187
v 359.401 10 176.174
v 355.539 0 172.512
v 362.898 0 163.873
v 348.919 0 151.951
v 341.56 0 160.589
v 355.539 10 172.512
v 362.898 10 163.873
v 348.919 10 151.951
v 341.56 10 160.589
v 190.485 0 253.419
v 198.507 0 261.445
v 212.034 0 247.92
v 204.012 0 239.894
v 190.485 10 253.419
v 198.507 10 261.445
v 212.034 10 247.92
v 204.012 10 239.894
v 153.247 0 221.37
v 161.643 0 212.208
v 149.173 0 200.798
v 140.786 0 209.949
v 153.247 10 221.37
v 161.643 10 212.208
v 149.173 10 200.798
v 140.786 10 209.949
v 181.598 0 211.095
v 189.37 0 203.024
v 177.255 0 191.358
v 169.483 0 199.44
v 181.598 10 211.095
v 189.37 10 203.024
v 177.255 10 191.358
v 169.483 10 199.44
v 222.89 0 203.047
v 231.258 0 193.351
v 221.853 0 185.236
v 213.485 0 194.932
v 222.89 10 203.047
v 231.258 10 193.351
v 221.853 10 185.236
v 213.485 10 194.932
v 126.74 0 262.079
v 115.845 0 272.321
v 123.099 0 280.035
v 133.984 0 269.783
v 126.74 10 262.079
v 115.845 10 272.321
v 123.099 10 280.035
v 133.984 10 269.783
v 249.752 0 315.791
v 259.561 0 319.476
v 264.336 0 306.774
v 254.518 0 303.09
v 249.752 10 315.791
v 259.561 10 319.476
v 264.336 10 306.774
v 254.518 10 303.09
v 270.437 0 303.357
v 273.944 0 294.986
v 259.389 0 288.874
v 255.872 0 297.234
v 270.437 10 303.357
v 273.944 10 294.986
v 259.389 10 288.874
v 255.872 10 297.234
v 62.4477 0 287.182
v 70.979 0 274.881
v 60.6799 0 267.723
v 62.9569 0 264.439
v 58.941 0 261.645
v 56.6545 0 264.929
v 50.6595 0 260.766
v 42.1186 0 273.078
v 62.4477 10 287.182
v 70.979 10 274.881
v 60.6799 10 267.723
v 62.9569 10 264.439
v 58.941 10 261.645
v 56.6545 10 264.929
v 50.6595 10 260.766
v 42.1186 10 273.078
v 93.9886 0 298.793
v 101.194 0 288.407
v 86.0529 0 277.898
v 78.8378 0 288.273
v 93.9886 10 298.793
v 101.194 10 288.407
v 86.0529 10 277.898
v 78.8378 10 288.273
v 76.2054 0 313.142
v 83.8528 0 318.452
v 91.0391 0 308.099
v 88.4548 0 306.307
v 89.4539 0 304.871
v 84.3812 0 301.353
v 76.2054 10 313.142
v 83.8528 10 318.452
v 91.0391 10 308.099
v 88.4548 10 306.307
v 89.4539 10 304.871
v 84.3812 10 301.353
v 65.9544 0 307.609
v 72.6411 0 312.741
v 81.8545 0 300.763
v 75.1678 0 295.62
v 65.9544 10 307.609
v 72.6411 10 312.741
v 81.8545 10 300.763
v 75.1678 10 295.62
v -162.114 0 -131.491
v -154.899 0 -122.407
v -148.308 0 -127.639
v -155.524 0 -136.723
v -162.114 10 -131.491
v -154.899 10 -122.407
v -148.308 10 -127.639
v -155.524 10 -136.723
v -153.074 0 -149.858
v -146.819 0 -145.517
v -141.862 0 -152.675
v -148.116 0 -157.016
v -153.074 10 -149.858
v -146.819 10 -145.517
v -141.862 10 -152.675
v -148.116 10 -157.016
v -128.383 0 -153.12
v -118.074 0 -148.344
v -114.491 0 -156.114
v -124.799 0 -160.879
v -128.383 10 -153.12
v -118.074 10 -148.344
v -114.491 10 -156.114
v -124.799 10 -160.879
v -141.574 0 -132.526
v -128.623 0 -126.659
v -124.857 0 -134.975
v -137.808 0 -140.841
v -141.574 10 -132.526
v -128.623 10 -126.659
v -124.857 10 -134.975
v -137.808 10 -140.841
v -139.057 0 -144.203
v -124.367 0 -137.624
v -119.967 0 -147.476
v -134.656 0 -154.044
v -139.057 10 -144.203
v -124.367 10 -137.624
v -119.967 10 -147.476
v -134.656 10 -154.044
v -158.617 0 -91.3042
v -153.564 0 -87.3969
v -149.375 0 -92.8071
v -154.428 0 -96.7144
v -158.617 10 -91.3042
v -153.564 10 -87.3969
v -149.375 10 -92.8071
v -154.428 10 -96.7144
v -95.5354 0 -102.971
v -106.613 0 -95.3006
v -101.213 0 -87.4971
v -90.136 0 -95.167
v -95.5354 10 -102.971
v -106.613 10 -95.3006
v -101.213 10 -87.4971
v -90.136 10 -95.167
v -87.8879 0 -94.0761
v -97.3608 0 -86.6622
v -90.6548 0 -78.0906
v -81.182 0 -85.5045
v -87.8879 10 -94.0761
v -97.3608 10 -86.6622
v -90.6548 10 -78.0906
v -81.182 10 -85.5045
v -79.7889 0 -84.2021
v -89.4539 0 -77.1889
v -82.8537 0 -68.1053
v -73.1983 0 -75.1295
v -79.7889 10 -84.2021
v -89.4539 10 -77.1889
v -82.8537 10 -68.1053
v -73.1983 10 -75.1295
v -80.3462 0 -66.9475
v -73.9189 0 -59.7897
v -66.9631 0 -66.0459
v -73.3904 0 -73.2037
v -80.3462 10 -66.9475
v -73.9189 10 -59.7897
v -66.9631 10 -66.0459
v -73.3904 10 -73.2037
v -81.9602 0 -48.2459
v -56.9619 0 -32.0711
v -52.3216 0 -39.2513
v -77.3199 0 -55.4148
v -81.9602 10 -48.2459
v -56.9619 10 -32.0711
v -52.3216 10 -39.2513
v -77.3199 10 -55.4148
v -121.004 0 -38.4831
v -112.377 0 -33.9747
v -108.236 0 -41.8895
v -116.873 0 -46.398
v -121.004 10 -38.4831
v -112.377 10 -33.9747
v -108.236 10 -41.8895
v -116.873 10 -46.398
v -124.857 0 -54.3239
v -118.968 0 -51.04
v -115.163 0 -57.875
v -121.062 0 -61.1478
v -124.857 10 -54.3239
v -118.968 10 -51.04
v -115.163 10 -57.875
v -121.062 10 -61.1478
v -137.616 0 -59.9901
v -133.417 0 -67.1034
v -143.341 0 -72.9588
v -147.54 0 -65.8566
v -137.616 10 -59.9901
v -133.417 10 -67.1034
v -143.341 10 -72.9588
v -147.54 10 -65.8566
v -124.54 0 -39.8969
v -119.602 0 -49.0251
v -129.843 0 -54.5577
v -134.781 0 -45.4295
v -124.54 10 -39.8969
v -119.602 10 -49.0251
v -129.843 10 -54.5577
v -134.781 10 -45.4295
v -140.45 0 -46.9768
v -135.3 0 -55.849
v -146.06 0 -62.094
v -151.21 0 -53.233
v -140.45 10 -46.9768
v -135.3 10 -55.849
v -146.06 10 -62.094
v -151.21 10 -53.233
v 156.311 0 280.67
v 158.694 0 290.277
v 165.169 0 288.663
v 162.787 0 279.067
v 156.311 10 280.67
v 158.694 10 290.277
v 165.169 10 288.663
v 162.787 10 279.067
v 167.389 0 270.373
v 176.083 0 278.811
v 181.656 0 273.078
v 172.961 0 264.629
v 167.389 10 270.373
v 176.083 10 278.811
v 181.656 10 273.078
v 172.961 10 264.629
v 193.261 0 276.284
v 184.115 0 286.136
v 189.265 0 290.922
v 198.411 0 281.059
v 193.261 10 276.284
v 184.115 10 286.136
v 189.265 10 290.922
v 198.411 10 281.059
v 212.38 0 299.772
v 214.743 0 302.054
v 212.111 0 304.782
v 219.095 0 311.516
v 225.984 0 304.381
v 216.645 0 295.364
v 212.38 10 299.772
v 214.743 10 302.054
v 212.111 10 304.782
v 219.095 10 311.516
v 225.984 10 304.381
v 216.645 10 295.364
v 241.769 0 303.68
v 245.669 0 293.95
v 232.651 0 288.729
v 228.751 0 298.459
v 241.769 10 303.68
v 245.669 10 293.95
v 232.651 10 288.729
v 228.751 10 298.459
v 235.322 0 313.142
v 238.685 0 304.381
v 230.951 0 301.42
v 227.598 0 310.181
v 235.322 10 313.142
v 238.685 10 304.381
v 230.951 10 301.42
v 227.598 10 310.181
v 207.778 0 129.632
v 220.412 0 141.621
v 228.751 0 132.826
v 216.127 0 120.837
v 207.778 10 129.632
v 220.412 10 141.621
v 228.751 10 132.826
v 216.127 10 120.837
v 153.583 0 127.238
v 166.217 0 138.838
v 175.286 0 128.952
v 162.652 0 117.364
v 153.583 10 127.238
v 166.217 10 138.838
v 175.286 10 128.952
v 162.652 10 117.364
v 21.3859 0 -134.786
v 26.4682 0 -126.726
v 33.6161 0 -131.246
v 28.5242 0 -139.294
v 21.3859 10 -134.786
v 26.4682 10 -126.726
v 33.6161 10 -131.246
v 28.5242 10 -139.294
v 34.6633 0 -132.415
v 40.3316 0 -124.11
v 45.4043 0 -127.572
v 39.7359 0 -135.877
v 34.6633 10 -132.415
v 40.3316 10 -124.11
v 45.4043 10 -127.572
v 39.7359 10 -135.877
v 54.3583 0 -129.053
v 59.6904 0 -132.771
v 54.9155 0 -139.595
v 49.5931 0 -135.877
v 54.3583 10 -129.053
v 59.6904 10 -132.771
v 54.9155 10 -139.595
v 49.5931 10 -135.877
v 59.9017 0 -137.491
v 65.4356 0 -142.378
v 59.6424 0 -148.945
v 54.1085 0 -144.059
v 59.9017 10 -137.491
v 65.4356 10 -142.378
v 59.6424 10 -148.945
v 54.1085 10 -144.059
v -116.316 0 -122.73
v -102.722 0 -117.064
v -99.7338 0 -124.221
v -113.328 0 -129.888
v -116.316 10 -122.73
v -102.722 10 -117.064
v -99.7338 10 -124.221
v -113.328 10 -129.888
v -105.546 0 -147.621
v -96.4673 0 -141.821
v -93.1047 0 -147.086
v -102.184 0 -152.886
v -105.546 10 -147.621
v -96.4673 10 -141.821
v -93.1047 10 -147.086
v -102.184 10 -152.886
v -100.714 0 -157.038
v -88.9255 0 -151.94
v -84.9865 0 -161.068
v -96.7747 0 -166.155
v -100.714 10 -157.038
v -88.9255 10 -151.94
v -84.9865 10 -161.068
v -96.7747 10 -166.155
v 76.0709 0 -49.9602
v 80.4038 0 -36.112
v 90.2417 0 -41.7114
v 111.887 0 -55.1143
v 128.383 0 -76.2427
v 147.713 0 -117.219
v 125.03 0 -122.106
v 121.687 0 -112.065
v 112.925 0 -94.0204
v 101.069 0 -77.278
v 71.9493 0 -57.1737
v 76.0709 10 -49.9602
v 80.4038 10 -36.112
v 90.2417 10 -41.7114
v 111.887 10 -55.1143
v 128.383 10 -76.2427
v 147.713 10 -117.219
v 125.03 10 -122.106
v 121.687 10 -112.065
v 112.925 10 -94.0204
v 101.069 10 -77.278
v 71.9493 10 -57.1737
v 71.9493 0 -57.1737
v 76.0709 0 -49.9602
v 80.4038 0 -36.112
v 111.887 0 -55.1143
v 128.383 0 -76.2427
v 147.713 0 -117.219
v 125.03 0 -122.106
v 112.925 0 -94.0204
v 101.069 0 -77.278
v 71.9493 10 -57.1737
v 76.0709 10 -49.9602
v 80.4038 10 -36.112
v 111.887 10 -55.1143
v 128.383 10 -76.2427
v 147.713 10 -117.219
v 125.03 10 -122.106
v 112.925 10 -94.0204
v 101.069 10 -77.278

f 1 2 27
f 2 28 27
f 2 3 28
f 3 29 28
f 3 4 29
f 4 30 29
f 4 5 30
f 5 31 30
f 5 6 31
f 6 32 31
f 6 7 32
f 7 33 32
f 7 8 33
f 8 34 33
f 8 9 34
f 9 35 34
f 9 10 35
f 10 36 35
f 10 11 36
f 11 37 36
f 11 12 37
f 12 38 37
f 12 13 38
f 13 39 38
f 13 14 39
f 14 40 39
f 14 15 40
f 15 41 40
f 15 16 41
f 16 42 41
f 16 17 42
f 17 43 42
f 17 18 43
f 18 44 43
f 18 19 44
f 19 45 44
f 19 20 45
f 20 46 45
f 20 21 46
f 21 47 46
f 21 22 47
f 22 48 47
f 22 23 48
f 23 49 48
f 23 24 49
f 24 50 49
f 24 25 50
f 25 51 50
f 25 26 51
f 26 52 51
f 26 1 52
f 1 27 52
f 27 28 29
f 27 29 30
f 27 30 31
f 27 31 32
f 27 32 33
f 27 33 34
f 27 34 35
f 27 35 36
f 27 36 37
f 27 37 38
f 27 38 39
f 27 39 40
f 27 40 41
f 27 41 42
f 27 42 43
f 27 43 44
f 27 44 45
f 27 45 46
f 27 46 47
f 27 47 48
f 27 48 49
f 27 49 50
f 27 50 51
f 27 51 52
f 53 54 57
f 54 58 57
f 54 55 58
f 55 59 58
f 55 56 59
f 56 60 59
f 56 53 60
f 53 57 60
f 57 58 59
f 57 59 60
f 61 62 65
f 62 66 65
f 62 63 66
f 63 67 66
f 63 64 67
f 64 68 67
f 64 61 68
f 61 65 68
f 65 66 67
f 65 67 68
f 69 70 85
f 70 86 85
f 70 71 86
f 71 87 86
f 71 72 87
f 72 88 87
f 72 73 88
f 73 89 88
f 73 74 89
f 74 90 89
f 74 75 90
f 75 91 90
f 75 76 91
f 76 92 91
f 76 77 92
f 77 93 92
f 77 78 93
f 78 94 93
f 78 79 94
f 79 95 94
f 79 80 95
f 80 96 95
f 80 81 96
f 81 97 96
f 81 82 97
f 82 98 97
f 82 83 98
f 83 99 98
f 83 84 99
f 84 100 99
f 84 69 100
f 69 85 100
f 85 86 87
f 85 87 88
f 85 88 89
f 85 89 90
f 85 90 91
f 85 91 92
f 85 92 93
f 85 93 94
f 85 94 95
f 85 95 96
f 85 96 97
f 85 97 98
f 85 98 99
f 85 99 100
f 101 102 112
f 102 113 112
f 102 103 113
f 103 114 113
f 103 104 114
f 104 115 114
f 104 105 115
f 105 116 115
f 105 106 116
f 106 117 116
f 106 107 117
f 107 118 117
f 107 108 118
f 108 119 118
f 108 109 119
f 109 120 119
f 109 110 120
f 110 121 120
f 110 111 121
f 111 122 121
f 111 101 122
f 101 112 122
f 112 113 114
f 112 114 115
f 112 115 116
f 112 116 117
f 112 117 118
f 112 118 119
f 112 119 120
f 112 120 121
f 112 121 122
f 123 124 139
f 124 140 139
f 124 125 140
f 125 141 140
f 125 126 141
f 126 142 141
f 126 127 142
f 127 143 142
f 127 128 143
f 128 144 143
f 128 129 144
f 129 145 144
f 129 130 145
f 130 146 145
f 130 131 146
f 131 147 146
f 131 132 147
f 132 148 147
f 132 133 148
f 133 149 148
f 133 134 149
f 134 150 149
f 134 135 150
f 135 151 150
f 135 136 151
f 136 152 151
f 136 137 152
f 137 153 152
f 137 138 153
f 138 154 153
f 138 123 154
f 123 139 154
f 139 140 141
f 139 141 142
f 139 142 143
f 139 143 144
f 139 144 145
f 139 145 146
f 139 146 147
f 139 147 148
f 139 148 149
f 139 149 150
f 139 150 151
f 139 151 152
f 139 152 153
f 139 153 154
f 155 156 188
f 156 189 188
f 156 157 189
f 157 190 189
f 157 158 190
f 158 191 190
f 158 159 191
f 159 192 191
f 159 160 192
f 160 193 192
f 160 161 193
f 161 194 193
f 161 162 194
f 162 195 194
f 162 163 195
f 163 196 195
f 163 164 196
f 164 197 196
f 164 165 197
f 165 198 197
f 165 166 198
f 166 199 198
f 166 167 199
f 167 200 199
f 167 168 200
f 168 201 200
f 168 169 201
f 169 202 201
f 169 170 202
f 170 203 202
f 170 171 203
f 171 204 203
f 171 172 204
f 172 205 204
f 172 173 205
f 173 206 205
f 173 174 206
f 174 207 206
f 174 175 207
f 175 208 207
f 175 176 208
f 176 209 208
f 176 177 209
f 177 210 209
f 177 178 210
f 178 211 210
f 178 179 211
f 179 212 211
f 179 180 212
f 180 213 212
f 180 181 213
f 181 214 213
f 181 182 214
f 182 215 214
f 182 183 215
f 183 216 215
f 183 184 216
f 184 217 216
f 184 185 217
f 185 218 217
f 185 186 218
f 186 219 218
f 186 187 219
f 187 220 219
f 187 155 220
f 155 188 220
f 188 189 190
f 188 190 191
f 188 191 192
f 188 192 193
f 188 193 194
f 188 194 195
f 188 195 196
f 188 196 197
f 188 197 198
f 188 198 199
f 188 199 200
f 188 200 201
f 188 201 202
f 188 202 203
f 188 203 204
f 188 204 205
f 188 205 206
f 188 206 207
f 188 207 208
f 188 208 209
f 188 209 210
f 188 210 211
f 188 211 212
f 188 212 213
f 188 213 214
f 188 214 215
f 188 215 216
f 188 216 217
f 188 217 218
f 188 218 219
f 188 219 220
f 221 222 225
f 222 226 225
f 222 223 226
f 223 227 226
f 223 224 227
f 224 228 227
f 224 221 228
f 221 225 228
f 225 226 227
f 225 227 228
f 229 230 241
f 230 242 241
f 230 231 242
f 231 243 242
f 231 232 243
f 232 244 243
f 232 233 244
f 233 245 244
f 233 234 245
f 234 246 245
f 234 235 246
f 235 247 246
f 235 236 247
f 236 248 247
f 236 237 248
f 237 249 248
f 237 238 249
f 238 250 249
f 238 239 250
f 239 251 250
f 239 240 251
f 240 252 251
f 240 229 252
f 229 241 252
f 241 242 243
f 241 243 244
f 241 244 245
f 241 245 246
f 241 246 247
f 241 247 248
f 241 248 249
f 241 249 250
f 241 250 251
f 241 251 252
f 253 254 266
f 254 267 266
f 254 255 267
f 255 268 267
f 255 256 268
f 256 269 268
f 256 257 269
f 257 270 269
f 257 258 270
f 258 271 270
f 258 259 271
f 259 272 271
f 259 260 272
f 260 273 272
f 260 261 273
f 261 274 273
f 261 262 274
f 262 275 274
f 262 263 275
f 263 276 275
f 263 264 276
f 264 277 276
f 264 265 277
f 265 278 277
f 265 253 278
f 253 266 278
f 266 267 268
f 266 268 269
f 266 269 270
f 266 270 271
f 266 271 272
f 266 272 273
f 266 273 274
f 266 274 275
f 266 275 276
f 266 276 277
f 266 277 278
f 279 280 288
f 280 289 288
f 280 281 289
f 281 290 289
f 281 282 290
f 282 291 290
f 282 283 291
f 283 292 291
f 283 284 292
f 284 293 292
f 284 285 293
f 285 294 293
f 285 286 294
f 286 295 294
f 286 287 295
f 287 296 295
f 287 279 296
f 279 288 296
f 288 289 290
f 288 290 291
f 288 291 292
f 288 292 293
f 288 293 294
f 288 294 295
f 288 295 296
f 297 298 327
f 298 328 327
f 298 299 328
f 299 329 328
f 299 300 329
f 300 330 329
f 300 301 330
f 301 331 330
f 301 302 331
f 302 332 331
f 302 303 332
f 303 333 332
f 303 304 333
f 304 334 333
f 304 305 334
f 305 335 334
f 305 306 335
f 306 336 335
f 306 307 336
f 307 337 336
f 307 308 337
f 308 338 337
f 308 309 338
f 309 339 338
f 309 310 339
f 310 340 339
f 310 311 340
f 311 341 340
f 311 312 341
f 312 342 341
f 312 313 342
f 313 343 342
f 313 314 343
f 314 344 343
f 314 315 344
f 315 345 344
f 315 316 345
f 316 346 345
f 316 317 346
f 317 347 346
f 317 318 347
f 318 348 347
f 318 319 348
f 319 349 348
f 319 320 349
f 320 350 349
f 320 321 350
f 321 351 350
f 321 322 351
f 322 352 351
f 322 323 352
f 323 353 352
f 323 324 353
f 324 354 353
f 324 325 354
f 325 355 354
f 325 326 355
f 326 356 355
f 326 297 356
f 297 327 356
f 327 328 329
f 327 329 330
f 327 330 331
f 327 331 332
f 327 332 333
f 327 333 334
f 327 334 335
f 327 335 336
f 327 336 337
f 327 337 338
f 327 338 339
f 327 339 340
f 327 340 341
f 327 341 342
f 327 342 343
f 327 343 344
f 327 344 345
f 327 345 346
f 327 346 347
f 327 347 348
f 327 348 349
f 327 349 350
f 327 350 351
f 327 351 352
f 327 352 353
f 327 353 354
f 327 354 355
f 327 355 356
f 357 358 361
f 358 362 361
f 358 359 362
f 359 363 362
f 359 360 363
f 360 364 363
f 360 357 364
f 357 361 364
f 361 362 363
f 361 363 364
f 365 366 373
f 366 374 373
f 366 367 374
f 367 375 374
f 367 368 375
f 368 376 375
f 368 369 376
f 369 377 376
f 369 370 377
f 370 378 377
f 370 371 378
f 371 379 378
f 371 372 379
f 372 380 379
f 372 365 380
f 365 373 380
f 373 374 375
f 373 375 376
f 373 376 377
f 373 377 378
f 373 378 379
f 373 379 380
f 381 382 385
f 382 386 385
f 382 383 386
f 383 387 386
f 383 384 387
f 384 388 387
f 384 381 388
f 381 385 388
f 385 386 387
f 385 387 388
f 389 390 393
f 390 394 393
f 390 391 394
f 391 395 394
f 391 392 395
f 392 396 395
f 392 389 396
f 389 393 396
f 393 394 395
f 393 395 396
f 397 398 407
f 398 408 407
f 398 399 408
f 399 409 408
f 399 400 409
f 400 410 409
f 400 401 410
f 401 411 410
f 401 402 411
f 402 412 411
f 402 403 412
f 403 413 412
f 403 404 413
f 404 414 413
f 404 405 414
f 405 415 414
f 405 406 415
f 406 416 415
f 406 397 416
f 397 407 416
f 407 408 409
f 407 409 410
f 407 410 411
f 407 411 412
f 407 412 413
f 407 413 414
f 407 414 415
f 407 415 416
f 417 418 423
f 418 424 423
f 418 419 424
f 419 425 424
f 419 420 425
f 420 426 425
f 420 421 426
f 421 427 426
f 421 422 427
f 422 428 427
f 422 417 428
f 417 423 428
f 423 424 425
f 423 425 426
f 423 426 427
f 423 427 428
f 429 430 466
f 430 467 466
f 430 431 467
f 431 468 467
f 431 432 468
f 432 469 468
f 432 433 469
f 433 470 469
f 433 434 470
f 434 471 470
f 434 435 471
f 435 472 471
f 435 436 472
f 436 473 472
f 436 437 473
f 437 474 473
f 437 438 474
f 438 475 474
f 438 439 475
f 439 476 475
f 439 440 476
f 440 477 476
f 440 441 477
f 441 478 477
f 441 442 478
f 442 479 478
f 442 443 479
f 443 480 479
f 443 444 480
f 444 481 480
f 444 445 481
f 445 482 481
f 445 446 482
f 446 483 482
f 446 447 483
f 447 484 483
f 447 448 484
f 448 485 484
f 448 449 485
f 449 486 485
f 449 450 486
f 450 487 486
f 450 451 487
f 451 488 487
f 451 452 488
f 452 489 488
f 452 453 489
f 453 490 489
f 453 454 490
f 454 491 490
f 454 455 491
f 455 492 491
f 455 456 492
f 456 493 492
f 456 457 493
f 457 494 493
f 457 458 494
f 458 495 494
f 458 459 495
f 459 496 495
f 459 460 496
f 460 497 496
f 460 461 497
f 461 498 497
f 461 462 498
f 462 499 498
f 462 463 499
f 463 500 499
f 463 464 500
f 464 501 500
f 464 465 501
f 465 502 501
f 465 429 502
f 429 466 502
f 466 467 468
f 466 468 469
f 466 469 470
f 466 470 471
f 466 471 472
f 466 472 473
f 466 473 474
f 466 474 475
f 466 475 476
f 466 476 477
f 466 477 478
f 466 478 479
f 466 479 480
f 466 480 481
f 466 481 482
f 466 482 483
f 466 483 484
f 466 484 485
f 466 485 486
f 466 486 487
f 466 487 488
f 466 488 489
f 466 489 490
f 466 490 491
f 466 491 492
f 466 492 493
f 466 493 494
f 466 494 495
f 466 495 496
f 466 496 497
f 466 497 498
f 466 498 499
f 466 499 500
f 466 500 501
f 466 501 502
f 503 504 507
f 504 508 507
f 504 505 508
f 505 509 508
f 505 506 509
f 506 510 509
f 506 503 510
f 503 507 510
f 507 508 509
f 507 509 510
f 511 512 515
f 512 516 515
f 512 513 516
f 513 517 516
f 513 514 517
f 514 518 517
f 514 511 518
f 511 515 518
f 515 516 517
f 515 517 518
f 519 520 523
f 520 524 523
f 520 521 524
f 521 525 524
f 521 522 525
f 522 526 525
f 522 519 526
f 519 523 526
f 523 524 525
f 523 525 526
f 527 528 535
f 528 536 535
f 528 529 536
f 529 537 536
f 529 530 537
f 530 538 537
f 530 531 538
f 531 539 538
f 531 532 539
f 532 540 539
f 532 533 540
f 533 541 540
f 533 534 541
f 534 542 541
f 534 527 542
f 527 535 542
f 535 536 537
f 535 537 538
f 535 538 539
f 535 539 540
f 535 540 541
f 535 541 542
f 543 544 547
f 544 548 547
f 544 545 548
f 545 549 548
f 545 546 549
f 546 550 549
f 546 543 550
f 543 547 550
f 547 548 549
f 547 549 550
f 551 552 557
f 552 558 557
f 552 553 558
f 553 559 558
f 553 554 559
f 554 560 559
f 554 555 560
f 555 561 560
f 555 556 561
f 556 562 561
f 556 551 562
f 551 557 562
f 557 558 559
f 557 559 560
f 557 560 561
f 557 561 562
f 563 564 567
f 564 568 567
f 564 565 568
f 565 569 568
f 565 566 569
f 566 570 569
f 566 563 570
f 563 567 570
f 567 568 569
f 567 569 570
f 571 572 581
f 572 582 581
f 572 573 582
f 573 583 582
f 573 574 583
f 574 584 583
f 574 575 584
f 575 585 584
f 575 576 585
f 576 586 585
f 576 577 586
f 577 587 586
f 577 578 587
f 578 588 587
f 578 579 588
f 579 589 588
f 579 580 589
f 580 590 589
f 580 571 590
f 571 581 590
f 581 582 583
f 581 583 584
f 581 584 585
f 581 585 586
f 581 586 587
f 581 587 588
f 581 588 589
f 581 589 590
f 591 592 597
f 592 598 597
f 592 593 598
f 593 599 598
f 593 594 599
f 594 600 599
f 594 595 600
f 595 601 600
f 595 596 601
f 596 602 601
f 596 591 602
f 591 597 602
f 597 598 599
f 597 599 600
f 597 600 601
f 597 601 602
f 603 604 611
f 604 612 611
f 604 605 612
f 605 613 612
f 605 606 613
f 606 614 613
f 606 607 614
f 607 615 614
f 607 608 615
f 608 616 615
f 608 609 616
f 609 617 616
f 609 610 617
f 610 618 617
f 610 603 618
f 603 611 618
f 611 612 613
f 611 613 614
f 611 614 615
f 611 615 616
f 611 616 617
f 611 617 618
f 619 620 641
f 620 642 641
f 620 621 642
f 621 643 642
f 621 622 643
f 622 644 643
f 622 623 644
f 623 645 644
f 623 624 645
f 624 646 645
f 624 625 646
f 625 647 646
f 625 626 647
f 626 648 647
f 626 627 648
f 627 649 648
f 627 628 649
f 628 650 649
f 628 629 650
f 629 651 650
f 629 630 651
f 630 652 651
f 630 631 652
f 631 653 652
f 631 632 653
f 632 654 653
f 632 633 654
f 633 655 654
f 633 634 655
f 634 656 655
f 634 635 656
f 635 657 656
f 635 636 657
f 636 658 657
f 636 637 658
f 637 659 658
f 637 638 659
f 638 660 659
f 638 639 660
f 639 661 660
f 639 640 661
f 640 662 661
f 640 619 662
f 619 641 662
f 641 642 643
f 641 643 644
f 641 644 645
f 641 645 646
f 641 646 647
f 641 647 648
f 641 648 649
f 641 649 650
f 641 650 651
f 641 651 652
f 641 652 653
f 641 653 654
f 641 654 655
f 641 655 656
f 641 656 657
f 641 657 658
f 641 658 659
f 641 659 660
f 641 660 661
f 641 661 662
f 663 664 669
f 664 670 669
f 664 665 670
f 665 671 670
f 665 666 671
f 666 672 671
f 666 667 672
f 667 673 672
f 667 668 673
f 668 674 673
f 668 663 674
f 663 669 674
f 669 670 671
f 669 671 672
f 669 672 673
f 669 673 674
f 675 676 679
f 676 680 679
f 676 677 680
f 677 681 680
f 677 678 681
f 678 682 681
f 678 675 682
f 675 679 682
f 679 680 681
f 679 681 682
f 683 684 691
f 684 692 691
f 684 685 692
f 685 693 692
f 685 686 693
f 686 694 693
f 686 687 694
f 687 695 694
f 687 688 695
f 688 696 695
f 688 689 696
f 689 697 696
f 689 690 697
f 690 698 697
f 690 683 698
f 683 691 698
f 691 692 693
f 691 693 694
f 691 694 695
f 691 695 696
f 691 696 697
f 691 697 698
f 699 700 703
f 700 704 703
f 700 701 704
f 701 705 704
f 701 702 705
f 702 706 705
f 702 699 706
f 699 703 706
f 703 704 705
f 703 705 706
f 707 708 711
f 708 712 711
f 708 709 712
f 709 713 712
f 709 710 713
f 710 714 713
f 710 707 714
f 707 711 714
f 711 712 713
f 711 713 714
f 715 716 719
f 716 720 719
f 716 717 720
f 717 721 720
f 717 718 721
f 718 722 721
f 718 715 722
f 715 719 722
f 719 720 721
f 719 721 722
f 723 724 733
f 724 734 733
f 724 725 734
f 725 735 734
f 725 726 735
f 726 736 735
f 726 727 736
f 727 737 736
f 727 728 737
f 728 738 737
f 728 729 738
f 729 739 738
f 729 730 739
f 730 740 739
f 730 731 740
f 731 741 740
f 731 732 741
f 732 742 741
f 732 723 742
f 723 733 742
f 733 734 735
f 733 735 736
f 733 736 737
f 733 737 738
f 733 738 739
f 733 739 740
f 733 740 741
f 733 741 742
f 743 744 749
f 744 750 749
f 744 745 750
f 745 751 750
f 745 746 751
f 746 752 751
f 746 747 752
f 747 753 752
f 747 748 753
f 748 754 753
f 748 743 754
f 743 749 754
f 749 750 751
f 749 751 752
f 749 752 753
f 749 753 754
f 755 756 759
f 756 760 759
f 756 757 760
f 757 761 760
f 757 758 761
f 758 762 761
f 758 755 762
f 755 759 762
f 759 760 761
f 759 761 762
f 763 764 767
f 764 768 767
f 764 765 768
f 765 769 768
f 765 766 769
f 766 770 769
f 766 763 770
f 763 767 770
f 767 768 769
f 767 769 770
f 771 772 775
f 772 776 775
f 772 773 776
f 773 777 776
f 773 774 777
f 774 778 777
f 774 771 778
f 771 775 778
f 775 776 777
f 775 777 778
f 779 780 787
f 780 788 787
f 780 781 788
f 781 789 788
f 781 782 789
f 782 790 789
f 782 783 790
f 783 791 790
f 783 784 791
f 784 792 791
f 784 785 792
f 785 793 792
f 785 786 793
f 786 794 793
f 786 779 794
f 779 787 794
f 787 788 789
f 787 789 790
f 787 790 791
f 787 791 792
f 787 792 793
f 787 793 794
f 795 796 799
f 796 800 799
f 796 797 800
f 797 801 800
f 797 798 801
f 798 802 801
f 798 795 802
f 795 799 802
f 799 800 801
f 799 801 802
f 803 804 807
f 804 808 807
f 804 805 808
f 805 809 808
f 805 806 809
f 806 810 809
f 806 803 810
f 803 807 810
f 807 808 809
f 807 809 810
f 811 812 815
f 812 816 815
f 812 813 816
f 813 817 816
f 813 814 817
f 814 818 817
f 814 811 818
f 811 815 818
f 815 816 817
f 815 817 818
f 819 820 829
f 820 830 829
f 820 821 830
f 821 831 830
f 821 822 831
f 822 832 831
f 822 823 832
f 823 833 832
f 823 824 833
f 824 834 833
f 824 825 834
f 825 835 834
f 825 826 835
f 826 836 835
f 826 827 836
f 827 837 836
f 827 828 837
f 828 838 837
f 828 819 838
f 819 829 838
f 829 830 831
f 829 831 832
f 829 832 833
f 829 833 834
f 829 834 835
f 829 835 836
f 829 836 837
f 829 837 838
f 839 840 851
f 840 852 851
f 840 841 852
f 841 853 852
f 841 842 853
f 842 854 853
f 842 843 854
f 843 855 854
f 843 844 855
f 844 856 855
f 844 845 856
f 845 857 856
f 845 846 857
f 846 858 857
f 846 847 858
f 847 859 858
f 847 848 859
f 848 860 859
f 848 849 860
f 849 861 860
f 849 850 861
f 850 862 861
f 850 839 862
f 839 851 862
f 851 852 853
f 851 853 854
f 851 854 855
f 851 855 856
f 851 856 857
f 851 857 858
f 851 858 859
f 851 859 860
f 851 860 861
f 851 861 862
f 863 864 875
f 864 876 875
f 864 865 876
f 865 877 876
f 865 866 877
f 866 878 877
f 866 867 878
f 867 879 878
f 867 868 879
f 868 880 879
f 868 869 880
f 869 881 880
f 869 870 881
f 870 882 881
f 870 871 882
f 871 883 882
f 871 872 883
f 872 884 883
f 872 873 884
f 873 885 884
f 873 874 885
f 874 886 885
f 874 863 886
f 863 875 886
f 875 876 877
f 875 877 878
f 875 878 879
f 875 879 880
f 875 880 881
f 875 881 882
f 875 882 883
f 875 883 884
f 875 884 885
f 875 885 886
f 887 888 901
f 888 902 901
f 888 889 902
f 889 903 902
f 889 890 903
f 890 904 903
f 890 891 904
f 891 905 904
f 891 892 905
f 892 906 905
f 892 893 906
f 893 907 906
f 893 894 907
f 894 908 907
f 894 895 908
f 895 909 908
f 895 896 909
f 896 910 909
f 896 897 910
f 897 911 910
f 897 898 911
f 898 912 911
f 898 899 912
f 899 913 912
f 899 900 913
f 900 914 913
f 900 887 914
f 887 901 914
f 901 902 903
f 901 903 904
f 901 904 905
f 901 905 906
f 901 906 907
f 901 907 908
f 901 908 909
f 901 909 910
f 901 910 911
f 901 911 912
f 901 912 913
f 901 913 914
f 915 916 919
f 916 920 919
f 916 917 920
f 917 921 920
f 917 918 921
f 918 922 921
f 918 915 922
f 915 919 922
f 919 920 921
f 919 921 922
f 923 924 927
f 924 928 927
f 924 925 928
f 925 929 928
f 925 926 929
f 926 930 929
f 926 923 930
f 923 927 930
f 927 928 929
f 927 929 930
f 931 932 935
f 932 936 935
f 932 933 936
f 933 937 936
f 933 934 937
f 934 938 937
f 934 931 938
f 931 935 938
f 935 936 937
f 935 937 938
f 939 940 956
f 940 957 956
f 940 941 957
f 941 958 957
f 941 942 958
f 942 959 958
f 942 943 959
f 943 960 959
f 943 944 960
f 944 961 960
f 944 945 961
f 945 962 961
f 945 946 962
f 946 963 962
f 946 947 963
f 947 964 963
f 947 948 964
f 948 965 964
f 948 949 965
f 949 966 965
f 949 950 966
f 950 967 966
f 950 951 967
f 951 968 967
f 951 952 968
f 952 969 968
f 952 953 969
f 953 970 969
f 953 954 970
f 954 971 970
f 954 955 971
f 955 972 971
f 955 939 972
f 939 956 972
f 956 957 958
f 956 958 959
f 956 959 960
f 956 960 961
f 956 961 962
f 956 962 963
f 956 963 964
f 956 964 965
f 956 965 966
f 956 966 967
f 956 967 968
f 956 968 969
f 956 969 970
f 956 970 971
f 956 971 972
f 973 974 977
f 974 978 977
f 974 975 978
f 975 979 978
f 975 976 979
f 976 980 979
f 976 973 980
f 973 977 980
f 977 978 979
f 977 979 980
f 981 982 985
f 982 986 985
f 982 983 986
f 983 987 986
f 983 984 987
f 984 988 987
f 984 981 988
f 981 985 988
f 985 986 987
f 985 987 988
f 989 990 993
f 990 994 993
f 990 991 994
f 991 995 994
f 991 992 995
f 992 996 995
f 992 989 996
f 989 993 996
f 993 994 995
f 993 995 996
f 997 998 1001
f 998 1002 1001
f 998 999 1002
f 999 1003 1002
f 999 1000 1003
f 1000 1004 1003
f 1000 997 1004
f 997 1001 1004
f 1001 1002 1003
f 1001 1003 1004
f 1005 1006 1009
f 1006 1010 1009
f 1006 1007 1010
f 1007 1011 1010
f 1007 1008 1011
f 1008 1012 1011
f 1008 1005 1012
f 1005 1009 1012
f 1009 1010 1011
f 1009 1011 1012
f 1013 1014 1017
f 1014 1018 1017
f 1014 1015 1018
f 1015 1019 1018
f 1015 1016 1019
f 1016 1020 1019
f 1016 1013 1020
f 1013 1017 1020
f 1017 1018 1019
f 1017 1019 1020
f 1021 1022 1025
f 1022 1026 1025
f 1022 1023 1026
f 1023 1027 1026
f 1023 1024 1027
f 1024 1028 1027
f 1024 1021 1028
f 1021 1025 1028
f 1025 1026 1027
f 1025 1027 1028
f 1029 1030 1033
f 1030 1034 1033
f 1030 1031 1034
f 1031 1035 1034
f 1031 1032 1035
f 1032 1036 1035
f 1032 1029 1036
f 1029 1033 1036
f 1033 1034 1035
f 1033 1035 1036
f 1037 1038 1041
f 1038 1042 1041
f 1038 1039 1042
f 1039 1043 1042
f 1039 1040 1043
f 1040 1044 1043
f 1040 1037 1044
f 1037 1041 1044
f 1041 1042 1043
f 1041 1043 1044
f 1045 1046 1049
f 1046 1050 1049
f 1046 1047 1050
f 1047 1051 1050
f 1047 1048 1051
f 1048 1052 1051
f 1048 1045 1052
f 1045 1049 1052
f 1049 1050 1051
f 1049 1051 1052
f 1053 1054 1057
f 1054 1058 1057
f 1054 1055 1058
f 1055 1059 1058
f 1055 1056 1059
f 1056 1060 1059
f 1056 1053 1060
f 1053 1057 1060
f 1057 1058 1059
f 1057 1059 1060
f 1061 1062 1065
f 1062 1066 1065
f 1062 1063 1066
f 1063 1067 1066
f 1063 1064 1067
f 1064 1068 1067
f 1064 1061 1068
f 1061 1065 1068
f 1065 1066 1067
f 1065 1067 1068
f 1069 1070 1073
f 1070 1074 1073
f 1070 1071 1074
f 1071 1075 1074
f 1071 1072 1075
f 1072 1076 1075
f 1072 1069 1076
f 1069 1073 1076
f 1073 1074 1075
f 1073 1075 1076
f 1077 1078 1081
f 1078 1082 1081
f 1078 1079 1082
f 1079 1083 1082
f 1079 1080 1083
f 1080 1084 1083
f 1080 1077 1084
f 1077 1081 1084
f 1081 1082 1083
f 1081 1083 1084
f 1085 1086 1089
f 1086 1090 1089
f 1086 1087 1090
f 1087 1091 1090
f 1087 1088 1091
f 1088 1092 1091
f 1088 1085 1092
f 1085 1089 1092
f 1089 1090 1091
f 1089 1091 1092
f 1093 1094 1097
f 1094 1098 1097
f 1094 1095 1098
f 1095 1099 1098
f 1095 1096 1099
f 1096 1100 1099
f 1096 1093 1100
f 1093 1097 1100
f 1097 1098 1099
f 1097 1099 1100
f 1101 1102 1105
f 1102 1106 1105
f 1102 1103 1106
f 1103 1107 1106
f 1103 1104 1107
f 1104 1108 1107
f 1104 1101 1108
f 1101 1105 1108
f 1105 1106 1107
f 1105 1107 1108
f 1109 1110 1113
f 1110 1114 1113
f 1110 1111 1114
f 1111 1115 1114
f 1111 1112 1115
f 1112 1116 1115
f 1112 1109 1116
f 1109 1113 1116
f 1113 1114 1115
f 1113 1115 1116
f 1117 1118 1121
f 1118 1122 1121
f 1118 1119 1122
f 1119 1123 1122
f 1119 1120 1123
f 1120 1124 1123
f 1120 1117 1124
f 1117 1121 1124
f 1121 1122 1123
f 1121 1123 1124
f 1125 1126 1129
f 1126 1130 1129
f 1126 1127 1130
f 1127 1131 1130
f 1127 1128 1131
f 1128 1132 1131
f 1128 1125 1132
f 1125 1129 1132
f 1129 1130 1131
f 1129 1131 1132
f 1133 1134 1137
f 1134 1138 1137
f 1134 1135 1138
f 1135 1139 1138
f 1135 1136 1139
f 1136 1140 1139
f 1136 1133 1140
f 1133 1137 1140
f 1137 1138 1139
f 1137 1139 1140
f 1141 1142 1145
f 1142 1146 1145
f 1142 1143 1146
f 1143 1147 1146
f 1143 1144 1147
f 1144 1148 1147
f 1144 1141 1148
f 1141 1145 1148
f 1145 1146 1147
f 1145 1147 1148
f 1149 1150 1153
f 1150 1154 1153
f 1150 1151 1154
f 1151 1155 1154
f 1151 1152 1155
f 1152 1156 1155
f 1152 1149 1156
f 1149 1153 1156
f 1153 1154 1155
f 1153 1155 1156
f 1157 1158 1161
f 1158 1162 1161
f 1158 1159 1162
f 1159 1163 1162
f 1159 1160 1163
f 1160 1164 1163
f 1160 1157 1164
f 1157 1161 1164
f 1161 1162 1163
f 1161 1163 1164
f 1165 1166 1169
f 1166 1170 1169
f 1166 1167 1170
f 1167 1171 1170
f 1167 1168 1171
f 1168 1172 1171
f 1168 1165 1172
f 1165 1169 1172
f 1169 1170 1171
f 1169 1171 1172
f 1173 1174 1177
f 1174 1178 1177
f 1174 1175 1178
f 1175 1179 1178
f 1175 1176 1179
f 1176 1180 1179
f 1176 1173 1180
f 1173 1177 1180
f 1177 1178 1179
f 1177 1179 1180
f 1181 1182 1185
f 1182 1186 1185
f 1182 1183 1186
f 1183 1187 1186
f 1183 1184 1187
f 1184 1188 1187
f 1184 1181 1188
f 1181 1185 1188
f 1185 1186 1187
f 1185 1187 1188
f 1189 1190 1193
f 1190 1194 1193
f 1190 1191 1194
f 1191 1195 1194
f 1191 1192 1195
f 1192 1196 1195
f 1192 1189 1196
f 1189 1193 1196
f 1193 1194 1195
f 1193 1195 1196
f 1197 1198 1201
f 1198 1202 1201
f 1198 1199 1202
f 1199 1203 1202
f 1199 1200 1203
f 1200 1204 1203
f 1200 1197 1204
f 1197 1201 1204
f 1201 1202 1203
f 1201 1203 1204
f 1205 1206 1209
f 1206 1210 1209
f 1206 1207 1210
f 1207 1211 1210
f 1207 1208 1211
f 1208 1212 1211
f 1208 1205 1212
f 1205 1209 1212
f 1209 1210 1211
f 1209 1211 1212
f 1213 1214 1217
f 1214 1218 1217
f 1214 1215 1218
f 1215 1219 1218
f 1215 1216 1219
f 1216 1220 1219
f 1216 1213 1220
f 1213 1217 1220
f 1217 1218 1219
f 1217 1219 1220
f 1221 1222 1225
f 1222 1226 1225
f 1222 1223 1226
f 1223 1227 1226
f 1223 1224 1227
f 1224 1228 1227
f 1224 1221 1228
f 1221 1225 1228
f 1225 1226 1227
f 1225 1227 1228
f 1229 1230 1233
f 1230 1234 1233
f 1230 1231 1234
f 1231 1235 1234
f 1231 1232 1235
f 1232 1236 1235
f 1232 1229 1236
f 1229 1233 1236
f 1233 1234 1235
f 1233 1235 1236
f 1237 1238 1241
f 1238 1242 1241
f 1238 1239 1242
f 1239 1243 1242
f 1239 1240 1243
f 1240 1244 1243
f 1240 1237 1244
f 1237 1241 1244
f 1241 1242 1243
f 1241 1243 1244
f 1245 1246 1249
f 1246 1250 1249
f 1246 1247 1250
f 1247 1251 1250
f 1247 1248 1251
f 1248 1252 1251
f 1248 1245 1252
f 1245 1249 1252
f 1249 1250 1251
f 1249 1251 1252
f 1253 1254 1257
f 1254 1258 1257
f 1254 1255 1258
f 1255 1259 1258
f 1255 1256 1259
f 1256 1260 1259
f 1256 1253 1260
f 1253 1257 1260
f 1257 1258 1259
f 1257 1259 1260
f 1261 1262 1265
f 1262 1266 1265
f 1262 1263 1266
f 1263 1267 1266
f 1263 1264 1267
f 1264 1268 1267
f 1264 1261 1268
f 1261 1265 1268
f 1265 1266 1267
f 1265 1267 1268
f 1269 1270 1273
f 1270 1274 1273
f 1270 1271 1274
f 1271 1275 1274
f 1271 1272 1275
f 1272 1276 1275
f 1272 1269 1276
f 1269 1273 1276
f 1273 1274 1275
f 1273 1275 1276
f 1277 1278 1283
f 1278 1284 1283
f 1278 1279 1284
f 1279 1285 1284
f 1279 1280 1285
f 1280 1286 1285
f 1280 1281 1286
f 1281 1287 1286
f 1281 1282 1287
f 1282 1288 1287
f 1282 1277 1288
f 1277 1283 1288
f 1283 1284 1285
f 1283 1285 1286
f 1283 1286 1287
f 1283 1287 1288
f 1289 1290 1295
f 1290 1296 1295
f 1290 1291 1296
f 1291 1297 1296
f 1291 1292 1297
f 1292 1298 1297
f 1292 1293 1298
f 1293 1299 1298
f 1293 1294 1299
f 1294 1300 1299
f 1294 1289 1300
f 1289 1295 1300
f 1295 1296 1297
f 1295 1297 1298
f 1295 1298 1299
f 1295 1299 1300
f 1301 1302 1307
f 1302 1308 1307
f 1302 1303 1308
f 1303 1309 1308
f 1303 1304 1309
f 1304 1310 1309
f 1304 1305 1310
f 1305 1311 1310
f 1305 1306 1311
f 1306 1312 1311
f 1306 1301 1312
f 1301 1307 1312
f 1307 1308 1309
f 1307 1309 1310
f 1307 1310 1311
f 1307 1311 1312
f 1313 1314 1319
f 1314 1320 1319
f 1314 1315 1320
f 1315 1321 1320
f 1315 1316 1321
f 1316 1322 1321
f 1316 1317 1322
f 1317 1323 1322
f 1317 1318 1323
f 1318 1324 1323
f 1318 1313 1324
f 1313 1319 1324
f 1319 1320 1321
f 1319 1321 1322
f 1319 1322 1323
f 1319 1323 1324
f 1325 1326 1331
f 1326 1332 1331
f 1326 1327 1332
f 1327 1333 1332
f 1327 1328 1333
f 1328 1334 1333
f 1328 1329 1334
f 1329 1335 1334
f 1329 1330 1335
f 1330 1336 1335
f 1330 1325 1336
f 1325 1331 1336
f 1331 1332 1333
f 1331 1333 1334
f 1331 1334 1335
f 1331 1335 1336
f 1337 1338 1343
f 1338 1344 1343
f 1338 1339 1344
f 1339 1345 1344
f 1339 1340 1345
f 1340 1346 1345
f 1340 1341 1346
f 1341 1347 1346
f 1341 1342 1347
f 1342 1348 1347
f 1342 1337 1348
f 1337 1343 1348
f 1343 1344 1345
f 1343 1345 1346
f 1343 1346 1347
f 1343 1347 1348
f 1349 1350 1355
f 1350 1356 1355
f 1350 1351 1356
f 1351 1357 1356
f 1351 1352 1357
f 1352 1358 1357
f 1352 1353 1358
f 1353 1359 1358
f 1353 1354 1359
f 1354 1360 1359
f 1354 1349 1360
f 1349 1355 1360
f 1355 1356 1357
f 1355 1357 1358
f 1355 1358 1359
f 1355 1359 1360
f 1361 1362 1367
f 1362 1368 1367
f 1362 1363 1368
f 1363 1369 1368
f 1363 1364 1369
f 1364 1370 1369
f 1364 1365 1370
f 1365 1371 1370
f 1365 1366 1371
f 1366 1372 1371
f 1366 1361 1372
f 1361 1367 1372
f 1367 1368 1369
f 1367 1369 1370
f 1367 1370 1371
f 1367 1371 1372
f 1373 1374 1379
f 1374 1380 1379
f 1374 1375 1380
f 1375 1381 1380
f 1375 1376 1381
f 1376 1382 1381
f 1376 1377 1382
f 1377 1383 1382
f 1377 1378 1383
f 1378 1384 1383
f 1378 1373 1384
f 1373 1379 1384
f 1379 1380 1381
f 1379 1381 1382
f 1379 1382 1383
f 1379 1383 1384
f 1385 1386 1391
f 1386 1392 1391
f 1386 1387 1392
f 1387 1393 1392
f 1387 1388 1393
f 1388 1394 1393
f 1388 1389 1394
f 1389 1395 1394
f 1389 1390 1395
f 1390 1396 1395
f 1390 1385 1396
f 1385 1391 1396
f 1391 1392 1393
f 1391 1393 1394
f 1391 1394 1395
f 1391 1395 1396
f 1397 1398 1403
f 1398 1404 1403
f 1398 1399 1404
f 1399 1405 1404
f 1399 1400 1405
f 1400 1406 1405
f 1400 1401 1406
f 1401 1407 1406
f 1401 1402 1407
f 1402 1408 1407
f 1402 1397 1408
f 1397 1403 1408
f 1403 1404 1405
f 1403 1405 1406
f 1403 1406 1407
f 1403 1407 1408
f 1409 1410 1415
f 1410 1416 1415
f 1410 1411 1416
f 1411 1417 1416
f 1411 1412 1417
f 1412 1418 1417
f 1412 1413 1418
f 1413 1419 1418
f 1413 1414 1419
f 1414 1420 1419
f 1414 1409 1420
f 1409 1415 1420
f 1415 1416 1417
f 1415 1417 1418
f 1415 1418 1419
f 1415 1419 1420
f 1421 1422 1427
f 1422 1428 1427
f 1422 1423 1428
f 1423 1429 1428
f 1423 1424 1429
f 1424 1430 1429
f 1424 1425 1430
f 1425 1431 1430
f 1425 1426 1431
f 1426 1432 1431
f 1426 1421 1432
f 1421 1427 1432
f 1427 1428 1429
f 1427 1429 1430
f 1427 1430 1431
f 1427 1431 1432
f 1433 1434 1441
f 1434 1442 1441
f 1434 1435 1442
f 1435 1443 1442
f 1435 1436 1443
f 1436 1444 1443
f 1436 1437 1444
f 1437 1445 1444
f 1437 1438 1445
f 1438 1446 1445
f 1438 1439 1446
f 1439 1447 1446
f 1439 1440 1447
f 1440 1448 1447
f 1440 1433 1448
f 1433 1441 1448
f 1441 1442 1443
f 1441 1443 1444
f 1441 1444 1445
f 1441 1445 1446
f 1441 1446 1447
f 1441 1447 1448
f 1449 1450 1457
f 1450 1458 1457
f 1450 1451 1458
f 1451 1459 1458
f 1451 1452 1459
f 1452 1460 1459
f 1452 1453 1460
f 1453 1461 1460
f 1453 1454 1461
f 1454 1462 1461
f 1454 1455 1462
f 1455 1463 1462
f 1455 1456 1463
f 1456 1464 1463
f 1456 1449 1464
f 1449 1457 1464
f 1457 1458 1459
f 1457 1459 1460
f 1457 1460 1461
f 1457 1461 1462
f 1457 1462 1463
f 1457 1463 1464
f 1465 1466 1473
f 1466 1474 1473
f 1466 1467 1474
f 1467 1475 1474
f 1467 1468 1475
f 1468 1476 1475
f 1468 1469 1476
f 1469 1477 1476
f 1469 1470 1477
f 1470 1478 1477
f 1470 1471 1478
f 1471 1479 1478
f 1471 1472 1479
f 1472 1480 1479
f 1472 1465 1480
f 1465 1473 1480
f 1473 1474 1475
f 1473 1475 1476
f 1473 1476 1477
f 1473 1477 1478
f 1473 1478 1479
f 1473 1479 1480
f 1481 1482 1489
f 1482 1490 1489
f 1482 1483 1490
f 1483 1491 1490
f 1483 1484 1491
f 1484 1492 1491
f 1484 1485 1492
f 1485 1493 1492
f 1485 1486 1493
f 1486 1494 1493
f 1486 1487 1494
f 1487 1495 1494
f 1487 1488 1495
f 1488 1496 1495
f 1488 1481 1496
f 1481 1489 1496
f 1489 1490 1491
f 1489 1491 1492
f 1489 1492 1493
f 1489 1493 1494
f 1489 1494 1495
f 1489 1495 1496
f 1497 1498 1505
f 1498 1506 1505
f 1498 1499 1506
f 1499 1507 1506
f 1499 1500 1507
f 1500 1508 1507
f 1500 1501 1508
f 1501 1509 1508
f 1501 1502 1509
f 1502 1510 1509
f 1502 1503 1510
f 1503 1511 1510
f 1503 1504 1511
f 1504 1512 1511
f 1504 1497 1512
f 1497 1505 1512
f 1505 1506 1507
f 1505 1507 1508
f 1505 1508 1509
f 1505 1509 1510
f 1505 1510 1511
f 1505 1511 1512
f 1513 1514 1517
f 1514 1518 1517
f 1514 1515 1518
f 1515 1519 1518
f 1515 1516 1519
f 1516 1520 1519
f 1516 1513 1520
f 1513 1517 1520
f 1517 1518 1519
f 1517 1519 1520
f 1521 1522 1525
f 1522 1526 1525
f 1522 1523 1526
f 1523 1527 1526
f 1523 1524 1527
f 1524 1528 1527
f 1524 1521 1528
f 1521 1525 1528
f 1525 1526 1527
f 1525 1527 1528
f 1529 1530 1533
f 1530 1534 1533
f 1530 1531 1534
f 1531 1535 1534
f 1531 1532 1535
f 1532 1536 1535
f 1532 1529 1536
f 1529 1533 1536
f 1533 1534 1535
f 1533 1535 1536
f 1537 1538 1541
f 1538 1542 1541
f 1538 1539 1542
f 1539 1543 1542
f 1539 1540 1543
f 1540 1544 1543
f 1540 1537 1544
f 1537 1541 1544
f 1541 1542 1543
f 1541 1543 1544
f 1545 1546 1549
f 1546 1550 1549
f 1546 1547 1550
f 1547 1551 1550
f 1547 1548 1551
f 1548 1552 1551
f 1548 1545 1552
f 1545 1549 1552
f 1549 1550 1551
f 1549 1551 1552
f 1553 1554 1558
f 1554 1559 1558
f 1554 1555 1559
f 1555 1560 1559
f 1555 1556 1560
f 1556 1561 1560
f 1556 1557 1561
f 1557 1562 1561
f 1557 1553 1562
f 1553 1558 1562
f 1558 1559 1560
f 1558 1560 1561
f 1558 1561 1562
f 1563 1564 1567
f 1564 1568 1567
f 1564 1565 1568
f 1565 1569 1568
f 1565 1566 1569
f 1566 1570 1569
f 1566 1563 1570
f 1563 1567 1570
f 1567 1568 1569
f 1567 1569 1570
f 1571 1572 1575
f 1572 1576 1575
f 1572 1573 1576
f 1573 1577 1576
f 1573 1574 1577
f 1574 1578 1577
f 1574 1571 1578
f 1571 1575 1578
f 1575 1576 1577
f 1575 1577 1578
f 1579 1580 1583
f 1580 1584 1583
f 1580 1581 1584
f 1581 1585 1584
f 1581 1582 1585
f 1582 1586 1585
f 1582 1579 1586
f 1579 1583 1586
f 1583 1584 1585
f 1583 1585 1586
f 1587 1588 1591
f 1588 1592 1591
f 1588 1589 1592
f 1589 1593 1592
f 1589 1590 1593
f 1590 1594 1593
f 1590 1587 1594
f 1587 1591 1594
f 1591 1592 1593
f 1591 1593 1594
f 1595 1596 1599
f 1596 1600 1599
f 1596 1597 1600
f 1597 1601 1600
f 1597 1598 1601
f 1598 1602 1601
f 1598 1595 1602
f 1595 1599 1602
f 1599 1600 1601
f 1599 1601 1602
f 1603 1604 1607
f 1604 1608 1607
f 1604 1605 1608
f 1605 1609 1608
f 1605 1606 1609
f 1606 1610 1609
f 1606 1603 1610
f 1603 1607 1610
f 1607 1608 1609
f 1607 1609 1610
f 1611 1612 1615
f 1612 1616 1615
f 1612 1613 1616
f 1613 1617 1616
f 1613 1614 1617
f 1614 1618 1617
f 1614 1611 1618
f 1611 1615 1618
f 1615 1616 1617
f 1615 1617 1618
f 1619 1620 1625
f 1620 1626 1625
f 1620 1621 1626
f 1621 1627 1626
f 1621 1622 1627
f 1622 1628 1627
f 1622 1623 1628
f 1623 1629 1628
f 1623 1624 1629
f 1624 1630 1629
f 1624 1619 1630
f 1619 1625 1630
f 1625 1626 1627
f 1625 1627 1628
f 1625 1628 1629
f 1625 1629 1630
f 1631 1632 1637
f 1632 1638 1637
f 1632 1633 1638
f 1633 1639 1638
f 1633 1634 1639
f 1634 1640 1639
f 1634 1635 1640
f 1635 1641 1640
f 1635 1636 1641
f 1636 1642 1641
f 1636 1631 1642
f 1631 1637 1642
f 1637 1638 1639
f 1637 1639 1640
f 1637 1640 1641
f 1637 1641 1642
f 1643 1644 1651
f 1644 1652 1651
f 1644 1645 1652
f 1645 1653 1652
f 1645 1646 1653
f 1646 1654 1653
f 1646 1647 1654
f 1647 1655 1654
f 1647 1648 1655
f 1648 1656 1655
f 1648 1649 1656
f 1649 1657 1656
f 1649 1650 1657
f 1650 1658 1657
f 1650 1643 1658
f 1643 1651 1658
f 1651 1652 1653
f 1651 1653 1654
f 1651 1654 1655
f 1651 1655 1656
f 1651 1656 1657
f 1651 1657 1658
f 1659 1660 1667
f 1660 1668 1667
f 1660 1661 1668
f 1661 1669 1668
f 1661 1662 1669
f 1662 1670 1669
f 1662 1663 1670
f 1663 1671 1670
f 1663 1664 1671
f 1664 1672 1671
f 1664 1665 1672
f 1665 1673 1672
f 1665 1666 1673
f 1666 1674 1673
f 1666 1659 1674
f 1659 1667 1674
f 1667 1668 1669
f 1667 1669 1670
f 1667 1670 1671
f 1667 1671 1672
f 1667 1672 1673
f 1667 1673 1674
f 1675 1676 1683
f 1676 1684 1683
f 1676 1677 1684
f 1677 1685 1684
f 1677 1678 1685
f 1678 1686 1685
f 1678 1679 1686
f 1679 1687 1686
f 1679 1680 1687
f 1680 1688 1687
f 1680 1681 1688
f 1681 1689 1688
f 1681 1682 1689
f 1682 1690 1689
f 1682 1675 1690
f 1675 1683 1690
f 1683 1684 1685
f 1683 1685 1686
f 1683 1686 1687
f 1683 1687 1688
f 1683 1688 1689
f 1683 1689 1690
f 1691 1692 1711
f 1692 1712 1711
f 1692 1693 1712
f 1693 1713 1712
f 1693 1694 1713
f 1694 1714 1713
f 1694 1695 1714
f 1695 1715 1714
f 1695 1696 1715
f 1696 1716 1715
f 1696 1697 1716
f 1697 1717 1716
f 1697 1698 1717
f 1698 1718 1717
f 1698 1699 1718
f 1699 1719 1718
f 1699 1700 1719
f 1700 1720 1719
f 1700 1701 1720
f 1701 1721 1720
f 1701 1702 1721
f 1702 1722 1721
f 1702 1703 1722
f 1703 1723 1722
f 1703 1704 1723
f 1704 1724 1723
f 1704 1705 1724
f 1705 1725 1724
f 1705 1706 1725
f 1706 1726 1725
f 1706 1707 1726
f 1707 1727 1726
f 1707 1708 1727
f 1708 1728 1727
f 1708 1709 1728
f 1709 1729 1728
f 1709 1710 1729
f 1710 1730 1729
f 1710 1691 1730
f 1691 1711 1730
f 1711 1712 1713
f 1711 1713 1714
f 1711 1714 1715
f 1711 1715 1716
f 1711 1716 1717
f 1711 1717 1718
f 1711 1718 1719
f 1711 1719 1720
f 1711 1720 1721
f 1711 1721 1722
f 1711 1722 1723
f 1711 1723 1724
f 1711 1724 1725
f 1711 1725 1726
f 1711 1726 1727
f 1711 1727 1728
f 1711 1728 1729
f 1711 1729 1730
f 1731 1732 1735
f 1732 1736 1735
f 1732 1733 1736
f 1733 1737 1736
f 1733 1734 1737
f 1734 1738 1737
f 1734 1731 1738
f 1731 1735 1738
f 1735 1736 1737
f 1735 1737 1738
f 1739 1740 1743
f 1740 1744 1743
f 1740 1741 1744
f 1741 1745 1744
f 1741 1742 1745
f 1742 1746 1745
f 1742 1739 1746
f 1739 1743 1746
f 1743 1744 1745
f 1743 1745 1746
f 1747 1748 1751
f 1748 1752 1751
f 1748 1749 1752
f 1749 1753 1752
f 1749 1750 1753
f 1750 1754 1753
f 1750 1747 1754
f 1747 1751 1754
f 1751 1752 1753
f 1751 1753 1754
f 1755 1756 1759
f 1756 1760 1759
f 1756 1757 1760
f 1757 1761 1760
f 1757 1758 1761
f 1758 1762 1761
f 1758 1755 1762
f 1755 1759 1762
f 1759 1760 1761
f 1759 1761 1762
f 1763 1764 1767
f 1764 1768 1767
f 1764 1765 1768
f 1765 1769 1768
f 1765 1766 1769
f 1766 1770 1769
f 1766 1763 1770
f 1763 1767 1770
f 1767 1768 1769
f 1767 1769 1770
f 1771 1772 1775
f 1772 1776 1775
f 1772 1773 1776
f 1773 1777 1776
f 1773 1774 1777
f 1774 1778 1777
f 1774 1771 1778
f 1771 1775 1778
f 1775 1776 1777
f 1775 1777 1778
f 1779 1780 1783
f 1780 1784 1783
f 1780 1781 1784
f 1781 1785 1784
f 1781 1782 1785
f 1782 1786 1785
f 1782 1779 1786
f 1779 1783 1786
f 1783 1784 1785
f 1783 1785 1786
f 1787 1788 1791
f 1788 1792 1791
f 1788 1789 1792
f 1789 1793 1792
f 1789 1790 1793
f 1790 1794 1793
f 1790 1787 1794
f 1787 1791 1794
f 1791 1792 1793
f 1791 1793 1794
f 1795 1796 1799
f 1796 1800 1799
f 1796 1797 1800
f 1797 1801 1800
f 1797 1798 1801
f 1798 1802 1801
f 1798 1795 1802
f 1795 1799 1802
f 1799 1800 1801
f 1799 1801 1802
f 1803 1804 1809
f 1804 1810 1809
f 1804 1805 1810
f 1805 1811 1810
f 1805 1806 1811
f 1806 1812 1811
f 1806 1807 1812
f 1807 1813 1812
f 1807 1808 1813
f 1808 1814 1813
f 1808 1803 1814
f 1803 1809 1814
f 1809 1810 1811
f 1809 1811 1812
f 1809 1812 1813
f 1809 1813 1814
f 1815 1816 1821
f 1816 1822 1821
f 1816 1817 1822
f 1817 1823 1822
f 1817 1818 1823
f 1818 1824 1823
f 1818 1819 1824
f 1819 1825 1824
f 1819 1820 1825
f 1820 1826 1825
f 1820 1815 1826
f 1815 1821 1826
f 1821 1822 1823
f 1821 1823 1824
f 1821 1824 1825
f 1821 1825 1826
f 1827 1828 1833
f 1828 1834 1833
f 1828 1829 1834
f 1829 1835 1834
f 1829 1830 1835
f 1830 1836 1835
f 1830 1831 1836
f 1831 1837 1836
f 1831 1832 1837
f 1832 1838 1837
f 1832 1827 1838
f 1827 1833 1838
f 1833 1834 1835
f 1833 1835 1836
f 1833 1836 1837
f 1833 1837 1838
f 1839 1840 1843
f 1840 1844 1843
f 1840 1841 1844
f 1841 1845 1844
f 1841 1842 1845
f 1842 1846 1845
f 1842 1839 1846
f 1839 1843 1846
f 1843 1844 1845
f 1843 1845 1846
f 1847 1848 1851
f 1848 1852 1851
f 1848 1849 1852
f 1849 1853 1852
f 1849 1850 1853
f 1850 1854 1853
f 1850 1847 1854
f 1847 1851 1854
f 1851 1852 1853
f 1851 1853 1854
f 1855 1856 1859
f 1856 1860 1859
f 1856 1857 1860
f 1857 1861 1860
f 1857 1858 1861
f 1858 1862 1861
f 1858 1855 1862
f 1855 1859 1862
f 1859 1860 1861
f 1859 1861 1862
f 1863 1864 1867
f 1864 1868 1867
f 1864 1865 1868
f 1865 1869 1868
f 1865 1866 1869
f 1866 1870 1869
f 1866 1863 1870
f 1863 1867 1870
f 1867 1868 1869
f 1867 1869 1870
f 1871 1872 1875
f 1872 1876 1875
f 1872 1873 1876
f 1873 1877 1876
f 1873 1874 1877
f 1874 1878 1877
f 1874 1871 1878
f 1871 1875 1878
f 1875 1876 1877
f 1875 1877 1878
f 1879 1880 1883
f 1880 1884 1883
f 1880 1881 1884
f 1881 1885 1884
f 1881 1882 1885
f 1882 1886 1885
f 1882 1879 1886
f 1879 1883 1886
f 1883 1884 1885
f 1883 1885 1886
f 1887 1888 1891
f 1888 1892 1891
f 1888 1889 1892
f 1889 1893 1892
f 1889 1890 1893
f 1890 1894 1893
f 1890 1887 1894
f 1887 1891 1894
f 1891 1892 1893
f 1891 1893 1894
f 1895 1896 1899
f 1896 1900 1899
f 1896 1897 1900
f 1897 1901 1900
f 1897 1898 1901
f 1898 1902 1901
f 1898 1895 1902
f 1895 1899 1902
f 1899 1900 1901
f 1899 1901 1902
f 1903 1904 1907
f 1904 1908 1907
f 1904 1905 1908
f 1905 1909 1908
f 1905 1906 1909
f 1906 1910 1909
f 1906 1903 1910
f 1903 1907 1910
f 1907 1908 1909
f 1907 1909 1910
f 1911 1912 1915
f 1912 1916 1915
f 1912 1913 1916
f 1913 1917 1916
f 1913 1914 1917
f 1914 1918 1917
f 1914 1911 1918
f 1911 1915 1918
f 1915 1916 1917
f 1915 1917 1918
f 1919 1920 1923
f 1920 1924 1923
f 1920 1921 1924
f 1921 1925 1924
f 1921 1922 1925
f 1922 1926 1925
f 1922 1919 1926
f 1919 1923 1926
f 1923 1924 1925
f 1923 1925 1926
f 1927 1928 1931
f 1928 1932 1931
f 1928 1929 1932
f 1929 1933 1932
f 1929 1930 1933
f 1930 1934 1933
f 1930 1927 1934
f 1927 1931 1934
f 1931 1932 1933
f 1931 1933 1934
f 1935 1936 1939
f 1936 1940 1939
f 1936 1937 1940
f 1937 1941 1940
f 1937 1938 1941
f 1938 1942 1941
f 1938 1935 1942
f 1935 1939 1942
f 1939 1940 1941
f 1939 1941 1942
f 1943 1944 1947
f 1944 1948 1947
f 1944 1945 1948
f 1945 1949 1948
f 1945 1946 1949
f 1946 1950 1949
f 1946 1943 1950
f 1943 1947 1950
f 1947 1948 1949
f 1947 1949 1950
f 1951 1952 1955
f 1952 1956 1955
f 1952 1953 1956
f 1953 1957 1956
f 1953 1954 1957
f 1954 1958 1957
f 1954 1951 1958
f 1951 1955 1958
f 1955 1956 1957
f 1955 1957 1958
f 1959 1960 1963
f 1960 1964 1963
f 1960 1961 1964
f 1961 1965 1964
f 1961 1962 1965
f 1962 1966 1965
f 1962 1959 1966
f 1959 1963 1966
f 1963 1964 1965
f 1963 1965 1966
f 1967 1968 1971
f 1968 1972 1971
f 1968 1969 1972
f 1969 1973 1972
f 1969 1970 1973
f 1970 1974 1973
f 1970 1967 1974
f 1967 1971 1974
f 1971 1972 1973
f 1971 1973 1974
f 1975 1976 1979
f 1976 1980 1979
f 1976 1977 1980
f 1977 1981 1980
f 1977 1978 1981
f 1978 1982 1981
f 1978 1975 1982
f 1975 1979 1982
f 1979 1980 1981
f 1979 1981 1982
f 1983 1984 1987
f 1984 1988 1987
f 1984 1985 1988
f 1985 1989 1988
f 1985 1986 1989
f 1986 1990 1989
f 1986 1983 1990
f 1983 1987 1990
f 1987 1988 1989
f 1987 1989 1990
f 1991 1992 1995
f 1992 1996 1995
f 1992 1993 1996
f 1993 1997 1996
f 1993 1994 1997
f 1994 1998 1997
f 1994 1991 1998
f 1991 1995 1998
f 1995 1996 1997
f 1995 1997 1998
f 1999 2000 2003
f 2000 2004 2003
f 2000 2001 2004
f 2001 2005 2004
f 2001 2002 2005
f 2002 2006 2005
f 2002 1999 2006
f 1999 2003 2006
f 2003 2004 2005
f 2003 2005 2006
f 2007 2008 2011
f 2008 2012 2011
f 2008 2009 2012
f 2009 2013 2012
f 2009 2010 2013
f 2010 2014 2013
f 2010 2007 2014
f 2007 2011 2014
f 2011 2012 2013
f 2011 2013 2014
f 2015 2016 2019
f 2016 2020 2019
f 2016 2017 2020
f 2017 2021 2020
f 2017 2018 2021
f 2018 2022 2021
f 2018 2015 2022
f 2015 2019 2022
f 2019 2020 2021
f 2019 2021 2022
f 2023 2024 2027
f 2024 2028 2027
f 2024 2025 2028
f 2025 2029 2028
f 2025 2026 2029
f 2026 2030 2029
f 2026 2023 2030
f 2023 2027 2030
f 2027 2028 2029
f 2027 2029 2030
f 2031 2032 2035
f 2032 2036 2035
f 2032 2033 2036
f 2033 2037 2036
f 2033 2034 2037
f 2034 2038 2037
f 2034 2031 2038
f 2031 2035 2038
f 2035 2036 2037
f 2035 2037 2038
f 2039 2040 2043
f 2040 2044 2043
f 2040 2041 2044
f 2041 2045 2044
f 2041 2042 2045
f 2042 2046 2045
f 2042 2039 2046
f 2039 2043 2046
f 2043 2044 2045
f 2043 2045 2046
f 2047 2048 2051
f 2048 2052 2051
f 2048 2049 2052
f 2049 2053 2052
f 2049 2050 2053
f 2050 2054 2053
f 2050 2047 2054
f 2047 2051 2054
f 2051 2052 2053
f 2051 2053 2054
f 2055 2056 2059
f 2056 2060 2059
f 2056 2057 2060
f 2057 2061 2060
f 2057 2058 2061
f 2058 2062 2061
f 2058 2055 2062
f 2055 2059 2062
f 2059 2060 2061
f 2059 2061 2062
f 2063 2064 2069
f 2064 2070 2069
f 2064 2065 2070
f 2065 2071 2070
f 2065 2066 2071
f 2066 2072 2071
f 2066 2067 2072
f 2067 2073 2072
f 2067 2068 2073
f 2068 2074 2073
f 2068 2063 2074
f 2063 2069 2074
f 2069 2070 2071
f 2069 2071 2072
f 2069 2072 2073
f 2069 2073 2074
f 2075 2076 2081
f 2076 2082 2081
f 2076 2077 2082
f 2077 2083 2082
f 2077 2078 2083
f 2078 2084 2083
f 2078 2079 2084
f 2079 2085 2084
f 2079 2080 2085
f 2080 2086 2085
f 2080 2075 2086
f 2075 2081 2086
f 2081 2082 2083
f 2081 2083 2084
f 2081 2084 2085
f 2081 2085 2086
f 2087 2088 2093
f 2088 2094 2093
f 2088 2089 2094
f 2089 2095 2094
f 2089 2090 2095
f 2090 2096 2095
f 2090 2091 2096
f 2091 2097 2096
f 2091 2092 2097
f 2092 2098 2097
f 2092 2087 2098
f 2087 2093 2098
f 2093 2094 2095
f 2093 2095 2096
f 2093 2096 2097
f 2093 2097 2098
f 2099 2100 2105
f 2100 2106 2105
f 2100 2101 2106
f 2101 2107 2106
f 2101 2102 2107
f 2102 2108 2107
f 2102 2103 2108
f 2103 2109 2108
f 2103 2104 2109
f 2104 2110 2109
f 2104 2099 2110
f 2099 2105 2110
f 2105 2106 2107
f 2105 2107 2108
f 2105 2108 2109
f 2105 2109 2110
f 2111 2112 2117
f 2112 2118 2117
f 2112 2113 2118
f 2113 2119 2118
f 2113 2114 2119
f 2114 2120 2119
f 2114 2115 2120
f 2115 2121 2120
f 2115 2116 2121
f 2116 2122 2121
f 2116 2111 2122
f 2111 2117 2122
f 2117 2118 2119
f 2117 2119 2120
f 2117 2120 2121
f 2117 2121 2122
f 2123 2124 2129
f 2124 2130 2129
f 2124 2125 2130
f 2125 2131 2130
f 2125 2126 2131
f 2126 2132 2131
f 2126 2127 2132
f 2127 2133 2132
f 2127 2128 2133
f 2128 2134 2133
f 2128 2123 2134
f 2123 2129 2134
f 2129 2130 2131
f 2129 2131 2132
f 2129 2132 2133
f 2129 2133 2134
f 2135 2136 2141
f 2136 2142 2141
f 2136 2137 2142
f 2137 2143 2142
f 2137 2138 2143
f 2138 2144 2143
f 2138 2139 2144
f 2139 2145 2144
f 2139 2140 2145
f 2140 2146 2145
f 2140 2135 2146
f 2135 2141 2146
f 2141 2142 2143
f 2141 2143 2144
f 2141 2144 2145
f 2141 2145 2146
f 2147 2148 2153
f 2148 2154 2153
f 2148 2149 2154
f 2149 2155 2154
f 2149 2150 2155
f 2150 2156 2155
f 2150 2151 2156
f 2151 2157 2156
f 2151 2152 2157
f 2152 2158 2157
f 2152 2147 2158
f 2147 2153 2158
f 2153 2154 2155
f 2153 2155 2156
f 2153 2156 2157
f 2153 2157 2158
f 2159 2160 2165
f 2160 2166 2165
f 2160 2161 2166
f 2161 2167 2166
f 2161 2162 2167
f 2162 2168 2167
f 2162 2163 2168
f 2163 2169 2168
f 2163 2164 2169
f 2164 2170 2169
f 2164 2159 2170
f 2159 2165 2170
f 2165 2166 2167
f 2165 2167 2168
f 2165 2168 2169
f 2165 2169 2170
f 2171 2172 2177
f 2172 2178 2177
f 2172 2173 2178
f 2173 2179 2178
f 2173 2174 2179
f 2174 2180 2179
f 2174 2175 2180
f 2175 2181 2180
f 2175 2176 2181
f 2176 2182 2181
f 2176 2171 2182
f 2171 2177 2182
f 2177 2178 2179
f 2177 2179 2180
f 2177 2180 2181
f 2177 2181 2182
f 2183 2184 2189
f 2184 2190 2189
f 2184 2185 2190
f 2185 2191 2190
f 2185 2186 2191
f 2186 2192 2191
f 2186 2187 2192
f 2187 2193 2192
f 2187 2188 2193
f 2188 2194 2193
f 2188 2183 2194
f 2183 2189 2194
f 2189 2190 2191
f 2189 2191 2192
f 2189 2192 2193
f 2189 2193 2194
f 2195 2196 2201
f 2196 2202 2201
f 2196 2197 2202
f 2197 2203 2202
f 2197 2198 2203
f 2198 2204 2203
f 2198 2199 2204
f 2199 2205 2204
f 2199 2200 2205
f 2200 2206 2205
f 2200 2195 2206
f 2195 2201 2206
f 2201 2202 2203
f 2201 2203 2204
f 2201 2204 2205
f 2201 2205 2206
f 2207 2208 2213
f 2208 2214 2213
f 2208 2209 2214
f 2209 2215 2214
f 2209 2210 2215
f 2210 2216 2215
f 2210 2211 2216
f 2211 2217 2216
f 2211 2212 2217
f 2212 2218 2217
f 2212 2207 2218
f 2207 2213 2218
f 2213 2214 2215
f 2213 2215 2216
f 2213 2216 2217
f 2213 2217 2218
f 2219 2220 2225
f 2220 2226 2225
f 2220 2221 2226
f 2221 2227 2226
f 2221 2222 2227
f 2222 2228 2227
f 2222 2223 2228
f 2223 2229 2228
f 2223 2224 2229
f 2224 2230 2229
f 2224 2219 2230
f 2219 2225 2230
f 2225 2226 2227
f 2225 2227 2228
f 2225 2228 2229
f 2225 2229 2230
f 2231 2232 2237
f 2232 2238 2237
f 2232 2233 2238
f 2233 2239 2238
f 2233 2234 2239
f 2234 2240 2239
f 2234 2235 2240
f 2235 2241 2240
f 2235 2236 2241
f 2236 2242 2241
f 2236 2231 2242
f 2231 2237 2242
f 2237 2238 2239
f 2237 2239 2240
f 2237 2240 2241
f 2237 2241 2242
f 2243 2244 2251
f 2244 2252 2251
f 2244 2245 2252
f 2245 2253 2252
f 2245 2246 2253
f 2246 2254 2253
f 2246 2247 2254
f 2247 2255 2254
f 2247 2248 2255
f 2248 2256 2255
f 2248 2249 2256
f 2249 2257 2256
f 2249 2250 2257
f 2250 2258 2257
f 2250 2243 2258
f 2243 2251 2258
f 2251 2252 2253
f 2251 2253 2254
f 2251 2254 2255
f 2251 2255 2256
f 2251 2256 2257
f 2251 2257 2258
f 2259 2260 2267
f 2260 2268 2267
f 2260 2261 2268
f 2261 2269 2268
f 2261 2262 2269
f 2262 2270 2269
f 2262 2263 2270
f 2263 2271 2270
f 2263 2264 2271
f 2264 2272 2271
f 2264 2265 2272
f 2265 2273 2272
f 2265 2266 2273
f 2266 2274 2273
f 2266 2259 2274
f 2259 2267 2274
f 2267 2268 2269
f 2267 2269 2270
f 2267 2270 2271
f 2267 2271 2272
f 2267 2272 2273
f 2267 2273 2274
f 2275 2276 2285
f 2276 2286 2285
f 2276 2277 2286
f 2277 2287 2286
f 2277 2278 2287
f 2278 2288 2287
f 2278 2279 2288
f 2279 2289 2288
f 2279 2280 2289
f 2280 2290 2289
f 2280 2281 2290
f 2281 2291 2290
f 2281 2282 2291
f 2282 2292 2291
f 2282 2283 2292
f 2283 2293 2292
f 2283 2284 2293
f 2284 2294 2293
f 2284 2275 2294
f 2275 2285 2294
f 2285 2286 2287
f 2285 2287 2288
f 2285 2288 2289
f 2285 2289 2290
f 2285 2290 2291
f 2285 2291 2292
f 2285 2292 2293
f 2285 2293 2294
f 2295 2296 2305
f 2296 2306 2305
f 2296 2297 2306
f 2297 2307 2306
f 2297 2298 2307
f 2298 2308 2307
f 2298 2299 2308
f 2299 2309 2308
f 2299 2300 2309
f 2300 2310 2309
f 2300 2301 2310
f 2301 2311 2310
f 2301 2302 2311
f 2302 2312 2311
f 2302 2303 2312
f 2303 2313 2312
f 2303 2304 2313
f 2304 2314 2313
f 2304 2295 2314
f 2295 2305 2314
f 2305 2306 2307
f 2305 2307 2308
f 2305 2308 2309
f 2305 2309 2310
f 2305 2310 2311
f 2305 2311 2312
f 2305 2312 2313
f 2305 2313 2314
f 2315 2316 2327
f 2316 2328 2327
f 2316 2317 2328
f 2317 2329 2328
f 2317 2318 2329
f 2318 2330 2329
f 2318 2319 2330
f 2319 2331 2330
f 2319 2320 2331
f 2320 2332 2331
f 2320 2321 2332
f 2321 2333 2332
f 2321 2322 2333
f 2322 2334 2333
f 2322 2323 2334
f 2323 2335 2334
f 2323 2324 2335
f 2324 2336 2335
f 2324 2325 2336
f 2325 2337 2336
f 2325 2326 2337
f 2326 2338 2337
f 2326 2315 2338
f 2315 2327 2338
f 2327 2328 2329
f 2327 2329 2330
f 2327 2330 2331
f 2327 2331 2332
f 2327 2332 2333
f 2327 2333 2334
f 2327 2334 2335
f 2327 2335 2336
f 2327 2336 2337
f 2327 2337 2338
f 2339 2340 2343
f 2340 2344 2343
f 2340 2341 2344
f 2341 2345 2344
f 2341 2342 2345
f 2342 2346 2345
f 2342 2339 2346
f 2339 2343 2346
f 2343 2344 2345
f 2343 2345 2346
f 2347 2348 2351
f 2348 2352 2351
f 2348 2349 2352
f 2349 2353 2352
f 2349 2350 2353
f 2350 2354 2353
f 2350 2347 2354
f 2347 2351 2354
f 2351 2352 2353
f 2351 2353 2354
f 2355 2356 2359
f 2356 2360 2359
f 2356 2357 2360
f 2357 2361 2360
f 2357 2358 2361
f 2358 2362 2361
f 2358 2355 2362
f 2355 2359 2362
f 2359 2360 2361
f 2359 2361 2362
f 2363 2364 2367
f 2364 2368 2367
f 2364 2365 2368
f 2365 2369 2368
f 2365 2366 2369
f 2366 2370 2369
f 2366 2363 2370
f 2363 2367 2370
f 2367 2368 2369
f 2367 2369 2370
f 2371 2372 2375
f 2372 2376 2375
f 2372 2373 2376
f 2373 2377 2376
f 2373 2374 2377
f 2374 2378 2377
f 2374 2371 2378
f 2371 2375 2378
f 2375 2376 2377
f 2375 2377 2378
f 2379 2380 2383
f 2380 2384 2383
f 2380 2381 2384
f 2381 2385 2384
f 2381 2382 2385
f 2382 2386 2385
f 2382 2379 2386
f 2379 2383 2386
f 2383 2384 2385
f 2383 2385 2386
f 2387 2388 2391
f 2388 2392 2391
f 2388 2389 2392
f 2389 2393 2392
f 2389 2390 2393
f 2390 2394 2393
f 2390 2387 2394
f 2387 2391 2394
f 2391 2392 2393
f 2391 2393 2394
f 2395 2396 2399
f 2396 2400 2399
f 2396 2397 2400
f 2397 2401 2400
f 2397 2398 2401
f 2398 2402 2401
f 2398 2395 2402
f 2395 2399 2402
f 2399 2400 2401
f 2399 2401 2402
f 2403 2404 2407
f 2404 2408 2407
f 2404 2405 2408
f 2405 2409 2408
f 2405 2406 2409
f 2406 2410 2409
f 2406 2403 2410
f 2403 2407 2410
f 2407 2408 2409
f 2407 2409 2410
f 2411 2412 2415
f 2412 2416 2415
f 2412 2413 2416
f 2413 2417 2416
f 2413 2414 2417
f 2414 2418 2417
f 2414 2411 2418
f 2411 2415 2418
f 2415 2416 2417
f 2415 2417 2418
f 2419 2420 2423
f 2420 2424 2423
f 2420 2421 2424
f 2421 2425 2424
f 2421 2422 2425
f 2422 2426 2425
f 2422 2419 2426
f 2419 2423 2426
f 2423 2424 2425
f 2423 2425 2426
f 2427 2428 2431
f 2428 2432 2431
f 2428 2429 2432
f 2429 2433 2432
f 2429 2430 2433
f 2430 2434 2433
f 2430 2427 2434
f 2427 2431 2434
f 2431 2432 2433
f 2431 2433 2434
f 2435 2436 2439
f 2436 2440 2439
f 2436 2437 2440
f 2437 2441 2440
f 2437 2438 2441
f 2438 2442 2441
f 2438 2435 2442
f 2435 2439 2442
f 2439 2440 2441
f 2439 2441 2442
f 2443 2444 2447
f 2444 2448 2447
f 2444 2445 2448
f 2445 2449 2448
f 2445 2446 2449
f 2446 2450 2449
f 2446 2443 2450
f 2443 2447 2450
f 2447 2448 2449
f 2447 2449 2450
f 2451 2452 2455
f 2452 2456 2455
f 2452 2453 2456
f 2453 2457 2456
f 2453 2454 2457
f 2454 2458 2457
f 2454 2451 2458
f 2451 2455 2458
f 2455 2456 2457
f 2455 2457 2458
f 2459 2460 2466
f 2460 2467 2466
f 2460 2461 2467
f 2461 2468 2467
f 2461 2462 2468
f 2462 2469 2468
f 2462 2463 2469
f 2463 2470 2469
f 2463 2464 2470
f 2464 2471 2470
f 2464 2465 2471
f 2465 2472 2471
f 2465 2459 2472
f 2459 2466 2472
f 2466 2467 2468
f 2466 2468 2469
f 2466 2469 2470
f 2466 2470 2471
f 2466 2471 2472
f 2473 2474 2477
f 2474 2478 2477
f 2474 2475 2478
f 2475 2479 2478
f 2475 2476 2479
f 2476 2480 2479
f 2476 2473 2480
f 2473 2477 2480
f 2477 2478 2479
f 2477 2479 2480
f 2481 2482 2485
f 2482 2486 2485
f 2482 2483 2486
f 2483 2487 2486
f 2483 2484 2487
f 2484 2488 2487
f 2484 2481 2488
f 2481 2485 2488
f 2485 2486 2487
f 2485 2487 2488
f 2489 2490 2493
f 2490 2494 2493
f 2490 2491 2494
f 2491 2495 2494
f 2491 2492 2495
f 2492 2496 2495
f 2492 2489 2496
f 2489 2493 2496
f 2493 2494 2495
f 2493 2495 2496
f 2497 2498 2501
f 2498 2502 2501
f 2498 2499 2502
f 2499 2503 2502
f 2499 2500 2503
f 2500 2504 2503
f 2500 2497 2504
f 2497 2501 2504
f 2501 2502 2503
f 2501 2503 2504
f 2505 2506 2511
f 2506 2512 2511
f 2506 2507 2512
f 2507 2513 2512
f 2507 2508 2513
f 2508 2514 2513
f 2508 2509 2514
f 2509 2515 2514
f 2509 2510 2515
f 2510 2516 2515
f 2510 2505 2516
f 2505 2511 2516
f 2511 2512 2513
f 2511 2513 2514
f 2511 2514 2515
f 2511 2515 2516
f 2517 2518 2523
f 2518 2524 2523
f 2518 2519 2524
f 2519 2525 2524
f 2519 2520 2525
f 2520 2526 2525
f 2520 2521 2526
f 2521 2527 2526
f 2521 2522 2527
f 2522 2528 2527
f 2522 2517 2528
f 2517 2523 2528
f 2523 2524 2525
f 2523 2525 2526
f 2523 2526 2527
f 2523 2527 2528
f 2529 2530 2535
f 2530 2536 2535
f 2530 2531 2536
f 2531 2537 2536
f 2531 2532 2537
f 2532 2538 2537
f 2532 2533 2538
f 2533 2539 2538
f 2533 2534 2539
f 2534 2540 2539
f 2534 2529 2540
f 2529 2535 2540
f 2535 2536 2537
f 2535 2537 2538
f 2535 2538 2539
f 2535 2539 2540
f 2541 2542 2549
f 2542 2550 2549
f 2542 2543 2550
f 2543 2551 2550
f 2543 2544 2551
f 2544 2552 2551
f 2544 2545 2552
f 2545 2553 2552
f 2545 2546 2553
f 2546 2554 2553
f 2546 2547 2554
f 2547 2555 2554
f 2547 2548 2555
f 2548 2556 2555
f 2548 2541 2556
f 2541 2549 2556
f 2549 2550 2551
f 2549 2551 2552
f 2549 2552 2553
f 2549 2553 2554
f 2549 2554 2555
f 2549 2555 2556
f 2557 2558 2565
f 2558 2566 2565
f 2558 2559 2566
f 2559 2567 2566
f 2559 2560 2567
f 2560 2568 2567
f 2560 2561 2568
f 2561 2569 2568
f 2561 2562 2569
f 2562 2570 2569
f 2562 2563 2570
f 2563 2571 2570
f 2563 2564 2571
f 2564 2572 2571
f 2564 2557 2572
f 2557 2565 2572
f 2565 2566 2567
f 2565 2567 2568
f 2565 2568 2569
f 2565 2569 2570
f 2565 2570 2571
f 2565 2571 2572
f 2573 2574 2581
f 2574 2582 2581
f 2574 2575 2582
f 2575 2583 2582
f 2575 2576 2583
f 2576 2584 2583
f 2576 2577 2584
f 2577 2585 2584
f 2577 2578 2585
f 2578 2586 2585
f 2578 2579 2586
f 2579 2587 2586
f 2579 2580 2587
f 2580 2588 2587
f 2580 2573 2588
f 2573 2581 2588
f 2581 2582 2583
f 2581 2583 2584
f 2581 2584 2585
f 2581 2585 2586
f 2581 2586 2587
f 2581 2587 2588
f 2589 2590 2597
f 2590 2598 2597
f 2590 2591 2598
f 2591 2599 2598
f 2591 2592 2599
f 2592 2600 2599
f 2592 2593 2600
f 2593 2601 2600
f 2593 2594 2601
f 2594 2602 2601
f 2594 2595 2602
f 2595 2603 2602
f 2595 2596 2603
f 2596 2604 2603
f 2596 2589 2604
f 2589 2597 2604
f 2597 2598 2599
f 2597 2599 2600
f 2597 2600 2601
f 2597 2601 2602
f 2597 2602 2603
f 2597 2603 2604
f 2605 2606 2613
f 2606 2614 2613
f 2606 2607 2614
f 2607 2615 2614
f 2607 2608 2615
f 2608 2616 2615
f 2608 2609 2616
f 2609 2617 2616
f 2609 2610 2617
f 2610 2618 2617
f 2610 2611 2618
f 2611 2619 2618
f 2611 2612 2619
f 2612 2620 2619
f 2612 2605 2620
f 2605 2613 2620
f 2613 2614 2615
f 2613 2615 2616
f 2613 2616 2617
f 2613 2617 2618
f 2613 2618 2619
f 2613 2619 2620
f 2621 2622 2629
f 2622 2630 2629
f 2622 2623 2630
f 2623 2631 2630
f 2623 2624 2631
f 2624 2632 2631
f 2624 2625 2632
f 2625 2633 2632
f 2625 2626 2633
f 2626 2634 2633
f 2626 2627 2634
f 2627 2635 2634
f 2627 2628 2635
f 2628 2636 2635
f 2628 2621 2636
f 2621 2629 2636
f 2629 2630 2631
f 2629 2631 2632
f 2629 2632 2633
f 2629 2633 2634
f 2629 2634 2635
f 2629 2635 2636
f 2637 2638 2644
f 2638 2645 2644
f 2638 2639 2645
f 2639 2646 2645
f 2639 2640 2646
f 2640 2647 2646
f 2640 2641 2647
f 2641 2648 2647
f 2641 2642 2648
f 2642 2649 2648
f 2642 2643 2649
f 2643 2650 2649
f 2643 2637 2650
f 2637 2644 2650
f 2644 2645 2646
f 2644 2646 2647
f 2644 2647 2648
f 2644 2648 2649
f 2644 2649 2650
f 2651 2652 2655
f 2652 2656 2655
f 2652 2653 2656
f 2653 2657 2656
f 2653 2654 2657
f 2654 2658 2657
f 2654 2651 2658
f 2651 2655 2658
f 2655 2656 2657
f 2655 2657 2658
f 2659 2660 2665
f 2660 2666 2665
f 2660 2661 2666
f 2661 2667 2666
f 2661 2662 2667
f 2662 2668 2667
f 2662 2663 2668
f 2663 2669 2668
f 2663 2664 2669
f 2664 2670 2669
f 2664 2659 2670
f 2659 2665 2670
f 2665 2666 2667
f 2665 2667 2668
f 2665 2668 2669
f 2665 2669 2670
f 2671 2672 2679
f 2672 2680 2679
f 2672 2673 2680
f 2673 2681 2680
f 2673 2674 2681
f 2674 2682 2681
f 2674 2675 2682
f 2675 2683 2682
f 2675 2676 2683
f 2676 2684 2683
f 2676 2677 2684
f 2677 2685 2684
f 2677 2678 2685
f 2678 2686 2685
f 2678 2671 2686
f 2671 2679 2686
f 2679 2680 2681
f 2679 2681 2682
f 2679 2682 2683
f 2679 2683 2684
f 2679 2684 2685
f 2679 2685 2686
f 2687 2688 2695
f 2688 2696 2695
f 2688 2689 2696
f 2689 2697 2696
f 2689 2690 2697
f 2690 2698 2697
f 2690 2691 2698
f 2691 2699 2698
f 2691 2692 2699
f 2692 2700 2699
f 2692 2693 2700
f 2693 2701 2700
f 2693 2694 2701
f 2694 2702 2701
f 2694 2687 2702
f 2687 2695 2702
f 2695 2696 2697
f 2695 2697 2698
f 2695 2698 2699
f 2695 2699 2700
f 2695 2700 2701
f 2695 2701 2702
f 2703 2704 2707
f 2704 2708 2707
f 2704 2705 2708
f 2705 2709 2708
f 2705 2706 2709
f 2706 2710 2709
f 2706 2703 2710
f 2703 2707 2710
f 2707 2708 2709
f 2707 2709 2710
f 2711 2712 2715
f 2712 2716 2715
f 2712 2713 2716
f 2713 2717 2716
f 2713 2714 2717
f 2714 2718 2717
f 2714 2711 2718
f 2711 2715 2718
f 2715 2716 2717
f 2715 2717 2718
f 2719 2720 2723
f 2720 2724 2723
f 2720 2721 2724
f 2721 2725 2724
f 2721 2722 2725
f 2722 2726 2725
f 2722 2719 2726
f 2719 2723 2726
f 2723 2724 2725
f 2723 2725 2726
f 2727 2728 2731
f 2728 2732 2731
f 2728 2729 2732
f 2729 2733 2732
f 2729 2730 2733
f 2730 2734 2733
f 2730 2727 2734
f 2727 2731 2734
f 2731 2732 2733
f 2731 2733 2734
f 2735 2736 2739
f 2736 2740 2739
f 2736 2737 2740
f 2737 2741 2740
f 2737 2738 2741
f 2738 2742 2741
f 2738 2735 2742
f 2735 2739 2742
f 2739 2740 2741
f 2739 2741 2742
f 2743 2744 2747
f 2744 2748 2747
f 2744 2745 2748
f 2745 2749 2748
f 2745 2746 2749
f 2746 2750 2749
f 2746 2743 2750
f 2743 2747 2750
f 2747 2748 2749
f 2747 2749 2750
f 2751 2752 2767
f 2752 2768 2767
f 2752 2753 2768
f 2753 2769 2768
f 2753 2754 2769
f 2754 2770 2769
f 2754 2755 2770
f 2755 2771 2770
f 2755 2756 2771
f 2756 2772 2771
f 2756 2757 2772
f 2757 2773 2772
f 2757 2758 2773
f 2758 2774 2773
f 2758 2759 2774
f 2759 2775 2774
f 2759 2760 2775
f 2760 2776 2775
f 2760 2761 2776
f 2761 2777 2776
f 2761 2762 2777
f 2762 2778 2777
f 2762 2763 2778
f 2763 2779 2778
f 2763 2764 2779
f 2764 2780 2779
f 2764 2765 2780
f 2765 2781 2780
f 2765 2766 2781
f 2766 2782 2781
f 2766 2751 2782
f 2751 2767 2782
f 2767 2768 2769
f 2767 2769 2770
f 2767 2770 2771
f 2767 2771 2772
f 2767 2772 2773
f 2767 2773 2774
f 2767 2774 2775
f 2767 2775 2776
f 2767 2776 2777
f 2767 2777 2778
f 2767 2778 2779
f 2767 2779 2780
f 2767 2780 2781
f 2767 2781 2782
f 2783 2784 2793
f 2784 2794 2793
f 2784 2785 2794
f 2785 2795 2794
f 2785 2786 2795
f 2786 2796 2795
f 2786 2787 2796
f 2787 2797 2796
f 2787 2788 2797
f 2788 2798 2797
f 2788 2789 2798
f 2789 2799 2798
f 2789 2790 2799
f 2790 2800 2799
f 2790 2791 2800
f 2791 2801 2800
f 2791 2792 2801
f 2792 2802 2801
f 2792 2783 2802
f 2783 2793 2802
f 2793 2794 2795
f 2793 2795 2796
f 2793 2796 2797
f 2793 2797 2798
f 2793 2798 2799
f 2793 2799 2800
f 2793 2800 2801
f 2793 2801 2802
f 2803 2804 2807
f 2804 2808 2807
f 2804 2805 2808
f 2805 2809 2808
f 2805 2806 2809
f 2806 2810 2809
f 2806 2803 2810
f 2803 2807 2810
f 2807 2808 2809
f 2807 2809 2810
f 2811 2812 2815
f 2812 2816 2815
f 2812 2813 2816
f 2813 2817 2816
f 2813 2814 2817
f 2814 2818 2817
f 2814 2811 2818
f 2811 2815 2818
f 2815 2816 2817
f 2815 2817 2818
f 2819 2820 2825
f 2820 2826 2825
f 2820 2821 2826
f 2821 2827 2826
f 2821 2822 2827
f 2822 2828 2827
f 2822 2823 2828
f 2823 2829 2828
f 2823 2824 2829
f 2824 2830 2829
f 2824 2819 2830
f 2819 2825 2830
f 2825 2826 2827
f 2825 2827 2828
f 2825 2828 2829
f 2825 2829 2830
f 2831 2832 2835
f 2832 2836 2835
f 2832 2833 2836
f 2833 2837 2836
f 2833 2834 2837
f 2834 2838 2837
f 2834 2831 2838
f 2831 2835 2838
f 2835 2836 2837
f 2835 2837 2838
f 2839 2840 2843
f 2840 2844 2843
f 2840 2841 2844
f 2841 2845 2844
f 2841 2842 2845
f 2842 2846 2845
f 2842 2839 2846
f 2839 2843 2846
f 2843 2844 2845
f 2843 2845 2846
f 2847 2848 2853
f 2848 2854 2853
f 2848 2849 2854
f 2849 2855 2854
f 2849 2850 2855
f 2850 2856 2855
f 2850 2851 2856
f 2851 2857 2856
f 2851 2852 2857
f 2852 2858 2857
f 2852 2847 2858
f 2847 2853 2858
f 2853 2854 2855
f 2853 2855 2856
f 2853 2856 2857
f 2853 2857 2858
f 2859 2860 2865
f 2860 2866 2865
f 2860 2861 2866
f 2861 2867 2866
f 2861 2862 2867
f 2862 2868 2867
f 2862 2863 2868
f 2863 2869 2868
f 2863 2864 2869
f 2864 2870 2869
f 2864 2859 2870
f 2859 2865 2870
f 2865 2866 2867
f 2865 2867 2868
f 2865 2868 2869
f 2865 2869 2870
f 2871 2872 2875
f 2872 2876 2875
f 2872 2873 2876
f 2873 2877 2876
f 2873 2874 2877
f 2874 2878 2877
f 2874 2871 2878
f 2871 2875 2878
f 2875 2876 2877
f 2875 2877 2878
f 2879 2880 2883
f 2880 2884 2883
f 2880 2881 2884
f 2881 2885 2884
f 2881 2882 2885
f 2882 2886 2885
f 2882 2879 2886
f 2879 2883 2886
f 2883 2884 2885
f 2883 2885 2886
f 2887 2888 2891
f 2888 2892 2891
f 2888 2889 2892
f 2889 2893 2892
f 2889 2890 2893
f 2890 2894 2893
f 2890 2887 2894
f 2887 2891 2894
f 2891 2892 2893
f 2891 2893 2894
f 2895 2896 2899
f 2896 2900 2899
f 2896 2897 2900
f 2897 2901 2900
f 2897 2898 2901
f 2898 2902 2901
f 2898 2895 2902
f 2895 2899 2902
f 2899 2900 2901
f 2899 2901 2902
f 2903 2904 2907
f 2904 2908 2907
f 2904 2905 2908
f 2905 2909 2908
f 2905 2906 2909
f 2906 2910 2909
f 2906 2903 2910
f 2903 2907 2910
f 2907 2908 2909
f 2907 2909 2910
f 2911 2912 2915
f 2912 2916 2915
f 2912 2913 2916
f 2913 2917 2916
f 2913 2914 2917
f 2914 2918 2917
f 2914 2911 2918
f 2911 2915 2918
f 2915 2916 2917
f 2915 2917 2918
f 2919 2920 2923
f 2920 2924 2923
f 2920 2921 2924
f 2921 2925 2924
f 2921 2922 2925
f 2922 2926 2925
f 2922 2919 2926
f 2919 2923 2926
f 2923 2924 2925
f 2923 2925 2926
f 2927 2928 2931
f 2928 2932 2931
f 2928 2929 2932
f 2929 2933 2932
f 2929 2930 2933
f 2930 2934 2933
f 2930 2927 2934
f 2927 2931 2934
f 2931 2932 2933
f 2931 2933 2934
f 2935 2936 2939
f 2936 2940 2939
f 2936 2937 2940
f 2937 2941 2940
f 2937 2938 2941
f 2938 2942 2941
f 2938 2935 2942
f 2935 2939 2942
f 2939 2940 2941
f 2939 2941 2942
f 2943 2944 2947
f 2944 2948 2947
f 2944 2945 2948
f 2945 2949 2948
f 2945 2946 2949
f 2946 2950 2949
f 2946 2943 2950
f 2943 2947 2950
f 2947 2948 2949
f 2947 2949 2950
f 2951 2952 2955
f 2952 2956 2955
f 2952 2953 2956
f 2953 2957 2956
f 2953 2954 2957
f 2954 2958 2957
f 2954 2951 2958
f 2951 2955 2958
f 2955 2956 2957
f 2955 2957 2958
f 2959 2960 2963
f 2960 2964 2963
f 2960 2961 2964
f 2961 2965 2964
f 2961 2962 2965
f 2962 2966 2965
f 2962 2959 2966
f 2959 2963 2966
f 2963 2964 2965
f 2963 2965 2966
f 2967 2968 2971
f 2968 2972 2971
f 2968 2969 2972
f 2969 2973 2972
f 2969 2970 2973
f 2970 2974 2973
f 2970 2967 2974
f 2967 2971 2974
f 2971 2972 2973
f 2971 2973 2974
f 2975 2976 2979
f 2976 2980 2979
f 2976 2977 2980
f 2977 2981 2980
f 2977 2978 2981
f 2978 2982 2981
f 2978 2975 2982
f 2975 2979 2982
f 2979 2980 2981
f 2979 2981 2982
f 2983 2984 2987
f 2984 2988 2987
f 2984 2985 2988
f 2985 2989 2988
f 2985 2986 2989
f 2986 2990 2989
f 2986 2983 2990
f 2983 2987 2990
f 2987 2988 2989
f 2987 2989 2990
f 2991 2992 2995
f 2992 2996 2995
f 2992 2993 2996
f 2993 2997 2996
f 2993 2994 2997
f 2994 2998 2997
f 2994 2991 2998
f 2991 2995 2998
f 2995 2996 2997
f 2995 2997 2998
f 2999 3000 3003
f 3000 3004 3003
f 3000 3001 3004
f 3001 3005 3004
f 3001 3002 3005
f 3002 3006 3005
f 3002 2999 3006
f 2999 3003 3006
f 3003 3004 3005
f 3003 3005 3006
f 3007 3008 3011
f 3008 3012 3011
f 3008 3009 3012
f 3009 3013 3012
f 3009 3010 3013
f 3010 3014 3013
f 3010 3007 3014
f 3007 3011 3014
f 3011 3012 3013
f 3011 3013 3014
f 3015 3016 3019
f 3016 3020 3019
f 3016 3017 3020
f 3017 3021 3020
f 3017 3018 3021
f 3018 3022 3021
f 3018 3015 3022
f 3015 3019 3022
f 3019 3020 3021
f 3019 3021 3022
f 3023 3024 3027
f 3024 3028 3027
f 3024 3025 3028
f 3025 3029 3028
f 3025 3026 3029
f 3026 3030 3029
f 3026 3023 3030
f 3023 3027 3030
f 3027 3028 3029
f 3027 3029 3030
f 3031 3032 3035
f 3032 3036 3035
f 3032 3033 3036
f 3033 3037 3036
f 3033 3034 3037
f 3034 3038 3037
f 3034 3031 3038
f 3031 3035 3038
f 3035 3036 3037
f 3035 3037 3038
f 3039 3040 3043
f 3040 3044 3043
f 3040 3041 3044
f 3041 3045 3044
f 3041 3042 3045
f 3042 3046 3045
f 3042 3039 3046
f 3039 3043 3046
f 3043 3044 3045
f 3043 3045 3046
f 3047 3048 3051
f 3048 3052 3051
f 3048 3049 3052
f 3049 3053 3052
f 3049 3050 3053
f 3050 3054 3053
f 3050 3047 3054
f 3047 3051 3054
f 3051 3052 3053
f 3051 3053 3054
f 3055 3056 3059
f 3056 3060 3059
f 3056 3057 3060
f 3057 3061 3060
f 3057 3058 3061
f 3058 3062 3061
f 3058 3055 3062
f 3055 3059 3062
f 3059 3060 3061
f 3059 3061 3062
f 3063 3064 3067
f 3064 3068 3067
f 3064 3065 3068
f 3065 3069 3068
f 3065 3066 3069
f 3066 3070 3069
f 3066 3063 3070
f 3063 3067 3070
f 3067 3068 3069
f 3067 3069 3070
f 3071 3072 3075
f 3072 3076 3075
f 3072 3073 3076
f 3073 3077 3076
f 3073 3074 3077
f 3074 3078 3077
f 3074 3071 3078
f 3071 3075 3078
f 3075 3076 3077
f 3075 3077 3078
f 3079 3080 3083
f 3080 3084 3083
f 3080 3081 3084
f 3081 3085 3084
f 3081 3082 3085
f 3082 3086 3085
f 3082 3079 3086
f 3079 3083 3086
f 3083 3084 3085
f 3083 3085 3086
f 3087 3088 3091
f 3088 3092 3091
f 3088 3089 3092
f 3089 3093 3092
f 3089 3090 3093
f 3090 3094 3093
f 3090 3087 3094
f 3087 3091 3094
f 3091 3092 3093
f 3091 3093 3094
f 3095 3096 3099
f 3096 3100 3099
f 3096 3097 3100
f 3097 3101 3100
f 3097 3098 3101
f 3098 3102 3101
f 3098 3095 3102
f 3095 3099 3102
f 3099 3100 3101
f 3099 3101 3102
f 3103 3104 3107
f 3104 3108 3107
f 3104 3105 3108
f 3105 3109 3108
f 3105 3106 3109
f 3106 3110 3109
f 3106 3103 3110
f 3103 3107 3110
f 3107 3108 3109
f 3107 3109 3110
f 3111 3112 3115
f 3112 3116 3115
f 3112 3113 3116
f 3113 3117 3116
f 3113 3114 3117
f 3114 3118 3117
f 3114 3111 3118
f 3111 3115 3118
f 3115 3116 3117
f 3115 3117 3118
f 3119 3120 3123
f 3120 3124 3123
f 3120 3121 3124
f 3121 3125 3124
f 3121 3122 3125
f 3122 3126 3125
f 3122 3119 3126
f 3119 3123 3126
f 3123 3124 3125
f 3123 3125 3126
f 3127 3128 3131
f 3128 3132 3131
f 3128 3129 3132
f 3129 3133 3132
f 3129 3130 3133
f 3130 3134 3133
f 3130 3127 3134
f 3127 3131 3134
f 3131 3132 3133
f 3131 3133 3134
f 3135 3136 3139
f 3136 3140 3139
f 3136 3137 3140
f 3137 3141 3140
f 3137 3138 3141
f 3138 3142 3141
f 3138 3135 3142
f 3135 3139 3142
f 3139 3140 3141
f 3139 3141 3142
f 3143 3144 3147
f 3144 3148 3147
f 3144 3145 3148
f 3145 3149 3148
f 3145 3146 3149
f 3146 3150 3149
f 3146 3143 3150
f 3143 3147 3150
f 3147 3148 3149
f 3147 3149 3150
f 3151 3152 3155
f 3152 3156 3155
f 3152 3153 3156
f 3153 3157 3156
f 3153 3154 3157
f 3154 3158 3157
f 3154 3151 3158
f 3151 3155 3158
f 3155 3156 3157
f 3155 3157 3158
f 3159 3160 3163
f 3160 3164 3163
f 3160 3161 3164
f 3161 3165 3164
f 3161 3162 3165
f 3162 3166 3165
f 3162 3159 3166
f 3159 3163 3166
f 3163 3164 3165
f 3163 3165 3166
f 3167 3168 3171
f 3168 3172 3171
f 3168 3169 3172
f 3169 3173 3172
f 3169 3170 3173
f 3170 3174 3173
f 3170 3167 3174
f 3167 3171 3174
f 3171 3172 3173
f 3171 3173 3174
f 3175 3176 3179
f 3176 3180 3179
f 3176 3177 3180
f 3177 3181 3180
f 3177 3178 3181
f 3178 3182 3181
f 3178 3175 3182
f 3175 3179 3182
f 3179 3180 3181
f 3179 3181 3182
f 3183 3184 3187
f 3184 3188 3187
f 3184 3185 3188
f 3185 3189 3188
f 3185 3186 3189
f 3186 3190 3189
f 3186 3183 3190
f 3183 3187 3190
f 3187 3188 3189
f 3187 3189 3190
f 3191 3192 3195
f 3192 3196 3195
f 3192 3193 3196
f 3193 3197 3196
f 3193 3194 3197
f 3194 3198 3197
f 3194 3191 3198
f 3191 3195 3198
f 3195 3196 3197
f 3195 3197 3198
f 3199 3200 3203
f 3200 3204 3203
f 3200 3201 3204
f 3201 3205 3204
f 3201 3202 3205
f 3202 3206 3205
f 3202 3199 3206
f 3199 3203 3206
f 3203 3204 3205
f 3203 3205 3206
f 3207 3208 3211
f 3208 3212 3211
f 3208 3209 3212
f 3209 3213 3212
f 3209 3210 3213
f 3210 3214 3213
f 3210 3207 3214
f 3207 3211 3214
f 3211 3212 3213
f 3211 3213 3214
f 3215 3216 3219
f 3216 3220 3219
f 3216 3217 3220
f 3217 3221 3220
f 3217 3218 3221
f 3218 3222 3221
f 3218 3215 3222
f 3215 3219 3222
f 3219 3220 3221
f 3219 3221 3222
f 3223 3224 3227
f 3224 3228 3227
f 3224 3225 3228
f 3225 3229 3228
f 3225 3226 3229
f 3226 3230 3229
f 3226 3223 3230
f 3223 3227 3230
f 3227 3228 3229
f 3227 3229 3230
f 3231 3232 3235
f 3232 3236 3235
f 3232 3233 3236
f 3233 3237 3236
f 3233 3234 3237
f 3234 3238 3237
f 3234 3231 3238
f 3231 3235 3238
f 3235 3236 3237
f 3235 3237 3238
f 3239 3240 3243
f 3240 3244 3243
f 3240 3241 3244
f 3241 3245 3244
f 3241 3242 3245
f 3242 3246 3245
f 3242 3239 3246
f 3239 3243 3246
f 3243 3244 3245
f 3243 3245 3246
f 3247 3248 3251
f 3248 3252 3251
f 3248 3249 3252
f 3249 3253 3252
f 3249 3250 3253
f 3250 3254 3253
f 3250 3247 3254
f 3247 3251 3254
f 3251 3252 3253
f 3251 3253 3254
f 3255 3256 3259
f 3256 3260 3259
f 3256 3257 3260
f 3257 3261 3260
f 3257 3258 3261
f 3258 3262 3261
f 3258 3255 3262
f 3255 3259 3262
f 3259 3260 3261
f 3259 3261 3262
f 3263 3264 3267
f 3264 3268 3267
f 3264 3265 3268
f 3265 3269 3268
f 3265 3266 3269
f 3266 3270 3269
f 3266 3263 3270
f 3263 3267 3270
f 3267 3268 3269
f 3267 3269 3270
f 3271 3272 3275
f 3272 3276 3275
f 3272 3273 3276
f 3273 3277 3276
f 3273 3274 3277
f 3274 3278 3277
f 3274 3271 3278
f 3271 3275 3278
f 3275 3276 3277
f 3275 3277 3278
f 3279 3280 3283
f 3280 3284 3283
f 3280 3281 3284
f 3281 3285 3284
f 3281 3282 3285
f 3282 3286 3285
f 3282 3279 3286
f 3279 3283 3286
f 3283 3284 3285
f 3283 3285 3286
f 3287 3288 3291
f 3288 3292 3291
f 3288 3289 3292
f 3289 3293 3292
f 3289 3290 3293
f 3290 3294 3293
f 3290 3287 3294
f 3287 3291 3294
f 3291 3292 3293
f 3291 3293 3294
f 3295 3296 3299
f 3296 3300 3299
f 3296 3297 3300
f 3297 3301 3300
f 3297 3298 3301
f 3298 3302 3301
f 3298 3295 3302
f 3295 3299 3302
f 3299 3300 3301
f 3299 3301 3302
f 3303 3304 3307
f 3304 3308 3307
f 3304 3305 3308
f 3305 3309 3308
f 3305 3306 3309
f 3306 3310 3309
f 3306 3303 3310
f 3303 3307 3310
f 3307 3308 3309
f 3307 3309 3310
f 3311 3312 3315
f 3312 3316 3315
f 3312 3313 3316
f 3313 3317 3316
f 3313 3314 3317
f 3314 3318 3317
f 3314 3311 3318
f 3311 3315 3318
f 3315 3316 3317
f 3315 3317 3318
f 3319 3320 3323
f 3320 3324 3323
f 3320 3321 3324
f 3321 3325 3324
f 3321 3322 3325
f 3322 3326 3325
f 3322 3319 3326
f 3319 3323 3326
f 3323 3324 3325
f 3323 3325 3326
f 3327 3328 3331
f 3328 3332 3331
f 3328 3329 3332
f 3329 3333 3332
f 3329 3330 3333
f 3330 3334 3333
f 3330 3327 3334
f 3327 3331 3334
f 3331 3332 3333
f 3331 3333 3334
f 3335 3336 3341
f 3336 3342 3341
f 3336 3337 3342
f 3337 3343 3342
f 3337 3338 3343
f 3338 3344 3343
f 3338 3339 3344
f 3339 3345 3344
f 3339 3340 3345
f 3340 3346 3345
f 3340 3335 3346
f 3335 3341 3346
f 3341 3342 3343
f 3341 3343 3344
f 3341 3344 3345
f 3341 3345 3346
f 3347 3348 3351
f 3348 3352 3351
f 3348 3349 3352
f 3349 3353 3352
f 3349 3350 3353
f 3350 3354 3353
f 3350 3347 3354
f 3347 3351 3354
f 3351 3352 3353
f 3351 3353 3354
f 3355 3356 3359
f 3356 3360 3359
f 3356 3357 3360
f 3357 3361 3360
f 3357 3358 3361
f 3358 3362 3361
f 3358 3355 3362
f 3355 3359 3362
f 3359 3360 3361
f 3359 3361 3362
f 3363 3364 3367
f 3364 3368 3367
f 3364 3365 3368
f 3365 3369 3368
f 3365 3366 3369
f 3366 3370 3369
f 3366 3363 3370
f 3363 3367 3370
f 3367 3368 3369
f 3367 3369 3370
f 3371 3372 3377
f 3372 3378 3377
f 3372 3373 3378
f 3373 3379 3378
f 3373 3374 3379
f 3374 3380 3379
f 3374 3375 3380
f 3375 3381 3380
f 3375 3376 3381
f 3376 3382 3381
f 3376 3371 3382
f 3371 3377 3382
f 3377 3378 3379
f 3377 3379 3380
f 3377 3380 3381
f 3377 3381 3382
f 3383 3384 3389
f 3384 3390 3389
f 3384 3385 3390
f 3385 3391 3390
f 3385 3386 3391
f 3386 3392 3391
f 3386 3387 3392
f 3387 3393 3392
f 3387 3388 3393
f 3388 3394 3393
f 3388 3383 3394
f 3383 3389 3394
f 3389 3390 3391
f 3389 3391 3392
f 3389 3392 3393
f 3389 3393 3394
f 3395 3396 3399
f 3396 3400 3399
f 3396 3397 3400
f 3397 3401 3400
f 3397 3398 3401
f 3398 3402 3401
f 3398 3395 3402
f 3395 3399 3402
f 3399 3400 3401
f 3399 3401 3402
f 3403 3404 3409
f 3404 3410 3409
f 3404 3405 3410
f 3405 3411 3410
f 3405 3406 3411
f 3406 3412 3411
f 3406 3407 3412
f 3407 3413 3412
f 3407 3408 3413
f 3408 3414 3413
f 3408 3403 3414
f 3403 3409 3414
f 3409 3410 3411
f 3409 3411 3412
f 3409 3412 3413
f 3409 3413 3414
f 3415 3416 3419
f 3416 3420 3419
f 3416 3417 3420
f 3417 3421 3420
f 3417 3418 3421
f 3418 3422 3421
f 3418 3415 3422
f 3415 3419 3422
f 3419 3420 3421
f 3419 3421 3422
f 3423 3424 3427
f 3424 3428 3427
f 3424 3425 3428
f 3425 3429 3428
f 3425 3426 3429
f 3426 3430 3429
f 3426 3423 3430
f 3423 3427 3430
f 3427 3428 3429
f 3427 3429 3430
f 3431 3432 3435
f 3432 3436 3435
f 3432 3433 3436
f 3433 3437 3436
f 3433 3434 3437
f 3434 3438 3437
f 3434 3431 3438
f 3431 3435 3438
f 3435 3436 3437
f 3435 3437 3438
f 3439 3440 3443
f 3440 3444 3443
f 3440 3441 3444
f 3441 3445 3444
f 3441 3442 3445
f 3442 3446 3445
f 3442 3439 3446
f 3439 3443 3446
f 3443 3444 3445
f 3443 3445 3446
f 3447 3448 3451
f 3448 3452 3451
f 3448 3449 3452
f 3449 3453 3452
f 3449 3450 3453
f 3450 3454 3453
f 3450 3447 3454
f 3447 3451 3454
f 3451 3452 3453
f 3451 3453 3454
f 3455 3456 3459
f 3456 3460 3459
f 3456 3457 3460
f 3457 3461 3460
f 3457 3458 3461
f 3458 3462 3461
f 3458 3455 3462
f 3455 3459 3462
f 3459 3460 3461
f 3459 3461 3462
f 3463 3464 3467
f 3464 3468 3467
f 3464 3465 3468
f 3465 3469 3468
f 3465 3466 3469
f 3466 3470 3469
f 3466 3463 3470
f 3463 3467 3470
f 3467 3468 3469
f 3467 3469 3470
f 3471 3472 3475
f 3472 3476 3475
f 3472 3473 3476
f 3473 3477 3476
f 3473 3474 3477
f 3474 3478 3477
f 3474 3471 3478
f 3471 3475 3478
f 3475 3476 3477
f 3475 3477 3478
f 3479 3480 3483
f 3480 3484 3483
f 3480 3481 3484
f 3481 3485 3484
f 3481 3482 3485
f 3482 3486 3485
f 3482 3479 3486
f 3479 3483 3486
f 3483 3484 3485
f 3483 3485 3486
f 3487 3488 3491
f 3488 3492 3491
f 3488 3489 3492
f 3489 3493 3492
f 3489 3490 3493
f 3490 3494 3493
f 3490 3487 3494
f 3487 3491 3494
f 3491 3492 3493
f 3491 3493 3494
f 3495 3496 3499
f 3496 3500 3499
f 3496 3497 3500
f 3497 3501 3500
f 3497 3498 3501
f 3498 3502 3501
f 3498 3495 3502
f 3495 3499 3502
f 3499 3500 3501
f 3499 3501 3502
f 3503 3504 3507
f 3504 3508 3507
f 3504 3505 3508
f 3505 3509 3508
f 3505 3506 3509
f 3506 3510 3509
f 3506 3503 3510
f 3503 3507 3510
f 3507 3508 3509
f 3507 3509 3510
f 3511 3512 3515
f 3512 3516 3515
f 3512 3513 3516
f 3513 3517 3516
f 3513 3514 3517
f 3514 3518 3517
f 3514 3511 3518
f 3511 3515 3518
f 3515 3516 3517
f 3515 3517 3518
f 3519 3520 3523
f 3520 3524 3523
f 3520 3521 3524
f 3521 3525 3524
f 3521 3522 3525
f 3522 3526 3525
f 3522 3519 3526
f 3519 3523 3526
f 3523 3524 3525
f 3523 3525 3526
f 3527 3528 3531
f 3528 3532 3531
f 3528 3529 3532
f 3529 3533 3532
f 3529 3530 3533
f 3530 3534 3533
f 3530 3527 3534
f 3527 3531 3534
f 3531 3532 3533
f 3531 3533 3534
f 3535 3536 3539
f 3536 3540 3539
f 3536 3537 3540
f 3537 3541 3540
f 3537 3538 3541
f 3538 3542 3541
f 3538 3535 3542
f 3535 3539 3542
f 3539 3540 3541
f 3539 3541 3542
f 3543 3544 3547
f 3544 3548 3547
f 3544 3545 3548
f 3545 3549 3548
f 3545 3546 3549
f 3546 3550 3549
f 3546 3543 3550
f 3543 3547 3550
f 3547 3548 3549
f 3547 3549 3550
f 3551 3552 3555
f 3552 3556 3555
f 3552 3553 3556
f 3553 3557 3556
f 3553 3554 3557
f 3554 3558 3557
f 3554 3551 3558
f 3551 3555 3558
f 3555 3556 3557
f 3555 3557 3558
f 3559 3560 3563
f 3560 3564 3563
f 3560 3561 3564
f 3561 3565 3564
f 3561 3562 3565
f 3562 3566 3565
f 3562 3559 3566
f 3559 3563 3566
f 3563 3564 3565
f 3563 3565 3566
f 3567 3568 3571
f 3568 3572 3571
f 3568 3569 3572
f 3569 3573 3572
f 3569 3570 3573
f 3570 3574 3573
f 3570 3567 3574
f 3567 3571 3574
f 3571 3572 3573
f 3571 3573 3574
f 3575 3576 3579
f 3576 3580 3579
f 3576 3577 3580
f 3577 3581 3580
f 3577 3578 3581
f 3578 3582 3581
f 3578 3575 3582
f 3575 3579 3582
f 3579 3580 3581
f 3579 3581 3582
f 3583 3584 3591
f 3584 3592 3591
f 3584 3585 3592
f 3585 3593 3592
f 3585 3586 3593
f 3586 3594 3593
f 3586 3587 3594
f 3587 3595 3594
f 3587 3588 3595
f 3588 3596 3595
f 3588 3589 3596
f 3589 3597 3596
f 3589 3590 3597
f 3590 3598 3597
f 3590 3583 3598
f 3583 3591 3598
f 3591 3592 3593
f 3591 3593 3594
f 3591 3594 3595
f 3591 3595 3596
f 3591 3596 3597
f 3591 3597 3598
f 3599 3600 3603
f 3600 3604 3603
f 3600 3601 3604
f 3601 3605 3604
f 3601 3602 3605
f 3602 3606 3605
f 3602 3599 3606
f 3599 3603 3606
f 3603 3604 3605
f 3603 3605 3606
f 3607 3608 3613
f 3608 3614 3613
f 3608 3609 3614
f 3609 3615 3614
f 3609 3610 3615
f 3610 3616 3615
f 3610 3611 3616
f 3611 3617 3616
f 3611 3612 3617
f 3612 3618 3617
f 3612 3607 3618
f 3607 3613 3618
f 3613 3614 3615
f 3613 3615 3616
f 3613 3616 3617
f 3613 3617 3618
f 3619 3620 3623
f 3620 3624 3623
f 3620 3621 3624
f 3621 3625 3624
f 3621 3622 3625
f 3622 3626 3625
f 3622 3619 3626
f 3619 3623 3626
f 3623 3624 3625
f 3623 3625 3626
f 3627 3628 3631
f 3628 3632 3631
f 3628 3629 3632
f 3629 3633 3632
f 3629 3630 3633
f 3630 3634 3633
f 3630 3627 3634
f 3627 3631 3634
f 3631 3632 3633
f 3631 3633 3634
f 3635 3636 3639
f 3636 3640 3639
f 3636 3637 3640
f 3637 3641 3640
f 3637 3638 3641
f 3638 3642 3641
f 3638 3635 3642
f 3635 3639 3642
f 3639 3640 3641
f 3639 3641 3642
f 3643 3644 3647
f 3644 3648 3647
f 3644 3645 3648
f 3645 3649 3648
f 3645 3646 3649
f 3646 3650 3649
f 3646 3643 3650
f 3643 3647 3650
f 3647 3648 3649
f 3647 3649 3650
f 3651 3652 3655
f 3652 3656 3655
f 3652 3653 3656
f 3653 3657 3656
f 3653 3654 3657
f 3654 3658 3657
f 3654 3651 3658
f 3651 3655 3658
f 3655 3656 3657
f 3655 3657 3658
f 3659 3660 3663
f 3660 3664 3663
f 3660 3661 3664
f 3661 3665 3664
f 3661 3662 3665
f 3662 3666 3665
f 3662 3659 3666
f 3659 3663 3666
f 3663 3664 3665
f 3663 3665 3666
f 3667 3668 3671
f 3668 3672 3671
f 3668 3669 3672
f 3669 3673 3672
f 3669 3670 3673
f 3670 3674 3673
f 3670 3667 3674
f 3667 3671 3674
f 3671 3672 3673
f 3671 3673 3674
f 3675 3676 3679
f 3676 3680 3679
f 3676 3677 3680
f 3677 3681 3680
f 3677 3678 3681
f 3678 3682 3681
f 3678 3675 3682
f 3675 3679 3682
f 3679 3680 3681
f 3679 3681 3682
f 3683 3684 3687
f 3684 3688 3687
f 3684 3685 3688
f 3685 3689 3688
f 3685 3686 3689
f 3686 3690 3689
f 3686 3683 3690
f 3683 3687 3690
f 3687 3688 3689
f 3687 3689 3690
f 3691 3692 3695
f 3692 3696 3695
f 3692 3693 3696
f 3693 3697 3696
f 3693 3694 3697
f 3694 3698 3697
f 3694 3691 3698
f 3691 3695 3698
f 3695 3696 3697
f 3695 3697 3698
f 3699 3700 3703
f 3700 3704 3703
f 3700 3701 3704
f 3701 3705 3704
f 3701 3702 3705
f 3702 3706 3705
f 3702 3699 3706
f 3699 3703 3706
f 3703 3704 3705
f 3703 3705 3706
f 3707 3708 3711
f 3708 3712 3711
f 3708 3709 3712
f 3709 3713 3712
f 3709 3710 3713
f 3710 3714 3713
f 3710 3707 3714
f 3707 3711 3714
f 3711 3712 3713
f 3711 3713 3714
f 3715 3716 3719
f 3716 3720 3719
f 3716 3717 3720
f 3717 3721 3720
f 3717 3718 3721
f 3718 3722 3721
f 3718 3715 3722
f 3715 3719 3722
f 3719 3720 3721
f 3719 3721 3722
f 3723 3724 3727
f 3724 3728 3727
f 3724 3725 3728
f 3725 3729 3728
f 3725 3726 3729
f 3726 3730 3729
f 3726 3723 3730
f 3723 3727 3730
f 3727 3728 3729
f 3727 3729 3730
f 3731 3732 3735
f 3732 3736 3735
f 3732 3733 3736
f 3733 3737 3736
f 3733 3734 3737
f 3734 3738 3737
f 3734 3731 3738
f 3731 3735 3738
f 3735 3736 3737
f 3735 3737 3738
f 3739 3740 3743
f 3740 3744 3743
f 3740 3741 3744
f 3741 3745 3744
f 3741 3742 3745
f 3742 3746 3745
f 3742 3739 3746
f 3739 3743 3746
f 3743 3744 3745
f 3743 3745 3746
f 3747 3748 3751
f 3748 3752 3751
f 3748 3749 3752
f 3749 3753 3752
f 3749 3750 3753
f 3750 3754 3753
f 3750 3747 3754
f 3747 3751 3754
f 3751 3752 3753
f 3751 3753 3754
f 3755 3756 3759
f 3756 3760 3759
f 3756 3757 3760
f 3757 3761 3760
f 3757 3758 3761
f 3758 3762 3761
f 3758 3755 3762
f 3755 3759 3762
f 3759 3760 3761
f 3759 3761 3762
f 3763 3764 3767
f 3764 3768 3767
f 3764 3765 3768
f 3765 3769 3768
f 3765 3766 3769
f 3766 3770 3769
f 3766 3763 3770
f 3763 3767 3770
f 3767 3768 3769
f 3767 3769 3770
f 3771 3772 3775
f 3772 3776 3775
f 3772 3773 3776
f 3773 3777 3776
f 3773 3774 3777
f 3774 3778 3777
f 3774 3771 3778
f 3771 3775 3778
f 3775 3776 3777
f 3775 3777 3778
f 3779 3780 3785
f 3780 3786 3785
f 3780 3781 3786
f 3781 3787 3786
f 3781 3782 3787
f 3782 3788 3787
f 3782 3783 3788
f 3783 3789 3788
f 3783 3784 3789
f 3784 3790 3789
f 3784 3779 3790
f 3779 3785 3790
f 3785 3786 3787
f 3785 3787 3788
f 3785 3788 3789
f 3785 3789 3790
f 3791 3792 3795
f 3792 3796 3795
f 3792 3793 3796
f 3793 3797 3796
f 3793 3794 3797
f 3794 3798 3797
f 3794 3791 3798
f 3791 3795 3798
f 3795 3796 3797
f 3795 3797 3798
f 3799 3800 3803
f 3800 3804 3803
f 3800 3801 3804
f 3801 3805 3804
f 3801 3802 3805
f 3802 3806 3805
f 3802 3799 3806
f 3799 3803 3806
f 3803 3804 3805
f 3803 3805 3806
f 3807 3808 3811
f 3808 3812 3811
f 3808 3809 3812
f 3809 3813 3812
f 3809 3810 3813
f 3810 3814 3813
f 3810 3807 3814
f 3807 3811 3814
f 3811 3812 3813
f 3811 3813 3814
f 3815 3816 3819
f 3816 3820 3819
f 3816 3817 3820
f 3817 3821 3820
f 3817 3818 3821
f 3818 3822 3821
f 3818 3815 3822
f 3815 3819 3822
f 3819 3820 3821
f 3819 3821 3822
f 3823 3824 3827
f 3824 3828 3827
f 3824 3825 3828
f 3825 3829 3828
f 3825 3826 3829
f 3826 3830 3829
f 3826 3823 3830
f 3823 3827 3830
f 3827 3828 3829
f 3827 3829 3830
f 3831 3832 3835
f 3832 3836 3835
f 3832 3833 3836
f 3833 3837 3836
f 3833 3834 3837
f 3834 3838 3837
f 3834 3831 3838
f 3831 3835 3838
f 3835 3836 3837
f 3835 3837 3838
f 3839 3840 3843
f 3840 3844 3843
f 3840 3841 3844
f 3841 3845 3844
f 3841 3842 3845
f 3842 3846 3845
f 3842 3839 3846
f 3839 3843 3846
f 3843 3844 3845
f 3843 3845 3846
f 3847 3848 3851
f 3848 3852 3851
f 3848 3849 3852
f 3849 3853 3852
f 3849 3850 3853
f 3850 3854 3853
f 3850 3847 3854
f 3847 3851 3854
f 3851 3852 3853
f 3851 3853 3854
f 3855 3856 3859
f 3856 3860 3859
f 3856 3857 3860
f 3857 3861 3860
f 3857 3858 3861
f 3858 3862 3861
f 3858 3855 3862
f 3855 3859 3862
f 3859 3860 3861
f 3859 3861 3862
f 3863 3864 3867
f 3864 3868 3867
f 3864 3865 3868
f 3865 3869 3868
f 3865 3866 3869
f 3866 3870 3869
f 3866 3863 3870
f 3863 3867 3870
f 3867 3868 3869
f 3867 3869 3870
f 3871 3872 3875
f 3872 3876 3875
f 3872 3873 3876
f 3873 3877 3876
f 3873 3874 3877
f 3874 3878 3877
f 3874 3871 3878
f 3871 3875 3878
f 3875 3876 3877
f 3875 3877 3878
f 3879 3880 3890
f 3880 3891 3890
f 3880 3881 3891
f 3881 3892 3891
f 3881 3882 3892
f 3882 3893 3892
f 3882 3883 3893
f 3883 3894 3893
f 3883 3884 3894
f 3884 3895 3894
f 3884 3885 3895
f 3885 3896 3895
f 3885 3886 3896
f 3886 3897 3896
f 3886 3887 3897
f 3887 3898 3897
f 3887 3888 3898
f 3888 3899 3898
f 3888 3889 3899
f 3889 3900 3899
f 3889 3879 3900
f 3879 3890 3900
f 3890 3891 3892
f 3890 3892 3893
f 3890 3893 3894
f 3890 3894 3895
f 3890 3895 3896
f 3890 3896 3897
f 3890 3897 3898
f 3890 3898 3899
f 3890 3899 3900
f 3901 3902 3910
f 3902 3911 3910
f 3902 3903 3911
f 3903 3912 3911
f 3903 3904 3912
f 3904 3913 3912
f 3904 3905 3913
f 3905 3914 3913
f 3905 3906 3914
f 3906 3915 3914
f 3906 3907 3915
f 3907 3916 3915
f 3907 3908 3916
f 3908 3917 3916
f 3908 3909 3917
f 3909 3918 3917
f 3909 3901 3918
f 3901 3910 3918
f 3910 3911 3912
f 3910 3912 3913
f 3910 3913 3914
f 3910 3914 3915
f 3910 3915 3916
f 3910 3916 3917
f 3910 3917 3918
