v -5547.99 0 5486.7
v -5518.03 0 5522.94
v -5521.75 0 5526.01
v -5528.25 0 5531.39
v -5549.26 0 5505.45
v -5564.49 0 5517.8
v -5558.14 0 5525.64
v -5561.59 0 5528.44
v -5568.79 0 5534.27
v -5559.07 0 5546.27
v -5551.61 0 5540.23
v -5548.41 0 5537.64
v -5544.17 0 5542.89
v -5526.57 0 5564.61
v -5522.76 0 5561.53
v -5500.39 0 5588.96
v -5500.77 0 5591.79
v -5499.97 0 5596.46
v -5497.34 0 5600.71
v -5492.87 0 5603.78
v -5487.73 0 5604.71
v -5483.06 0 5603.69
v -5479.35 0 5601.25
v -5476.4 0 5597.01
v -5475.38 0 5591.8
v -5476.06 0 5587.92
v -5477.82 0 5584.54
v -5473.35 0 5580.85
v -5471.24 0 5579.1
v -5441.12 0 5615.51
v -5429.87 0 5606.21
v -5437.32 0 5597.19
v -5438.39 0 5598.07
v -5460.65 0 5571.16
v -5459.46 0 5570.17
v -5467.16 0 5560.86
v -5468.38 0 5561.88
v -5478.34 0 5549.86
v -5481.38 0 5546.16
v -5473.19 0 5539.37
v -5469.14 0 5544.28
v -5465.34 0 5541.13
v -5456.63 0 5551.65
v -5457.63 0 5552.47
v -5449.74 0 5562.01
v -5438.14 0 5552.42
v -5446.14 0 5542.74
v -5447.21 0 5543.64
v -5455.63 0 5533.46
v -5452.08 0 5530.53
v -5454.53 0 5527.61
v -5449.41 0 5523.36
v -5454.16 0 5517.62
v -5458.85 0 5511.97
v -5463.97 0 5516.23
v -5466.29 0 5513.45
v -5469.9 0 5516.4
v -5478.75 0 5505.69
v -5477.64 0 5504.78
v -5485.14 0 5495.71
v -5496.77 0 5505.33
v -5489.24 0 5514.44
v -5488.12 0 5513.51
v -5479.3 0 5524.17
v -5483.16 0 5527.34
v -5478.92 0 5532.47
v -5487.25 0 5539.35
v -5508.13 0 5514.1
v -5515.43 0 5505.28
v -5509.82 0 5500.64
v -5517.25 0 5491.65
v -5522.77 0 5496.22
v -5529.97 0 5487.51
v -5528.94 0 5486.65
v -5536.65 0 5477.32
v -5547.99 10 5486.7
v -5518.03 10 5522.94
v -5521.75 10 5526.01
v -5528.25 10 5531.39
v -5549.26 10 5505.45
v -5564.49 10 5517.8
v -5558.14 10 5525.64
v -5561.59 10 5528.44
v -5568.79 10 5534.27
v -5559.07 10 5546.27
v -5551.61 10 5540.23
v -5548.41 10 5537.64
v -5544.17 10 5542.89
v -5526.57 10 5564.61
v -5522.76 10 5561.53
v -5500.39 10 5588.96
v -5500.77 10 5591.79
v -5499.97 10 5596.46
v -5497.34 10 5600.71
v -5492.87 10 5603.78
v -5487.73 10 5604.71
v -5483.06 10 5603.69
v -5479.35 10 5601.25
v -5476.4 10 5597.01
v -5475.38 10 5591.8
v -5476.06 10 5587.92
v -5477.82 10 5584.54
v -5473.35 10 5580.85
v -5471.24 10 5579.1
v -5441.12 10 5615.51
v -5429.87 10 5606.21
v -5437.32 10 5597.19
v -5438.39 10 5598.07
v -5460.65 10 5571.16
v -5459.46 10 5570.17
v -5467.16 10 5560.86
v -5468.38 10 5561.88
v -5478.34 10 5549.86
v -5481.38 10 5546.16
v -5473.19 10 5539.37
v -5469.14 10 5544.28
v -5465.34 10 5541.13
v -5456.63 10 5551.65
v -5457.63 10 5552.47
v -5449.74 10 5562.01
v -5438.14 10 5552.42
v -5446.14 10 5542.74
v -5447.21 10 5543.64
v -5455.63 10 5533.46
v -5452.08 10 5530.53
v -5454.53 10 5527.61
v -5449.41 10 5523.36
v -5454.16 10 5517.62
v -5458.85 10 5511.97
v -5463.97 10 5516.23
v -5466.29 10 5513.45
v -5469.9 10 5516.4
v -5478.75 10 5505.69
v -5477.64 10 5504.78
v -5485.14 10 5495.71
v -5496.77 10 5505.33
v -5489.24 10 5514.44
v -5488.12 10 5513.51
v -5479.3 10 5524.17
v -5483.16 10 5527.34
v -5478.92 10 5532.47
v -5487.25 10 5539.35
v -5508.13 10 5514.1
v -5515.43 10 5505.28
v -5509.82 10 5500.64
v -5517.25 10 5491.65
v -5522.77 10 5496.22
v -5529.97 10 5487.51
v -5528.94 10 5486.65
v -5536.65 10 5477.32
v -5490.21 10 5544.05
v -4855.31 0 5814.45
v -4850.79 0 5824.73
v -4853.73 0 5841.89
v -4861.27 0 5855.09
v -4873.59 0 5856.4
v -4905.48 0 5904.55
v -4918.27 0 5923.9
v -4916.43 0 5927.08
v -4925.86 0 5936.58
v -4935.96 0 5940.78
v -4949.73 0 5940.61
v -4964.97 0 5931.23
v -4970.72 0 5919.43
v -4973.73 0 5917.31
v -4980.19 0 5912.76
v -5039.1 0 5871.29
v -5046.8 0 5861.69
v -5048.4 0 5852.52
v -5047.56 0 5844.56
v -4979.75 0 5750.09
v -4970.41 0 5745.05
v -4955.61 0 5745.25
v -4944.78 0 5751.18
v -4915.85 0 5772.25
v -4888.73 0 5793.32
v -4872.83 0 5805.39
v -4870.44 0 5807.07
v -4865.03 0 5806.2
v -4855.31 30 5814.45
v -4850.79 30 5824.73
v -4853.73 30 5841.89
v -4861.27 30 5855.09
v -4873.59 30 5856.4
v -4905.48 30 5904.55
v -4918.27 30 5923.9
v -4916.43 30 5927.08
v -4925.86 30 5936.58
v -4935.96 30 5940.78
v -4949.73 30 5940.61
v -4964.97 30 5931.23
v -4970.72 30 5919.43
v -4973.73 30 5917.31
v -4980.19 30 5912.76
v -5039.1 30 5871.29
v -5046.8 30 5861.69
v -5048.4 30 5852.52
v -5047.56 30 5844.56
v -4979.75 30 5750.09
v -4970.41 30 5745.05
v -4955.61 30 5745.25
v -4944.78 30 5751.18
v -4915.85 30 5772.25
v -4888.73 30 5793.32
v -4872.83 30 5805.39
v -4870.44 30 5807.07
v -4865.03 30 5806.2
v -4935.05 30 5851.88
v -5077.99 0 5607.43
v -5013.84 0 5537.65
v -5011.43 0 5535.93
v -5008.47 0 5535.24
v -5005.72 0 5535.46
v -5002.96 0 5536.23
v -5000.73 0 5537.74
v -4999.4 0 5539.29
v -4998.1 0 5541.52
v -4997.23 0 5544.26
v -4997.42 0 5546.64
v -4997.94 0 5549.55
v -5002.26 0 5557.51
v -5018.42 0 5581.78
v -5017.92 0 5586.35
v -5014.97 0 5589
v -4991.12 0 5606.94
v -4990.11 0 5605.37
v -4968.41 0 5623.08
v -4955.55 0 5633.16
v -4957.91 0 5636.17
v -4949.99 0 5642.46
v -4967.73 0 5664.79
v -4970.09 0 5662.71
v -4970.43 0 5666.65
v -4972.09 0 5670.25
v -4974.87 0 5673.06
v -4978.44 0 5674.77
v -4982.38 0 5675.18
v -4986.21 0 5674.22
v -4989.5 0 5672.03
v -4991.86 0 5668.86
v -4993 0 5665.07
v -4996.92 0 5669.95
v -5019.37 0 5652.84
v -5014.56 0 5646.53
v -5018.44 0 5643.56
v -5026.46 0 5653.88
v -5055.85 0 5634.44
v -5062.51 0 5629.63
v -5072.14 0 5622.84
v -5069.38 0 5619.34
v -5071.6 0 5620.06
v -5073.93 0 5620.06
v -5076.16 0 5619.35
v -5078.05 0 5617.97
v -5079.42 0 5616.08
v -5080.13 0 5613.85
v -5080.12 0 5611.53
v -5079.39 0 5609.3
v -5077.99 10 5607.43
v -5013.84 10 5537.65
v -5011.43 10 5535.93
v -5008.47 10 5535.24
v -5005.72 10 5535.46
v -5002.96 10 5536.23
v -5000.73 10 5537.74
v -4999.4 10 5539.29
v -4998.1 10 5541.52
v -4997.23 10 5544.26
v -4997.42 10 5546.64
v -4997.94 10 5549.55
v -5002.26 10 5557.51
v -5018.42 10 5581.78
v -5017.92 10 5586.35
v -5014.97 10 5589
v -4991.12 10 5606.94
v -4990.11 10 5605.37
v -4968.41 10 5623.08
v -4955.55 10 5633.16
v -4957.91 10 5636.17
v -4949.99 10 5642.46
v -4967.73 10 5664.79
v -4970.09 10 5662.71
v -4970.43 10 5666.65
v -4972.09 10 5670.25
v -4974.87 10 5673.06
v -4978.44 10 5674.77
v -4982.38 10 5675.18
v -4986.21 10 5674.22
v -4989.5 10 5672.03
v -4991.86 10 5668.86
v -4993 10 5665.07
v -4996.92 10 5669.95
v -5019.37 10 5652.84
v -5014.56 10 5646.53
v -5018.44 10 5643.56
v -5026.46 10 5653.88
v -5055.85 10 5634.44
v -5062.51 10 5629.63
v -5072.14 10 5622.84
v -5069.38 10 5619.34
v -5071.6 10 5620.06
v -5073.93 10 5620.06
v -5076.16 10 5619.35
v -5078.05 10 5617.97
v -5079.42 10 5616.08
v -5080.13 10 5613.85
v -5080.12 10 5611.53
v -5079.39 10 5609.3
v -5014.18 10 5613.55
v -5360.7 0 6062.86
v -5344.89 0 6071.84
v -5325.49 0 6037.7
v -5341.3 0 6028.71
v -5360.7 84 6062.86
v -5344.89 84 6071.84
v -5325.49 84 6037.7
v -5341.3 84 6028.71
v -5343.1 84 6050.28
v -4976.79 0 5496.22
v -4969.19 0 5487.42
v -4940.06 0 5451.33
v -4851.21 0 5523.64
v -4898.37 0 5583
v -4937.93 0 5551.07
v -4971.65 0 5523.85
v -4976.4 0 5529.74
v -4986.08 0 5521.93
v -4982.71 0 5517.75
v -4978.95 0 5513.1
v -4985.59 0 5507.74
v -4976.79 20 5496.22
v -4969.19 20 5487.42
v -4940.06 20 5451.33
v -4851.21 20 5523.64
v -4898.37 20 5583
v -4937.93 20 5551.07
v -4971.65 20 5523.85
v -4976.4 20 5529.74
v -4986.08 20 5521.93
v -4982.71 20 5517.75
v -4978.95 20 5513.1
v -4985.59 20 5507.74
v -4954.58 20 5517.23
v -5317.57 0 5541.47
v -5309.44 0 5539.55
v -5304.31 0 5539.74
v -5300.44 0 5543.24
v -5299.92 0 5554.56
v -5301.81 0 5562.26
v -5304.36 0 5567.3
v -5309.03 0 5572.45
v -5301.99 0 5578.97
v -5290.85 0 5565.16
v -5288.36 0 5567.66
v -5283.44 0 5562.2
v -5264.96 0 5575.53
v -5301.1 0 5616.81
v -5315.07 0 5606.56
v -5322.01 0 5597.44
v -5319.99 0 5595.49
v -5321.35 0 5589.03
v -5326.39 0 5584.59
v -5332.9 0 5591.11
v -5339.36 0 5588.26
v -5336.52 0 5584.89
v -5342.34 0 5583.32
v -5348.13 0 5579.5
v -5349.02 0 5572.87
v -5346.06 0 5567.66
v -5341.6 0 5561.79
v -5333.31 0 5552.73
v -5326.04 0 5547.27
v -5317.57 30 5541.47
v -5309.44 30 5539.55
v -5304.31 30 5539.74
v -5300.44 30 5543.24
v -5299.92 30 5554.56
v -5301.81 30 5562.26
v -5304.36 30 5567.3
v -5309.03 30 5572.45
v -5301.99 30 5578.97
v -5290.85 30 5565.16
v -5288.36 30 5567.66
v -5283.44 30 5562.2
v -5264.96 30 5575.53
v -5301.1 30 5616.81
v -5315.07 30 5606.56
v -5322.01 30 5597.44
v -5319.99 30 5595.49
v -5321.35 30 5589.03
v -5326.39 30 5584.59
v -5332.9 30 5591.11
v -5339.36 30 5588.26
v -5336.52 30 5584.89
v -5342.34 30 5583.32
v -5348.13 30 5579.5
v -5349.02 30 5572.87
v -5346.06 30 5567.66
v -5341.6 30 5561.79
v -5333.31 30 5552.73
v -5326.04 30 5547.27
v -5316.47 30 5572.05
v -4947.89 0 6027.87
v -4940.45 0 6031.61
v -4934.67 0 6020.12
v -4920.83 0 6027.08
v -4919.55 0 6024.53
v -4912.83 0 6027.91
v -4910.32 0 6022.92
v -4900.08 0 6028.07
v -4896.74 0 6021.05
v -4889.29 0 6024.74
v -4892.5 0 6031.88
v -4882.42 0 6036.96
v -4885.24 0 6042.59
v -4879.16 0 6045.65
v -4880.29 0 6047.91
v -4866.02 0 6055.09
v -4872.96 0 6068.88
v -4866.51 0 6072.12
v -4869.6 0 6078.24
v -4952.29 0 6036.66
v -4947.89 9 6027.87
v -4940.45 9 6031.61
v -4934.67 9 6020.12
v -4920.83 9 6027.08
v -4919.55 9 6024.53
v -4912.83 9 6027.91
v -4910.32 9 6022.92
v -4900.08 9 6028.07
v -4896.74 9 6021.05
v -4889.29 9 6024.74
v -4892.5 9 6031.88
v -4882.42 9 6036.96
v -4885.24 9 6042.59
v -4879.16 9 6045.65
v -4880.29 9 6047.91
v -4866.02 9 6055.09
v -4872.96 9 6068.88
v -4866.51 9 6072.12
v -4869.6 9 6078.24
v -4952.29 9 6036.66
v -4900.98 9 6038.59
v -4650.86 0 5968.56
v -4637.14 0 5976.6
v -4634 0 5971.11
v -4628.04 0 5972.89
v -4630.39 0 5980.55
v -4620.98 0 5986.07
v -4632.93 0 6002.39
v -4641.71 0 6017.05
v -4648.42 0 6038.53
v -4649.27 0 6041.24
v -4650.41 0 6044.95
v -4676.52 0 6129.51
v -4709.17 0 6102.69
v -4705.76 0 6096.71
v -4715.42 0 6090.7
v -4714.98 0 6089.9
v -4716.57 0 6089.08
v -4714.84 0 6085.99
v -4715.75 0 6085.48
v -4717.2 0 6084.68
v -4661.43 0 5985.49
v -4650.86 40 5968.56
v -4637.14 40 5976.6
v -4634 40 5971.11
v -4628.04 40 5972.89
v -4630.39 40 5980.55
v -4620.98 40 5986.07
v -4632.93 40 6002.39
v -4641.71 40 6017.05
v -4648.42 40 6038.53
v -4649.27 40 6041.24
v -4650.41 40 6044.95
v -4676.52 40 6129.51
v -4709.17 40 6102.69
v -4705.76 40 6096.71
v -4715.42 40 6090.7
v -4714.98 40 6089.9
v -4716.57 40 6089.08
v -4714.84 40 6085.99
v -4715.75 40 6085.48
v -4717.2 40 6084.68
v -4661.43 40 5985.49
v -4670.08 40 6040.01
v -5098.15 0 5838.56
v -5095.82 0 5835.28
v -5091.99 0 5833.02
v -5088.04 0 5832.96
v -5083.84 0 5834.41
v -5074.58 0 5819.78
v -5085.54 0 5812.76
v -5083.54 0 5809.63
v -5087.12 0 5807.55
v -5090.69 0 5813.22
v -5098.16 0 5810.23
v -5092.2 0 5801.57
v -5098.77 0 5797.27
v -5104.73 0 5805.46
v -5125.33 0 5794.11
v -5119.06 0 5784.86
v -5126.22 0 5780.09
v -5138.31 0 5800.56
v -5153.98 0 5792.02
v -5191 0 5771.43
v -5191.3 0 5767.24
v -5186.81 0 5766.35
v -5187.41 0 5760.08
v -5191.89 0 5760.38
v -5191.89 0 5755.31
v -5184.13 0 5748.44
v -5145.02 0 5769.93
v -5138.76 0 5758.29
v -5170.3 0 5741.05
v -5164.74 0 5731.66
v -5178.09 0 5723.5
v -5215.99 0 5761.92
v -5214.16 0 5773.26
v -5098.15 24 5838.56
v -5095.82 24 5835.28
v -5091.99 24 5833.02
v -5088.04 24 5832.96
v -5083.84 24 5834.41
v -5074.58 24 5819.78
v -5085.54 24 5812.76
v -5083.54 24 5809.63
v -5087.12 24 5807.55
v -5090.69 24 5813.22
v -5098.16 24 5810.23
v -5092.2 24 5801.57
v -5098.77 24 5797.27
v -5104.73 24 5805.46
v -5125.33 24 5794.11
v -5119.06 24 5784.86
v -5126.22 24 5780.09
v -5138.31 24 5800.56
v -5153.98 24 5792.02
v -5191 24 5771.43
v -5191.3 24 5767.24
v -5186.81 24 5766.35
v -5187.41 24 5760.08
v -5191.89 24 5760.38
v -5191.89 24 5755.31
v -5184.13 24 5748.44
v -5145.02 24 5769.93
v -5138.76 24 5758.29
v -5170.3 24 5741.05
v -5164.74 24 5731.66
v -5178.09 24 5723.5
v -5215.99 24 5761.92
v -5214.16 24 5773.26
v -5135.99 24 5787.64
v -5186.35 0 5827.56
v -5121.12 0 5872.63
v -5121.34 0 5876.19
v -5121.86 0 5884.84
v -5118.59 0 5891.36
v -5117.6 0 5893.33
v -5137.61 0 5928.84
v -5150.1 0 5920.72
v -5136.23 0 5896.34
v -5139.26 0 5880.98
v -5194.53 0 5843.32
v -5186.35 34 5827.56
v -5121.12 34 5872.63
v -5121.34 34 5876.19
v -5121.86 34 5884.84
v -5118.59 34 5891.36
v -5117.6 34 5893.33
v -5137.61 34 5928.84
v -5150.1 34 5920.72
v -5136.23 34 5896.34
v -5139.26 34 5880.98
v -5194.53 34 5843.32
v -5140.42 34 5883.28
v -5218.79 0 5896.17
v -5171.63 0 5924.79
v -5176.27 0 5930.4
v -5179.37 0 5938.27
v -5178.44 0 5944.74
v -5171.33 0 5952.99
v -5163.83 0 5957.36
v -5180.88 0 5987.04
v -5249.37 0 5943.28
v -5218.79 55 5896.17
v -5171.63 55 5924.79
v -5176.27 55 5930.4
v -5179.37 55 5938.27
v -5178.44 55 5944.74
v -5171.33 55 5952.99
v -5163.83 55 5957.36
v -5180.88 55 5987.04
v -5249.37 55 5943.28
v -5187.77 55 5941.67
v -5237.1 0 5971.5
v -5206.89 0 5989.16
v -5204.84 0 5985.82
v -5197.89 0 5990.08
v -5198.84 0 5991.64
v -5199.93 0 5993.43
v -5186.6 0 6001.39
v -5222.48 0 6064.36
v -5250.88 0 6048.12
v -5255.67 0 6045.38
v -5274.04 0 6034.87
v -5237.1 10 5971.5
v -5206.89 10 5989.16
v -5204.84 10 5985.82
v -5197.89 10 5990.08
v -5198.84 10 5991.64
v -5199.93 10 5993.43
v -5186.6 10 6001.39
v -5222.48 10 6064.36
v -5250.88 10 6048.12
v -5255.67 10 6045.38
v -5274.04 10 6034.87
v -5221.38 10 6010.52
v -5175.73 0 5539.57
v -5177.15 0 5527.07
v -5161.38 0 5507.52
v -5157.61 0 5502.86
v -5135.21 0 5521.21
v -5160.95 0 5552.16
v -5175.73 44 5539.57
v -5177.15 44 5527.07
v -5161.38 44 5507.52
v -5157.61 44 5502.86
v -5135.21 44 5521.21
v -5160.95 44 5552.16
v -5161.34 44 5525.06
v -5160.95 0 5552.16
v -5135.21 0 5521.21
v -5111.34 0 5541.07
v -5137.08 0 5572.01
v -5160.95 44 5552.16
v -5135.21 44 5521.21
v -5111.34 44 5541.07
v -5137.08 44 5572.01
v -5136.14 44 5546.61
v -5294.84 0 5898.74
v -5303.17 0 5914.93
v -5310.47 0 5929.11
v -5268.74 0 5950.57
v -5253.12 0 5920.19
v -5294.84 42 5898.74
v -5303.17 42 5914.93
v -5310.47 42 5929.11
v -5268.74 42 5950.57
v -5253.12 42 5920.19
v -5286.07 42 5922.71
v -5161.04 0 5688.37
v -5152.19 0 5693.51
v -5161.26 0 5704.78
v -5143.96 0 5714.78
v -5102.5 0 5738.72
v -5108.01 0 5747.55
v -5175.77 0 5706.35
v -5161.04 24 5688.37
v -5152.19 24 5693.51
v -5161.26 24 5704.78
v -5143.96 24 5714.78
v -5102.5 24 5738.72
v -5108.01 24 5747.55
v -5175.77 24 5706.35
v -5143.53 24 5713.44
v -5118.92 0 5774.95
v -5110.69 0 5780
v -5101.92 0 5765.67
v -5096.46 0 5769.02
v -5102.38 0 5778.71
v -5094.67 0 5783.43
v -5089.11 0 5774.35
v -5084.29 0 5777.3
v -5092.71 0 5791.05
v -5084.17 0 5796.27
v -5081.04 0 5791.16
v -5064.27 0 5763.77
v -5099.04 0 5742.48
v -5118.92 24 5774.95
v -5110.69 24 5780
v -5101.92 24 5765.67
v -5096.46 24 5769.02
v -5102.38 24 5778.71
v -5094.67 24 5783.43
v -5089.11 24 5774.35
v -5084.29 24 5777.3
v -5092.71 24 5791.05
v -5084.17 24 5796.27
v -5081.04 24 5791.16
v -5064.27 24 5763.77
v -5099.04 24 5742.48
v -5093.82 24 5776.01
v -5117.46 0 5671.19
v -5114.63 0 5673.34
v -5098.85 0 5685.34
v -5077.92 0 5657.8
v -5085.58 0 5651.98
v -5092.01 0 5660.43
v -5102.95 0 5652.11
v -5117.46 24 5671.19
v -5114.63 24 5673.34
v -5098.85 24 5685.34
v -5077.92 24 5657.8
v -5085.58 24 5651.98
v -5092.01 24 5660.43
v -5102.95 24 5652.11
v -5098.48 24 5664.6
v -5134.18 0 5697.48
v -5132.53 0 5698.61
v -5109.46 0 5714.36
v -5108.6 0 5714.45
v -5107.69 0 5713.87
v -5107.13 0 5713.11
v -5107.05 0 5712.18
v -5104.34 0 5714.27
v -5103.08 0 5714.07
v -5099.45 0 5716.55
v -5097.58 0 5716.56
v -5095.6 0 5716.13
v -5093.91 0 5714.88
v -5093.1 0 5713.83
v -5092.7 0 5712.57
v -5092.58 0 5711.34
v -5092.83 0 5709.93
v -5093.33 0 5708.47
v -5098.76 0 5704.56
v -5099.46 0 5704.83
v -5101.4 0 5703.74
v -5100.48 0 5703.31
v -5099.53 0 5702.29
v -5099.28 0 5700.46
v -5122.58 0 5684.34
v -5124.42 0 5683.07
v -5126.68 0 5686.26
v -5130.55 0 5683.65
v -5136.15 0 5691.83
v -5132.14 0 5694.59
v -5134.18 36 5697.48
v -5132.53 36 5698.61
v -5109.46 36 5714.36
v -5108.6 36 5714.45
v -5107.69 36 5713.87
v -5107.13 36 5713.11
v -5107.05 36 5712.18
v -5104.34 36 5714.27
v -5103.08 36 5714.07
v -5099.45 36 5716.55
v -5097.58 36 5716.56
v -5095.6 36 5716.13
v -5093.91 36 5714.88
v -5093.1 36 5713.83
v -5092.7 36 5712.57
v -5092.58 36 5711.34
v -5092.83 36 5709.93
v -5093.33 36 5708.47
v -5098.76 36 5704.56
v -5099.46 36 5704.83
v -5101.4 36 5703.74
v -5100.48 36 5703.31
v -5099.53 36 5702.29
v -5099.28 36 5700.46
v -5122.58 36 5684.34
v -5124.42 36 5683.07
v -5126.68 36 5686.26
v -5130.55 36 5683.65
v -5136.15 36 5691.83
v -5132.14 36 5694.59
v -5107.89 36 5705.19
v -5069.3 0 5798.45
v -5057.34 0 5806.32
v -5040.48 0 5780.69
v -5052.44 0 5772.81
v -5069.3 24 5798.45
v -5057.34 24 5806.32
v -5040.48 24 5780.69
v -5052.44 24 5772.81
v -5054.89 24 5789.57
v -5244.04 0 5796.46
v -5261.17 0 5824.85
v -5235.62 0 5840.25
v -5236.85 0 5842.28
v -5212.02 0 5857.26
v -5211.01 0 5855.58
v -5192.67 0 5825.1
v -5239.36 0 5795.67
v -5244.04 34 5796.46
v -5261.17 34 5824.85
v -5235.62 34 5840.25
v -5236.85 34 5842.28
v -5212.02 34 5857.26
v -5211.01 34 5855.58
v -5192.67 34 5825.1
v -5239.36 34 5795.67
v -5229.09 34 5829.68
v -5271.4 0 5826.94
v -5297.62 0 5877.32
v -5239.03 0 5907.34
v -5229.37 0 5890.06
v -5224.6 0 5881.7
v -5211.12 0 5858.09
v -5271.4 72 5826.94
v -5297.62 72 5877.32
v -5239.03 72 5907.34
v -5229.37 72 5890.06
v -5224.6 72 5881.7
v -5211.12 72 5858.09
v -5245.52 72 5873.57
v -5163.14 0 5897.74
v -5164.43 0 5888.58
v -5208.28 0 5863.39
v -5220.32 0 5884.34
v -5171.54 0 5912.37
v -5163.14 34 5897.74
v -5164.43 34 5888.58
v -5208.28 34 5863.39
v -5220.32 34 5884.34
v -5171.54 34 5912.37
v -5185.54 34 5889.28
v -5350.02 0 5818.81
v -5328.41 0 5830.99
v -5313.9 0 5805.26
v -5335.52 0 5793.08
v -5350.02 35 5818.81
v -5328.41 35 5830.99
v -5313.9 35 5805.26
v -5335.52 35 5793.08
v -5331.96 35 5812.04
v -5491.89 0 5850.82
v -5468.31 0 5891.26
v -5466.97 0 5892.45
v -5464.13 0 5893.65
v -5461.74 0 5894.24
v -5458.61 0 5894.24
v -5455.17 0 5893.5
v -5452.12 0 5891.32
v -5443.68 0 5878.57
v -5444.07 0 5875.5
v -5491.89 20 5850.82
v -5468.31 20 5891.26
v -5466.97 20 5892.45
v -5464.13 20 5893.65
v -5461.74 20 5894.24
v -5458.61 20 5894.24
v -5455.17 20 5893.5
v -5452.12 20 5891.32
v -5443.68 20 5878.57
v -5444.07 20 5875.5
v -5460.67 20 5885.56
v -5321.98 0 5749.21
v -5336.56 0 5741.21
v -5340.16 0 5740.38
v -5343.89 0 5741.56
v -5346.13 0 5744.07
v -5361.39 0 5771.96
v -5340.65 0 5783.31
v -5321.98 30 5749.21
v -5336.56 30 5741.21
v -5340.16 30 5740.38
v -5343.89 30 5741.56
v -5346.13 30 5744.07
v -5361.39 30 5771.96
v -5340.65 30 5783.31
v -5341.54 30 5753.1
v -5401.09 0 5749.69
v -5407.51 0 5761.81
v -5385.42 0 5773.67
v -5379.13 0 5761.33
v -5386.18 0 5757.59
v -5401.09 20 5749.69
v -5407.51 20 5761.81
v -5385.42 20 5773.67
v -5379.13 20 5761.33
v -5386.18 20 5757.59
v -5391.86 20 5760.82
v -5338.08 0 5858.2
v -5331.48 0 5861.71
v -5324.27 0 5858.88
v -5318.12 0 5841.88
v -5283.8 0 5778.92
v -5286.2 0 5770.35
v -5313.16 0 5754.76
v -5317.14 0 5755.76
v -5329.92 0 5779.01
v -5331.57 0 5782.02
v -5330.48 0 5786.1
v -5306.25 0 5800.71
v -5323.82 0 5832.17
v -5338.08 30 5858.2
v -5331.48 30 5861.71
v -5324.27 30 5858.88
v -5318.12 30 5841.88
v -5283.8 30 5778.92
v -5286.2 30 5770.35
v -5313.16 30 5754.76
v -5317.14 30 5755.76
v -5329.92 30 5779.01
v -5331.57 30 5782.02
v -5330.48 30 5786.1
v -5306.25 30 5800.71
v -5323.82 30 5832.17
v -5318.02 30 5804.65
v -5415.18 0 5869.92
v -5349.81 0 5905.89
v -5336.52 0 5881.41
v -5339.66 0 5879.92
v -5338.47 0 5877.38
v -5341.75 0 5875
v -5340.79 0 5872.5
v -5391.98 0 5843.85
v -5393.53 0 5845.89
v -5396.9 0 5844.45
v -5398.31 0 5847.08
v -5401.69 0 5845.5
v -5415.18 30 5869.92
v -5349.81 30 5905.89
v -5336.52 30 5881.41
v -5339.66 30 5879.92
v -5338.47 30 5877.38
v -5341.75 30 5875
v -5340.79 30 5872.5
v -5391.98 30 5843.85
v -5393.53 30 5845.89
v -5396.9 30 5844.45
v -5398.31 30 5847.08
v -5401.69 30 5845.5
v -5370.38 30 5865.73
v -5438.05 0 5773.47
v -5434.15 0 5775.51
v -5418.3 0 5783.65
v -5407.28 0 5789.29
v -5403.93 0 5791
v -5400.01 0 5793.03
v -5396.81 0 5794.74
v -5390.38 0 5782.68
v -5412.5 0 5770.89
v -5431.39 0 5760.85
v -5435.15 0 5767.94
v -5438.05 20 5773.47
v -5434.15 20 5775.51
v -5418.3 20 5783.65
v -5407.28 20 5789.29
v -5403.93 20 5791
v -5400.01 20 5793.03
v -5396.81 20 5794.74
v -5390.38 20 5782.68
v -5412.5 20 5770.89
v -5431.39 20 5760.85
v -5435.15 20 5767.94
v -5415.27 20 5780.28
v -5391.29 0 5827.2
v -5390.19 0 5831.6
v -5373.13 0 5840.9
v -5366.57 0 5828.84
v -5369.57 0 5827.21
v -5368 0 5824.32
v -5350.04 0 5834.09
v -5351.79 0 5837.29
v -5362.7 0 5831.36
v -5369.03 0 5842.99
v -5342.81 0 5857.24
v -5331.82 0 5837.03
v -5332.32 0 5833.72
v -5360.13 0 5818.46
v -5355.69 0 5810.03
v -5375.99 0 5798.69
v -5391.29 30 5827.2
v -5390.19 30 5831.6
v -5373.13 30 5840.9
v -5366.57 30 5828.84
v -5369.57 30 5827.21
v -5368 30 5824.32
v -5350.04 30 5834.09
v -5351.79 30 5837.29
v -5362.7 30 5831.36
v -5369.03 30 5842.99
v -5342.81 30 5857.24
v -5331.82 30 5837.03
v -5332.32 30 5833.72
v -5360.13 30 5818.46
v -5355.69 30 5810.03
v -5375.99 30 5798.69
v -5361.94 30 5830.06
v -5361.39 0 5771.96
v -5340.65 0 5783.31
v -5355.69 0 5810.03
v -5375.99 0 5798.69
v -5361.39 30 5771.96
v -5340.65 30 5783.31
v -5355.69 30 5810.03
v -5375.99 30 5798.69
v -5358.43 30 5791
v -5443.58 0 5802.8
v -5434.05 0 5808.26
v -5430.92 0 5802.82
v -5429.73 0 5803.51
v -5432.95 0 5809.11
v -5414.36 0 5819.76
v -5411.52 0 5818.99
v -5410.15 0 5815.85
v -5410.78 0 5813.19
v -5413.13 0 5811.88
v -5410.56 0 5807.3
v -5408.2 0 5803.13
v -5405.88 0 5804.44
v -5403.21 0 5803.42
v -5401.71 0 5800.56
v -5402.02 0 5797.89
v -5420.56 0 5787.23
v -5423.87 0 5792.98
v -5425.35 0 5792.12
v -5422.04 0 5786.35
v -5431.02 0 5781.2
v -5434.72 0 5787.65
v -5436.82 0 5786.43
v -5442.17 0 5795.74
v -5440.17 0 5796.87
v -5443.58 20 5802.8
v -5434.05 20 5808.26
v -5430.92 20 5802.82
v -5429.73 20 5803.51
v -5432.95 20 5809.11
v -5414.36 20 5819.76
v -5411.52 20 5818.99
v -5410.15 20 5815.85
v -5410.78 20 5813.19
v -5413.13 20 5811.88
v -5410.56 20 5807.3
v -5408.2 20 5803.13
v -5405.88 20 5804.44
v -5403.21 20 5803.42
v -5401.71 20 5800.56
v -5402.02 20 5797.89
v -5420.56 20 5787.23
v -5423.87 20 5792.98
v -5425.35 20 5792.12
v -5422.04 20 5786.35
v -5431.02 20 5781.2
v -5434.72 20 5787.65
v -5436.82 20 5786.43
v -5442.17 20 5795.74
v -5440.17 20 5796.87
v -5421.58 20 5801.18
v -5282.42 0 5650.9
v -5321.09 0 5709.12
v -5301 0 5722.94
v -5282.67 0 5724.55
v -5270.13 0 5739.48
v -5262.97 0 5746.04
v -5200.82 0 5680
v -5217.24 0 5665.34
v -5227.34 0 5658.02
v -5246.82 0 5678.34
v -5251.1 0 5680.17
v -5255.77 0 5679.08
v -5270.16 0 5669.07
v -5265.53 0 5662.37
v -5282.42 30 5650.9
v -5321.09 30 5709.12
v -5301 30 5722.94
v -5282.67 30 5724.55
v -5270.13 30 5739.48
v -5262.97 30 5746.04
v -5200.82 30 5680
v -5217.24 30 5665.34
v -5227.34 30 5658.02
v -5246.82 30 5678.34
v -5251.1 30 5680.17
v -5255.77 30 5679.08
v -5270.16 30 5669.07
v -5265.53 30 5662.37
v -5261.08 30 5690.39
v -5379.35 0 5594.77
v -5383.3 0 5601.04
v -5380.88 0 5616.12
v -5379.98 0 5616.37
v -5377.72 0 5625.64
v -5379.51 0 5627.99
v -5374.36 0 5645.88
v -5372.95 0 5645.04
v -5372.01 0 5647.06
v -5362.67 0 5636.34
v -5350.98 0 5645.23
v -5364.89 0 5662.15
v -5363.38 0 5664.4
v -5363.82 0 5665.08
v -5362.6 0 5667.54
v -5363.53 0 5668.59
v -5356.33 0 5678.22
v -5348.75 0 5686.96
v -5313.78 0 5640.48
v -5325.1 0 5630.94
v -5328.61 0 5628.91
v -5330.41 0 5629
v -5329.3 0 5627.16
v -5337.52 0 5620.29
v -5339.06 0 5621.86
v -5344.55 0 5613.82
v -5345.76 0 5615.69
v -5351.51 0 5607.69
v -5358.02 0 5602.12
v -5368.9 0 5594.33
v -5374.36 0 5592.76
v -5379.35 30 5594.77
v -5383.3 30 5601.04
v -5380.88 30 5616.12
v -5379.98 30 5616.37
v -5377.72 30 5625.64
v -5379.51 30 5627.99
v -5374.36 30 5645.88
v -5372.95 30 5645.04
v -5372.01 30 5647.06
v -5362.67 30 5636.34
v -5350.98 30 5645.23
v -5364.89 30 5662.15
v -5363.38 30 5664.4
v -5363.82 30 5665.08
v -5362.6 30 5667.54
v -5363.53 30 5668.59
v -5356.33 30 5678.22
v -5348.75 30 5686.96
v -5313.78 30 5640.48
v -5325.1 30 5630.94
v -5328.61 30 5628.91
v -5330.41 30 5629
v -5329.3 30 5627.16
v -5337.52 30 5620.29
v -5339.06 30 5621.86
v -5344.55 30 5613.82
v -5345.76 30 5615.69
v -5351.51 30 5607.69
v -5358.02 30 5602.12
v -5368.9 30 5594.33
v -5374.36 30 5592.76
v -5357.54 30 5632.89
v -5096.25 0 5522.92
v -5108.21 0 5537.31
v -5111.34 0 5541.07
v -5137.08 0 5572.01
v -5121.05 0 5585.36
v -5118.41 0 5582.18
v -5114.91 0 5585.1
v -5089.8 0 5554.91
v -5076.71 0 5539.17
v -5096.25 67 5522.92
v -5108.21 67 5537.31
v -5111.34 67 5541.07
v -5137.08 67 5572.01
v -5121.05 67 5585.36
v -5118.41 67 5582.18
v -5114.91 67 5585.1
v -5089.8 67 5554.91
v -5076.71 67 5539.17
v -5108.2 67 5557.78
v -5095.3 0 5993.11
v -5085.25 0 5998.57
v -5082.78 0 5993.69
v -5081.85 0 5994.2
v -5081.13 0 5992.88
v -5080.02 0 5993.5
v -5080.73 0 5994.81
v -5079.39 0 5995.62
v -5075.6 0 5997.56
v -5073.64 0 5998.7
v -5071.93 0 5995.57
v -5073.21 0 5994.87
v -5072.04 0 5992.72
v -5070.76 0 5993.42
v -5069.09 0 5990.38
v -5070.37 0 5989.68
v -5069.51 0 5988.12
v -5068.23 0 5988.8
v -5067.53 0 5987.51
v -5066.53 0 5988.06
v -5067.23 0 5989.34
v -5064.48 0 5990.87
v -5063.07 0 5988.29
v -5063.53 0 5986.91
v -5062.44 0 5986.57
v -5062.02 0 5987.99
v -5059.55 0 5987.3
v -5058.86 0 5985.3
v -5057.81 0 5985.67
v -5058.45 0 5987.53
v -5056.12 0 5988.81
v -5054.45 0 5987.62
v -5053.86 0 5988.44
v -5055.55 0 5989.62
v -5054.86 0 5992.06
v -5052.94 0 5992.08
v -5052.95 0 5993.22
v -5054.79 0 5993.21
v -5056.04 0 5995.49
v -5053.02 0 5997.14
v -5052.31 0 5995.85
v -5050.94 0 5996.59
v -5051.64 0 5997.88
v -5050.56 0 5998.47
v -5051.47 0 6000.13
v -5052.55 0 5999.54
v -5054.23 0 6002.62
v -5053.16 0 6003.22
v -5054.26 0 6005.24
v -5055.35 0 6004.64
v -5057.06 0 6007.77
v -5050.13 0 6011.56
v -5049.4 0 6010.25
v -5048.61 0 6010.68
v -5049.34 0 6012
v -5047.96 0 6012.76
v -5050.61 0 6017.44
v -5041.48 0 6022.42
v -5041.56 0 6022.06
v -5041.48 0 6021.71
v -5041.25 0 6021.44
v -5040.9 0 6021.33
v -5040.56 0 6021.42
v -5040.29 0 6021.66
v -5040.19 0 6021.99
v -5040.28 0 6022.35
v -5040.52 0 6022.61
v -5040.88 0 6022.74
v -5045.22 0 6030.72
v -5045.12 0 6031.07
v -5045.21 0 6031.41
v -5045.46 0 6031.67
v -5045.81 0 6031.76
v -5046.15 0 6031.67
v -5046.4 0 6031.41
v -5046.49 0 6031.06
v -5046.39 0 6030.71
v -5046.12 0 6030.48
v -5045.82 0 6030.4
v -5055.02 0 6025.38
v -5057.09 0 6029.45
v -5057.71 0 6029.12
v -5058.43 0 6030.43
v -5059.49 0 6029.85
v -5058.76 0 6028.54
v -5065.46 0 6024.87
v -5067.18 0 6027.98
v -5065.73 0 6028.77
v -5066.16 0 6029.56
v -5067.6 0 6028.77
v -5069.35 0 6031.96
v -5067.91 0 6032.75
v -5068.32 0 6033.52
v -5069.77 0 6032.73
v -5071.54 0 6035.95
v -5070.09 0 6036.74
v -5070.46 0 6037.41
v -5071.91 0 6036.62
v -5073.55 0 6039.64
v -5072.12 0 6040.43
v -5072.53 0 6041.19
v -5073.97 0 6040.4
v -5076.74 0 6045.45
v -5079.13 0 6044.14
v -5083.77 0 6052.61
v -5083.5 0 6054.65
v -5085.64 0 6054.93
v -5085.91 0 6052.9
v -5089.94 0 6050.69
v -5094.73 0 6048.07
v -5097.76 0 6048.34
v -5097.96 0 6046.35
v -5095.04 0 6046.05
v -5090.57 0 6037.88
v -5094.05 0 6035.97
v -5091.38 0 6031.1
v -5092.83 0 6030.31
v -5092.41 0 6029.54
v -5090.97 0 6030.33
v -5089.25 0 6027.2
v -5090.69 0 6026.41
v -5090.29 0 6025.68
v -5088.85 0 6026.47
v -5087.1 0 6023.27
v -5088.54 0 6022.48
v -5088.11 0 6021.69
v -5086.68 0 6022.48
v -5084.94 0 6019.32
v -5086.37 0 6018.53
v -5085.9 0 6017.65
v -5084.46 0 6018.44
v -5082.78 0 6015.38
v -5089.69 0 6011.61
v -5090.41 0 6012.91
v -5091.58 0 6012.28
v -5090.86 0 6010.96
v -5091.92 0 6010.38
v -5089.85 0 6006.42
v -5099.61 0 6001.1
v -5099.47 0 6001.43
v -5099.56 0 6001.78
v -5099.81 0 6002.02
v -5100.14 0 6002.11
v -5100.49 0 6002.04
v -5100.73 0 6001.8
v -5100.83 0 6001.47
v -5100.75 0 6001.12
v -5100.52 0 6000.87
v -5100.21 0 6000.78
v -5095.86 0 5992.8
v -5095.96 0 5992.42
v -5095.89 0 5992.07
v -5095.65 0 5991.81
v -5095.31 0 5991.69
v -5094.96 0 5991.77
v -5094.7 0 5992.02
v -5094.6 0 5992.36
v -5094.68 0 5992.71
v -5094.93 0 5992.96
v -5095.3 10 5993.11
v -5085.25 10 5998.57
v -5082.78 10 5993.69
v -5081.85 10 5994.2
v -5081.13 10 5992.88
v -5080.02 10 5993.5
v -5080.73 10 5994.81
v -5079.39 10 5995.62
v -5075.6 10 5997.56
v -5073.64 10 5998.7
v -5071.93 10 5995.57
v -5073.21 10 5994.87
v -5072.04 10 5992.72
v -5070.76 10 5993.42
v -5069.09 10 5990.38
v -5070.37 10 5989.68
v -5069.51 10 5988.12
v -5068.23 10 5988.8
v -5067.53 10 5987.51
v -5066.53 10 5988.06
v -5067.23 10 5989.34
v -5064.48 10 5990.87
v -5063.07 10 5988.29
v -5063.53 10 5986.91
v -5062.44 10 5986.57
v -5062.02 10 5987.99
v -5059.55 10 5987.3
v -5058.86 10 5985.3
v -5057.81 10 5985.67
v -5058.45 10 5987.53
v -5056.12 10 5988.81
v -5054.45 10 5987.62
v -5053.86 10 5988.44
v -5055.55 10 5989.62
v -5054.86 10 5992.06
v -5052.94 10 5992.08
v -5052.95 10 5993.22
v -5054.79 10 5993.21
v -5056.04 10 5995.49
v -5053.02 10 5997.14
v -5052.31 10 5995.85
v -5050.94 10 5996.59
v -5051.64 10 5997.88
v -5050.56 10 5998.47
v -5051.47 10 6000.13
v -5052.55 10 5999.54
v -5054.23 10 6002.62
v -5053.16 10 6003.22
v -5054.26 10 6005.24
v -5055.35 10 6004.64
v -5057.06 10 6007.77
v -5050.13 10 6011.56
v -5049.4 10 6010.25
v -5048.61 10 6010.68
v -5049.34 10 6012
v -5047.96 10 6012.76
v -5050.61 10 6017.44
v -5041.48 10 6022.42
v -5041.56 10 6022.06
v -5041.48 10 6021.71
v -5041.25 10 6021.44
v -5040.9 10 6021.33
v -5040.56 10 6021.42
v -5040.29 10 6021.66
v -5040.19 10 6021.99
v -5040.28 10 6022.35
v -5040.52 10 6022.61
v -5040.88 10 6022.74
v -5045.22 10 6030.72
v -5045.12 10 6031.07
v -5045.21 10 6031.41
v -5045.46 10 6031.67
v -5045.81 10 6031.76
v -5046.15 10 6031.67
v -5046.4 10 6031.41
v -5046.49 10 6031.06
v -5046.39 10 6030.71
v -5046.12 10 6030.48
v -5045.82 10 6030.4
v -5055.02 10 6025.38
v -5057.09 10 6029.45
v -5057.71 10 6029.12
v -5058.43 10 6030.43
v -5059.49 10 6029.85
v -5058.76 10 6028.54
v -5065.46 10 6024.87
v -5067.18 10 6027.98
v -5065.73 10 6028.77
v -5066.16 10 6029.56
v -5067.6 10 6028.77
v -5069.35 10 6031.96
v -5067.91 10 6032.75
v -5068.32 10 6033.52
v -5069.77 10 6032.73
v -5071.54 10 6035.95
v -5070.09 10 6036.74
v -5070.46 10 6037.41
v -5071.91 10 6036.62
v -5073.55 10 6039.64
v -5072.12 10 6040.43
v -5072.53 10 6041.19
v -5073.97 10 6040.4
v -5076.74 10 6045.45
v -5079.13 10 6044.14
v -5083.77 10 6052.61
v -5083.5 10 6054.65
v -5085.64 10 6054.93
v -5085.91 10 6052.9
v -5089.94 10 6050.69
v -5094.73 10 6048.07
v -5097.76 10 6048.34
v -5097.96 10 6046.35
v -5095.04 10 6046.05
v -5090.57 10 6037.88
v -5094.05 10 6035.97
v -5091.38 10 6031.1
v -5092.83 10 6030.31
v -5092.41 10 6029.54
v -5090.97 10 6030.33
v -5089.25 10 6027.2
v -5090.69 10 6026.41
v -5090.29 10 6025.68
v -5088.85 10 6026.47
v -5087.1 10 6023.27
v -5088.54 10 6022.48
v -5088.11 10 6021.69
v -5086.68 10 6022.48
v -5084.94 10 6019.32
v -5086.37 10 6018.53
v -5085.9 10 6017.65
v -5084.46 10 6018.44
v -5082.78 10 6015.38
v -5089.69 10 6011.61
v -5090.41 10 6012.91
v -5091.58 10 6012.28
v -5090.86 10 6010.96
v -5091.92 10 6010.38
v -5089.85 10 6006.42
v -5099.61 10 6001.1
v -5099.47 10 6001.43
v -5099.56 10 6001.78
v -5099.81 10 6002.02
v -5100.14 10 6002.11
v -5100.49 10 6002.04
v -5100.73 10 6001.8
v -5100.83 10 6001.47
v -5100.75 10 6001.12
v -5100.52 10 6000.87
v -5100.21 10 6000.78
v -5095.86 10 5992.8
v -5095.96 10 5992.42
v -5095.89 10 5992.07
v -5095.65 10 5991.81
v -5095.31 10 5991.69
v -5094.96 10 5991.77
v -5094.7 10 5992.02
v -5094.6 10 5992.36
v -5094.68 10 5992.71
v -5094.93 10 5992.96
v -5071.04 10 6013.24
v -5160.21 0 5599.96
v -5172.95 0 5590.31
v -5178.44 0 5597.57
v -5185.34 0 5592.33
v -5182.54 0 5588.65
v -5188.92 0 5583.81
v -5191.72 0 5587.5
v -5207.02 0 5575.89
v -5212.83 0 5583.55
v -5218.56 0 5591.11
v -5203.26 0 5602.72
v -5206.02 0 5606.37
v -5199.66 0 5611.2
v -5196.88 0 5607.55
v -5189.98 0 5612.78
v -5195.52 0 5620.08
v -5182.78 0 5629.72
v -5177.26 0 5622.44
v -5169.36 0 5628.42
v -5157.82 0 5613.21
v -5165.72 0 5607.22
v -5160.21 15 5599.96
v -5172.95 15 5590.31
v -5178.44 15 5597.57
v -5185.34 15 5592.33
v -5182.54 15 5588.65
v -5188.92 15 5583.81
v -5191.72 15 5587.5
v -5207.02 15 5575.89
v -5212.83 15 5583.55
v -5218.56 15 5591.11
v -5203.26 15 5602.72
v -5206.02 15 5606.37
v -5199.66 15 5611.2
v -5196.88 15 5607.55
v -5189.98 15 5612.78
v -5195.52 15 5620.08
v -5182.78 15 5629.72
v -5177.26 15 5622.44
v -5169.36 15 5628.42
v -5157.82 15 5613.21
v -5165.72 15 5607.22
v -5187.75 15 5602.5
v -4785.77 0 5508.83
v -4743.71 0 5455
v -4744.31 0 5450.81
v -4755.27 0 5442.12
v -4767.96 0 5443.76
v -4777.8 0 5457.34
v -4777.58 0 5461.27
v -4779.26 0 5463.56
v -4794.48 0 5484.34
v -4800.42 0 5492.46
v -4799.75 0 5500.47
v -4789.45 0 5508.69
v -4785.77 25 5508.83
v -4743.71 25 5455
v -4744.31 25 5450.81
v -4755.27 25 5442.12
v -4767.96 25 5443.76
v -4777.8 25 5457.34
v -4777.58 25 5461.27
v -4779.26 25 5463.56
v -4794.48 25 5484.34
v -4800.42 25 5492.46
v -4799.75 25 5500.47
v -4789.45 25 5508.69
v -4776.31 25 5472.39
v -4812.15 0 5544.06
v -4798.18 0 5527.09
v -4799.07 0 5521.87
v -4807.28 0 5515.45
v -4811.76 0 5514.56
v -4815.79 0 5515.15
v -4819.07 0 5517.84
v -4829.15 0 5531.24
v -4812.15 34 5544.06
v -4798.18 34 5527.09
v -4799.07 34 5521.87
v -4807.28 34 5515.45
v -4811.76 34 5514.56
v -4815.79 34 5515.15
v -4819.07 34 5517.84
v -4829.15 34 5531.24
v -4811.56 34 5523.41
v -4789.39 0 5525.23
v -4784.94 0 5528.74
v -4802.41 0 5550.94
v -4806.87 0 5547.43
v -4789.39 12 5525.23
v -4784.94 12 5528.74
v -4802.41 12 5550.94
v -4806.87 12 5547.43
v -4795.9 12 5538.08
v -4746.35 0 5656.77
v -4761.93 0 5680.14
v -4739.48 0 5695.73
v -4729.39 0 5681.97
v -4730.31 0 5670.97
v -4746.35 26 5656.77
v -4761.93 26 5680.14
v -4739.48 26 5695.73
v -4729.39 26 5681.97
v -4730.31 26 5670.97
v -4741.49 26 5677.12
v -4667.43 0 5548.54
v -4678.7 0 5562.67
v -4655 0 5581.58
v -4643.6 0 5567.3
v -4647.69 0 5564.09
v -4667.43 25 5548.54
v -4678.7 25 5562.67
v -4655 25 5581.58
v -4643.6 25 5567.3
v -4647.69 25 5564.09
v -4658.48 25 5564.84
v -4790.16 0 5620.93
v -4801.22 0 5635.56
v -4798.92 0 5637.31
v -4797.76 0 5643.55
v -4800.55 0 5647.25
v -4768.18 0 5671.71
v -4751.75 0 5649.97
v -4790.16 26 5620.93
v -4801.22 26 5635.56
v -4798.92 26 5637.31
v -4797.76 26 5643.55
v -4800.55 26 5647.25
v -4768.18 26 5671.71
v -4751.75 26 5649.97
v -4786.93 26 5643.75
v -4654.47 0 5525.39
v -4670.49 0 5546.13
v -4667.43 0 5548.54
v -4647.69 0 5564.09
v -4636.59 0 5548.49
v -4638.19 0 5538.06
v -4654.47 25 5525.39
v -4670.49 25 5546.13
v -4667.43 25 5548.54
v -4647.69 25 5564.09
v -4636.59 25 5548.49
v -4638.19 25 5538.06
v -4652.48 25 5545.12
v -4703.21 0 5596.99
v -4736.65 0 5643.2
v -4719.28 0 5656.67
v -4713.28 0 5656.07
v -4710.66 0 5655.81
v -4685.01 0 5619.24
v -4687.64 0 5608.69
v -4703.21 36 5596.99
v -4736.65 36 5643.2
v -4719.28 36 5656.67
v -4713.28 36 5656.07
v -4710.66 36 5655.81
v -4685.01 36 5619.24
v -4687.64 36 5608.69
v -4707.96 36 5633.81
v -5132.34 0 5471.22
v -5151.76 0 5495.59
v -5121.91 0 5520.04
v -5119.44 0 5519.72
v -5100.51 0 5498.46
v -5132.34 27 5471.22
v -5151.76 27 5495.59
v -5121.91 27 5520.04
v -5119.44 27 5519.72
v -5100.51 27 5498.46
v -5125.19 27 5501.01
v -5473.43 0 6027.62
v -5468.63 0 6030.05
v -5464.42 0 6021.78
v -5468.67 0 6019.62
v -5463.39 0 6009.23
v -5452.51 0 6014.75
v -5457.53 0 6024.64
v -5457.59 0 6024.61
v -5461.92 0 6033.15
v -5429.81 0 6049.45
v -5424.96 0 6039.88
v -5422 0 6041.39
v -5418.69 0 6034.87
v -5417.83 0 6035.32
v -5416.75 0 6033.18
v -5416.57 0 6033.27
v -5405.52 0 6011.5
v -5406.33 0 6011.09
v -5405.04 0 6008.56
v -5403.31 0 6009.43
v -5402.77 0 6008.36
v -5394.69 0 6012.47
v -5396.44 0 6015.92
v -5394.57 0 6016.86
v -5405.8 0 6038.97
v -5402.6 0 6040.58
v -5406.52 0 6048.31
v -5404.58 0 6049.29
v -5409.25 0 6058.49
v -5411.17 0 6057.52
v -5415.12 0 6065.29
v -5418.94 0 6063.35
v -5421.33 0 6068.07
v -5424.16 0 6066.63
v -5421.68 0 6061.75
v -5424.98 0 6060.07
v -5421.39 0 6053
v -5424.33 0 6051.51
v -5429.89 0 6062.46
v -5478.57 0 6037.75
v -5473.43 20 6027.62
v -5468.63 20 6030.05
v -5464.42 20 6021.78
v -5468.67 20 6019.62
v -5463.39 20 6009.23
v -5452.51 20 6014.75
v -5457.53 20 6024.64
v -5457.59 20 6024.61
v -5461.92 20 6033.15
v -5429.81 20 6049.45
v -5424.96 20 6039.88
v -5422 20 6041.39
v -5418.69 20 6034.87
v -5417.83 20 6035.32
v -5416.75 20 6033.18
v -5416.57 20 6033.27
v -5405.52 20 6011.5
v -5406.33 20 6011.09
v -5405.04 20 6008.56
v -5403.31 20 6009.43
v -5402.77 20 6008.36
v -5394.69 20 6012.47
v -5396.44 20 6015.92
v -5394.57 20 6016.86
v -5405.8 20 6038.97
v -5402.6 20 6040.58
v -5406.52 20 6048.31
v -5404.58 20 6049.29
v -5409.25 20 6058.49
v -5411.17 20 6057.52
v -5415.12 20 6065.29
v -5418.94 20 6063.35
v -5421.33 20 6068.07
v -5424.16 20 6066.63
v -5421.68 20 6061.75
v -5424.98 20 6060.07
v -5421.39 20 6053
v -5424.33 20 6051.51
v -5429.89 20 6062.46
v -5478.57 20 6037.75
v -5426.09 20 6036.25
v -5491.41 0 5890.24
v -5488.92 0 5889.05
v -5487.65 0 5888.43
v -5484.96 0 5894.06
v -5481.84 0 5900.56
v -5483 0 5901.11
v -5485.66 0 5902.39
v -5484.9 0 5903.97
v -5515.09 0 5918.47
v -5513.1 0 5922.61
v -5508.85 0 5931.47
v -5503.38 0 5928.85
v -5503.32 0 5928.82
v -5504.26 0 5926.86
v -5497.94 0 5923.82
v -5496.94 0 5925.9
v -5489.12 0 5922.14
v -5480.05 0 5941.04
v -5494.44 0 5947.95
v -5502.1 0 5931.97
v -5507.45 0 5934.53
v -5490.55 0 5969.73
v -5481.19 0 5965.24
v -5475.69 0 5976.72
v -5494.59 0 5985.79
v -5498.03 0 5978.64
v -5499.53 0 5979.36
v -5523.91 0 5928.59
v -5534.51 0 5906.48
v -5532.26 0 5905.4
v -5534.36 0 5901.06
v -5514.54 0 5891.54
v -5512.05 0 5896.69
v -5492.76 0 5887.43
v -5491.41 20 5890.24
v -5488.92 20 5889.05
v -5487.65 20 5888.43
v -5484.96 20 5894.06
v -5481.84 20 5900.56
v -5483 20 5901.11
v -5485.66 20 5902.39
v -5484.9 20 5903.97
v -5515.09 20 5918.47
v -5513.1 20 5922.61
v -5508.85 20 5931.47
v -5503.38 20 5928.85
v -5503.32 20 5928.82
v -5504.26 20 5926.86
v -5497.94 20 5923.82
v -5496.94 20 5925.9
v -5489.12 20 5922.14
v -5480.05 20 5941.04
v -5494.44 20 5947.95
v -5502.1 20 5931.97
v -5507.45 20 5934.53
v -5490.55 20 5969.73
v -5481.19 20 5965.24
v -5475.69 20 5976.72
v -5494.59 20 5985.79
v -5498.03 20 5978.64
v -5499.53 20 5979.36
v -5523.91 20 5928.59
v -5534.51 20 5906.48
v -5532.26 20 5905.4
v -5534.36 20 5901.06
v -5514.54 20 5891.54
v -5512.05 20 5896.69
v -5492.76 20 5887.43
v -5499.66 20 5924.32
v -5551.36 0 5776.32
v -5548.98 0 5785.92
v -5540.18 0 5783.74
v -5537.57 0 5783.09
v -5535.12 0 5792.97
v -5537.87 0 5793.65
v -5546.46 0 5795.78
v -5539.5 0 5823.86
v -5543.73 0 5824.9
v -5546.41 0 5814.06
v -5565.83 0 5818.87
v -5568.54 0 5807.89
v -5577.86 0 5810.2
v -5583.57 0 5787.16
v -5574.11 0 5784.82
v -5576.85 0 5773.8
v -5557.42 0 5768.99
v -5555.35 0 5777.31
v -5551.36 20 5776.32
v -5548.98 20 5785.92
v -5540.18 20 5783.74
v -5537.57 20 5783.09
v -5535.12 20 5792.97
v -5537.87 20 5793.65
v -5546.46 20 5795.78
v -5539.5 20 5823.86
v -5543.73 20 5824.9
v -5546.41 20 5814.06
v -5565.83 20 5818.87
v -5568.54 20 5807.89
v -5577.86 20 5810.2
v -5583.57 20 5787.16
v -5574.11 20 5784.82
v -5576.85 20 5773.8
v -5557.42 20 5768.99
v -5555.35 20 5777.31
v -5554.82 20 5794.63
v -5454.83 0 5943.54
v -5448.81 0 5952.25
v -5445.76 0 5956.67
v -5445.93 0 5956.78
v -5443.6 0 5960.16
v -5469.72 0 5978.19
v -5476.35 0 5968.58
v -5470.08 0 5964.24
v -5474.84 0 5957.35
v -5454.83 20 5943.54
v -5448.81 20 5952.25
v -5445.76 20 5956.67
v -5445.93 20 5956.78
v -5443.6 20 5960.16
v -5469.72 20 5978.19
v -5476.35 20 5968.58
v -5470.08 20 5964.24
v -5474.84 20 5957.35
v -5458.88 20 5959.75
v -5688.46 0 5706.29
v -5692.31 0 5707.07
v -5694.21 0 5697.71
v -5695.84 0 5689.71
v -5692.21 0 5688.97
v -5699.65 0 5652.33
v -5679.92 0 5648.32
v -5672.4 0 5685.32
v -5669.53 0 5684.74
v -5667.74 0 5693.54
v -5666 0 5702.11
v -5668.65 0 5702.64
v -5660.74 0 5741.59
v -5680.47 0 5745.6
v -5688.46 6 5706.29
v -5692.31 6 5707.07
v -5694.21 6 5697.71
v -5695.84 6 5689.71
v -5692.21 6 5688.97
v -5699.65 6 5652.33
v -5679.92 6 5648.32
v -5672.4 6 5685.32
v -5669.53 6 5684.74
v -5667.74 6 5693.54
v -5666 6 5702.11
v -5668.65 6 5702.64
v -5660.74 6 5741.59
v -5680.47 6 5745.6
v -5680.58 6 5696.14
v -5409.46 0 6005.24
v -5411.26 0 6008.45
v -5414.87 0 6006.42
v -5411.29 0 6000.06
v -5413.33 0 5998.92
v -5408.73 0 5990.74
v -5406.4 0 5992.05
v -5406.05 0 5991.44
v -5402.41 0 5993.49
v -5402.8 0 5994.18
v -5398.72 0 5996.47
v -5400.92 0 6000.39
v -5402.3 0 5999.61
v -5403.77 0 6002.22
v -5405.52 0 6001.23
v -5408.18 0 6005.96
v -5409.46 20 6005.24
v -5411.26 20 6008.45
v -5414.87 20 6006.42
v -5411.29 20 6000.06
v -5413.33 20 5998.92
v -5408.73 20 5990.74
v -5406.4 20 5992.05
v -5406.05 20 5991.44
v -5402.41 20 5993.49
v -5402.8 20 5994.18
v -5398.72 20 5996.47
v -5400.92 20 6000.39
v -5402.3 20 5999.61
v -5403.77 20 6002.22
v -5405.52 20 6001.23
v -5408.18 20 6005.96
v -5406.63 20 5999.18
v -5402.37 0 5921.19
v -5397.4 0 5923.8
v -5395.5 0 5920.19
v -5387.29 0 5924.5
v -5384.98 0 5920.1
v -5379.4 0 5923.03
v -5381.7 0 5927.44
v -5378.79 0 5928.98
v -5380.47 0 5932.18
v -5375.36 0 5934.87
v -5378.66 0 5941.17
v -5383.78 0 5938.48
v -5385.57 0 5941.9
v -5388.82 0 5940.2
v -5390.89 0 5944.14
v -5396.48 0 5941.21
v -5394.41 0 5937.25
v -5402.3 0 5933.12
v -5399.9 0 5928.53
v -5404.85 0 5925.94
v -5403.6 0 5923.56
v -5402.37 15 5921.19
v -5397.4 15 5923.8
v -5395.5 15 5920.19
v -5387.29 15 5924.5
v -5384.98 15 5920.1
v -5379.4 15 5923.03
v -5381.7 15 5927.44
v -5378.79 15 5928.98
v -5380.47 15 5932.18
v -5375.36 15 5934.87
v -5378.66 15 5941.17
v -5383.78 15 5938.48
v -5385.57 15 5941.9
v -5388.82 15 5940.2
v -5390.89 15 5944.14
v -5396.48 15 5941.21
v -5394.41 15 5937.25
v -5402.3 15 5933.12
v -5399.9 15 5928.53
v -5404.85 15 5925.94
v -5403.6 15 5923.56
v -5390.12 15 5931.04
v -5451.8 0 6005.09
v -5429.2 0 6016.33
v -5432.28 0 6022.52
v -5466.45 0 6005.52
v -5463.61 0 5999.82
v -5456.72 0 6003.25
v -5455.72 0 6001.25
v -5455.1 0 6000
v -5458.05 0 5998.53
v -5444.85 0 5972.17
v -5433.41 0 5977.95
v -5421 0 5984.21
v -5434.59 0 6011.34
v -5450.88 0 6003.24
v -5451.8 20 6005.09
v -5429.2 20 6016.33
v -5432.28 20 6022.52
v -5466.45 20 6005.52
v -5463.61 20 5999.82
v -5456.72 20 6003.25
v -5455.72 20 6001.25
v -5455.1 20 6000
v -5458.05 20 5998.53
v -5444.85 20 5972.17
v -5433.41 20 5977.95
v -5421 20 5984.21
v -5434.59 20 6011.34
v -5450.88 20 6003.24
v -5446.69 20 6000.09
v -5473.24 0 5978.75
v -5463.48 0 5992.88
v -5469.09 0 5996.75
v -5471.86 0 5992.74
v -5474.65 0 5994.67
v -5479.09 0 5988.21
v -5476.38 0 5986.34
v -5478.91 0 5982.67
v -5473.24 20 5978.75
v -5463.48 20 5992.88
v -5469.09 20 5996.75
v -5471.86 20 5992.74
v -5474.65 20 5994.67
v -5479.09 20 5988.21
v -5476.38 20 5986.34
v -5478.91 20 5982.67
v -5473.34 20 5989.12
v -5415.9 0 5950.24
v -5417.97 0 5954.3
v -5432.98 0 5946.62
v -5426.19 0 5933.35
v -5411.25 0 5941
v -5413.33 0 5945.06
v -5409.75 0 5946.89
v -5412.38 0 5952.03
v -5415.9 15 5950.24
v -5417.97 15 5954.3
v -5432.98 15 5946.62
v -5426.19 15 5933.35
v -5411.25 15 5941
v -5413.33 15 5945.06
v -5409.75 15 5946.89
v -5412.38 15 5952.03
v -5417.47 15 5946.19
v -4652.62 0 5962.58
v -4662.4 0 5978.29
v -4668.26 0 5974.65
v -4658.49 0 5958.94
v -4652.62 1 5962.58
v -4662.4 1 5978.29
v -4668.26 1 5974.65
v -4658.49 1 5958.94
v -4660.44 1 5968.62
v -5541.46 0 5684.55
v -5537.95 0 5683.51
v -5536.54 0 5680.08
v -5538.25 0 5676.72
v -5541.68 0 5675.38
v -5544.74 0 5676.49
v -5545.94 0 5679.48
v -5544.97 0 5683.28
v -5541.46 10 5684.55
v -5537.95 10 5683.51
v -5536.54 10 5680.08
v -5538.25 10 5676.72
v -5541.68 10 5675.38
v -5544.74 10 5676.49
v -5545.94 10 5679.48
v -5544.97 10 5683.28
v -5541.44 10 5679.94
v -5209.53 0 5474.24
v -5213.89 0 5479.78
v -5220.5 0 5474.57
v -5216.12 0 5468.99
v -5223.26 0 5463.32
v -5229.93 0 5470.75
v -5235.66 0 5467.6
v -5242.74 0 5467.41
v -5248.3 0 5472.96
v -5259.67 0 5465.06
v -5261.3 0 5463.93
v -5256.38 0 5457.69
v -5249.78 0 5452.35
v -5240.87 0 5450.55
v -5233.85 0 5449.96
v -5228.09 0 5443.22
v -5221.43 0 5435.75
v -5216.28 0 5435.03
v -5204.94 0 5444.14
v -5189.06 0 5426.03
v -5177.99 0 5434.44
v -5193.27 0 5453.94
v -5177.72 0 5466.62
v -5190.52 0 5483.41
v -5187.27 0 5491.13
v -5186.18 0 5496.87
v -5187.06 0 5509.22
v -5193.59 0 5519.81
v -5206.56 0 5509.23
v -5202.92 0 5503.02
v -5202.94 0 5495.42
v -5207.56 0 5489.45
v -5201.49 0 5480.75
v -5209.53 25 5474.24
v -5213.89 25 5479.78
v -5220.5 25 5474.57
v -5216.12 25 5468.99
v -5223.26 25 5463.32
v -5229.93 25 5470.75
v -5235.66 25 5467.6
v -5242.74 25 5467.41
v -5248.3 25 5472.96
v -5259.67 25 5465.06
v -5261.3 25 5463.93
v -5256.38 25 5457.69
v -5249.78 25 5452.35
v -5240.87 25 5450.55
v -5233.85 25 5449.96
v -5228.09 25 5443.22
v -5221.43 25 5435.75
v -5216.28 25 5435.03
v -5204.94 25 5444.14
v -5189.06 25 5426.03
v -5177.99 25 5434.44
v -5193.27 25 5453.94
v -5177.72 25 5466.62
v -5190.52 25 5483.41
v -5187.27 25 5491.13
v -5186.18 25 5496.87
v -5187.06 25 5509.22
v -5193.59 25 5519.81
v -5206.56 25 5509.23
v -5202.92 25 5503.02
v -5202.94 25 5495.42
v -5207.56 25 5489.45
v -5201.49 25 5480.75
v -5215.66 25 5469.6
v -5061.75 0 5467.16
v -5038.55 0 5486.45
v -5035.18 0 5489.25
v -5050.25 0 5507.35
v -5076.8 0 5485.27
v -5061.75 27 5467.16
v -5038.55 27 5486.45
v -5035.18 27 5489.25
v -5050.25 27 5507.35
v -5076.8 27 5485.27
v -5052.51 27 5487.1
v -4752.99 0 5541.57
v -4744.43 0 5548.02
v -4723.43 0 5520.19
v -4731.99 0 5513.73
v -4752.99 12 5541.57
v -4744.43 12 5548.02
v -4723.43 12 5520.19
v -4731.99 12 5513.73
v -4738.21 12 5530.88
v -4744.43 0 5548.02
v -4739.58 0 5551.69
v -4718.58 0 5523.85
v -4723.43 0 5520.19
v -4744.43 12 5548.02
v -4739.58 12 5551.69
v -4718.58 12 5523.85
v -4723.43 12 5520.19
v -4731.5 12 5535.94
v -4739.58 0 5551.69
v -4735.45 0 5554.8
v -4714.45 0 5526.97
v -4718.58 0 5523.85
v -4739.58 12 5551.69
v -4735.45 12 5554.8
v -4714.45 12 5526.97
v -4718.58 12 5523.85
v -4727.01 12 5539.33
v -4735.45 0 5554.8
v -4726.72 0 5561.39
v -4705.72 0 5533.56
v -4714.45 0 5526.97
v -4735.45 12 5554.8
v -4726.72 12 5561.39
v -4705.72 12 5533.56
v -4714.45 12 5526.97
v -4720.58 12 5544.18
v -4726.72 0 5561.39
v -4722.1 0 5564.87
v -4701.1 0 5537.04
v -4705.72 0 5533.56
v -4726.72 12 5561.39
v -4722.1 12 5564.87
v -4701.1 12 5537.04
v -4705.72 12 5533.56
v -4713.91 12 5549.22
v -4722.1 0 5564.87
v -4717.93 0 5568.02
v -4696.93 0 5540.18
v -4701.1 0 5537.04
v -4722.1 12 5564.87
v -4717.93 12 5568.02
v -4696.93 12 5540.18
v -4701.1 12 5537.04
v -4709.52 12 5552.53
v -4717.93 0 5568.02
v -4714.04 0 5571.56
v -4698.76 0 5551.27
v -4693.64 0 5545.64
v -4694.02 0 5542.94
v -4696.93 0 5540.18
v -4717.93 12 5568.02
v -4714.04 12 5571.56
v -4698.76 12 5551.27
v -4693.64 12 5545.64
v -4694.02 12 5542.94
v -4696.93 12 5540.18
v -4702.55 12 5553.27
v -4714.04 0 5571.56
v -4709.95 0 5575.23
v -4694.48 0 5554.45
v -4698.76 0 5551.27
v -4714.04 12 5571.56
v -4709.95 12 5575.23
v -4694.48 12 5554.45
v -4698.76 12 5551.27
v -4704.31 12 5563.13
v -4709.95 0 5575.23
v -4705.3 0 5578.7
v -4689.83 0 5557.92
v -4694.48 0 5554.45
v -4709.95 12 5575.23
v -4705.3 12 5578.7
v -4689.83 12 5557.92
v -4694.48 12 5554.45
v -4699.89 12 5566.57
v -4705.3 0 5578.7
v -4700.45 0 5582.31
v -4684.98 0 5561.53
v -4689.83 0 5557.92
v -4705.3 12 5578.7
v -4700.45 12 5582.31
v -4684.98 12 5561.53
v -4689.83 12 5557.92
v -4695.14 12 5570.11
v -4710.86 0 5587.37
v -4707.08 0 5590.35
v -4724.53 0 5612.51
v -4728.31 0 5609.52
v -4710.86 12 5587.37
v -4707.08 12 5590.35
v -4724.53 12 5612.51
v -4728.31 12 5609.52
v -4717.7 12 5599.94
v -4714.96 0 5584.14
v -4710.86 0 5587.37
v -4728.31 0 5609.52
v -4732.41 0 5606.29
v -4714.96 12 5584.14
v -4710.86 12 5587.37
v -4728.31 12 5609.52
v -4732.41 12 5606.29
v -4721.64 12 5596.83
v -4719.47 0 5580.6
v -4714.96 0 5584.14
v -4732.41 0 5606.29
v -4736.92 0 5602.74
v -4719.47 12 5580.6
v -4714.96 12 5584.14
v -4732.41 12 5606.29
v -4736.92 12 5602.74
v -4725.94 12 5593.45
v -4802.6 0 5560.55
v -4807.24 0 5556.53
v -4811.49 0 5556.79
v -4827.07 0 5577.38
v -4819.44 0 5583.08
v -4802.6 24 5560.55
v -4807.24 24 5556.53
v -4811.49 24 5556.79
v -4827.07 24 5577.38
v -4819.44 24 5583.08
v -4813.57 24 5566.87
v -4724.02 0 5577.02
v -4719.47 0 5580.6
v -4736.92 0 5602.74
v -4741.47 0 5599.16
v -4724.02 12 5577.02
v -4719.47 12 5580.6
v -4736.92 12 5602.74
v -4741.47 12 5599.16
v -4730.47 12 5589.88
v -4797.75 0 5564.18
v -4802.6 0 5560.55
v -4819.44 0 5583.08
v -4814.59 0 5586.71
v -4797.75 16 5564.18
v -4802.6 16 5560.55
v -4819.44 16 5583.08
v -4814.59 16 5586.71
v -4808.59 16 5573.63
v -4733.59 0 5569.47
v -4724.02 0 5577.02
v -4741.47 0 5599.16
v -4751.04 0 5591.62
v -4750.93 0 5591.49
v -4733.59 12 5569.47
v -4724.02 12 5577.02
v -4741.47 12 5599.16
v -4751.04 12 5591.62
v -4750.93 12 5591.49
v -4740.21 12 5585.75
v -4792.96 0 5567.76
v -4797.75 0 5564.18
v -4814.59 0 5586.71
v -4809.81 0 5590.29
v -4792.96 16 5567.76
v -4797.75 16 5564.18
v -4814.59 16 5586.71
v -4809.81 16 5590.29
v -4803.78 16 5577.23
v -4788.47 0 5571.12
v -4792.96 0 5567.76
v -4809.81 0 5590.29
v -4805.3 0 5593.65
v -4788.47 16 5571.12
v -4792.96 16 5567.76
v -4809.81 16 5590.29
v -4805.3 16 5593.65
v -4799.14 16 5580.7
v -4784.29 0 5574.23
v -4788.47 0 5571.12
v -4805.3 0 5593.65
v -4801.14 0 5596.77
v -4784.29 16 5574.23
v -4788.47 16 5571.12
v -4805.3 16 5593.65
v -4801.14 16 5596.77
v -4794.8 16 5583.94
v -4784.14 0 5518.06
v -4779.89 0 5521.27
v -4758.89 0 5493.44
v -4763.14 0 5490.23
v -4784.14 12 5518.06
v -4779.89 12 5521.27
v -4758.89 12 5493.44
v -4763.14 12 5490.23
v -4771.51 12 5505.75
v -4750.93 0 5591.49
v -4758.51 0 5585.52
v -4741.03 0 5563.34
v -4733.46 0 5569.3
v -4733.59 0 5569.47
v -4750.93 12 5591.49
v -4758.51 12 5585.52
v -4741.03 12 5563.34
v -4733.46 12 5569.3
v -4733.59 12 5569.47
v -4743.5 12 5575.82
v -4779.44 0 5577.86
v -4784.29 0 5574.23
v -4801.14 0 5596.77
v -4796.29 0 5600.39
v -4779.44 16 5577.86
v -4784.29 16 5574.23
v -4801.14 16 5596.77
v -4796.29 16 5600.39
v -4790.29 16 5587.31
v -4744.82 0 5560.35
v -4741.03 0 5563.34
v -4758.51 0 5585.52
v -4762.3 0 5582.54
v -4744.82 12 5560.35
v -4741.03 12 5563.34
v -4758.51 12 5585.52
v -4762.3 12 5582.54
v -4751.67 12 5572.94
v -4774.92 0 5581.24
v -4779.44 0 5577.86
v -4796.29 0 5600.39
v -4791.77 0 5603.77
v -4774.92 16 5581.24
v -4779.44 16 5577.86
v -4796.29 16 5600.39
v -4791.77 16 5603.77
v -4785.61 16 5590.82
v -4770.25 0 5584.74
v -4774.92 0 5581.24
v -4791.77 0 5603.77
v -4787.1 0 5607.26
v -4770.25 16 5584.74
v -4774.92 16 5581.24
v -4791.77 16 5603.77
v -4787.1 16 5607.26
v -4781.01 16 5594.25
v -4765.75 0 5588.1
v -4770.25 0 5584.74
v -4787.1 0 5607.26
v -4782.59 0 5610.64
v -4765.75 16 5588.1
v -4770.25 16 5584.74
v -4787.1 16 5607.26
v -4782.59 16 5610.64
v -4776.42 16 5597.69
v -4761.18 0 5591.52
v -4765.75 0 5588.1
v -4782.59 0 5610.64
v -4778.02 0 5614.05
v -4761.18 16 5591.52
v -4765.75 16 5588.1
v -4782.59 16 5610.64
v -4778.02 16 5614.05
v -4771.88 16 5601.08
v -4756.21 0 5595.23
v -4761.18 0 5591.52
v -4778.02 0 5614.05
v -4773.06 0 5617.76
v -4756.21 16 5595.23
v -4761.18 16 5591.52
v -4778.02 16 5614.05
v -4773.06 16 5617.76
v -4767.12 16 5604.64
v -4751.66 0 5598.64
v -4756.21 0 5595.23
v -4773.06 0 5617.76
v -4768.5 0 5621.17
v -4751.66 16 5598.64
v -4756.21 16 5595.23
v -4773.06 16 5617.76
v -4768.5 16 5621.17
v -4762.36 16 5608.2
v -4696.83 0 5585.33
v -4692.37 0 5579.74
v -4668.67 0 5598.68
v -4673.15 0 5604.27
v -4696.83 12 5585.33
v -4692.37 12 5579.74
v -4668.67 12 5598.68
v -4673.15 12 5604.27
v -4682.76 12 5592.01
v -4747.49 0 5601.75
v -4751.66 0 5598.64
v -4768.5 0 5621.17
v -4764.33 0 5624.28
v -4747.49 16 5601.75
v -4751.66 16 5598.64
v -4768.5 16 5621.17
v -4764.33 16 5624.28
v -4758 16 5611.46
v -4743.39 0 5604.81
v -4747.49 0 5601.75
v -4764.33 0 5624.28
v -4760.24 0 5627.35
v -4743.39 16 5604.81
v -4747.49 16 5601.75
v -4764.33 16 5624.28
v -4760.24 16 5627.35
v -4753.86 16 5614.55
v -4692.37 0 5579.74
v -4688.98 0 5575.51
v -4665.29 0 5594.45
v -4668.67 0 5598.68
v -4692.37 12 5579.74
v -4688.98 12 5575.51
v -4665.29 12 5594.45
v -4668.67 12 5598.68
v -4678.83 12 5587.1
v -4738.22 0 5608.69
v -4743.39 0 5604.81
v -4760.24 0 5627.35
v -4755.07 0 5631.22
v -4738.22 16 5608.69
v -4743.39 16 5604.81
v -4760.24 16 5627.35
v -4755.07 16 5631.22
v -4749.23 16 5618.02
v -4779.89 0 5521.27
v -4775.04 0 5524.92
v -4754.04 0 5497.09
v -4758.89 0 5493.44
v -4779.89 12 5521.27
v -4775.04 12 5524.92
v -4754.04 12 5497.09
v -4758.89 12 5493.44
v -4766.96 12 5509.18
v -4733.44 0 5612.25
v -4738.22 0 5608.69
v -4755.07 0 5631.22
v -4750.29 0 5634.78
v -4733.44 16 5612.25
v -4738.22 16 5608.69
v -4755.07 16 5631.22
v -4750.29 16 5634.78
v -4744.26 16 5621.73
v -4688.98 0 5575.51
v -4685.57 0 5571.24
v -4661.88 0 5590.18
v -4665.29 0 5594.45
v -4688.98 12 5575.51
v -4685.57 12 5571.24
v -4661.88 12 5590.18
v -4665.29 12 5594.45
v -4675.43 12 5582.84
v -4728.68 0 5615.82
v -4733.44 0 5612.25
v -4750.29 0 5634.78
v -4745.52 0 5638.34
v -4728.68 16 5615.82
v -4733.44 16 5612.25
v -4750.29 16 5634.78
v -4745.52 16 5638.34
v -4739.49 16 5625.3
v -4685.57 0 5571.24
v -4681.67 0 5566.36
v -4657.98 0 5585.3
v -4661.88 0 5590.18
v -4685.57 12 5571.24
v -4681.67 12 5566.36
v -4657.98 12 5585.3
v -4661.88 12 5590.18
v -4671.77 12 5578.27
v -4681.67 0 5566.36
v -4678.7 0 5562.67
v -4655 0 5581.58
v -4657.98 0 5585.3
v -4681.67 12 5566.36
v -4678.7 12 5562.67
v -4655 12 5581.58
v -4657.98 12 5585.3
v -4668.34 12 5573.98
v -4775.04 0 5524.92
v -4770.56 0 5528.3
v -4749.56 0 5500.47
v -4754.04 0 5497.09
v -4775.04 12 5524.92
v -4770.56 12 5528.3
v -4749.56 12 5500.47
v -4754.04 12 5497.09
v -4762.3 12 5512.7
v -4770.56 0 5528.3
v -4766.61 0 5531.3
v -4745.61 0 5503.46
v -4749.56 0 5500.47
v -4770.56 12 5528.3
v -4766.61 12 5531.3
v -4745.61 12 5503.46
v -4749.56 12 5500.47
v -4758.08 12 5515.88
v -4766.61 0 5531.3
v -4762.02 0 5534.75
v -4741.02 0 5506.92
v -4745.61 0 5503.46
v -4766.61 12 5531.3
v -4762.02 12 5534.75
v -4741.02 12 5506.92
v -4745.61 12 5503.46
v -4753.82 12 5519.11
v -4762.02 0 5534.75
v -4757.57 0 5538.11
v -4736.57 0 5510.27
v -4741.02 0 5506.92
v -4762.02 12 5534.75
v -4757.57 12 5538.11
v -4736.57 12 5510.27
v -4741.02 12 5506.92
v -4749.3 12 5522.51
v -4757.57 0 5538.11
v -4752.99 0 5541.57
v -4731.99 0 5513.73
v -4736.57 0 5510.27
v -4757.57 12 5538.11
v -4752.99 12 5541.57
v -4731.99 12 5513.73
v -4736.57 12 5510.27
v -4744.78 12 5525.92
v -4839 0 5544.32
v -4822.01 0 5557.14
v -4829.11 0 5567.1
v -4834.02 0 5567.9
v -4842.95 0 5560.09
v -4844.87 0 5551.53
v -4839 34 5544.32
v -4822.01 34 5557.14
v -4829.11 34 5567.1
v -4834.02 34 5567.9
v -4842.95 34 5560.09
v -4844.87 34 5551.53
v -4835.33 34 5558.01
v -4829.15 0 5531.24
v -4812.15 0 5544.06
v -4822.01 0 5557.14
v -4839 0 5544.32
v -4829.15 34 5531.24
v -4812.15 34 5544.06
v -4822.01 34 5557.14
v -4839 34 5544.32
v -4825.58 34 5544.19
v -5603.37 0 6057.64
v -5605.88 0 6062.57
v -5603.33 0 6063.87
v -5606.15 0 6069.37
v -5608.64 0 6068.1
v -5611 0 6072.72
v -5620.94 0 6067.64
v -5613.26 0 6052.59
v -5603.37 5 6057.64
v -5605.88 5 6062.57
v -5603.33 5 6063.87
v -5606.15 5 6069.37
v -5608.64 5 6068.1
v -5611 5 6072.72
v -5620.94 5 6067.64
v -5613.26 5 6052.59
v -5609.07 5 6064.31
v -4984.39 0 5909.71
v -4980.19 0 5912.76
v -4976.03 0 5915.56
v -4979.88 0 5920.93
v -4988.2 0 5932.48
v -4992.39 0 5929.51
v -4996.05 0 5926.69
v -4984.39 3 5909.71
v -4980.19 3 5912.76
v -4976.03 3 5915.56
v -4979.88 3 5920.93
v -4988.2 3 5932.48
v -4992.39 3 5929.51
v -4996.05 3 5926.69
v -4985.31 3 5921.09
v -5099.89 0 5927.67
v -5102.54 0 5931.96
v -5105.46 0 5936.68
v -5090.01 0 5946.23
v -5084.44 0 5937.23
v -5099.89 4 5927.67
v -5102.54 4 5931.96
v -5105.46 4 5936.68
v -5090.01 4 5946.23
v -5084.44 4 5937.23
v -5096.47 4 5935.95
v -5182.6 0 5530.08
v -5187.9 0 5525.72
v -5172.27 0 5506.74
v -5169.94 0 5508.67
v -5166.97 0 5511.12
v -5182.6 15 5530.08
v -5187.9 15 5525.72
v -5172.27 15 5506.74
v -5169.94 15 5508.67
v -5166.97 15 5511.12
v -5175.94 15 5516.47
v -5510.1 0 5756.64
v -5503.45 0 5719.74
v -5453.26 0 5747.81
v -5495.51 0 5824.42
v -5502.59 0 5820.56
v -5509.71 0 5777.89
v -5510.1 21 5756.64
v -5503.45 21 5719.74
v -5453.26 21 5747.81
v -5495.51 21 5824.42
v -5502.59 21 5820.56
v -5509.71 21 5777.89
v -5495.77 21 5774.51
v -5229.35 0 5650.59
v -5225.37 0 5645.51
v -5231.22 0 5640.93
v -5226.74 0 5635.22
v -5229.21 0 5633.28
v -5221.8 0 5623.82
v -5212.53 0 5631.07
v -5207.87 0 5625.13
v -5223.07 0 5613.23
v -5243.59 0 5639.43
v -5229.35 15 5650.59
v -5225.37 15 5645.51
v -5231.22 15 5640.93
v -5226.74 15 5635.22
v -5229.21 15 5633.28
v -5221.8 15 5623.82
v -5212.53 15 5631.07
v -5207.87 15 5625.13
v -5223.07 15 5613.23
v -5243.59 15 5639.43
v -5225.08 15 5633.82
v -5236.5 0 5628.16
v -5218.63 0 5607.31
v -5229.06 0 5598.38
v -5232.81 0 5602.75
v -5236.05 0 5599.98
v -5238.44 0 5602.77
v -5240.28 0 5601.19
v -5252.01 0 5614.88
v -5236.5 15 5628.16
v -5218.63 15 5607.31
v -5229.06 15 5598.38
v -5232.81 15 5602.75
v -5236.05 15 5599.98
v -5238.44 15 5602.77
v -5240.28 15 5601.19
v -5252.01 15 5614.88
v -5235.47 15 5606.93
v -5202.76 0 5637.89
v -5186.45 0 5651
v -5190.84 0 5656.46
v -5187.84 0 5658.87
v -5184.91 0 5661.23
v -5190.82 0 5668.58
v -5193.75 0 5666.22
v -5196.66 0 5663.88
v -5200.96 0 5669.21
v -5217.35 0 5656.03
v -5202.76 15 5637.89
v -5186.45 15 5651
v -5190.84 15 5656.46
v -5187.84 15 5658.87
v -5184.91 15 5661.23
v -5190.82 15 5668.58
v -5193.75 15 5666.22
v -5196.66 15 5663.88
v -5200.96 15 5669.21
v -5217.35 15 5656.03
v -5195.23 15 5658.94
v -5253.88 0 5668.88
v -5249.67 0 5662.9
v -5243.04 0 5667.56
v -5247.24 0 5673.54
v -5253.88 10 5668.88
v -5249.67 10 5662.9
v -5243.04 10 5667.56
v -5247.24 10 5673.54
v -5248.46 10 5668.22
v -5079.51 0 5502.8
v -5086.53 0 5496.96
v -5076.8 0 5485.27
v -5050.25 0 5507.35
v -5076.71 0 5539.17
v -5096.25 0 5522.92
v -5079.51 27 5502.8
v -5086.53 27 5496.96
v -5076.8 27 5485.27
v -5050.25 27 5507.35
v -5076.71 27 5539.17
v -5096.25 27 5522.92
v -5077.68 27 5509.08
v -5040.47 0 5778.86
v -4994.55 0 5713.56
v -4991.13 0 5708.71
v -5097.87 0 5632.02
v -5098.39 0 5633.11
v -5100.41 0 5637.24
v -5003.35 0 5709.14
v -5026.53 0 5742.22
v -5048.37 0 5773.36
v -5040.47 24 5778.86
v -4994.55 24 5713.56
v -4991.13 24 5708.71
v -5097.87 24 5632.02
v -5098.39 24 5633.11
v -5100.41 24 5637.24
v -5003.35 24 5709.14
v -5026.53 24 5742.22
v -5048.37 24 5773.36
v -5044.56 24 5703.14
v -5070.68 0 5758.13
v -5057.92 0 5767.18
v -5045.72 0 5749.99
v -5043.57 0 5751.51
v -5037.56 0 5743.05
v -5039.52 0 5741.66
v -5033.39 0 5733.02
v -5032.73 0 5733.48
v -5030.99 0 5731.02
v -5028.98 0 5732.44
v -5023.29 0 5724.42
v -5025.24 0 5723.02
v -5013.15 0 5705.99
v -5026.26 0 5696.69
v -5028.35 0 5699.65
v -5036.17 0 5694.09
v -5034.84 0 5692.22
v -5074.11 0 5664.35
v -5083.36 0 5677.39
v -5072.31 0 5685.23
v -5074.41 0 5688.2
v -5069.14 0 5691.93
v -5070.27 0 5693.52
v -5063.62 0 5698.24
v -5062.63 0 5696.84
v -5057.31 0 5700.62
v -5055.37 0 5697.89
v -5044.47 0 5705.62
v -5043.67 0 5704.49
v -5036.05 0 5709.9
v -5038.64 0 5713.55
v -5040.25 0 5712.42
v -5046.08 0 5720.64
v -5044.4 0 5721.83
v -5053.75 0 5735
v -5055.96 0 5733.43
v -5062.02 0 5741.98
v -5060.17 0 5743.31
v -5070.68 24 5758.13
v -5057.92 24 5767.18
v -5045.72 24 5749.99
v -5043.57 24 5751.51
v -5037.56 24 5743.05
v -5039.52 24 5741.66
v -5033.39 24 5733.02
v -5032.73 24 5733.48
v -5030.99 24 5731.02
v -5028.98 24 5732.44
v -5023.29 24 5724.42
v -5025.24 24 5723.02
v -5013.15 24 5705.99
v -5026.26 24 5696.69
v -5028.35 24 5699.65
v -5036.17 24 5694.09
v -5034.84 24 5692.22
v -5074.11 24 5664.35
v -5083.36 24 5677.39
v -5072.31 24 5685.23
v -5074.41 24 5688.2
v -5069.14 24 5691.93
v -5070.27 24 5693.52
v -5063.62 24 5698.24
v -5062.63 24 5696.84
v -5057.31 24 5700.62
v -5055.37 24 5697.89
v -5044.47 24 5705.62
v -5043.67 24 5704.49
v -5036.05 24 5709.9
v -5038.64 24 5713.55
v -5040.25 24 5712.42
v -5046.08 24 5720.64
v -5044.4 24 5721.83
v -5053.75 24 5735
v -5055.96 24 5733.43
v -5062.02 24 5741.98
v -5060.17 24 5743.31
v -5047.8 24 5716.16
v -4834.76 0 5770.65
v -4807.84 0 5791.04
v -4814.83 0 5800.26
v -4820.98 0 5808.38
v -4847.89 0 5787.99
v -4846.48 0 5786.12
v -4836.41 0 5772.83
v -4834.76 14 5770.65
v -4807.84 14 5791.04
v -4814.83 14 5800.26
v -4820.98 14 5808.38
v -4847.89 14 5787.99
v -4846.48 14 5786.12
v -4836.41 14 5772.83
v -4829.89 14 5788.18
v -4679.9 0 5528.21
v -4672.97 0 5533.65
v -4669.39 0 5533.12
v -4665.07 0 5527.61
v -4660.76 0 5522.11
v -4665.28 0 5518.57
v -4669.65 0 5515.15
v -4670.54 0 5516.28
v -4679.9 25 5528.21
v -4672.97 25 5533.65
v -4669.39 25 5533.12
v -4665.07 25 5527.61
v -4660.76 25 5522.11
v -4665.28 25 5518.57
v -4669.65 25 5515.15
v -4670.54 25 5516.28
v -4669.2 25 5524.34
v -4691 0 5534.76
v -4684.53 0 5534.54
v -4679.9 0 5528.21
v -4670.54 0 5516.28
v -4674.5 0 5513.22
v -4691 25 5534.76
v -4684.53 25 5534.54
v -4679.9 25 5528.21
v -4670.54 25 5516.28
v -4674.5 25 5513.22
v -4680.1 25 5525.4
v -4674.5 0 5513.22
v -4679.48 0 5509.4
v -4695.98 0 5530.94
v -4691 0 5534.76
v -4674.5 25 5513.22
v -4679.48 25 5509.4
v -4695.98 25 5530.94
v -4691 25 5534.76
v -4685.24 25 5522.08
v -4679.48 0 5509.4
v -4676.59 0 5505.63
v -4680.5 0 5502.62
v -4699.89 0 5527.94
v -4695.98 0 5530.94
v -4679.48 25 5509.4
v -4676.59 25 5505.63
v -4680.5 25 5502.62
v -4699.89 25 5527.94
v -4695.98 25 5530.94
v -4686.49 25 5515.31
v -4680.5 0 5502.62
v -4689.95 0 5495.39
v -4709.34 0 5520.7
v -4699.89 0 5527.94
v -4680.5 25 5502.62
v -4689.95 25 5495.39
v -4709.34 25 5520.7
v -4699.89 25 5527.94
v -4694.92 25 5511.66
v -4689.95 0 5495.39
v -4698.62 0 5488.75
v -4718.01 0 5514.07
v -4709.34 0 5520.7
v -4689.95 25 5495.39
v -4698.62 25 5488.75
v -4718.01 25 5514.07
v -4709.34 25 5520.7
v -4703.98 25 5504.73
v -4698.62 0 5488.75
v -4707.7 0 5481.79
v -4727.09 0 5507.11
v -4718.01 0 5514.07
v -4698.62 25 5488.75
v -4707.7 25 5481.79
v -4727.09 25 5507.11
v -4718.01 25 5514.07
v -4712.86 25 5497.93
v -4707.7 0 5481.79
v -4715.36 0 5475.93
v -4734.75 0 5501.24
v -4727.09 0 5507.11
v -4707.7 25 5481.79
v -4715.36 25 5475.93
v -4734.75 25 5501.24
v -4727.09 25 5507.11
v -4721.23 25 5491.52
v -4604.36 0 5500.53
v -4610.49 0 5508.96
v -4619.03 0 5509.9
v -4630.52 0 5501.01
v -4631.43 0 5496.17
v -4623.75 0 5485.1
v -4604.36 26 5500.53
v -4610.49 26 5508.96
v -4619.03 26 5509.9
v -4630.52 26 5501.01
v -4631.43 26 5496.17
v -4623.75 26 5485.1
v -4619.93 26 5500.28
v -4804.26 0 5683.31
v -4809.05 0 5655.06
v -4793.37 0 5666.97
v -4804.26 14 5683.31
v -4809.05 14 5655.06
v -4793.37 14 5666.97
v -4802.23 14 5668.45
v -4821.24 0 5671.52
v -4804.26 0 5683.31
v -4809.05 0 5655.06
v -4821.24 14 5671.52
v -4804.26 14 5683.31
v -4809.05 14 5655.06
v -4811.52 14 5669.96
v -4754.9 0 5693.45
v -4750.08 0 5696.75
v -4761.28 0 5713.02
v -4766.09 0 5709.71
v -4754.9 14 5693.45
v -4750.08 14 5696.75
v -4761.28 14 5713.02
v -4766.09 14 5709.71
v -4758.09 14 5703.23
v -4905.85 0 5718.23
v -4901.86 0 5721.15
v -4913.87 0 5737.56
v -4917.86 0 5734.63
v -4905.85 14 5718.23
v -4901.86 14 5721.15
v -4913.87 14 5737.56
v -4917.86 14 5734.63
v -4909.86 14 5727.89
v -4917.84 0 5709.45
v -4913.84 0 5712.38
v -4925.85 0 5728.79
v -4929.85 0 5725.86
v -4921.36 0 5714.26
v -4917.84 9 5709.45
v -4913.84 9 5712.38
v -4925.85 9 5728.79
v -4929.85 9 5725.86
v -4921.36 9 5714.26
v -4921.75 9 5718.15
v -4783.76 0 5673.6
v -4778.95 0 5676.9
v -4790.14 0 5693.17
v -4794.94 0 5689.86
v -4783.76 14 5673.6
v -4778.95 14 5676.9
v -4790.14 14 5693.17
v -4794.94 14 5689.86
v -4786.95 14 5683.38
v -4818.56 0 5706.29
v -4821.52 0 5710.57
v -4837.67 0 5699.46
v -4834.71 0 5695.19
v -4818.56 14 5706.29
v -4821.52 14 5710.57
v -4837.67 14 5699.46
v -4834.71 14 5695.19
v -4828.11 14 5702.88
v -4889.87 0 5729.93
v -4885.88 0 5732.85
v -4897.88 0 5749.26
v -4901.88 0 5746.33
v -4889.87 9 5729.93
v -4885.88 9 5732.85
v -4897.88 9 5749.26
v -4901.88 9 5746.33
v -4893.88 9 5739.59
v -4857.93 0 5763.18
v -4860.78 0 5767.07
v -4865.25 0 5763.8
v -4875.85 0 5756.05
v -4873 0 5752.16
v -4857.93 10 5763.18
v -4860.78 10 5767.07
v -4865.25 10 5763.8
v -4875.85 10 5756.05
v -4873 10 5752.16
v -4866.56 10 5760.45
v -4809.22 0 5692.5
v -4812.19 0 5696.77
v -4830.12 0 5684.33
v -4827.16 0 5680.07
v -4809.22 14 5692.5
v -4812.19 14 5696.77
v -4830.12 14 5684.33
v -4827.16 14 5680.07
v -4819.67 14 5688.42
v -4897.86 0 5724.08
v -4893.87 0 5727
v -4905.88 0 5743.41
v -4909.87 0 5740.49
v -4897.86 14 5724.08
v -4893.87 14 5727
v -4905.88 14 5743.41
v -4909.87 14 5740.49
v -4901.87 14 5733.74
v -4909.85 0 5715.31
v -4905.85 0 5718.23
v -4917.86 0 5734.63
v -4921.86 0 5731.71
v -4909.85 9 5715.31
v -4905.85 9 5718.23
v -4917.86 9 5734.63
v -4921.86 9 5731.71
v -4913.85 9 5724.97
v -4759.71 0 5690.13
v -4754.9 0 5693.45
v -4766.09 0 5709.71
v -4770.89 0 5706.4
v -4759.71 10 5690.13
v -4754.9 10 5693.45
v -4766.09 10 5709.71
v -4770.89 10 5706.4
v -4762.9 10 5699.92
v -4849.4 0 5751.51
v -4852.25 0 5755.41
v -4867.3 0 5744.38
v -4864.46 0 5740.49
v -4849.4 14 5751.51
v -4852.25 14 5755.41
v -4867.3 14 5744.38
v -4864.46 14 5740.49
v -4858.35 14 5747.95
v -4824.48 0 5714.83
v -4827.36 0 5718.97
v -4843.64 0 5707.95
v -4840.63 0 5703.73
v -4824.48 14 5714.83
v -4827.36 14 5718.97
v -4843.64 14 5707.95
v -4840.63 14 5703.73
v -4834.03 14 5711.37
v -4881.88 0 5735.77
v -4877.89 0 5738.7
v -4889.89 0 5755.11
v -4893.89 0 5752.18
v -4881.88 9 5735.77
v -4877.89 9 5738.7
v -4889.89 9 5755.11
v -4893.89 9 5752.18
v -4885.89 9 5745.44
v -4788.57 0 5670.28
v -4783.76 0 5673.6
v -4794.94 0 5689.86
v -4799.76 0 5686.56
v -4788.57 10 5670.28
v -4783.76 10 5673.6
v -4794.94 10 5689.86
v -4799.76 10 5686.56
v -4791.76 10 5680.07
v -4815.6 0 5702.03
v -4818.56 0 5706.29
v -4834.71 0 5695.19
v -4831.75 0 5690.92
v -4815.6 14 5702.03
v -4818.56 14 5706.29
v -4834.71 14 5695.19
v -4831.75 14 5690.92
v -4825.15 14 5698.61
v -4806.26 0 5688.24
v -4809.22 0 5692.5
v -4827.16 0 5680.07
v -4824.2 0 5675.79
v -4806.26 14 5688.24
v -4809.22 14 5692.5
v -4827.16 14 5680.07
v -4824.2 14 5675.79
v -4816.71 14 5684.15
v -4901.86 0 5721.15
v -4897.86 0 5724.08
v -4909.87 0 5740.49
v -4913.87 0 5737.56
v -4901.86 9 5721.15
v -4897.86 9 5724.08
v -4909.87 9 5740.49
v -4913.87 9 5737.56
v -4905.86 9 5730.82
v -4846.39 0 5747.39
v -4849.4 0 5751.51
v -4864.46 0 5740.49
v -4861.59 0 5737.09
v -4846.39 14 5747.39
v -4849.4 14 5751.51
v -4864.46 14 5740.49
v -4861.59 14 5737.09
v -4855.46 14 5744.12
v -4913.84 0 5712.38
v -4909.85 0 5715.31
v -4921.86 0 5731.71
v -4925.85 0 5728.79
v -4913.84 14 5712.38
v -4909.85 14 5715.31
v -4921.86 14 5731.71
v -4925.85 14 5728.79
v -4917.85 14 5722.05
v -4750.08 0 5696.75
v -4745.27 0 5700.06
v -4756.46 0 5716.33
v -4761.28 0 5713.02
v -4750.08 14 5696.75
v -4745.27 14 5700.06
v -4756.46 14 5716.33
v -4761.28 14 5713.02
v -4753.27 14 5706.54
v -4764.52 0 5686.82
v -4759.71 0 5690.13
v -4770.89 0 5706.4
v -4775.7 0 5703.1
v -4764.52 14 5686.82
v -4759.71 14 5690.13
v -4770.89 14 5706.4
v -4775.7 14 5703.1
v -4767.71 14 5696.61
v -4821.52 0 5710.57
v -4824.48 0 5714.83
v -4840.63 0 5703.73
v -4837.67 0 5699.46
v -4821.52 10 5710.57
v -4824.48 10 5714.83
v -4840.63 10 5703.73
v -4837.67 10 5699.46
v -4831.07 10 5707.15
v -4885.88 0 5732.85
v -4881.88 0 5735.77
v -4893.89 0 5752.18
v -4897.88 0 5749.26
v -4885.88 14 5732.85
v -4881.88 14 5735.77
v -4893.89 14 5752.18
v -4897.88 14 5749.26
v -4889.88 14 5742.52
v -4893.87 0 5727
v -4889.87 0 5729.93
v -4901.88 0 5746.33
v -4905.88 0 5743.41
v -4893.87 14 5727
v -4889.87 14 5729.93
v -4901.88 14 5746.33
v -4905.88 14 5743.41
v -4897.87 14 5736.67
v -4860.78 0 5767.07
v -4863.63 0 5770.97
v -4878.7 0 5759.94
v -4878.44 0 5759.59
v -4875.85 0 5756.05
v -4865.25 0 5763.8
v -4860.78 14 5767.07
v -4863.63 14 5770.97
v -4878.7 14 5759.94
v -4878.44 14 5759.59
v -4875.85 14 5756.05
v -4865.25 14 5763.8
v -4870.44 14 5762.9
v -4852.25 0 5755.41
v -4855.09 0 5759.29
v -4870.15 0 5748.27
v -4868.29 0 5745.72
v -4867.3 0 5744.38
v -4852.25 10 5755.41
v -4855.09 10 5759.29
v -4870.15 10 5748.27
v -4868.29 10 5745.72
v -4867.3 10 5744.38
v -4862.62 10 5750.61
v -4803.3 0 5683.96
v -4806.26 0 5688.24
v -4824.2 0 5675.79
v -4821.24 0 5671.52
v -4804.26 0 5683.31
v -4803.3 10 5683.96
v -4806.26 10 5688.24
v -4824.2 10 5675.79
v -4821.24 10 5671.52
v -4804.26 10 5683.31
v -4811.85 10 5680.56
v -4769.32 0 5683.52
v -4764.52 0 5686.82
v -4775.7 0 5703.1
v -4779.89 0 5700.23
v -4780.52 0 5699.79
v -4769.32 10 5683.52
v -4764.52 10 5686.82
v -4775.7 10 5703.1
v -4779.89 10 5700.23
v -4780.52 10 5699.79
v -4773.99 10 5694.69
v -4774.13 0 5680.21
v -4769.32 0 5683.52
v -4780.52 0 5699.79
v -4780.86 0 5694.26
v -4784.76 0 5695.03
v -4774.13 14 5680.21
v -4769.32 14 5683.52
v -4780.52 14 5699.79
v -4780.86 14 5694.26
v -4784.76 14 5695.03
v -4777.92 14 5690.56
v -4863.63 0 5770.97
v -4864.38 0 5771.98
v -4866.48 0 5774.85
v -4881.54 0 5763.82
v -4880.29 0 5762.13
v -4878.7 0 5759.94
v -4863.63 14 5770.97
v -4864.38 14 5771.98
v -4866.48 14 5774.85
v -4881.54 14 5763.82
v -4880.29 14 5762.13
v -4878.7 14 5759.94
v -4872.5 14 5767.28
v -4855.09 0 5759.29
v -4857.93 0 5763.18
v -4873 0 5752.16
v -4871.8 0 5750.51
v -4870.15 0 5748.27
v -4855.09 14 5759.29
v -4857.93 14 5763.18
v -4873 14 5752.16
v -4871.8 14 5750.51
v -4870.15 14 5748.27
v -4865.6 14 5754.68
v -4884.04 0 5755.48
v -4878.44 0 5759.59
v -4878.7 0 5759.94
v -4880.29 0 5762.13
v -4885.9 0 5758.02
v -4884.04 10 5755.48
v -4878.44 10 5759.59
v -4878.7 10 5759.94
v -4880.29 10 5762.13
v -4885.9 10 5758.02
v -4881.47 10 5759.03
v -4873.9 0 5741.61
v -4877.4 0 5746.41
v -4871.8 0 5750.51
v -4870.15 0 5748.27
v -4868.29 0 5745.72
v -4869.52 0 5744.82
v -4873.9 10 5741.61
v -4877.4 10 5746.41
v -4871.8 10 5750.51
v -4870.15 10 5748.27
v -4868.29 10 5745.72
v -4869.52 10 5744.82
v -4871.84 10 5746.23
v -4778.95 0 5676.9
v -4774.13 0 5680.21
v -4784.76 0 5695.03
v -4787 0 5695.53
v -4790.14 0 5693.17
v -4778.95 14 5676.9
v -4774.13 14 5680.21
v -4784.76 14 5695.03
v -4787 14 5695.53
v -4790.14 14 5693.17
v -4783 14 5688.17
v -4793.37 0 5666.97
v -4788.57 0 5670.28
v -4799.76 0 5686.56
v -4803.3 0 5683.96
v -4804.26 0 5683.31
v -4793.37 14 5666.97
v -4788.57 14 5670.28
v -4799.76 14 5686.56
v -4803.3 14 5683.96
v -4804.26 14 5683.31
v -4797.85 14 5678.22
v -4812.19 0 5696.77
v -4815.6 0 5702.03
v -4831.75 0 5690.92
v -4833.7 0 5689.68
v -4830.12 0 5684.33
v -4812.19 14 5696.77
v -4815.6 14 5702.03
v -4831.75 14 5690.92
v -4833.7 14 5689.68
v -4830.12 14 5684.33
v -4824.67 14 5692.75
v -4877.89 0 5738.7
v -4873.9 0 5741.61
v -4877.4 0 5746.41
v -4884.04 0 5755.48
v -4885.9 0 5758.02
v -4889.89 0 5755.11
v -4877.89 14 5738.7
v -4873.9 14 5741.61
v -4877.4 14 5746.41
v -4884.04 14 5755.48
v -4885.9 14 5758.02
v -4889.89 14 5755.11
v -4881.5 14 5749.22
v -4779.89 0 5700.23
v -4784.9 0 5707.66
v -4791.8 0 5702.61
v -4787 0 5695.53
v -4784.76 0 5695.03
v -4780.86 0 5694.26
v -4780.52 0 5699.79
v -4779.89 14 5700.23
v -4784.9 14 5707.66
v -4791.8 14 5702.61
v -4787 14 5695.53
v -4784.76 14 5695.03
v -4780.86 14 5694.26
v -4780.52 14 5699.79
v -4784.25 14 5699.3
v -4829.51 0 5670.3
v -4824.85 0 5663.23
v -4835.1 0 5656.48
v -4839.76 0 5663.56
v -4829.51 5 5670.3
v -4824.85 5 5663.23
v -4835.1 5 5656.48
v -4839.76 5 5663.56
v -4832.3 5 5663.39
v -4913.93 0 5705.96
v -4910.76 0 5701.52
v -4918.93 0 5695.66
v -4922.1 0 5700.1
v -4913.93 5 5705.96
v -4910.76 5 5701.52
v -4918.93 5 5695.66
v -4922.1 5 5700.1
v -4916.43 5 5700.81
v -4892.31 0 5676.14
v -4889 0 5671.77
v -4897.02 0 5665.69
v -4900.33 0 5670.06
v -4892.31 5 5676.14
v -4889 5 5671.77
v -4897.02 5 5665.69
v -4900.33 5 5670.06
v -4894.67 5 5670.92
v -4851.73 0 5979.23
v -4842.14 0 5974.56
v -4840.63 0 5977.68
v -4850.21 0 5982.34
v -4851.73 1 5979.23
v -4842.14 1 5974.56
v -4840.63 1 5977.68
v -4850.21 1 5982.34
v -4846.18 1 5978.45
v -4793.13 0 6019.07
v -4794.59 0 6008.34
v -4801.32 0 6009.26
v -4799.86 0 6019.98
v -4793.13 1 6019.07
v -4794.59 1 6008.34
v -4801.32 1 6009.26
v -4799.86 1 6019.98
v -4797.22 1 6014.16
v -5151.25 0 6013.78
v -5134.74 0 5984.9
v -5110.07 0 5999.02
v -5126.58 0 6027.88
v -5151.25 4 6013.78
v -5134.74 4 5984.9
v -5110.07 4 5999.02
v -5126.58 4 6027.88
v -5130.66 4 6006.4
v -5079.39 0 5995.62
v -5069.93 0 5977.24
v -5078.87 0 5972.65
v -5079.8 0 5974.44
v -5084.09 0 5972.22
v -5082.89 0 5969.9
v -5098.58 0 5961.83
v -5112.22 0 5987.16
v -5125.35 0 5979.47
v -5106.1 0 5943.73
v -5093.26 0 5951.18
v -5095.79 0 5956.38
v -5094.62 0 5956.98
v -5090.14 0 5948.27
v -5078.51 0 5954.27
v -5079.33 0 5955.87
v -5077.85 0 5956.63
v -5079.93 0 5960.66
v -5077.19 0 5962.07
v -5079.05 0 5965.68
v -5061.88 0 5974.52
v -5064.74 0 5980.08
v -5066.21 0 5979.33
v -5075.6 0 5997.56
v -5079.39 4 5995.62
v -5069.93 4 5977.24
v -5078.87 4 5972.65
v -5079.8 4 5974.44
v -5084.09 4 5972.22
v -5082.89 4 5969.9
v -5098.58 4 5961.83
v -5112.22 4 5987.16
v -5125.35 4 5979.47
v -5106.1 4 5943.73
v -5093.26 4 5951.18
v -5095.79 4 5956.38
v -5094.62 4 5956.98
v -5090.14 4 5948.27
v -5078.51 4 5954.27
v -5079.33 4 5955.87
v -5077.85 4 5956.63
v -5079.93 4 5960.66
v -5077.19 4 5962.07
v -5079.05 4 5965.68
v -5061.88 4 5974.52
v -5064.74 4 5980.08
v -5066.21 4 5979.33
v -5075.6 4 5997.56
v -5084.64 4 5968.07
v -5437.03 0 5936.26
v -5433.94 0 5930.02
v -5438.97 0 5927.53
v -5442.06 0 5933.75
v -5437.03 5 5936.26
v -5433.94 5 5930.02
v -5438.97 5 5927.53
v -5442.06 5 5933.75
v -5438 5 5931.89
v -4396.26 0 6068.19
v -4403.4 0 6079.97
v -4410.95 0 6092.43
v -4422.79 0 6112.06
v -4354.54 0 6149.86
v -4368.26 0 6172.38
v -4367.77 0 6174.8
v -4367.06 0 6178.52
v -4356.1 0 6184.99
v -4348.11 0 6189.71
v -4302.08 0 6215.87
v -4301.8 0 6287.74
v -4310.96 0 6290.91
v -4366.55 0 6259.47
v -4369.23 0 6263.5
v -4446.75 0 6217.85
v -4441.45 0 6208.84
v -4439.48 0 6205.5
v -4456.29 0 6195.58
v -4460.43 0 6202.59
v -4474.28 0 6225.56
v -4488.9 0 6250.8
v -4502.84 0 6242.56
v -4520.14 0 6232.36
v -4553.87 0 6212.44
v -4578.42 0 6197.68
v -4588.78 0 6209.77
v -4603.99 0 6198.16
v -4662.04 0 6149.98
v -4664.33 0 6147.45
v -4665.38 0 6143.09
v -4666.2 0 6138.87
v -4663.97 0 6131.39
v -4657.63 0 6110.16
v -4639.68 0 6050
v -4634.68 0 6052.39
v -4633.85 0 6049.37
v -4632.83 0 6046.73
v -4628.07 0 6027.89
v -4624.34 0 6019.59
v -4618.94 0 6012.81
v -4606.49 0 6003.68
v -4592.43 0 5998.75
v -4583.05 0 5998.86
v -4573.52 0 6000.21
v -4582.26 0 6016.14
v -4597.95 0 6015.96
v -4605.84 0 6020.15
v -4610.95 0 6025.67
v -4611.25 0 6025.95
v -4583.55 0 6040.01
v -4573.26 0 6023.23
v -4564.1 0 6007.36
v -4543.03 0 6019.5
v -4552.18 0 6035.38
v -4562.58 0 6029.39
v -4564.32 0 6032.26
v -4568.85 0 6039.81
v -4551.31 0 6049.64
v -4559.47 0 6063.68
v -4490.73 0 6105.51
v -4477.41 0 6113.38
v -4463.2 0 6088.02
v -4436.98 0 6043.96
v -4442.74 0 6038.73
v -4447.81 0 6033.95
v -4452 0 6027.68
v -4454.23 0 6020.97
v -4454.82 0 6012.61
v -4453.85 0 6003.43
v -4451.09 0 5996.11
v -4447.52 0 5989.76
v -4445.05 0 5986.04
v -4440.58 0 5982.24
v -4434.82 0 5979.18
v -4428.26 0 5977.31
v -4422.36 0 5976.64
v -4416.46 0 5976.69
v -4409.91 0 5977.76
v -4403.79 0 5980.37
v -4400.39 0 5982.23
v -4382.06 0 5992.66
v -4375.81 0 5996.22
v -4373.85 0 5997.34
v -4375.03 0 5999.34
v -4395.31 0 6034.81
v -4389.65 0 6038.05
v -4380.88 0 6043.16
v -4396.26 10 6068.19
v -4403.4 10 6079.97
v -4410.95 10 6092.43
v -4422.79 10 6112.06
v -4354.54 10 6149.86
v -4368.26 10 6172.38
v -4367.77 10 6174.8
v -4367.06 10 6178.52
v -4356.1 10 6184.99
v -4348.11 10 6189.71
v -4302.08 10 6215.87
v -4301.8 10 6287.74
v -4310.96 10 6290.91
v -4366.55 10 6259.47
v -4369.23 10 6263.5
v -4446.75 10 6217.85
v -4441.45 10 6208.84
v -4439.48 10 6205.5
v -4456.29 10 6195.58
v -4460.43 10 6202.59
v -4474.28 10 6225.56
v -4488.9 10 6250.8
v -4502.84 10 6242.56
v -4520.14 10 6232.36
v -4553.87 10 6212.44
v -4578.42 10 6197.68
v -4588.78 10 6209.77
v -4603.99 10 6198.16
v -4662.04 10 6149.98
v -4664.33 10 6147.45
v -4665.38 10 6143.09
v -4666.2 10 6138.87
v -4663.97 10 6131.39
v -4657.63 10 6110.16
v -4639.68 10 6050
v -4634.68 10 6052.39
v -4633.85 10 6049.37
v -4632.83 10 6046.73
v -4628.07 10 6027.89
v -4624.34 10 6019.59
v -4618.94 10 6012.81
v -4606.49 10 6003.68
v -4592.43 10 5998.75
v -4583.05 10 5998.86
v -4573.52 10 6000.21
v -4582.26 10 6016.14
v -4597.95 10 6015.96
v -4605.84 10 6020.15
v -4610.95 10 6025.67
v -4611.25 10 6025.95
v -4583.55 10 6040.01
v -4573.26 10 6023.23
v -4564.1 10 6007.36
v -4543.03 10 6019.5
v -4552.18 10 6035.38
v -4562.58 10 6029.39
v -4564.32 10 6032.26
v -4568.85 10 6039.81
v -4551.31 10 6049.64
v -4559.47 10 6063.68
v -4490.73 10 6105.51
v -4477.41 10 6113.38
v -4463.2 10 6088.02
v -4436.98 10 6043.96
v -4442.74 10 6038.73
v -4447.81 10 6033.95
v -4452 10 6027.68
v -4454.23 10 6020.97
v -4454.82 10 6012.61
v -4453.85 10 6003.43
v -4451.09 10 5996.11
v -4447.52 10 5989.76
v -4445.05 10 5986.04
v -4440.58 10 5982.24
v -4434.82 10 5979.18
v -4428.26 10 5977.31
v -4422.36 10 5976.64
v -4416.46 10 5976.69
v -4409.91 10 5977.76
v -4403.79 10 5980.37
v -4400.39 10 5982.23
v -4382.06 10 5992.66
v -4375.81 10 5996.22
v -4373.85 10 5997.34
v -4375.03 10 5999.34
v -4395.31 10 6034.81
v -4389.65 10 6038.05
v -4380.88 10 6043.16
v -4492.34 10 6084.54
v -5281.76 0 6061.91
v -5300.03 0 6095.79
v -5281.46 0 6105.8
v -5263.2 0 6071.92
v -5281.76 84 6061.91
v -5300.03 84 6095.79
v -5281.46 84 6105.8
v -5263.2 84 6071.92
v -5281.61 84 6083.86
v -5559.72 0 5481.76
v -5563.24 0 5487.06
v -5567.09 0 5484.51
v -5576.2 0 5498.29
v -5570.55 0 5502.36
v -5577.94 0 5513.88
v -5586.27 0 5508.41
v -5587.21 0 5509.81
v -5597.03 0 5503.31
v -5597.57 0 5504.11
v -5600.64 0 5502.1
v -5601.64 0 5503.61
v -5607.36 0 5500.15
v -5612.06 0 5496.96
v -5613.29 0 5498.77
v -5623.61 0 5491.76
v -5626.1 0 5489.55
v -5627.41 0 5491.23
v -5633.23 0 5487.05
v -5634.49 0 5484.7
v -5636.44 0 5486.05
v -5642.04 0 5479.4
v -5649.27 0 5478.66
v -5648 0 5468.55
v -5644.5 0 5468.85
v -5645.99 0 5466.64
v -5643.23 0 5464.74
v -5641.36 0 5467.42
v -5640.28 0 5466.61
v -5640.06 0 5462.61
v -5625.39 0 5464.11
v -5624.98 0 5460.82
v -5615.13 0 5461.35
v -5611.26 0 5464.33
v -5609.05 0 5460.74
v -5601.25 0 5465.56
v -5599.19 0 5462.51
v -5595.78 0 5464.82
v -5597.7 0 5467.61
v -5584.61 0 5476.27
v -5582.57 0 5477.62
v -5581.46 0 5475.96
v -5578.73 0 5471.82
v -5580.33 0 5470.76
v -5577.41 0 5466.33
v -5564.45 0 5474.92
v -5566.15 0 5477.5
v -5559.72 30 5481.76
v -5563.24 30 5487.06
v -5567.09 30 5484.51
v -5576.2 30 5498.29
v -5570.55 30 5502.36
v -5577.94 30 5513.88
v -5586.27 30 5508.41
v -5587.21 30 5509.81
v -5597.03 30 5503.31
v -5597.57 30 5504.11
v -5600.64 30 5502.1
v -5601.64 30 5503.61
v -5607.36 30 5500.15
v -5612.06 30 5496.96
v -5613.29 30 5498.77
v -5623.61 30 5491.76
v -5626.1 30 5489.55
v -5627.41 30 5491.23
v -5633.23 30 5487.05
v -5634.49 30 5484.7
v -5636.44 30 5486.05
v -5642.04 30 5479.4
v -5649.27 30 5478.66
v -5648 30 5468.55
v -5644.5 30 5468.85
v -5645.99 30 5466.64
v -5643.23 30 5464.74
v -5641.36 30 5467.42
v -5640.28 30 5466.61
v -5640.06 30 5462.61
v -5625.39 30 5464.11
v -5624.98 30 5460.82
v -5615.13 30 5461.35
v -5611.26 30 5464.33
v -5609.05 30 5460.74
v -5601.25 30 5465.56
v -5599.19 30 5462.51
v -5595.78 30 5464.82
v -5597.7 30 5467.61
v -5584.61 30 5476.27
v -5582.57 30 5477.62
v -5581.46 30 5475.96
v -5578.73 30 5471.82
v -5580.33 30 5470.76
v -5577.41 30 5466.33
v -5564.45 30 5474.92
v -5566.15 30 5477.5
v -5606.15 30 5481.11
v -4752.93 0 5794.38
v -4782.67 0 5841.39
v -4764.73 0 5851.73
v -4762.45 0 5847.86
v -4748.86 0 5826.55
v -4735.48 0 5805.41
v -4752.93 6 5794.38
v -4782.67 6 5841.39
v -4764.73 6 5851.73
v -4762.45 6 5847.86
v -4748.86 6 5826.55
v -4735.48 6 5805.41
v -4757.85 6 5827.89
v -4630.32 0 5611.14
v -4657.47 0 5658.44
v -4644.71 0 5665.76
v -4620.32 0 5623.18
v -4617.58 0 5618.52
v -4626.92 0 5613.03
v -4630.32 10 5611.14
v -4657.47 10 5658.44
v -4644.71 10 5665.76
v -4620.32 10 5623.18
v -4617.58 10 5618.52
v -4626.92 10 5613.03
v -4632.89 10 5631.68
v -4673.34 0 5684.41
v -4683.74 0 5701.81
v -4668.53 0 5711.02
v -4646.25 0 5724.12
v -4635.96 0 5706.6
v -4656.43 0 5694.57
v -4673.34 10 5684.41
v -4683.74 10 5701.81
v -4668.53 10 5711.02
v -4646.25 10 5724.12
v -4635.96 10 5706.6
v -4656.43 10 5694.57
v -4660.71 10 5703.75
v -4697.24 0 5724.18
v -4731.55 0 5782.49
v -4726.49 0 5785.47
v -4725.67 0 5784.07
v -4718.94 0 5788.03
v -4692.55 0 5743.11
v -4685.45 0 5731.13
v -4697.24 6 5724.18
v -4731.55 6 5782.49
v -4726.49 6 5785.47
v -4725.67 6 5784.07
v -4718.94 6 5788.03
v -4692.55 6 5743.11
v -4685.45 6 5731.13
v -4711.13 6 5762.64
v -4611.16 0 5630.04
v -4623 0 5650.1
v -4625.88 0 5654.97
v -4637.99 0 5675.5
v -4662.82 0 5662.24
v -4665.8 0 5667.33
v -4653.14 0 5674.77
v -4656.42 0 5680.37
v -4653.42 0 5682.14
v -4657.21 0 5688.59
v -4654.02 0 5690.46
v -4656.43 0 5694.57
v -4635.96 0 5706.6
v -4646.25 0 5724.12
v -4668.53 0 5711.02
v -4672.79 0 5718.28
v -4682.56 0 5712.54
v -4685.72 0 5717.93
v -4690.3 0 5715.23
v -4693.83 0 5721.23
v -4668.4 0 5736.17
v -4671.5 0 5741.45
v -4675.47 0 5739.11
v -4678.18 0 5743.72
v -4683.26 0 5740.72
v -4686.69 0 5746.55
v -4692.55 0 5743.11
v -4718.94 0 5788.03
v -4719.4 0 5788.81
v -4724.61 0 5785.75
v -4727.86 0 5791.27
v -4725.55 0 5792.62
v -4728.39 0 5797.46
v -4724.93 0 5799.49
v -4752.24 0 5845.97
v -4755.71 0 5843.93
v -4759.16 0 5849.78
v -4762.45 0 5847.86
v -4764.73 0 5851.73
v -4707.39 0 5885.43
v -4705.16 0 5881.62
v -4696.95 0 5886.44
v -4694.26 0 5881.87
v -4686.39 0 5886.49
v -4683.06 0 5880.83
v -4682.4 0 5881.23
v -4615.2 0 5766.88
v -4619.86 0 5764.15
v -4616.94 0 5759.17
v -4620.26 0 5757.22
v -4617.11 0 5751.86
v -4621.45 0 5749.31
v -4606.06 0 5723.11
v -4604.87 0 5723.81
v -4601.86 0 5718.67
v -4600.63 0 5719.4
v -4597.38 0 5713.85
v -4592.63 0 5716.65
v -4589.62 0 5711.51
v -4585.6 0 5713.87
v -4582.76 0 5709.03
v -4579.17 0 5711.15
v -4576.75 0 5707.04
v -4572.1 0 5709.78
v -4552.3 0 5676.08
v -4554.94 0 5674.53
v -4551.65 0 5668.95
v -4554.97 0 5666.99
v -4553.41 0 5664.34
v -4551.13 0 5660.44
v -4574.71 0 5646.58
v -4570.94 0 5640.16
v -4624.4 0 5608.74
v -4626.92 0 5613.03
v -4617.58 0 5618.52
v -4620.32 0 5623.18
v -4611.16 9 5630.04
v -4623 9 5650.1
v -4625.88 9 5654.97
v -4637.99 9 5675.5
v -4662.82 9 5662.24
v -4665.8 9 5667.33
v -4653.14 9 5674.77
v -4656.42 9 5680.37
v -4653.42 9 5682.14
v -4657.21 9 5688.59
v -4654.02 9 5690.46
v -4656.43 9 5694.57
v -4635.96 9 5706.6
v -4646.25 9 5724.12
v -4668.53 9 5711.02
v -4672.79 9 5718.28
v -4682.56 9 5712.54
v -4685.72 9 5717.93
v -4690.3 9 5715.23
v -4693.83 9 5721.23
v -4668.4 9 5736.17
v -4671.5 9 5741.45
v -4675.47 9 5739.11
v -4678.18 9 5743.72
v -4683.26 9 5740.72
v -4686.69 9 5746.55
v -4692.55 9 5743.11
v -4718.94 9 5788.03
v -4719.4 9 5788.81
v -4724.61 9 5785.75
v -4727.86 9 5791.27
v -4725.55 9 5792.62
v -4728.39 9 5797.46
v -4724.93 9 5799.49
v -4752.24 9 5845.97
v -4755.71 9 5843.93
v -4759.16 9 5849.78
v -4762.45 9 5847.86
v -4764.73 9 5851.73
v -4707.39 9 5885.43
v -4705.16 9 5881.62
v -4696.95 9 5886.44
v -4694.26 9 5881.87
v -4686.39 9 5886.49
v -4683.06 9 5880.83
v -4682.4 9 5881.23
v -4615.2 9 5766.88
v -4619.86 9 5764.15
v -4616.94 9 5759.17
v -4620.26 9 5757.22
v -4617.11 9 5751.86
v -4621.45 9 5749.31
v -4606.06 9 5723.11
v -4604.87 9 5723.81
v -4601.86 9 5718.67
v -4600.63 9 5719.4
v -4597.38 9 5713.85
v -4592.63 9 5716.65
v -4589.62 9 5711.51
v -4585.6 9 5713.87
v -4582.76 9 5709.03
v -4579.17 9 5711.15
v -4576.75 9 5707.04
v -4572.1 9 5709.78
v -4552.3 9 5676.08
v -4554.94 9 5674.53
v -4551.65 9 5668.95
v -4554.97 9 5666.99
v -4553.41 9 5664.34
v -4551.13 9 5660.44
v -4574.71 9 5646.58
v -4570.94 9 5640.16
v -4624.4 9 5608.74
v -4626.92 9 5613.03
v -4617.58 9 5618.52
v -4620.32 9 5623.18
v -4649.51 9 5734.52
v -4509.45 0 5787.93
v -4506.35 0 5789.72
v -4502.35 0 5792.01
v -4499.68 0 5793.53
v -4495.9 0 5795.7
v -4483.59 0 5802.75
v -4465.8 0 5812.94
v -4462.09 0 5815.06
v -4456.81 0 5818.09
v -4431.69 0 5832.47
v -4418.53 0 5840.01
v -4427.03 0 5854.27
v -4414.94 0 5860.85
v -4422.01 0 5874.33
v -4434.75 0 5895.58
v -4436.92 0 5899.22
v -4452.44 0 5926.34
v -4467.2 0 5952.09
v -4472.29 0 5960.98
v -4478.77 0 5972.32
v -4482.4 0 5978.62
v -4489.63 0 5991.27
v -4503.22 0 5983.5
v -4509.8 0 5994.99
v -4522.98 0 5987.45
v -4536.69 0 5979.83
v -4549.5 0 5972.26
v -4560.79 0 5965.78
v -4575.24 0 5957.51
v -4584.96 0 5951.92
v -4602.21 0 5942.07
v -4613.83 0 5935.41
v -4614.69 0 5934.92
v -4606.82 0 5921.18
v -4618.27 0 5914.63
v -4610.72 0 5901.45
v -4595.38 0 5874.65
v -4580.79 0 5849.19
v -4565.75 0 5822.93
v -4550.96 0 5797.11
v -4543.83 0 5784.67
v -4533.89 0 5790.36
v -4529.89 0 5792.65
v -4522.8 0 5780.29
v -4517.8 0 5783.15
v -4512.7 0 5786.08
v -4509.45 10 5787.93
v -4506.35 10 5789.72
v -4502.35 10 5792.01
v -4499.68 10 5793.53
v -4495.9 10 5795.7
v -4483.59 10 5802.75
v -4465.8 10 5812.94
v -4462.09 10 5815.06
v -4456.81 10 5818.09
v -4431.69 10 5832.47
v -4418.53 10 5840.01
v -4427.03 10 5854.27
v -4414.94 10 5860.85
v -4422.01 10 5874.33
v -4434.75 10 5895.58
v -4436.92 10 5899.22
v -4452.44 10 5926.34
v -4467.2 10 5952.09
v -4472.29 10 5960.98
v -4478.77 10 5972.32
v -4482.4 10 5978.62
v -4489.63 10 5991.27
v -4503.22 10 5983.5
v -4509.8 10 5994.99
v -4522.98 10 5987.45
v -4536.69 10 5979.83
v -4549.5 10 5972.26
v -4560.79 10 5965.78
v -4575.24 10 5957.51
v -4584.96 10 5951.92
v -4602.21 10 5942.07
v -4613.83 10 5935.41
v -4614.69 10 5934.92
v -4606.82 10 5921.18
v -4618.27 10 5914.63
v -4610.72 10 5901.45
v -4595.38 10 5874.65
v -4580.79 10 5849.19
v -4565.75 10 5822.93
v -4550.96 10 5797.11
v -4543.83 10 5784.67
v -4533.89 10 5790.36
v -4529.89 10 5792.65
v -4522.8 10 5780.29
v -4517.8 10 5783.15
v -4512.7 10 5786.08
v -4514.65 10 5879.35
v -5371.74 0 5729.71
v -5385.77 0 5750.52
v -5419.6 0 5731.11
v -5431.54 0 5751.39
v -5476.5 0 5723.73
v -5472 0 5716.52
v -5480.19 0 5711.41
v -5482.62 0 5707.35
v -5483.16 0 5701.25
v -5482.11 0 5696.05
v -5479.52 0 5690.4
v -5476.63 0 5687.11
v -5473.1 0 5683.84
v -5469.13 0 5682.57
v -5462.62 0 5681.26
v -5456.57 0 5682.66
v -5452.01 0 5685.5
v -5446.47 0 5677.47
v -5425.99 0 5691.3
v -5409.39 0 5701.71
v -5371.74 30 5729.71
v -5385.77 30 5750.52
v -5419.6 30 5731.11
v -5431.54 30 5751.39
v -5476.5 30 5723.73
v -5472 30 5716.52
v -5480.19 30 5711.41
v -5482.62 30 5707.35
v -5483.16 30 5701.25
v -5482.11 30 5696.05
v -5479.52 30 5690.4
v -5476.63 30 5687.11
v -5473.1 30 5683.84
v -5469.13 30 5682.57
v -5462.62 30 5681.26
v -5456.57 30 5682.66
v -5452.01 30 5685.5
v -5446.47 30 5677.47
v -5425.99 30 5691.3
v -5409.39 30 5701.71
v -5451.83 30 5704.14
v -4647.31 0 5759.3
v -4626.34 0 5771.04
v -4641.49 0 5798.11
v -4644.14 0 5802.85
v -4655.34 0 5822.88
v -4683.73 0 5873.62
v -4704.7 0 5861.9
v -4676.31 0 5811.14
v -4665.1 0 5791.12
v -4662.45 0 5786.39
v -4647.31 10 5759.3
v -4626.34 10 5771.04
v -4641.49 10 5798.11
v -4644.14 10 5802.85
v -4655.34 10 5822.88
v -4683.73 10 5873.62
v -4704.7 10 5861.9
v -4676.31 10 5811.14
v -4665.1 10 5791.12
v -4662.45 10 5786.39
v -4660.69 10 5807.83
v -4586.73 0 5644.44
v -4598.57 0 5664.5
v -4601.46 0 5669.39
v -4613.56 0 5689.92
v -4637.99 0 5675.5
v -4625.88 0 5654.97
v -4623 0 5650.1
v -4611.16 0 5630.04
v -4586.73 10 5644.44
v -4598.57 10 5664.5
v -4601.46 10 5669.39
v -4613.56 10 5689.92
v -4637.99 10 5675.5
v -4625.88 10 5654.97
v -4623 10 5650.1
v -4611.16 10 5630.04
v -4612.3 10 5659.86
v -5597.58 0 5755.84
v -5589.44 0 5754.96
v -5585.25 0 5754.52
v -5583.25 0 5773.35
v -5587.54 0 5773.81
v -5595.57 0 5774.67
v -5597.58 10 5755.84
v -5589.44 10 5754.96
v -5585.25 10 5754.52
v -5583.25 10 5773.35
v -5587.54 10 5773.81
v -5595.57 10 5774.67
v -5589.77 10 5764.52
v -5251.92 0 6073.56
v -5264.81 0 6095.58
v -5276.28 0 6115.14
v -5278.68 0 6113.73
v -5282.62 0 6111.44
v -5292.25 0 6105.81
v -5318.17 0 6090.67
v -5321.74 0 6090.67
v -5322.86 0 6092.64
v -5340.55 0 6082.54
v -5374.72 0 6063.02
v -5384.68 0 6080.46
v -5397.26 0 6102.5
v -5399.15 0 6105.81
v -5401.87 0 6110.55
v -5406.34 0 6118.46
v -5407.82 0 6120.99
v -5373.54 0 6140.56
v -5359.71 0 6148.43
v -5352.82 0 6152.38
v -5345.21 0 6152.08
v -5325.77 0 6163.57
v -5316.33 0 6169.14
v -5295.27 0 6181.57
v -5288.07 0 6168.77
v -5299.1 0 6153.69
v -5295.85 0 6148.01
v -5294.44 0 6145.53
v -5277.31 0 6149.28
v -5252.68 0 6108.19
v -5240.11 0 6086.89
v -5251.92 10 6073.56
v -5264.81 10 6095.58
v -5276.28 10 6115.14
v -5278.68 10 6113.73
v -5282.62 10 6111.44
v -5292.25 10 6105.81
v -5318.17 10 6090.67
v -5321.74 10 6090.67
v -5322.86 10 6092.64
v -5340.55 10 6082.54
v -5374.72 10 6063.02
v -5384.68 10 6080.46
v -5397.26 10 6102.5
v -5399.15 10 6105.81
v -5401.87 10 6110.55
v -5406.34 10 6118.46
v -5407.82 10 6120.99
v -5373.54 10 6140.56
v -5359.71 10 6148.43
v -5352.82 10 6152.38
v -5345.21 10 6152.08
v -5325.77 10 6163.57
v -5316.33 10 6169.14
v -5295.27 10 6181.57
v -5288.07 10 6168.77
v -5299.1 10 6153.69
v -5295.85 10 6148.01
v -5294.44 10 6145.53
v -5277.31 10 6149.28
v -5252.68 10 6108.19
v -5240.11 10 6086.89
v -5323.81 10 6120.7
v -5574.68 0 6036.44
v -5572.57 0 6035.62
v -5570.3 0 6035.52
v -5568.13 0 6036.17
v -5566.27 0 6037.48
v -5564.96 0 6039.32
v -5564.3 0 6041.49
v -5564.39 0 6043.76
v -5565.21 0 6045.87
v -5566.67 0 6047.61
v -5568.62 0 6048.77
v -5570.84 0 6049.25
v -5573.08 0 6048.97
v -5575.13 0 6047.98
v -5576.74 0 6046.37
v -5577.74 0 6044.34
v -5578.03 0 6042.09
v -5577.56 0 6039.87
v -5576.4 0 6037.91
v -5574.68 5 6036.44
v -5572.57 5 6035.62
v -5570.3 5 6035.52
v -5568.13 5 6036.17
v -5566.27 5 6037.48
v -5564.96 5 6039.32
v -5564.3 5 6041.49
v -5564.39 5 6043.76
v -5565.21 5 6045.87
v -5566.67 5 6047.61
v -5568.62 5 6048.77
v -5570.84 5 6049.25
v -5573.08 5 6048.97
v -5575.13 5 6047.98
v -5576.74 5 6046.37
v -5577.74 5 6044.34
v -5578.03 5 6042.09
v -5577.56 5 6039.87
v -5576.4 5 6037.91
v -5571.14 5 6042.36
v -5509.98 0 5996
v -5509.98 0 6016.45
v -5494.78 0 6016.79
v -5494.6 0 6010.71
v -5492.08 0 6010.87
v -5492.08 0 6001.41
v -5494.95 0 6001.25
v -5494.94 0 5996.35
v -5509.98 20 5996
v -5509.98 20 6016.45
v -5494.78 20 6016.79
v -5494.6 20 6010.71
v -5492.08 20 6010.87
v -5492.08 20 6001.41
v -5494.95 20 6001.25
v -5494.94 20 5996.35
v -5497.92 20 6006.23
v -4749.27 0 5556.84
v -4744.82 0 5560.35
v -4762.3 0 5582.54
v -4766.75 0 5579.03
v -4749.27 12 5556.84
v -4744.82 12 5560.35
v -4762.3 12 5582.54
v -4766.75 12 5579.03
v -4755.79 12 5569.69
v -4753.73 0 5553.33
v -4749.27 0 5556.84
v -4766.75 0 5579.03
v -4771.22 0 5575.51
v -4753.73 12 5553.33
v -4749.27 12 5556.84
v -4766.75 12 5579.03
v -4771.22 12 5575.51
v -4760.24 12 5566.18
v -4758.18 0 5549.81
v -4753.73 0 5553.33
v -4771.22 0 5575.51
v -4775.67 0 5572.01
v -4758.18 12 5549.81
v -4753.73 12 5553.33
v -4771.22 12 5575.51
v -4775.67 12 5572.01
v -4764.7 12 5562.67
v -4762.65 0 5546.3
v -4758.18 0 5549.81
v -4775.67 0 5572.01
v -4780.13 0 5568.49
v -4762.65 12 5546.3
v -4758.18 12 5549.81
v -4775.67 12 5572.01
v -4780.13 12 5568.49
v -4769.16 12 5559.15
v -4767.1 0 5542.79
v -4762.65 0 5546.3
v -4780.13 0 5568.49
v -4784.59 0 5564.98
v -4767.1 12 5542.79
v -4762.65 12 5546.3
v -4780.13 12 5568.49
v -4784.59 12 5564.98
v -4773.62 12 5555.64
v -4771.56 0 5539.28
v -4767.1 0 5542.79
v -4784.59 0 5564.98
v -4789.04 0 5561.48
v -4771.56 12 5539.28
v -4767.1 12 5542.79
v -4784.59 12 5564.98
v -4789.04 12 5561.48
v -4778.07 12 5552.13
v -4776.01 0 5535.76
v -4771.56 0 5539.28
v -4789.04 0 5561.48
v -4793.5 0 5557.96
v -4776.01 12 5535.76
v -4771.56 12 5539.28
v -4789.04 12 5561.48
v -4793.5 12 5557.96
v -4782.53 12 5548.62
v -4780.48 0 5532.26
v -4776.01 0 5535.76
v -4793.5 0 5557.96
v -4797.96 0 5554.45
v -4780.48 12 5532.26
v -4776.01 12 5535.76
v -4793.5 12 5557.96
v -4797.96 12 5554.45
v -4786.99 12 5545.11
v -4784.94 0 5528.74
v -4780.48 0 5532.26
v -4797.96 0 5554.45
v -4802.41 0 5550.94
v -4784.94 12 5528.74
v -4780.48 12 5532.26
v -4797.96 12 5554.45
v -4802.41 12 5550.94
v -4791.45 12 5541.6
v -5198.38 0 5685.21
v -5195.25 0 5688.01
v -5187.89 0 5679.8
v -5191.03 0 5677
v -5198.38 10 5685.21
v -5195.25 10 5688.01
v -5187.89 10 5679.8
v -5191.03 10 5677
v -5193.14 10 5682.51
v -5121.34 0 5876.19
v -5121.86 0 5884.84
v -5118.59 0 5891.36
v -5114.44 0 5889.89
v -5111.53 0 5885.56
v -5111.44 0 5882.93
v -5113.51 0 5878.6
v -5117.08 0 5876.34
v -5121.34 10 5876.19
v -5121.86 10 5884.84
v -5118.59 10 5891.36
v -5114.44 10 5889.89
v -5111.53 10 5885.56
v -5111.44 10 5882.93
v -5113.51 10 5878.6
v -5117.08 10 5876.34
v -5116.22 10 5883.22
v -5163.83 0 5957.36
v -5180.88 0 5987.04
v -5174.34 0 5991.86
v -5170.34 0 5994.79
v -5152.52 0 5963.12
v -5156.79 0 5960.78
v -5163.83 8 5957.36
v -5180.88 8 5987.04
v -5174.34 8 5991.86
v -5170.34 8 5994.79
v -5152.52 8 5963.12
v -5156.79 8 5960.78
v -5166.45 8 5975.83
v -5307.29 0 5954.85
v -5309.93 0 5959.71
v -5312.87 0 5965.14
v -5269.77 0 5988.51
v -5266.86 0 5983.18
v -5264.18 0 5978.22
v -5307.29 13 5954.85
v -5309.93 13 5959.71
v -5312.87 13 5965.14
v -5269.77 13 5988.51
v -5266.86 13 5983.18
v -5264.18 13 5978.22
v -5288.48 13 5971.6
v -5347.97 0 5997.44
v -5326.47 0 5957.76
v -5323.39 0 5952.1
v -5320.88 0 5947.48
v -5313.34 0 5933.55
v -5296.35 0 5942.76
v -5294.67 0 5939.65
v -5241.69 0 5968.37
v -5250.93 0 5985.4
v -5253.63 0 5990.39
v -5256.5 0 5995.7
v -5278.01 0 6035.36
v -5347.97 10 5997.44
v -5326.47 10 5957.76
v -5323.39 10 5952.1
v -5320.88 10 5947.48
v -5313.34 10 5933.55
v -5296.35 10 5942.76
v -5294.67 10 5939.65
v -5241.69 10 5968.37
v -5250.93 10 5985.4
v -5253.63 10 5990.39
v -5256.5 10 5995.7
v -5278.01 10 6035.36
v -5291.99 10 5970.5
v -4639.68 0 6050
v -4642.92 0 6048.64
v -4650.41 0 6044.95
v -4648.42 0 6038.53
v -4640.95 0 6042.46
v -4632.83 0 6046.73
v -4633.85 0 6049.37
v -4634.68 0 6052.39
v -4639.68 10 6050
v -4642.92 10 6048.64
v -4650.41 10 6044.95
v -4648.42 10 6038.53
v -4640.95 10 6042.46
v -4632.83 10 6046.73
v -4633.85 10 6049.37
v -4634.68 10 6052.39
v -4640.47 10 6046.63
v -5627.46 0 5784.02
v -5627.57 0 5796.16
v -5615.13 0 5796.28
v -5615.01 0 5784.14
v -5627.46 10 5784.02
v -5627.57 10 5796.16
v -5615.13 10 5796.28
v -5615.01 10 5784.14
v -5621.29 10 5790.15
v -5617.9 0 5607.06
v -5619.04 0 5606
v -5620.46 0 5605.38
v -5622.01 0 5605.26
v -5623.52 0 5605.64
v -5624.83 0 5606.48
v -5625.79 0 5607.72
v -5626.3 0 5609.2
v -5626.29 0 5610.77
v -5625.78 0 5612.25
v -5624.81 0 5613.49
v -5623.5 0 5614.33
v -5621.97 0 5614.7
v -5620.43 0 5614.55
v -5619 0 5613.92
v -5617.87 0 5612.86
v -5617.14 0 5611.49
v -5616.89 0 5609.96
v -5617.16 0 5608.42
v -5617.9 10 5607.06
v -5619.04 10 5606
v -5620.46 10 5605.38
v -5622.01 10 5605.26
v -5623.52 10 5605.64
v -5624.83 10 5606.48
v -5625.79 10 5607.72
v -5626.3 10 5609.2
v -5626.29 10 5610.77
v -5625.78 10 5612.25
v -5624.81 10 5613.49
v -5623.5 10 5614.33
v -5621.97 10 5614.7
v -5620.43 10 5614.55
v -5619 10 5613.92
v -5617.87 10 5612.86
v -5617.14 10 5611.49
v -5616.89 10 5609.96
v -5617.16 10 5608.42
v -5621.62 10 5609.97
v -5582.7 0 5615.23
v -5582.7 0 5617.39
v -5576.81 0 5617.4
v -5571.67 0 5617.44
v -5571.66 0 5615.29
v -5576.88 0 5615.24
v -5582.7 10 5615.23
v -5582.7 10 5617.39
v -5576.81 10 5617.4
v -5571.67 10 5617.44
v -5571.66 10 5615.29
v -5576.88 10 5615.24
v -5577.07 10 5616.33
v -5655.29 0 5729.89
v -5650.1 0 5729.02
v -5649.3 0 5733.83
v -5654.49 0 5734.7
v -5655.29 10 5729.89
v -5650.1 10 5729.02
v -5649.3 10 5733.83
v -5654.49 10 5734.7
v -5652.29 10 5731.86
v -5264.18 0 5978.22
v -5266.86 0 5983.18
v -5269.77 0 5988.51
v -5256.5 0 5995.7
v -5253.63 0 5990.39
v -5250.93 0 5985.4
v -5264.18 13 5978.22
v -5266.86 13 5983.18
v -5269.77 13 5988.51
v -5256.5 13 5995.7
v -5253.63 13 5990.39
v -5250.93 13 5985.4
v -5260.31 13 5986.9
v -5320.88 0 5947.48
v -5323.39 0 5952.1
v -5326.47 0 5957.76
v -5312.87 0 5965.14
v -5309.93 0 5959.71
v -5307.29 0 5954.85
v -5320.88 13 5947.48
v -5323.39 13 5952.1
v -5326.47 13 5957.76
v -5312.87 13 5965.14
v -5309.93 13 5959.71
v -5307.29 13 5954.85
v -5316.81 13 5956.17
v -5320.88 0 5947.48
v -5307.29 0 5954.85
v -5264.18 0 5978.22
v -5250.93 0 5985.4
v -5241.69 0 5968.37
v -5294.67 0 5939.65
v -5296.35 0 5942.76
v -5313.34 0 5933.55
v -5320.88 13 5947.48
v -5307.29 13 5954.85
v -5264.18 13 5978.22
v -5250.93 13 5985.4
v -5241.69 13 5968.37
v -5294.67 13 5939.65
v -5296.35 13 5942.76
v -5313.34 13 5933.55
v -5286.17 13 5956.29
v -5326.47 0 5957.76
v -5312.87 0 5965.14
v -5269.77 0 5988.51
v -5256.5 0 5995.7
v -5278.01 0 6035.36
v -5347.97 0 5997.44
v -5326.47 13 5957.76
v -5312.87 13 5965.14
v -5269.77 13 5988.51
v -5256.5 13 5995.7
v -5278.01 13 6035.36
v -5347.97 13 5997.44
v -5298.6 13 5989.99
v -5278.73 0 6108.4
v -5258.48 0 6071.21
v -5262.23 0 6069.17
v -5350.8 0 6020.98
v -5361.44 0 6025.38
v -5373.79 0 6050.66
v -5370.73 0 6058.32
v -5278.73 23 6108.4
v -5258.48 23 6071.21
v -5262.23 23 6069.17
v -5350.8 23 6020.98
v -5361.44 23 6025.38
v -5373.79 23 6050.66
v -5370.73 23 6058.32
v -5322.31 23 6057.73
v -5397.13 0 5612.88
v -5397.58 0 5609.27
v -5430.56 0 5636.76
v -5443.23 0 5647.45
v -5443.62 0 5647.23
v -5446.65 0 5649.99
v -5445.94 0 5650.62
v -5459.77 0 5666.18
v -5457.83 0 5667.53
v -5443.4 0 5649.6
v -5442.29 0 5650.23
v -5429.7 0 5640.21
v -5426.86 0 5642.15
v -5429 0 5644.8
v -5431.84 0 5643.19
v -5436.88 0 5650.32
v -5410.74 0 5667.12
v -5394.73 0 5677.59
v -5364.66 0 5697.09
v -5360.86 0 5694.2
v -5369.27 0 5683.37
v -5366.34 0 5678.52
v -5369.11 0 5676.26
v -5368.17 0 5675.12
v -5366.22 0 5672.81
v -5377.16 0 5652.81
v -5382.05 0 5634.27
v -5385.73 0 5615.43
v -5389.79 0 5614.52
v -5397.13 30 5612.88
v -5397.58 30 5609.27
v -5430.56 30 5636.76
v -5443.23 30 5647.45
v -5443.62 30 5647.23
v -5446.65 30 5649.99
v -5445.94 30 5650.62
v -5459.77 30 5666.18
v -5457.83 30 5667.53
v -5443.4 30 5649.6
v -5442.29 30 5650.23
v -5429.7 30 5640.21
v -5426.86 30 5642.15
v -5429 30 5644.8
v -5431.84 30 5643.19
v -5436.88 30 5650.32
v -5410.74 30 5667.12
v -5394.73 30 5677.59
v -5364.66 30 5697.09
v -5360.86 30 5694.2
v -5369.27 30 5683.37
v -5366.34 30 5678.52
v -5369.11 30 5676.26
v -5368.17 30 5675.12
v -5366.22 30 5672.81
v -5377.16 30 5652.81
v -5382.05 30 5634.27
v -5385.73 30 5615.43
v -5389.79 30 5614.52
v -5409.21 30 5653.36
v -5410.74 0 5667.12
v -5419.67 0 5681.17
v -5425.99 0 5691.3
v -5409.39 0 5701.71
v -5402.57 0 5691.04
v -5394.73 0 5677.59
v -5410.74 6 5667.12
v -5419.67 6 5681.17
v -5425.99 6 5691.3
v -5409.39 6 5701.71
v -5402.57 6 5691.04
v -5394.73 6 5677.59
v -5410.52 6 5684.99
v -5454.36 0 5635.28
v -5452.88 0 5640.5
v -5434.25 0 5635.23
v -5435.73 0 5630.02
v -5454.36 5 5635.28
v -5452.88 5 5640.5
v -5434.25 5 5635.23
v -5435.73 5 5630.02
v -5444.31 5 5635.26
v -5298.78 0 5882.67
v -5301.2 0 5887.33
v -5303.23 0 5891.28
v -5250.49 0 5918.55
v -5246.04 0 5909.93
v -5298.78 13 5882.67
v -5301.2 13 5887.33
v -5303.23 13 5891.28
v -5250.49 13 5918.55
v -5246.04 13 5909.93
v -5279.95 13 5897.95
v -4559.47 0 6063.68
v -4490.73 0 6105.51
v -4497.98 0 6117.79
v -4503.6 0 6127.3
v -4525.4 0 6164.23
v -4549.02 0 6150.77
v -4566.53 0 6163.56
v -4584.6 0 6152.48
v -4585.8 0 6132.54
v -4583.98 0 6121.09
v -4638.1 0 6089.92
v -4617.58 0 6031.12
v -4559.47 10 6063.68
v -4490.73 10 6105.51
v -4497.98 10 6117.79
v -4503.6 10 6127.3
v -4525.4 10 6164.23
v -4549.02 10 6150.77
v -4566.53 10 6163.56
v -4584.6 10 6152.48
v -4585.8 10 6132.54
v -4583.98 10 6121.09
v -4638.1 10 6089.92
v -4617.58 10 6031.12
v -4558.57 10 6118.33
v -4711.52 0 5938.9
v -4705.33 0 5942.71
v -4714.31 0 5957.16
v -4720.45 0 5953.36
v -4711.52 1 5938.9
v -4705.33 1 5942.71
v -4714.31 1 5957.16
v -4720.45 1 5953.36
v -4712.9 1 5948.03
v -5275.02 0 5602.08
v -5272.92 0 5603.73
v -5270.46 0 5605.68
v -5263.06 0 5596.3
v -5264.9 0 5594.84
v -5267.62 0 5592.7
v -5275.02 5 5602.08
v -5272.92 5 5603.73
v -5270.46 5 5605.68
v -5263.06 5 5596.3
v -5264.9 5 5594.84
v -5267.62 5 5592.7
v -5269 5 5599.22
v -4919.55 0 5605.62
v -4908.58 0 5591.23
v -4922.36 0 5580.72
v -4923.82 0 5582.64
v -4925.36 0 5581.46
v -4927.47 0 5584.22
v -4927.92 0 5583.87
v -4934.48 0 5592.47
v -4921.23 0 5602.57
v -4922.08 0 5603.68
v -4919.55 32 5605.62
v -4908.58 32 5591.23
v -4922.36 32 5580.72
v -4923.82 32 5582.64
v -4925.36 32 5581.46
v -4927.47 32 5584.22
v -4927.92 32 5583.87
v -4934.48 32 5592.47
v -4921.23 32 5602.57
v -4922.08 32 5603.68
v -4923.28 32 5590.85
v -5385.73 0 5615.43
v -5380.88 0 5616.12
v -5379.98 0 5616.37
v -5377.72 0 5625.64
v -5379.51 0 5627.99
v -5374.36 0 5645.88
v -5372.95 0 5645.04
v -5372.01 0 5647.06
v -5362.67 0 5636.34
v -5350.98 0 5645.23
v -5364.89 0 5662.15
v -5363.38 0 5664.4
v -5363.82 0 5665.08
v -5362.6 0 5667.54
v -5363.53 0 5668.59
v -5365.13 0 5671.17
v -5366.22 0 5672.81
v -5377.16 0 5652.81
v -5382.05 0 5634.27
v -5385.73 30 5615.43
v -5380.88 30 5616.12
v -5379.98 30 5616.37
v -5377.72 30 5625.64
v -5379.51 30 5627.99
v -5374.36 30 5645.88
v -5372.95 30 5645.04
v -5372.01 30 5647.06
v -5362.67 30 5636.34
v -5350.98 30 5645.23
v -5364.89 30 5662.15
v -5363.38 30 5664.4
v -5363.82 30 5665.08
v -5362.6 30 5667.54
v -5363.53 30 5668.59
v -5365.13 30 5671.17
v -5366.22 30 5672.81
v -5377.16 30 5652.81
v -5382.05 30 5634.27
v -5370.82 30 5646.31
v -4975.45 0 5936.68
v -4977.21 0 5939.42
v -4959.34 0 5950.84
v -4957.58 0 5948.09
v -4975.45 10 5936.68
v -4977.21 10 5939.42
v -4959.34 10 5950.84
v -4957.58 10 5948.09
v -4967.4 10 5943.76
v -5208.28 0 5863.39
v -5194.53 0 5843.32
v -5139.26 0 5880.98
v -5136.23 0 5896.34
v -5150.1 0 5920.72
v -5171.54 0 5912.37
v -5163.14 0 5897.74
v -5164.43 0 5888.58
v -5208.28 10 5863.39
v -5194.53 10 5843.32
v -5139.26 10 5880.98
v -5136.23 10 5896.34
v -5150.1 10 5920.72
v -5171.54 10 5912.37
v -5163.14 10 5897.74
v -5164.43 10 5888.58
v -5165.94 10 5887.93
v -4996.44 0 5520.85
v -4989.63 0 5526.33
v -4986.08 0 5521.93
v -4982.71 0 5517.75
v -4989.51 0 5512.26
v -4996.44 15 5520.85
v -4989.63 15 5526.33
v -4986.08 15 5521.93
v -4982.71 15 5517.75
v -4989.51 15 5512.26
v -4988.88 15 5519.82
v -5397.26 0 6102.5
v -5406.34 0 6118.46
v -5407.82 0 6120.99
v -5373.54 0 6140.56
v -5340.55 0 6082.54
v -5374.72 0 6063.02
v -5384.68 0 6080.46
v -5365.4 0 6091.38
v -5377.98 0 6113.42
v -5397.26 51.9 6102.5
v -5406.34 51.9 6118.46
v -5407.82 51.9 6120.99
v -5373.54 51.9 6140.56
v -5340.55 51.9 6082.54
v -5374.72 51.9 6063.02
v -5384.68 51.9 6080.46
v -5365.4 51.9 6091.38
v -5377.98 51.9 6113.42
v -5380.92 51.9 6101.48
v -5559.53 0 6013.47
v -5563.91 0 6016.79
v -5564.09 0 6023.36
v -5559.73 0 6026.94
v -5554.82 0 6026.49
v -5551.75 0 6023.55
v -5551.22 0 6018.2
v -5553.94 0 6014.49
v -5559.53 10 6013.47
v -5563.91 10 6016.79
v -5564.09 10 6023.36
v -5559.73 10 6026.94
v -5554.82 10 6026.49
v -5551.75 10 6023.55
v -5551.22 10 6018.2
v -5553.94 10 6014.49
v -5557.38 10 6020.41
v -5628.61 0 6006.19
v -5619.27 0 5997.09
v -5610.47 0 6006.11
v -5619.79 0 6015.22
v -5628.61 10 6006.19
v -5619.27 10 5997.09
v -5610.47 10 6006.11
v -5619.79 10 6015.22
v -5619.53 10 6006.15
v -5642.8 0 6019.48
v -5657.16 0 6033.44
v -5649.85 0 6040.96
v -5653.74 0 6044.75
v -5651.33 0 6047.22
v -5645.89 0 6041.93
v -5649.43 0 6038.28
v -5645.68 0 6034.64
v -5642.35 0 6038.07
v -5635.94 0 6031.84
v -5639 0 6028.7
v -5636.34 0 6026.11
v -5642.8 10 6019.48
v -5657.16 10 6033.44
v -5649.85 10 6040.96
v -5653.74 10 6044.75
v -5651.33 10 6047.22
v -5645.89 10 6041.93
v -5649.43 10 6038.28
v -5645.68 10 6034.64
v -5642.35 10 6038.07
v -5635.94 10 6031.84
v -5639 10 6028.7
v -5636.34 10 6026.11
v -5645.79 10 6035.45
v -5660.74 0 5741.59
v -5657.95 0 5755.3
v -5677.69 0 5759.3
v -5680.47 0 5745.6
v -5660.74 3 5741.59
v -5657.95 3 5755.3
v -5677.69 3 5759.3
v -5680.47 3 5745.6
v -5669.21 3 5750.45
v -5685.24 0 5648.43
v -5702.18 0 5651.85
v -5704.02 0 5642.77
v -5687.08 0 5639.36
v -5685.24 3 5648.43
v -5702.18 3 5651.85
v -5704.02 3 5642.77
v -5687.08 3 5639.36
v -5694.63 3 5645.6
v -5706.95 0 5627.23
v -5687.11 0 5623.66
v -5685.59 0 5632.11
v -5705.43 0 5635.69
v -5706.95 3 5627.23
v -5687.11 3 5623.66
v -5685.59 3 5632.11
v -5705.43 3 5635.69
v -5696.27 3 5629.67
v -4846.48 0 5786.12
v -4850.48 0 5783.03
v -4849.79 0 5782.1
v -4848.35 0 5780.25
v -4840.27 0 5769.85
v -4836.41 0 5772.83
v -4846.48 10 5786.12
v -4850.48 10 5783.03
v -4849.79 10 5782.1
v -4848.35 10 5780.25
v -4840.27 10 5769.85
v -4836.41 10 5772.83
v -4845.3 10 5779.03
v -4847.89 0 5787.99
v -4866.48 0 5774.85
v -4864.38 0 5771.98
v -4849.79 0 5782.1
v -4850.48 0 5783.03
v -4846.48 0 5786.12
v -4847.89 10 5787.99
v -4866.48 10 5774.85
v -4864.38 10 5771.98
v -4849.79 10 5782.1
v -4850.48 10 5783.03
v -4846.48 10 5786.12
v -4854.25 10 5781.01
v -5421 0 5984.21
v -5418.78 0 5979.82
v -5442.62 0 5967.77
v -5444.85 0 5972.17
v -5421 10 5984.21
v -5418.78 10 5979.82
v -5442.62 10 5967.77
v -5444.85 10 5972.17
v -5431.81 10 5975.99

f 1 2 76
f 2 77 76
f 2 3 77
f 3 78 77
f 3 4 78
f 4 79 78
f 4 5 79
f 5 80 79
f 5 6 80
f 6 81 80
f 6 7 81
f 7 82 81
f 7 8 82
f 8 83 82
f 8 9 83
f 9 84 83
f 9 10 84
f 10 85 84
f 10 11 85
f 11 86 85
f 11 12 86
f 12 87 86
f 12 13 87
f 13 88 87
f 13 14 88
f 14 89 88
f 14 15 89
f 15 90 89
f 15 16 90
f 16 91 90
f 16 17 91
f 17 92 91
f 17 18 92
f 18 93 92
f 18 19 93
f 19 94 93
f 19 20 94
f 20 95 94
f 20 21 95
f 21 96 95
f 21 22 96
f 22 97 96
f 22 23 97
f 23 98 97
f 23 24 98
f 24 99 98
f 24 25 99
f 25 100 99
f 25 26 100
f 26 101 100
f 26 27 101
f 27 102 101
f 27 28 102
f 28 103 102
f 28 29 103
f 29 104 103
f 29 30 104
f 30 105 104
f 30 31 105
f 31 106 105
f 31 32 106
f 32 107 106
f 32 33 107
f 33 108 107
f 33 34 108
f 34 109 108
f 34 35 109
f 35 110 109
f 35 36 110
f 36 111 110
f 36 37 111
f 37 112 111
f 37 38 112
f 38 113 112
f 38 39 113
f 39 114 113
f 39 40 114
f 40 115 114
f 40 41 115
f 41 116 115
f 41 42 116
f 42 117 116
f 42 43 117
f 43 118 117
f 43 44 118
f 44 119 118
f 44 45 119
f 45 120 119
f 45 46 120
f 46 121 120
f 46 47 121
f 47 122 121
f 47 48 122
f 48 123 122
f 48 49 123
f 49 124 123
f 49 50 124
f 50 125 124
f 50 51 125
f 51 126 125
f 51 52 126
f 52 127 126
f 52 53 127
f 53 128 127
f 53 54 128
f 54 129 128
f 54 55 129
f 55 130 129
f 55 56 130
f 56 131 130
f 56 57 131
f 57 132 131
f 57 58 132
f 58 133 132
f 58 59 133
f 59 134 133
f 59 60 134
f 60 135 134
f 60 61 135
f 61 136 135
f 61 62 136
f 62 137 136
f 62 63 137
f 63 138 137
f 63 64 138
f 64 139 138
f 64 65 139
f 65 140 139
f 65 66 140
f 66 141 140
f 66 67 141
f 67 142 141
f 67 68 142
f 68 143 142
f 68 69 143
f 69 144 143
f 69 70 144
f 70 145 144
f 70 71 145
f 71 146 145
f 71 72 146
f 72 147 146
f 72 73 147
f 73 148 147
f 73 74 148
f 74 149 148
f 74 75 149
f 75 150 149
f 75 1 150
f 1 76 150
f 151 76 77
f 151 77 78
f 151 78 79
f 151 79 80
f 151 80 81
f 151 81 82
f 151 82 83
f 151 83 84
f 151 84 85
f 151 85 86
f 151 86 87
f 151 87 88
f 151 88 89
f 151 89 90
f 151 90 91
f 151 91 92
f 151 92 93
f 151 93 94
f 151 94 95
f 151 95 96
f 151 96 97
f 151 97 98
f 151 98 99
f 151 99 100
f 151 100 101
f 151 101 102
f 151 102 103
f 151 103 104
f 151 104 105
f 151 105 106
f 151 106 107
f 151 107 108
f 151 108 109
f 151 109 110
f 151 110 111
f 151 111 112
f 151 112 113
f 151 113 114
f 151 114 115
f 151 115 116
f 151 116 117
f 151 117 118
f 151 118 119
f 151 119 120
f 151 120 121
f 151 121 122
f 151 122 123
f 151 123 124
f 151 124 125
f 151 125 126
f 151 126 127
f 151 127 128
f 151 128 129
f 151 129 130
f 151 130 131
f 151 131 132
f 151 132 133
f 151 133 134
f 151 134 135
f 151 135 136
f 151 136 137
f 151 137 138
f 151 138 139
f 151 139 140
f 151 140 141
f 151 141 142
f 151 142 143
f 151 143 144
f 151 144 145
f 151 145 146
f 151 146 147
f 151 147 148
f 151 148 149
f 151 149 150
f 151 150 76
f 152 153 180
f 153 181 180
f 153 154 181
f 154 182 181
f 154 155 182
f 155 183 182
f 155 156 183
f 156 184 183
f 156 157 184
f 157 185 184
f 157 158 185
f 158 186 185
f 158 159 186
f 159 187 186
f 159 160 187
f 160 188 187
f 160 161 188
f 161 189 188
f 161 162 189
f 162 190 189
f 162 163 190
f 163 191 190
f 163 164 191
f 164 192 191
f 164 165 192
f 165 193 192
f 165 166 193
f 166 194 193
f 166 167 194
f 167 195 194
f 167 168 195
f 168 196 195
f 168 169 196
f 169 197 196
f 169 170 197
f 170 198 197
f 170 171 198
f 171 199 198
f 171 172 199
f 172 200 199
f 172 173 200
f 173 201 200
f 173 174 201
f 174 202 201
f 174 175 202
f 175 203 202
f 175 176 203
f 176 204 203
f 176 177 204
f 177 205 204
f 177 178 205
f 178 206 205
f 178 179 206
f 179 207 206
f 179 152 207
f 152 180 207
f 208 180 181
f 208 181 182
f 208 182 183
f 208 183 184
f 208 184 185
f 208 185 186
f 208 186 187
f 208 187 188
f 208 188 189
f 208 189 190
f 208 190 191
f 208 191 192
f 208 192 193
f 208 193 194
f 208 194 195
f 208 195 196
f 208 196 197
f 208 197 198
f 208 198 199
f 208 199 200
f 208 200 201
f 208 201 202
f 208 202 203
f 208 203 204
f 208 204 205
f 208 205 206
f 208 206 207
f 208 207 180
f 209 210 259
f 210 260 259
f 210 211 260
f 211 261 260
f 211 212 261
f 212 262 261
f 212 213 262
f 213 263 262
f 213 214 263
f 214 264 263
f 214 215 264
f 215 265 264
f 215 216 265
f 216 266 265
f 216 217 266
f 217 267 266
f 217 218 267
f 218 268 267
f 218 219 268
f 219 269 268
f 219 220 269
f 220 270 269
f 220 221 270
f 221 271 270
f 221 222 271
f 222 272 271
f 222 223 272
f 223 273 272
f 223 224 273
f 224 274 273
f 224 225 274
f 225 275 274
f 225 226 275
f 226 276 275
f 226 227 276
f 227 277 276
f 227 228 277
f 228 278 277
f 228 229 278
f 229 279 278
f 229 230 279
f 230 280 279
f 230 231 280
f 231 281 280
f 231 232 281
f 232 282 281
f 232 233 282
f 233 283 282
f 233 234 283
f 234 284 283
f 234 235 284
f 235 285 284
f 235 236 285
f 236 286 285
f 236 237 286
f 237 287 286
f 237 238 287
f 238 288 287
f 238 239 288
f 239 289 288
f 239 240 289
f 240 290 289
f 240 241 290
f 241 291 290
f 241 242 291
f 242 292 291
f 242 243 292
f 243 293 292
f 243 244 293
f 244 294 293
f 244 245 294
f 245 295 294
f 245 246 295
f 246 296 295
f 246 247 296
f 247 297 296
f 247 248 297
f 248 298 297
f 248 249 298
f 249 299 298
f 249 250 299
f 250 300 299
f 250 251 300
f 251 301 300
f 251 252 301
f 252 302 301
f 252 253 302
f 253 303 302
f 253 254 303
f 254 304 303
f 254 255 304
f 255 305 304
f 255 256 305
f 256 306 305
f 256 257 306
f 257 307 306
f 257 258 307
f 258 308 307
f 258 209 308
f 209 259 308
f 309 259 260
f 309 260 261
f 309 261 262
f 309 262 263
f 309 263 264
f 309 264 265
f 309 265 266
f 309 266 267
f 309 267 268
f 309 268 269
f 309 269 270
f 309 270 271
f 309 271 272
f 309 272 273
f 309 273 274
f 309 274 275
f 309 275 276
f 309 276 277
f 309 277 278
f 309 278 279
f 309 279 280
f 309 280 281
f 309 281 282
f 309 282 283
f 309 283 284
f 309 284 285
f 309 285 286
f 309 286 287
f 309 287 288
f 309 288 289
f 309 289 290
f 309 290 291
f 309 291 292
f 309 292 293
f 309 293 294
f 309 294 295
f 309 295 296
f 309 296 297
f 309 297 298
f 309 298 299
f 309 299 300
f 309 300 301
f 309 301 302
f 309 302 303
f 309 303 304
f 309 304 305
f 309 305 306
f 309 306 307
f 309 307 308
f 309 308 259
f 310 311 314
f 311 315 314
f 311 312 315
f 312 316 315
f 312 313 316
f 313 317 316
f 313 310 317
f 310 314 317
f 318 314 315
f 318 315 316
f 318 316 317
f 318 317 314
f 319 320 331
f 320 332 331
f 320 321 332
f 321 333 332
f 321 322 333
f 322 334 333
f 322 323 334
f 323 335 334
f 323 324 335
f 324 336 335
f 324 325 336
f 325 337 336
f 325 326 337
f 326 338 337
f 326 327 338
f 327 339 338
f 327 328 339
f 328 340 339
f 328 329 340
f 329 341 340
f 329 330 341
f 330 342 341
f 330 319 342
f 319 331 342
f 343 331 332
f 343 332 333
f 343 333 334
f 343 334 335
f 343 335 336
f 343 336 337
f 343 337 338
f 343 338 339
f 343 339 340
f 343 340 341
f 343 341 342
f 343 342 331
f 344 345 373
f 345 374 373
f 345 346 374
f 346 375 374
f 346 347 375
f 347 376 375
f 347 348 376
f 348 377 376
f 348 349 377
f 349 378 377
f 349 350 378
f 350 379 378
f 350 351 379
f 351 380 379
f 351 352 380
f 352 381 380
f 352 353 381
f 353 382 381
f 353 354 382
f 354 383 382
f 354 355 383
f 355 384 383
f 355 356 384
f 356 385 384
f 356 357 385
f 357 386 385
f 357 358 386
f 358 387 386
f 358 359 387
f 359 388 387
f 359 360 388
f 360 389 388
f 360 361 389
f 361 390 389
f 361 362 390
f 362 391 390
f 362 363 391
f 363 392 391
f 363 364 392
f 364 393 392
f 364 365 393
f 365 394 393
f 365 366 394
f 366 395 394
f 366 367 395
f 367 396 395
f 367 368 396
f 368 397 396
f 368 369 397
f 369 398 397
f 369 370 398
f 370 399 398
f 370 371 399
f 371 400 399
f 371 372 400
f 372 401 400
f 372 344 401
f 344 373 401
f 402 373 374
f 402 374 375
f 402 375 376
f 402 376 377
f 402 377 378
f 402 378 379
f 402 379 380
f 402 380 381
f 402 381 382
f 402 382 383
f 402 383 384
f 402 384 385
f 402 385 386
f 402 386 387
f 402 387 388
f 402 388 389
f 402 389 390
f 402 390 391
f 402 391 392
f 402 392 393
f 402 393 394
f 402 394 395
f 402 395 396
f 402 396 397
f 402 397 398
f 402 398 399
f 402 399 400
f 402 400 401
f 402 401 373
f 403 404 423
f 404 424 423
f 404 405 424
f 405 425 424
f 405 406 425
f 406 426 425
f 406 407 426
f 407 427 426
f 407 408 427
f 408 428 427
f 408 409 428
f 409 429 428
f 409 410 429
f 410 430 429
f 410 411 430
f 411 431 430
f 411 412 431
f 412 432 431
f 412 413 432
f 413 433 432
f 413 414 433
f 414 434 433
f 414 415 434
f 415 435 434
f 415 416 435
f 416 436 435
f 416 417 436
f 417 437 436
f 417 418 437
f 418 438 437
f 418 419 438
f 419 439 438
f 419 420 439
f 420 440 439
f 420 421 440
f 421 441 440
f 421 422 441
f 422 442 441
f 422 403 442
f 403 423 442
f 443 423 424
f 443 424 425
f 443 425 426
f 443 426 427
f 443 427 428
f 443 428 429
f 443 429 430
f 443 430 431
f 443 431 432
f 443 432 433
f 443 433 434
f 443 434 435
f 443 435 436
f 443 436 437
f 443 437 438
f 443 438 439
f 443 439 440
f 443 440 441
f 443 441 442
f 443 442 423
f 444 445 465
f 445 466 465
f 445 446 466
f 446 467 466
f 446 447 467
f 447 468 467
f 447 448 468
f 448 469 468
f 448 449 469
f 449 470 469
f 449 450 470
f 450 471 470
f 450 451 471
f 451 472 471
f 451 452 472
f 452 473 472
f 452 453 473
f 453 474 473
f 453 454 474
f 454 475 474
f 454 455 475
f 455 476 475
f 455 456 476
f 456 477 476
f 456 457 477
f 457 478 477
f 457 458 478
f 458 479 478
f 458 459 479
f 459 480 479
f 459 460 480
f 460 481 480
f 460 461 481
f 461 482 481
f 461 462 482
f 462 483 482
f 462 463 483
f 463 484 483
f 463 464 484
f 464 485 484
f 464 444 485
f 444 465 485
f 486 465 466
f 486 466 467
f 486 467 468
f 486 468 469
f 486 469 470
f 486 470 471
f 486 471 472
f 486 472 473
f 486 473 474
f 486 474 475
f 486 475 476
f 486 476 477
f 486 477 478
f 486 478 479
f 486 479 480
f 486 480 481
f 486 481 482
f 486 482 483
f 486 483 484
f 486 484 485
f 486 485 465
f 487 488 520
f 488 521 520
f 488 489 521
f 489 522 521
f 489 490 522
f 490 523 522
f 490 491 523
f 491 524 523
f 491 492 524
f 492 525 524
f 492 493 525
f 493 526 525
f 493 494 526
f 494 527 526
f 494 495 527
f 495 528 527
f 495 496 528
f 496 529 528
f 496 497 529
f 497 530 529
f 497 498 530
f 498 531 530
f 498 499 531
f 499 532 531
f 499 500 532
f 500 533 532
f 500 501 533
f 501 534 533
f 501 502 534
f 502 535 534
f 502 503 535
f 503 536 535
f 503 504 536
f 504 537 536
f 504 505 537
f 505 538 537
f 505 506 538
f 506 539 538
f 506 507 539
f 507 540 539
f 507 508 540
f 508 541 540
f 508 509 541
f 509 542 541
f 509 510 542
f 510 543 542
f 510 511 543
f 511 544 543
f 511 512 544
f 512 545 544
f 512 513 545
f 513 546 545
f 513 514 546
f 514 547 546
f 514 515 547
f 515 548 547
f 515 516 548
f 516 549 548
f 516 517 549
f 517 550 549
f 517 518 550
f 518 551 550
f 518 519 551
f 519 552 551
f 519 487 552
f 487 520 552
f 553 520 521
f 553 521 522
f 553 522 523
f 553 523 524
f 553 524 525
f 553 525 526
f 553 526 527
f 553 527 528
f 553 528 529
f 553 529 530
f 553 530 531
f 553 531 532
f 553 532 533
f 553 533 534
f 553 534 535
f 553 535 536
f 553 536 537
f 553 537 538
f 553 538 539
f 553 539 540
f 553 540 541
f 553 541 542
f 553 542 543
f 553 543 544
f 553 544 545
f 553 545 546
f 553 546 547
f 553 547 548
f 553 548 549
f 553 549 550
f 553 550 551
f 553 551 552
f 553 552 520
f 554 555 565
f 555 566 565
f 555 556 566
f 556 567 566
f 556 557 567
f 557 568 567
f 557 558 568
f 558 569 568
f 558 559 569
f 559 570 569
f 559 560 570
f 560 571 570
f 560 561 571
f 561 572 571
f 561 562 572
f 562 573 572
f 562 563 573
f 563 574 573
f 563 564 574
f 564 575 574
f 564 554 575
f 554 565 575
f 576 565 566
f 576 566 567
f 576 567 568
f 576 568 569
f 576 569 570
f 576 570 571
f 576 571 572
f 576 572 573
f 576 573 574
f 576 574 575
f 576 575 565
f 577 578 586
f 578 587 586
f 578 579 587
f 579 588 587
f 579 580 588
f 580 589 588
f 580 581 589
f 581 590 589
f 581 582 590
f 582 591 590
f 582 583 591
f 583 592 591
f 583 584 592
f 584 593 592
f 584 585 593
f 585 594 593
f 585 577 594
f 577 586 594
f 595 586 587
f 595 587 588
f 595 588 589
f 595 589 590
f 595 590 591
f 595 591 592
f 595 592 593
f 595 593 594
f 595 594 586
f 596 597 607
f 597 608 607
f 597 598 608
f 598 609 608
f 598 599 609
f 599 610 609
f 599 600 610
f 600 611 610
f 600 601 611
f 601 612 611
f 601 602 612
f 602 613 612
f 602 603 613
f 603 614 613
f 603 604 614
f 604 615 614
f 604 605 615
f 605 616 615
f 605 606 616
f 606 617 616
f 606 596 617
f 596 607 617
f 618 607 608
f 618 608 609
f 618 609 610
f 618 610 611
f 618 611 612
f 618 612 613
f 618 613 614
f 618 614 615
f 618 615 616
f 618 616 617
f 618 617 607
f 619 620 625
f 620 626 625
f 620 621 626
f 621 627 626
f 621 622 627
f 622 628 627
f 622 623 628
f 623 629 628
f 623 624 629
f 624 630 629
f 624 619 630
f 619 625 630
f 631 625 626
f 631 626 627
f 631 627 628
f 631 628 629
f 631 629 630
f 631 630 625
f 632 633 636
f 633 637 636
f 633 634 637
f 634 638 637
f 634 635 638
f 635 639 638
f 635 632 639
f 632 636 639
f 640 636 637
f 640 637 638
f 640 638 639
f 640 639 636
f 641 642 646
f 642 647 646
f 642 643 647
f 643 648 647
f 643 644 648
f 644 649 648
f 644 645 649
f 645 650 649
f 645 641 650
f 641 646 650
f 651 646 647
f 651 647 648
f 651 648 649
f 651 649 650
f 651 650 646
f 652 653 659
f 653 660 659
f 653 654 660
f 654 661 660
f 654 655 661
f 655 662 661
f 655 656 662
f 656 663 662
f 656 657 663
f 657 664 663
f 657 658 664
f 658 665 664
f 658 652 665
f 652 659 665
f 666 659 660
f 666 660 661
f 666 661 662
f 666 662 663
f 666 663 664
f 666 664 665
f 666 665 659
f 667 668 680
f 668 681 680
f 668 669 681
f 669 682 681
f 669 670 682
f 670 683 682
f 670 671 683
f 671 684 683
f 671 672 684
f 672 685 684
f 672 673 685
f 673 686 685
f 673 674 686
f 674 687 686
f 674 675 687
f 675 688 687
f 675 676 688
f 676 689 688
f 676 677 689
f 677 690 689
f 677 678 690
f 678 691 690
f 678 679 691
f 679 692 691
f 679 667 692
f 667 680 692
f 693 680 681
f 693 681 682
f 693 682 683
f 693 683 684
f 693 684 685
f 693 685 686
f 693 686 687
f 693 687 688
f 693 688 689
f 693 689 690
f 693 690 691
f 693 691 692
f 693 692 680
f 694 695 701
f 695 702 701
f 695 696 702
f 696 703 702
f 696 697 703
f 697 704 703
f 697 698 704
f 698 705 704
f 698 699 705
f 699 706 705
f 699 700 706
f 700 707 706
f 700 694 707
f 694 701 707
f 708 701 702
f 708 702 703
f 708 703 704
f 708 704 705
f 708 705 706
f 708 706 707
f 708 707 701
f 709 710 739
f 710 740 739
f 710 711 740
f 711 741 740
f 711 712 741
f 712 742 741
f 712 713 742
f 713 743 742
f 713 714 743
f 714 744 743
f 714 715 744
f 715 745 744
f 715 716 745
f 716 746 745
f 716 717 746
f 717 747 746
f 717 718 747
f 718 748 747
f 718 719 748
f 719 749 748
f 719 720 749
f 720 750 749
f 720 721 750
f 721 751 750
f 721 722 751
f 722 752 751
f 722 723 752
f 723 753 752
f 723 724 753
f 724 754 753
f 724 725 754
f 725 755 754
f 725 726 755
f 726 756 755
f 726 727 756
f 727 757 756
f 727 728 757
f 728 758 757
f 728 729 758
f 729 759 758
f 729 730 759
f 730 760 759
f 730 731 760
f 731 761 760
f 731 732 761
f 732 762 761
f 732 733 762
f 733 763 762
f 733 734 763
f 734 764 763
f 734 735 764
f 735 765 764
f 735 736 765
f 736 766 765
f 736 737 766
f 737 767 766
f 737 738 767
f 738 768 767
f 738 709 768
f 709 739 768
f 769 739 740
f 769 740 741
f 769 741 742
f 769 742 743
f 769 743 744
f 769 744 745
f 769 745 746
f 769 746 747
f 769 747 748
f 769 748 749
f 769 749 750
f 769 750 751
f 769 751 752
f 769 752 753
f 769 753 754
f 769 754 755
f 769 755 756
f 769 756 757
f 769 757 758
f 769 758 759
f 769 759 760
f 769 760 761
f 769 761 762
f 769 762 763
f 769 763 764
f 769 764 765
f 769 765 766
f 769 766 767
f 769 767 768
f 769 768 739
f 770 771 774
f 771 775 774
f 771 772 775
f 772 776 775
f 772 773 776
f 773 777 776
f 773 770 777
f 770 774 777
f 778 774 775
f 778 775 776
f 778 776 777
f 778 777 774
f 779 780 787
f 780 788 787
f 780 781 788
f 781 789 788
f 781 782 789
f 782 790 789
f 782 783 790
f 783 791 790
f 783 784 791
f 784 792 791
f 784 785 792
f 785 793 792
f 785 786 793
f 786 794 793
f 786 779 794
f 779 787 794
f 795 787 788
f 795 788 789
f 795 789 790
f 795 790 791
f 795 791 792
f 795 792 793
f 795 793 794
f 795 794 787
f 796 797 802
f 797 803 802
f 797 798 803
f 798 804 803
f 798 799 804
f 799 805 804
f 799 800 805
f 800 806 805
f 800 801 806
f 801 807 806
f 801 796 807
f 796 802 807
f 808 802 803
f 808 803 804
f 808 804 805
f 808 805 806
f 808 806 807
f 808 807 802
f 809 810 814
f 810 815 814
f 810 811 815
f 811 816 815
f 811 812 816
f 812 817 816
f 812 813 817
f 813 818 817
f 813 809 818
f 809 814 818
f 819 814 815
f 819 815 816
f 819 816 817
f 819 817 818
f 819 818 814
f 820 821 824
f 821 825 824
f 821 822 825
f 822 826 825
f 822 823 826
f 823 827 826
f 823 820 827
f 820 824 827
f 828 824 825
f 828 825 826
f 828 826 827
f 828 827 824
f 829 830 839
f 830 840 839
f 830 831 840
f 831 841 840
f 831 832 841
f 832 842 841
f 832 833 842
f 833 843 842
f 833 834 843
f 834 844 843
f 834 835 844
f 835 845 844
f 835 836 845
f 836 846 845
f 836 837 846
f 837 847 846
f 837 838 847
f 838 848 847
f 838 829 848
f 829 839 848
f 849 839 840
f 849 840 841
f 849 841 842
f 849 842 843
f 849 843 844
f 849 844 845
f 849 845 846
f 849 846 847
f 849 847 848
f 849 848 839
f 850 851 857
f 851 858 857
f 851 852 858
f 852 859 858
f 852 853 859
f 853 860 859
f 853 854 860
f 854 861 860
f 854 855 861
f 855 862 861
f 855 856 862
f 856 863 862
f 856 850 863
f 850 857 863
f 864 857 858
f 864 858 859
f 864 859 860
f 864 860 861
f 864 861 862
f 864 862 863
f 864 863 857
f 865 866 870
f 866 871 870
f 866 867 871
f 867 872 871
f 867 868 872
f 868 873 872
f 868 869 873
f 869 874 873
f 869 865 874
f 865 870 874
f 875 870 871
f 875 871 872
f 875 872 873
f 875 873 874
f 875 874 870
f 876 877 889
f 877 890 889
f 877 878 890
f 878 891 890
f 878 879 891
f 879 892 891
f 879 880 892
f 880 893 892
f 880 881 893
f 881 894 893
f 881 882 894
f 882 895 894
f 882 883 895
f 883 896 895
f 883 884 896
f 884 897 896
f 884 885 897
f 885 898 897
f 885 886 898
f 886 899 898
f 886 887 899
f 887 900 899
f 887 888 900
f 888 901 900
f 888 876 901
f 876 889 901
f 902 889 890
f 902 890 891
f 902 891 892
f 902 892 893
f 902 893 894
f 902 894 895
f 902 895 896
f 902 896 897
f 902 897 898
f 902 898 899
f 902 899 900
f 902 900 901
f 902 901 889
f 903 904 915
f 904 916 915
f 904 905 916
f 905 917 916
f 905 906 917
f 906 918 917
f 906 907 918
f 907 919 918
f 907 908 919
f 908 920 919
f 908 909 920
f 909 921 920
f 909 910 921
f 910 922 921
f 910 911 922
f 911 923 922
f 911 912 923
f 912 924 923
f 912 913 924
f 913 925 924
f 913 914 925
f 914 926 925
f 914 903 926
f 903 915 926
f 927 915 916
f 927 916 917
f 927 917 918
f 927 918 919
f 927 919 920
f 927 920 921
f 927 921 922
f 927 922 923
f 927 923 924
f 927 924 925
f 927 925 926
f 927 926 915
f 928 929 939
f 929 940 939
f 929 930 940
f 930 941 940
f 930 931 941
f 931 942 941
f 931 932 942
f 932 943 942
f 932 933 943
f 933 944 943
f 933 934 944
f 934 945 944
f 934 935 945
f 935 946 945
f 935 936 946
f 936 947 946
f 936 937 947
f 937 948 947
f 937 938 948
f 938 949 948
f 938 928 949
f 928 939 949
f 950 939 940
f 950 940 941
f 950 941 942
f 950 942 943
f 950 943 944
f 950 944 945
f 950 945 946
f 950 946 947
f 950 947 948
f 950 948 949
f 950 949 939
f 951 952 967
f 952 968 967
f 952 953 968
f 953 969 968
f 953 954 969
f 954 970 969
f 954 955 970
f 955 971 970
f 955 956 971
f 956 972 971
f 956 957 972
f 957 973 972
f 957 958 973
f 958 974 973
f 958 959 974
f 959 975 974
f 959 960 975
f 960 976 975
f 960 961 976
f 961 977 976
f 961 962 977
f 962 978 977
f 962 963 978
f 963 979 978
f 963 964 979
f 964 980 979
f 964 965 980
f 965 981 980
f 965 966 981
f 966 982 981
f 966 951 982
f 951 967 982
f 983 967 968
f 983 968 969
f 983 969 970
f 983 970 971
f 983 971 972
f 983 972 973
f 983 973 974
f 983 974 975
f 983 975 976
f 983 976 977
f 983 977 978
f 983 978 979
f 983 979 980
f 983 980 981
f 983 981 982
f 983 982 967
f 984 985 988
f 985 989 988
f 985 986 989
f 986 990 989
f 986 987 990
f 987 991 990
f 987 984 991
f 984 988 991
f 992 988 989
f 992 989 990
f 992 990 991
f 992 991 988
f 993 994 1018
f 994 1019 1018
f 994 995 1019
f 995 1020 1019
f 995 996 1020
f 996 1021 1020
f 996 997 1021
f 997 1022 1021
f 997 998 1022
f 998 1023 1022
f 998 999 1023
f 999 1024 1023
f 999 1000 1024
f 1000 1025 1024
f 1000 1001 1025
f 1001 1026 1025
f 1001 1002 1026
f 1002 1027 1026
f 1002 1003 1027
f 1003 1028 1027
f 1003 1004 1028
f 1004 1029 1028
f 1004 1005 1029
f 1005 1030 1029
f 1005 1006 1030
f 1006 1031 1030
f 1006 1007 1031
f 1007 1032 1031
f 1007 1008 1032
f 1008 1033 1032
f 1008 1009 1033
f 1009 1034 1033
f 1009 1010 1034
f 1010 1035 1034
f 1010 1011 1035
f 1011 1036 1035
f 1011 1012 1036
f 1012 1037 1036
f 1012 1013 1037
f 1013 1038 1037
f 1013 1014 1038
f 1014 1039 1038
f 1014 1015 1039
f 1015 1040 1039
f 1015 1016 1040
f 1016 1041 1040
f 1016 1017 1041
f 1017 1042 1041
f 1017 993 1042
f 993 1018 1042
f 1043 1018 1019
f 1043 1019 1020
f 1043 1020 1021
f 1043 1021 1022
f 1043 1022 1023
f 1043 1023 1024
f 1043 1024 1025
f 1043 1025 1026
f 1043 1026 1027
f 1043 1027 1028
f 1043 1028 1029
f 1043 1029 1030
f 1043 1030 1031
f 1043 1031 1032
f 1043 1032 1033
f 1043 1033 1034
f 1043 1034 1035
f 1043 1035 1036
f 1043 1036 1037
f 1043 1037 1038
f 1043 1038 1039
f 1043 1039 1040
f 1043 1040 1041
f 1043 1041 1042
f 1043 1042 1018
f 1044 1045 1058
f 1045 1059 1058
f 1045 1046 1059
f 1046 1060 1059
f 1046 1047 1060
f 1047 1061 1060
f 1047 1048 1061
f 1048 1062 1061
f 1048 1049 1062
f 1049 1063 1062
f 1049 1050 1063
f 1050 1064 1063
f 1050 1051 1064
f 1051 1065 1064
f 1051 1052 1065
f 1052 1066 1065
f 1052 1053 1066
f 1053 1067 1066
f 1053 1054 1067
f 1054 1068 1067
f 1054 1055 1068
f 1055 1069 1068
f 1055 1056 1069
f 1056 1070 1069
f 1056 1057 1070
f 1057 1071 1070
f 1057 1044 1071
f 1044 1058 1071
f 1072 1058 1059
f 1072 1059 1060
f 1072 1060 1061
f 1072 1061 1062
f 1072 1062 1063
f 1072 1063 1064
f 1072 1064 1065
f 1072 1065 1066
f 1072 1066 1067
f 1072 1067 1068
f 1072 1068 1069
f 1072 1069 1070
f 1072 1070 1071
f 1072 1071 1058
f 1073 1074 1104
f 1074 1105 1104
f 1074 1075 1105
f 1075 1106 1105
f 1075 1076 1106
f 1076 1107 1106
f 1076 1077 1107
f 1077 1108 1107
f 1077 1078 1108
f 1078 1109 1108
f 1078 1079 1109
f 1079 1110 1109
f 1079 1080 1110
f 1080 1111 1110
f 1080 1081 1111
f 1081 1112 1111
f 1081 1082 1112
f 1082 1113 1112
f 1082 1083 1113
f 1083 1114 1113
f 1083 1084 1114
f 1084 1115 1114
f 1084 1085 1115
f 1085 1116 1115
f 1085 1086 1116
f 1086 1117 1116
f 1086 1087 1117
f 1087 1118 1117
f 1087 1088 1118
f 1088 1119 1118
f 1088 1089 1119
f 1089 1120 1119
f 1089 1090 1120
f 1090 1121 1120
f 1090 1091 1121
f 1091 1122 1121
f 1091 1092 1122
f 1092 1123 1122
f 1092 1093 1123
f 1093 1124 1123
f 1093 1094 1124
f 1094 1125 1124
f 1094 1095 1125
f 1095 1126 1125
f 1095 1096 1126
f 1096 1127 1126
f 1096 1097 1127
f 1097 1128 1127
f 1097 1098 1128
f 1098 1129 1128
f 1098 1099 1129
f 1099 1130 1129
f 1099 1100 1130
f 1100 1131 1130
f 1100 1101 1131
f 1101 1132 1131
f 1101 1102 1132
f 1102 1133 1132
f 1102 1103 1133
f 1103 1134 1133
f 1103 1073 1134
f 1073 1104 1134
f 1135 1104 1105
f 1135 1105 1106
f 1135 1106 1107
f 1135 1107 1108
f 1135 1108 1109
f 1135 1109 1110
f 1135 1110 1111
f 1135 1111 1112
f 1135 1112 1113
f 1135 1113 1114
f 1135 1114 1115
f 1135 1115 1116
f 1135 1116 1117
f 1135 1117 1118
f 1135 1118 1119
f 1135 1119 1120
f 1135 1120 1121
f 1135 1121 1122
f 1135 1122 1123
f 1135 1123 1124
f 1135 1124 1125
f 1135 1125 1126
f 1135 1126 1127
f 1135 1127 1128
f 1135 1128 1129
f 1135 1129 1130
f 1135 1130 1131
f 1135 1131 1132
f 1135 1132 1133
f 1135 1133 1134
f 1135 1134 1104
f 1136 1137 1145
f 1137 1146 1145
f 1137 1138 1146
f 1138 1147 1146
f 1138 1139 1147
f 1139 1148 1147
f 1139 1140 1148
f 1140 1149 1148
f 1140 1141 1149
f 1141 1150 1149
f 1141 1142 1150
f 1142 1151 1150
f 1142 1143 1151
f 1143 1152 1151
f 1143 1144 1152
f 1144 1153 1152
f 1144 1136 1153
f 1136 1145 1153
f 1154 1145 1146
f 1154 1146 1147
f 1154 1147 1148
f 1154 1148 1149
f 1154 1149 1150
f 1154 1150 1151
f 1154 1151 1152
f 1154 1152 1153
f 1154 1153 1145
f 1155 1156 1314
f 1156 1315 1314
f 1156 1157 1315
f 1157 1316 1315
f 1157 1158 1316
f 1158 1317 1316
f 1158 1159 1317
f 1159 1318 1317
f 1159 1160 1318
f 1160 1319 1318
f 1160 1161 1319
f 1161 1320 1319
f 1161 1162 1320
f 1162 1321 1320
f 1162 1163 1321
f 1163 1322 1321
f 1163 1164 1322
f 1164 1323 1322
f 1164 1165 1323
f 1165 1324 1323
f 1165 1166 1324
f 1166 1325 1324
f 1166 1167 1325
f 1167 1326 1325
f 1167 1168 1326
f 1168 1327 1326
f 1168 1169 1327
f 1169 1328 1327
f 1169 1170 1328
f 1170 1329 1328
f 1170 1171 1329
f 1171 1330 1329
f 1171 1172 1330
f 1172 1331 1330
f 1172 1173 1331
f 1173 1332 1331
f 1173 1174 1332
f 1174 1333 1332
f 1174 1175 1333
f 1175 1334 1333
f 1175 1176 1334
f 1176 1335 1334
f 1176 1177 1335
f 1177 1336 1335
f 1177 1178 1336
f 1178 1337 1336
f 1178 1179 1337
f 1179 1338 1337
f 1179 1180 1338
f 1180 1339 1338
f 1180 1181 1339
f 1181 1340 1339
f 1181 1182 1340
f 1182 1341 1340
f 1182 1183 1341
f 1183 1342 1341
f 1183 1184 1342
f 1184 1343 1342
f 1184 1185 1343
f 1185 1344 1343
f 1185 1186 1344
f 1186 1345 1344
f 1186 1187 1345
f 1187 1346 1345
f 1187 1188 1346
f 1188 1347 1346
f 1188 1189 1347
f 1189 1348 1347
f 1189 1190 1348
f 1190 1349 1348
f 1190 1191 1349
f 1191 1350 1349
f 1191 1192 1350
f 1192 1351 1350
f 1192 1193 1351
f 1193 1352 1351
f 1193 1194 1352
f 1194 1353 1352
f 1194 1195 1353
f 1195 1354 1353
f 1195 1196 1354
f 1196 1355 1354
f 1196 1197 1355
f 1197 1356 1355
f 1197 1198 1356
f 1198 1357 1356
f 1198 1199 1357
f 1199 1358 1357
f 1199 1200 1358
f 1200 1359 1358
f 1200 1201 1359
f 1201 1360 1359
f 1201 1202 1360
f 1202 1361 1360
f 1202 1203 1361
f 1203 1362 1361
f 1203 1204 1362
f 1204 1363 1362
f 1204 1205 1363
f 1205 1364 1363
f 1205 1206 1364
f 1206 1365 1364
f 1206 1207 1365
f 1207 1366 1365
f 1207 1208 1366
f 1208 1367 1366
f 1208 1209 1367
f 1209 1368 1367
f 1209 1210 1368
f 1210 1369 1368
f 1210 1211 1369
f 1211 1370 1369
f 1211 1212 1370
f 1212 1371 1370
f 1212 1213 1371
f 1213 1372 1371
f 1213 1214 1372
f 1214 1373 1372
f 1214 1215 1373
f 1215 1374 1373
f 1215 1216 1374
f 1216 1375 1374
f 1216 1217 1375
f 1217 1376 1375
f 1217 1218 1376
f 1218 1377 1376
f 1218 1219 1377
f 1219 1378 1377
f 1219 1220 1378
f 1220 1379 1378
f 1220 1221 1379
f 1221 1380 1379
f 1221 1222 1380
f 1222 1381 1380
f 1222 1223 1381
f 1223 1382 1381
f 1223 1224 1382
f 1224 1383 1382
f 1224 1225 1383
f 1225 1384 1383
f 1225 1226 1384
f 1226 1385 1384
f 1226 1227 1385
f 1227 1386 1385
f 1227 1228 1386
f 1228 1387 1386
f 1228 1229 1387
f 1229 1388 1387
f 1229 1230 1388
f 1230 1389 1388
f 1230 1231 1389
f 1231 1390 1389
f 1231 1232 1390
f 1232 1391 1390
f 1232 1233 1391
f 1233 1392 1391
f 1233 1234 1392
f 1234 1393 1392
f 1234 1235 1393
f 1235 1394 1393
f 1235 1236 1394
f 1236 1395 1394
f 1236 1237 1395
f 1237 1396 1395
f 1237 1238 1396
f 1238 1397 1396
f 1238 1239 1397
f 1239 1398 1397
f 1239 1240 1398
f 1240 1399 1398
f 1240 1241 1399
f 1241 1400 1399
f 1241 1242 1400
f 1242 1401 1400
f 1242 1243 1401
f 1243 1402 1401
f 1243 1244 1402
f 1244 1403 1402
f 1244 1245 1403
f 1245 1404 1403
f 1245 1246 1404
f 1246 1405 1404
f 1246 1247 1405
f 1247 1406 1405
f 1247 1248 1406
f 1248 1407 1406
f 1248 1249 1407
f 1249 1408 1407
f 1249 1250 1408
f 1250 1409 1408
f 1250 1251 1409
f 1251 1410 1409
f 1251 1252 1410
f 1252 1411 1410
f 1252 1253 1411
f 1253 1412 1411
f 1253 1254 1412
f 1254 1413 1412
f 1254 1255 1413
f 1255 1414 1413
f 1255 1256 1414
f 1256 1415 1414
f 1256 1257 1415
f 1257 1416 1415
f 1257 1258 1416
f 1258 1417 1416
f 1258 1259 1417
f 1259 1418 1417
f 1259 1260 1418
f 1260 1419 1418
f 1260 1261 1419
f 1261 1420 1419
f 1261 1262 1420
f 1262 1421 1420
f 1262 1263 1421
f 1263 1422 1421
f 1263 1264 1422
f 1264 1423 1422
f 1264 1265 1423
f 1265 1424 1423
f 1265 1266 1424
f 1266 1425 1424
f 1266 1267 1425
f 1267 1426 1425
f 1267 1268 1426
f 1268 1427 1426
f 1268 1269 1427
f 1269 1428 1427
f 1269 1270 1428
f 1270 1429 1428
f 1270 1271 1429
f 1271 1430 1429
f 1271 1272 1430
f 1272 1431 1430
f 1272 1273 1431
f 1273 1432 1431
f 1273 1274 1432
f 1274 1433 1432
f 1274 1275 1433
f 1275 1434 1433
f 1275 1276 1434
f 1276 1435 1434
f 1276 1277 1435
f 1277 1436 1435
f 1277 1278 1436
f 1278 1437 1436
f 1278 1279 1437
f 1279 1438 1437
f 1279 1280 1438
f 1280 1439 1438
f 1280 1281 1439
f 1281 1440 1439
f 1281 1282 1440
f 1282 1441 1440
f 1282 1283 1441
f 1283 1442 1441
f 1283 1284 1442
f 1284 1443 1442
f 1284 1285 1443
f 1285 1444 1443
f 1285 1286 1444
f 1286 1445 1444
f 1286 1287 1445
f 1287 1446 1445
f 1287 1288 1446
f 1288 1447 1446
f 1288 1289 1447
f 1289 1448 1447
f 1289 1290 1448
f 1290 1449 1448
f 1290 1291 1449
f 1291 1450 1449
f 1291 1292 1450
f 1292 1451 1450
f 1292 1293 1451
f 1293 1452 1451
f 1293 1294 1452
f 1294 1453 1452
f 1294 1295 1453
f 1295 1454 1453
f 1295 1296 1454
f 1296 1455 1454
f 1296 1297 1455
f 1297 1456 1455
f 1297 1298 1456
f 1298 1457 1456
f 1298 1299 1457
f 1299 1458 1457
f 1299 1300 1458
f 1300 1459 1458
f 1300 1301 1459
f 1301 1460 1459
f 1301 1302 1460
f 1302 1461 1460
f 1302 1303 1461
f 1303 1462 1461
f 1303 1304 1462
f 1304 1463 1462
f 1304 1305 1463
f 1305 1464 1463
f 1305 1306 1464
f 1306 1465 1464
f 1306 1307 1465
f 1307 1466 1465
f 1307 1308 1466
f 1308 1467 1466
f 1308 1309 1467
f 1309 1468 1467
f 1309 1310 1468
f 1310 1469 1468
f 1310 1311 1469
f 1311 1470 1469
f 1311 1312 1470
f 1312 1471 1470
f 1312 1313 1471
f 1313 1472 1471
f 1313 1155 1472
f 1155 1314 1472
f 1473 1314 1315
f 1473 1315 1316
f 1473 1316 1317
f 1473 1317 1318
f 1473 1318 1319
f 1473 1319 1320
f 1473 1320 1321
f 1473 1321 1322
f 1473 1322 1323
f 1473 1323 1324
f 1473 1324 1325
f 1473 1325 1326
f 1473 1326 1327
f 1473 1327 1328
f 1473 1328 1329
f 1473 1329 1330
f 1473 1330 1331
f 1473 1331 1332
f 1473 1332 1333
f 1473 1333 1334
f 1473 1334 1335
f 1473 1335 1336
f 1473 1336 1337
f 1473 1337 1338
f 1473 1338 1339
f 1473 1339 1340
f 1473 1340 1341
f 1473 1341 1342
f 1473 1342 1343
f 1473 1343 1344
f 1473 1344 1345
f 1473 1345 1346
f 1473 1346 1347
f 1473 1347 1348
f 1473 1348 1349
f 1473 1349 1350
f 1473 1350 1351
f 1473 1351 1352
f 1473 1352 1353
f 1473 1353 1354
f 1473 1354 1355
f 1473 1355 1356
f 1473 1356 1357
f 1473 1357 1358
f 1473 1358 1359
f 1473 1359 1360
f 1473 1360 1361
f 1473 1361 1362
f 1473 1362 1363
f 1473 1363 1364
f 1473 1364 1365
f 1473 1365 1366
f 1473 1366 1367
f 1473 1367 1368
f 1473 1368 1369
f 1473 1369 1370
f 1473 1370 1371
f 1473 1371 1372
f 1473 1372 1373
f 1473 1373 1374
f 1473 1374 1375
f 1473 1375 1376
f 1473 1376 1377
f 1473 1377 1378
f 1473 1378 1379
f 1473 1379 1380
f 1473 1380 1381
f 1473 1381 1382
f 1473 1382 1383
f 1473 1383 1384
f 1473 1384 1385
f 1473 1385 1386
f 1473 1386 1387
f 1473 1387 1388
f 1473 1388 1389
f 1473 1389 1390
f 1473 1390 1391
f 1473 1391 1392
f 1473 1392 1393
f 1473 1393 1394
f 1473 1394 1395
f 1473 1395 1396
f 1473 1396 1397
f 1473 1397 1398
f 1473 1398 1399
f 1473 1399 1400
f 1473 1400 1401
f 1473 1401 1402
f 1473 1402 1403
f 1473 1403 1404
f 1473 1404 1405
f 1473 1405 1406
f 1473 1406 1407
f 1473 1407 1408
f 1473 1408 1409
f 1473 1409 1410
f 1473 1410 1411
f 1473 1411 1412
f 1473 1412 1413
f 1473 1413 1414
f 1473 1414 1415
f 1473 1415 1416
f 1473 1416 1417
f 1473 1417 1418
f 1473 1418 1419
f 1473 1419 1420
f 1473 1420 1421
f 1473 1421 1422
f 1473 1422 1423
f 1473 1423 1424
f 1473 1424 1425
f 1473 1425 1426
f 1473 1426 1427
f 1473 1427 1428
f 1473 1428 1429
f 1473 1429 1430
f 1473 1430 1431
f 1473 1431 1432
f 1473 1432 1433
f 1473 1433 1434
f 1473 1434 1435
f 1473 1435 1436
f 1473 1436 1437
f 1473 1437 1438
f 1473 1438 1439
f 1473 1439 1440
f 1473 1440 1441
f 1473 1441 1442
f 1473 1442 1443
f 1473 1443 1444
f 1473 1444 1445
f 1473 1445 1446
f 1473 1446 1447
f 1473 1447 1448
f 1473 1448 1449
f 1473 1449 1450
f 1473 1450 1451
f 1473 1451 1452
f 1473 1452 1453
f 1473 1453 1454
f 1473 1454 1455
f 1473 1455 1456
f 1473 1456 1457
f 1473 1457 1458
f 1473 1458 1459
f 1473 1459 1460
f 1473 1460 1461
f 1473 1461 1462
f 1473 1462 1463
f 1473 1463 1464
f 1473 1464 1465
f 1473 1465 1466
f 1473 1466 1467
f 1473 1467 1468
f 1473 1468 1469
f 1473 1469 1470
f 1473 1470 1471
f 1473 1471 1472
f 1473 1472 1314
f 1474 1475 1495
f 1475 1496 1495
f 1475 1476 1496
f 1476 1497 1496
f 1476 1477 1497
f 1477 1498 1497
f 1477 1478 1498
f 1478 1499 1498
f 1478 1479 1499
f 1479 1500 1499
f 1479 1480 1500
f 1480 1501 1500
f 1480 1481 1501
f 1481 1502 1501
f 1481 1482 1502
f 1482 1503 1502
f 1482 1483 1503
f 1483 1504 1503
f 1483 1484 1504
f 1484 1505 1504
f 1484 1485 1505
f 1485 1506 1505
f 1485 1486 1506
f 1486 1507 1506
f 1486 1487 1507
f 1487 1508 1507
f 1487 1488 1508
f 1488 1509 1508
f 1488 1489 1509
f 1489 1510 1509
f 1489 1490 1510
f 1490 1511 1510
f 1490 1491 1511
f 1491 1512 1511
f 1491 1492 1512
f 1492 1513 1512
f 1492 1493 1513
f 1493 1514 1513
f 1493 1494 1514
f 1494 1515 1514
f 1494 1474 1515
f 1474 1495 1515
f 1516 1495 1496
f 1516 1496 1497
f 1516 1497 1498
f 1516 1498 1499
f 1516 1499 1500
f 1516 1500 1501
f 1516 1501 1502
f 1516 1502 1503
f 1516 1503 1504
f 1516 1504 1505
f 1516 1505 1506
f 1516 1506 1507
f 1516 1507 1508
f 1516 1508 1509
f 1516 1509 1510
f 1516 1510 1511
f 1516 1511 1512
f 1516 1512 1513
f 1516 1513 1514
f 1516 1514 1515
f 1516 1515 1495
f 1517 1518 1529
f 1518 1530 1529
f 1518 1519 1530
f 1519 1531 1530
f 1519 1520 1531
f 1520 1532 1531
f 1520 1521 1532
f 1521 1533 1532
f 1521 1522 1533
f 1522 1534 1533
f 1522 1523 1534
f 1523 1535 1534
f 1523 1524 1535
f 1524 1536 1535
f 1524 1525 1536
f 1525 1537 1536
f 1525 1526 1537
f 1526 1538 1537
f 1526 1527 1538
f 1527 1539 1538
f 1527 1528 1539
f 1528 1540 1539
f 1528 1517 1540
f 1517 1529 1540
f 1541 1529 1530
f 1541 1530 1531
f 1541 1531 1532
f 1541 1532 1533
f 1541 1533 1534
f 1541 1534 1535
f 1541 1535 1536
f 1541 1536 1537
f 1541 1537 1538
f 1541 1538 1539
f 1541 1539 1540
f 1541 1540 1529
f 1542 1543 1550
f 1543 1551 1550
f 1543 1544 1551
f 1544 1552 1551
f 1544 1545 1552
f 1545 1553 1552
f 1545 1546 1553
f 1546 1554 1553
f 1546 1547 1554
f 1547 1555 1554
f 1547 1548 1555
f 1548 1556 1555
f 1548 1549 1556
f 1549 1557 1556
f 1549 1542 1557
f 1542 1550 1557
f 1558 1550 1551
f 1558 1551 1552
f 1558 1552 1553
f 1558 1553 1554
f 1558 1554 1555
f 1558 1555 1556
f 1558 1556 1557
f 1558 1557 1550
f 1559 1560 1563
f 1560 1564 1563
f 1560 1561 1564
f 1561 1565 1564
f 1561 1562 1565
f 1562 1566 1565
f 1562 1559 1566
f 1559 1563 1566
f 1567 1563 1564
f 1567 1564 1565
f 1567 1565 1566
f 1567 1566 1563
f 1568 1569 1573
f 1569 1574 1573
f 1569 1570 1574
f 1570 1575 1574
f 1570 1571 1575
f 1571 1576 1575
f 1571 1572 1576
f 1572 1577 1576
f 1572 1568 1577
f 1568 1573 1577
f 1578 1573 1574
f 1578 1574 1575
f 1578 1575 1576
f 1578 1576 1577
f 1578 1577 1573
f 1579 1580 1584
f 1580 1585 1584
f 1580 1581 1585
f 1581 1586 1585
f 1581 1582 1586
f 1582 1587 1586
f 1582 1583 1587
f 1583 1588 1587
f 1583 1579 1588
f 1579 1584 1588
f 1589 1584 1585
f 1589 1585 1586
f 1589 1586 1587
f 1589 1587 1588
f 1589 1588 1584
f 1590 1591 1597
f 1591 1598 1597
f 1591 1592 1598
f 1592 1599 1598
f 1592 1593 1599
f 1593 1600 1599
f 1593 1594 1600
f 1594 1601 1600
f 1594 1595 1601
f 1595 1602 1601
f 1595 1596 1602
f 1596 1603 1602
f 1596 1590 1603
f 1590 1597 1603
f 1604 1597 1598
f 1604 1598 1599
f 1604 1599 1600
f 1604 1600 1601
f 1604 1601 1602
f 1604 1602 1603
f 1604 1603 1597
f 1605 1606 1611
f 1606 1612 1611
f 1606 1607 1612
f 1607 1613 1612
f 1607 1608 1613
f 1608 1614 1613
f 1608 1609 1614
f 1609 1615 1614
f 1609 1610 1615
f 1610 1616 1615
f 1610 1605 1616
f 1605 1611 1616
f 1617 1611 1612
f 1617 1612 1613
f 1617 1613 1614
f 1617 1614 1615
f 1617 1615 1616
f 1617 1616 1611
f 1618 1619 1625
f 1619 1626 1625
f 1619 1620 1626
f 1620 1627 1626
f 1620 1621 1627
f 1621 1628 1627
f 1621 1622 1628
f 1622 1629 1628
f 1622 1623 1629
f 1623 1630 1629
f 1623 1624 1630
f 1624 1631 1630
f 1624 1618 1631
f 1618 1625 1631
f 1632 1625 1626
f 1632 1626 1627
f 1632 1627 1628
f 1632 1628 1629
f 1632 1629 1630
f 1632 1630 1631
f 1632 1631 1625
f 1633 1634 1638
f 1634 1639 1638
f 1634 1635 1639
f 1635 1640 1639
f 1635 1636 1640
f 1636 1641 1640
f 1636 1637 1641
f 1637 1642 1641
f 1637 1633 1642
f 1633 1638 1642
f 1643 1638 1639
f 1643 1639 1640
f 1643 1640 1641
f 1643 1641 1642
f 1643 1642 1638
f 1644 1645 1684
f 1645 1685 1684
f 1645 1646 1685
f 1646 1686 1685
f 1646 1647 1686
f 1647 1687 1686
f 1647 1648 1687
f 1648 1688 1687
f 1648 1649 1688
f 1649 1689 1688
f 1649 1650 1689
f 1650 1690 1689
f 1650 1651 1690
f 1651 1691 1690
f 1651 1652 1691
f 1652 1692 1691
f 1652 1653 1692
f 1653 1693 1692
f 1653 1654 1693
f 1654 1694 1693
f 1654 1655 1694
f 1655 1695 1694
f 1655 1656 1695
f 1656 1696 1695
f 1656 1657 1696
f 1657 1697 1696
f 1657 1658 1697
f 1658 1698 1697
f 1658 1659 1698
f 1659 1699 1698
f 1659 1660 1699
f 1660 1700 1699
f 1660 1661 1700
f 1661 1701 1700
f 1661 1662 1701
f 1662 1702 1701
f 1662 1663 1702
f 1663 1703 1702
f 1663 1664 1703
f 1664 1704 1703
f 1664 1665 1704
f 1665 1705 1704
f 1665 1666 1705
f 1666 1706 1705
f 1666 1667 1706
f 1667 1707 1706
f 1667 1668 1707
f 1668 1708 1707
f 1668 1669 1708
f 1669 1709 1708
f 1669 1670 1709
f 1670 1710 1709
f 1670 1671 1710
f 1671 1711 1710
f 1671 1672 1711
f 1672 1712 1711
f 1672 1673 1712
f 1673 1713 1712
f 1673 1674 1713
f 1674 1714 1713
f 1674 1675 1714
f 1675 1715 1714
f 1675 1676 1715
f 1676 1716 1715
f 1676 1677 1716
f 1677 1717 1716
f 1677 1678 1717
f 1678 1718 1717
f 1678 1679 1718
f 1679 1719 1718
f 1679 1680 1719
f 1680 1720 1719
f 1680 1681 1720
f 1681 1721 1720
f 1681 1682 1721
f 1682 1722 1721
f 1682 1683 1722
f 1683 1723 1722
f 1683 1644 1723
f 1644 1684 1723
f 1724 1684 1685
f 1724 1685 1686
f 1724 1686 1687
f 1724 1687 1688
f 1724 1688 1689
f 1724 1689 1690
f 1724 1690 1691
f 1724 1691 1692
f 1724 1692 1693
f 1724 1693 1694
f 1724 1694 1695
f 1724 1695 1696
f 1724 1696 1697
f 1724 1697 1698
f 1724 1698 1699
f 1724 1699 1700
f 1724 1700 1701
f 1724 1701 1702
f 1724 1702 1703
f 1724 1703 1704
f 1724 1704 1705
f 1724 1705 1706
f 1724 1706 1707
f 1724 1707 1708
f 1724 1708 1709
f 1724 1709 1710
f 1724 1710 1711
f 1724 1711 1712
f 1724 1712 1713
f 1724 1713 1714
f 1724 1714 1715
f 1724 1715 1716
f 1724 1716 1717
f 1724 1717 1718
f 1724 1718 1719
f 1724 1719 1720
f 1724 1720 1721
f 1724 1721 1722
f 1724 1722 1723
f 1724 1723 1684
f 1725 1726 1759
f 1726 1760 1759
f 1726 1727 1760
f 1727 1761 1760
f 1727 1728 1761
f 1728 1762 1761
f 1728 1729 1762
f 1729 1763 1762
f 1729 1730 1763
f 1730 1764 1763
f 1730 1731 1764
f 1731 1765 1764
f 1731 1732 1765
f 1732 1766 1765
f 1732 1733 1766
f 1733 1767 1766
f 1733 1734 1767
f 1734 1768 1767
f 1734 1735 1768
f 1735 1769 1768
f 1735 1736 1769
f 1736 1770 1769
f 1736 1737 1770
f 1737 1771 1770
f 1737 1738 1771
f 1738 1772 1771
f 1738 1739 1772
f 1739 1773 1772
f 1739 1740 1773
f 1740 1774 1773
f 1740 1741 1774
f 1741 1775 1774
f 1741 1742 1775
f 1742 1776 1775
f 1742 1743 1776
f 1743 1777 1776
f 1743 1744 1777
f 1744 1778 1777
f 1744 1745 1778
f 1745 1779 1778
f 1745 1746 1779
f 1746 1780 1779
f 1746 1747 1780
f 1747 1781 1780
f 1747 1748 1781
f 1748 1782 1781
f 1748 1749 1782
f 1749 1783 1782
f 1749 1750 1783
f 1750 1784 1783
f 1750 1751 1784
f 1751 1785 1784
f 1751 1752 1785
f 1752 1786 1785
f 1752 1753 1786
f 1753 1787 1786
f 1753 1754 1787
f 1754 1788 1787
f 1754 1755 1788
f 1755 1789 1788
f 1755 1756 1789
f 1756 1790 1789
f 1756 1757 1790
f 1757 1791 1790
f 1757 1758 1791
f 1758 1792 1791
f 1758 1725 1792
f 1725 1759 1792
f 1793 1759 1760
f 1793 1760 1761
f 1793 1761 1762
f 1793 1762 1763
f 1793 1763 1764
f 1793 1764 1765
f 1793 1765 1766
f 1793 1766 1767
f 1793 1767 1768
f 1793 1768 1769
f 1793 1769 1770
f 1793 1770 1771
f 1793 1771 1772
f 1793 1772 1773
f 1793 1773 1774
f 1793 1774 1775
f 1793 1775 1776
f 1793 1776 1777
f 1793 1777 1778
f 1793 1778 1779
f 1793 1779 1780
f 1793 1780 1781
f 1793 1781 1782
f 1793 1782 1783
f 1793 1783 1784
f 1793 1784 1785
f 1793 1785 1786
f 1793 1786 1787
f 1793 1787 1788
f 1793 1788 1789
f 1793 1789 1790
f 1793 1790 1791
f 1793 1791 1792
f 1793 1792 1759
f 1794 1795 1812
f 1795 1813 1812
f 1795 1796 1813
f 1796 1814 1813
f 1796 1797 1814
f 1797 1815 1814
f 1797 1798 1815
f 1798 1816 1815
f 1798 1799 1816
f 1799 1817 1816
f 1799 1800 1817
f 1800 1818 1817
f 1800 1801 1818
f 1801 1819 1818
f 1801 1802 1819
f 1802 1820 1819
f 1802 1803 1820
f 1803 1821 1820
f 1803 1804 1821
f 1804 1822 1821
f 1804 1805 1822
f 1805 1823 1822
f 1805 1806 1823
f 1806 1824 1823
f 1806 1807 1824
f 1807 1825 1824
f 1807 1808 1825
f 1808 1826 1825
f 1808 1809 1826
f 1809 1827 1826
f 1809 1810 1827
f 1810 1828 1827
f 1810 1811 1828
f 1811 1829 1828
f 1811 1794 1829
f 1794 1812 1829
f 1830 1812 1813
f 1830 1813 1814
f 1830 1814 1815
f 1830 1815 1816
f 1830 1816 1817
f 1830 1817 1818
f 1830 1818 1819
f 1830 1819 1820
f 1830 1820 1821
f 1830 1821 1822
f 1830 1822 1823
f 1830 1823 1824
f 1830 1824 1825
f 1830 1825 1826
f 1830 1826 1827
f 1830 1827 1828
f 1830 1828 1829
f 1830 1829 1812
f 1831 1832 1840
f 1832 1841 1840
f 1832 1833 1841
f 1833 1842 1841
f 1833 1834 1842
f 1834 1843 1842
f 1834 1835 1843
f 1835 1844 1843
f 1835 1836 1844
f 1836 1845 1844
f 1836 1837 1845
f 1837 1846 1845
f 1837 1838 1846
f 1838 1847 1846
f 1838 1839 1847
f 1839 1848 1847
f 1839 1831 1848
f 1831 1840 1848
f 1849 1840 1841
f 1849 1841 1842
f 1849 1842 1843
f 1849 1843 1844
f 1849 1844 1845
f 1849 1845 1846
f 1849 1846 1847
f 1849 1847 1848
f 1849 1848 1840
f 1850 1851 1864
f 1851 1865 1864
f 1851 1852 1865
f 1852 1866 1865
f 1852 1853 1866
f 1853 1867 1866
f 1853 1854 1867
f 1854 1868 1867
f 1854 1855 1868
f 1855 1869 1868
f 1855 1856 1869
f 1856 1870 1869
f 1856 1857 1870
f 1857 1871 1870
f 1857 1858 1871
f 1858 1872 1871
f 1858 1859 1872
f 1859 1873 1872
f 1859 1860 1873
f 1860 1874 1873
f 1860 1861 1874
f 1861 1875 1874
f 1861 1862 1875
f 1862 1876 1875
f 1862 1863 1876
f 1863 1877 1876
f 1863 1850 1877
f 1850 1864 1877
f 1878 1864 1865
f 1878 1865 1866
f 1878 1866 1867
f 1878 1867 1868
f 1878 1868 1869
f 1878 1869 1870
f 1878 1870 1871
f 1878 1871 1872
f 1878 1872 1873
f 1878 1873 1874
f 1878 1874 1875
f 1878 1875 1876
f 1878 1876 1877
f 1878 1877 1864
f 1879 1880 1895
f 1880 1896 1895
f 1880 1881 1896
f 1881 1897 1896
f 1881 1882 1897
f 1882 1898 1897
f 1882 1883 1898
f 1883 1899 1898
f 1883 1884 1899
f 1884 1900 1899
f 1884 1885 1900
f 1885 1901 1900
f 1885 1886 1901
f 1886 1902 1901
f 1886 1887 1902
f 1887 1903 1902
f 1887 1888 1903
f 1888 1904 1903
f 1888 1889 1904
f 1889 1905 1904
f 1889 1890 1905
f 1890 1906 1905
f 1890 1891 1906
f 1891 1907 1906
f 1891 1892 1907
f 1892 1908 1907
f 1892 1893 1908
f 1893 1909 1908
f 1893 1894 1909
f 1894 1910 1909
f 1894 1879 1910
f 1879 1895 1910
f 1911 1895 1896
f 1911 1896 1897
f 1911 1897 1898
f 1911 1898 1899
f 1911 1899 1900
f 1911 1900 1901
f 1911 1901 1902
f 1911 1902 1903
f 1911 1903 1904
f 1911 1904 1905
f 1911 1905 1906
f 1911 1906 1907
f 1911 1907 1908
f 1911 1908 1909
f 1911 1909 1910
f 1911 1910 1895
f 1912 1913 1933
f 1913 1934 1933
f 1913 1914 1934
f 1914 1935 1934
f 1914 1915 1935
f 1915 1936 1935
f 1915 1916 1936
f 1916 1937 1936
f 1916 1917 1937
f 1917 1938 1937
f 1917 1918 1938
f 1918 1939 1938
f 1918 1919 1939
f 1919 1940 1939
f 1919 1920 1940
f 1920 1941 1940
f 1920 1921 1941
f 1921 1942 1941
f 1921 1922 1942
f 1922 1943 1942
f 1922 1923 1943
f 1923 1944 1943
f 1923 1924 1944
f 1924 1945 1944
f 1924 1925 1945
f 1925 1946 1945
f 1925 1926 1946
f 1926 1947 1946
f 1926 1927 1947
f 1927 1948 1947
f 1927 1928 1948
f 1928 1949 1948
f 1928 1929 1949
f 1929 1950 1949
f 1929 1930 1950
f 1930 1951 1950
f 1930 1931 1951
f 1931 1952 1951
f 1931 1932 1952
f 1932 1953 1952
f 1932 1912 1953
f 1912 1933 1953
f 1954 1933 1934
f 1954 1934 1935
f 1954 1935 1936
f 1954 1936 1937
f 1954 1937 1938
f 1954 1938 1939
f 1954 1939 1940
f 1954 1940 1941
f 1954 1941 1942
f 1954 1942 1943
f 1954 1943 1944
f 1954 1944 1945
f 1954 1945 1946
f 1954 1946 1947
f 1954 1947 1948
f 1954 1948 1949
f 1954 1949 1950
f 1954 1950 1951
f 1954 1951 1952
f 1954 1952 1953
f 1954 1953 1933
f 1955 1956 1969
f 1956 1970 1969
f 1956 1957 1970
f 1957 1971 1970
f 1957 1958 1971
f 1958 1972 1971
f 1958 1959 1972
f 1959 1973 1972
f 1959 1960 1973
f 1960 1974 1973
f 1960 1961 1974
f 1961 1975 1974
f 1961 1962 1975
f 1962 1976 1975
f 1962 1963 1976
f 1963 1977 1976
f 1963 1964 1977
f 1964 1978 1977
f 1964 1965 1978
f 1965 1979 1978
f 1965 1966 1979
f 1966 1980 1979
f 1966 1967 1980
f 1967 1981 1980
f 1967 1968 1981
f 1968 1982 1981
f 1968 1955 1982
f 1955 1969 1982
f 1983 1969 1970
f 1983 1970 1971
f 1983 1971 1972
f 1983 1972 1973
f 1983 1973 1974
f 1983 1974 1975
f 1983 1975 1976
f 1983 1976 1977
f 1983 1977 1978
f 1983 1978 1979
f 1983 1979 1980
f 1983 1980 1981
f 1983 1981 1982
f 1983 1982 1969
f 1984 1985 1992
f 1985 1993 1992
f 1985 1986 1993
f 1986 1994 1993
f 1986 1987 1994
f 1987 1995 1994
f 1987 1988 1995
f 1988 1996 1995
f 1988 1989 1996
f 1989 1997 1996
f 1989 1990 1997
f 1990 1998 1997
f 1990 1991 1998
f 1991 1999 1998
f 1991 1984 1999
f 1984 1992 1999
f 2000 1992 1993
f 2000 1993 1994
f 2000 1994 1995
f 2000 1995 1996
f 2000 1996 1997
f 2000 1997 1998
f 2000 1998 1999
f 2000 1999 1992
f 2001 2002 2009
f 2002 2010 2009
f 2002 2003 2010
f 2003 2011 2010
f 2003 2004 2011
f 2004 2012 2011
f 2004 2005 2012
f 2005 2013 2012
f 2005 2006 2013
f 2006 2014 2013
f 2006 2007 2014
f 2007 2015 2014
f 2007 2008 2015
f 2008 2016 2015
f 2008 2001 2016
f 2001 2009 2016
f 2017 2009 2010
f 2017 2010 2011
f 2017 2011 2012
f 2017 2012 2013
f 2017 2013 2014
f 2017 2014 2015
f 2017 2015 2016
f 2017 2016 2009
f 2018 2019 2022
f 2019 2023 2022
f 2019 2020 2023
f 2020 2024 2023
f 2020 2021 2024
f 2021 2025 2024
f 2021 2018 2025
f 2018 2022 2025
f 2026 2022 2023
f 2026 2023 2024
f 2026 2024 2025
f 2026 2025 2022
f 2027 2028 2035
f 2028 2036 2035
f 2028 2029 2036
f 2029 2037 2036
f 2029 2030 2037
f 2030 2038 2037
f 2030 2031 2038
f 2031 2039 2038
f 2031 2032 2039
f 2032 2040 2039
f 2032 2033 2040
f 2033 2041 2040
f 2033 2034 2041
f 2034 2042 2041
f 2034 2027 2042
f 2027 2035 2042
f 2043 2035 2036
f 2043 2036 2037
f 2043 2037 2038
f 2043 2038 2039
f 2043 2039 2040
f 2043 2040 2041
f 2043 2041 2042
f 2043 2042 2035
f 2044 2045 2077
f 2045 2078 2077
f 2045 2046 2078
f 2046 2079 2078
f 2046 2047 2079
f 2047 2080 2079
f 2047 2048 2080
f 2048 2081 2080
f 2048 2049 2081
f 2049 2082 2081
f 2049 2050 2082
f 2050 2083 2082
f 2050 2051 2083
f 2051 2084 2083
f 2051 2052 2084
f 2052 2085 2084
f 2052 2053 2085
f 2053 2086 2085
f 2053 2054 2086
f 2054 2087 2086
f 2054 2055 2087
f 2055 2088 2087
f 2055 2056 2088
f 2056 2089 2088
f 2056 2057 2089
f 2057 2090 2089
f 2057 2058 2090
f 2058 2091 2090
f 2058 2059 2091
f 2059 2092 2091
f 2059 2060 2092
f 2060 2093 2092
f 2060 2061 2093
f 2061 2094 2093
f 2061 2062 2094
f 2062 2095 2094
f 2062 2063 2095
f 2063 2096 2095
f 2063 2064 2096
f 2064 2097 2096
f 2064 2065 2097
f 2065 2098 2097
f 2065 2066 2098
f 2066 2099 2098
f 2066 2067 2099
f 2067 2100 2099
f 2067 2068 2100
f 2068 2101 2100
f 2068 2069 2101
f 2069 2102 2101
f 2069 2070 2102
f 2070 2103 2102
f 2070 2071 2103
f 2071 2104 2103
f 2071 2072 2104
f 2072 2105 2104
f 2072 2073 2105
f 2073 2106 2105
f 2073 2074 2106
f 2074 2107 2106
f 2074 2075 2107
f 2075 2108 2107
f 2075 2076 2108
f 2076 2109 2108
f 2076 2044 2109
f 2044 2077 2109
f 2110 2077 2078
f 2110 2078 2079
f 2110 2079 2080
f 2110 2080 2081
f 2110 2081 2082
f 2110 2082 2083
f 2110 2083 2084
f 2110 2084 2085
f 2110 2085 2086
f 2110 2086 2087
f 2110 2087 2088
f 2110 2088 2089
f 2110 2089 2090
f 2110 2090 2091
f 2110 2091 2092
f 2110 2092 2093
f 2110 2093 2094
f 2110 2094 2095
f 2110 2095 2096
f 2110 2096 2097
f 2110 2097 2098
f 2110 2098 2099
f 2110 2099 2100
f 2110 2100 2101
f 2110 2101 2102
f 2110 2102 2103
f 2110 2103 2104
f 2110 2104 2105
f 2110 2105 2106
f 2110 2106 2107
f 2110 2107 2108
f 2110 2108 2109
f 2110 2109 2077
f 2111 2112 2116
f 2112 2117 2116
f 2112 2113 2117
f 2113 2118 2117
f 2113 2114 2118
f 2114 2119 2118
f 2114 2115 2119
f 2115 2120 2119
f 2115 2111 2120
f 2111 2116 2120
f 2121 2116 2117
f 2121 2117 2118
f 2121 2118 2119
f 2121 2119 2120
f 2121 2120 2116
f 2122 2123 2126
f 2123 2127 2126
f 2123 2124 2127
f 2124 2128 2127
f 2124 2125 2128
f 2125 2129 2128
f 2125 2122 2129
f 2122 2126 2129
f 2130 2126 2127
f 2130 2127 2128
f 2130 2128 2129
f 2130 2129 2126
f 2131 2132 2135
f 2132 2136 2135
f 2132 2133 2136
f 2133 2137 2136
f 2133 2134 2137
f 2134 2138 2137
f 2134 2131 2138
f 2131 2135 2138
f 2139 2135 2136
f 2139 2136 2137
f 2139 2137 2138
f 2139 2138 2135
f 2140 2141 2144
f 2141 2145 2144
f 2141 2142 2145
f 2142 2146 2145
f 2142 2143 2146
f 2143 2147 2146
f 2143 2140 2147
f 2140 2144 2147
f 2148 2144 2145
f 2148 2145 2146
f 2148 2146 2147
f 2148 2147 2144
f 2149 2150 2153
f 2150 2154 2153
f 2150 2151 2154
f 2151 2155 2154
f 2151 2152 2155
f 2152 2156 2155
f 2152 2149 2156
f 2149 2153 2156
f 2157 2153 2154
f 2157 2154 2155
f 2157 2155 2156
f 2157 2156 2153
f 2158 2159 2162
f 2159 2163 2162
f 2159 2160 2163
f 2160 2164 2163
f 2160 2161 2164
f 2161 2165 2164
f 2161 2158 2165
f 2158 2162 2165
f 2166 2162 2163
f 2166 2163 2164
f 2166 2164 2165
f 2166 2165 2162
f 2167 2168 2171
f 2168 2172 2171
f 2168 2169 2172
f 2169 2173 2172
f 2169 2170 2173
f 2170 2174 2173
f 2170 2167 2174
f 2167 2171 2174
f 2175 2171 2172
f 2175 2172 2173
f 2175 2173 2174
f 2175 2174 2171
f 2176 2177 2182
f 2177 2183 2182
f 2177 2178 2183
f 2178 2184 2183
f 2178 2179 2184
f 2179 2185 2184
f 2179 2180 2185
f 2180 2186 2185
f 2180 2181 2186
f 2181 2187 2186
f 2181 2176 2187
f 2176 2182 2187
f 2188 2182 2183
f 2188 2183 2184
f 2188 2184 2185
f 2188 2185 2186
f 2188 2186 2187
f 2188 2187 2182
f 2189 2190 2193
f 2190 2194 2193
f 2190 2191 2194
f 2191 2195 2194
f 2191 2192 2195
f 2192 2196 2195
f 2192 2189 2196
f 2189 2193 2196
f 2197 2193 2194
f 2197 2194 2195
f 2197 2195 2196
f 2197 2196 2193
f 2198 2199 2202
f 2199 2203 2202
f 2199 2200 2203
f 2200 2204 2203
f 2200 2201 2204
f 2201 2205 2204
f 2201 2198 2205
f 2198 2202 2205
f 2206 2202 2203
f 2206 2203 2204
f 2206 2204 2205
f 2206 2205 2202
f 2207 2208 2211
f 2208 2212 2211
f 2208 2209 2212
f 2209 2213 2212
f 2209 2210 2213
f 2210 2214 2213
f 2210 2207 2214
f 2207 2211 2214
f 2215 2211 2212
f 2215 2212 2213
f 2215 2213 2214
f 2215 2214 2211
f 2216 2217 2220
f 2217 2221 2220
f 2217 2218 2221
f 2218 2222 2221
f 2218 2219 2222
f 2219 2223 2222
f 2219 2216 2223
f 2216 2220 2223
f 2224 2220 2221
f 2224 2221 2222
f 2224 2222 2223
f 2224 2223 2220
f 2225 2226 2229
f 2226 2230 2229
f 2226 2227 2230
f 2227 2231 2230
f 2227 2228 2231
f 2228 2232 2231
f 2228 2225 2232
f 2225 2229 2232
f 2233 2229 2230
f 2233 2230 2231
f 2233 2231 2232
f 2233 2232 2229
f 2234 2235 2238
f 2235 2239 2238
f 2235 2236 2239
f 2236 2240 2239
f 2236 2237 2240
f 2237 2241 2240
f 2237 2234 2241
f 2234 2238 2241
f 2242 2238 2239
f 2242 2239 2240
f 2242 2240 2241
f 2242 2241 2238
f 2243 2244 2248
f 2244 2249 2248
f 2244 2245 2249
f 2245 2250 2249
f 2245 2246 2250
f 2246 2251 2250
f 2246 2247 2251
f 2247 2252 2251
f 2247 2243 2252
f 2243 2248 2252
f 2253 2248 2249
f 2253 2249 2250
f 2253 2250 2251
f 2253 2251 2252
f 2253 2252 2248
f 2254 2255 2258
f 2255 2259 2258
f 2255 2256 2259
f 2256 2260 2259
f 2256 2257 2260
f 2257 2261 2260
f 2257 2254 2261
f 2254 2258 2261
f 2262 2258 2259
f 2262 2259 2260
f 2262 2260 2261
f 2262 2261 2258
f 2263 2264 2267
f 2264 2268 2267
f 2264 2265 2268
f 2265 2269 2268
f 2265 2266 2269
f 2266 2270 2269
f 2266 2263 2270
f 2263 2267 2270
f 2271 2267 2268
f 2271 2268 2269
f 2271 2269 2270
f 2271 2270 2267
f 2272 2273 2277
f 2273 2278 2277
f 2273 2274 2278
f 2274 2279 2278
f 2274 2275 2279
f 2275 2280 2279
f 2275 2276 2280
f 2276 2281 2280
f 2276 2272 2281
f 2272 2277 2281
f 2282 2277 2278
f 2282 2278 2279
f 2282 2279 2280
f 2282 2280 2281
f 2282 2281 2277
f 2283 2284 2287
f 2284 2288 2287
f 2284 2285 2288
f 2285 2289 2288
f 2285 2286 2289
f 2286 2290 2289
f 2286 2283 2290
f 2283 2287 2290
f 2291 2287 2288
f 2291 2288 2289
f 2291 2289 2290
f 2291 2290 2287
f 2292 2293 2296
f 2293 2297 2296
f 2293 2294 2297
f 2294 2298 2297
f 2294 2295 2298
f 2295 2299 2298
f 2295 2292 2299
f 2292 2296 2299
f 2300 2296 2297
f 2300 2297 2298
f 2300 2298 2299
f 2300 2299 2296
f 2301 2302 2305
f 2302 2306 2305
f 2302 2303 2306
f 2303 2307 2306
f 2303 2304 2307
f 2304 2308 2307
f 2304 2301 2308
f 2301 2305 2308
f 2309 2305 2306
f 2309 2306 2307
f 2309 2307 2308
f 2309 2308 2305
f 2310 2311 2314
f 2311 2315 2314
f 2311 2312 2315
f 2312 2316 2315
f 2312 2313 2316
f 2313 2317 2316
f 2313 2310 2317
f 2310 2314 2317
f 2318 2314 2315
f 2318 2315 2316
f 2318 2316 2317
f 2318 2317 2314
f 2319 2320 2324
f 2320 2325 2324
f 2320 2321 2325
f 2321 2326 2325
f 2321 2322 2326
f 2322 2327 2326
f 2322 2323 2327
f 2323 2328 2327
f 2323 2319 2328
f 2319 2324 2328
f 2329 2324 2325
f 2329 2325 2326
f 2329 2326 2327
f 2329 2327 2328
f 2329 2328 2324
f 2330 2331 2334
f 2331 2335 2334
f 2331 2332 2335
f 2332 2336 2335
f 2332 2333 2336
f 2333 2337 2336
f 2333 2330 2337
f 2330 2334 2337
f 2338 2334 2335
f 2338 2335 2336
f 2338 2336 2337
f 2338 2337 2334
f 2339 2340 2343
f 2340 2344 2343
f 2340 2341 2344
f 2341 2345 2344
f 2341 2342 2345
f 2342 2346 2345
f 2342 2339 2346
f 2339 2343 2346
f 2347 2343 2344
f 2347 2344 2345
f 2347 2345 2346
f 2347 2346 2343
f 2348 2349 2352
f 2349 2353 2352
f 2349 2350 2353
f 2350 2354 2353
f 2350 2351 2354
f 2351 2355 2354
f 2351 2348 2355
f 2348 2352 2355
f 2356 2352 2353
f 2356 2353 2354
f 2356 2354 2355
f 2356 2355 2352
f 2357 2358 2361
f 2358 2362 2361
f 2358 2359 2362
f 2359 2363 2362
f 2359 2360 2363
f 2360 2364 2363
f 2360 2357 2364
f 2357 2361 2364
f 2365 2361 2362
f 2365 2362 2363
f 2365 2363 2364
f 2365 2364 2361
f 2366 2367 2370
f 2367 2371 2370
f 2367 2368 2371
f 2368 2372 2371
f 2368 2369 2372
f 2369 2373 2372
f 2369 2366 2373
f 2366 2370 2373
f 2374 2370 2371
f 2374 2371 2372
f 2374 2372 2373
f 2374 2373 2370
f 2375 2376 2379
f 2376 2380 2379
f 2376 2377 2380
f 2377 2381 2380
f 2377 2378 2381
f 2378 2382 2381
f 2378 2375 2382
f 2375 2379 2382
f 2383 2379 2380
f 2383 2380 2381
f 2383 2381 2382
f 2383 2382 2379
f 2384 2385 2388
f 2385 2389 2388
f 2385 2386 2389
f 2386 2390 2389
f 2386 2387 2390
f 2387 2391 2390
f 2387 2384 2391
f 2384 2388 2391
f 2392 2388 2389
f 2392 2389 2390
f 2392 2390 2391
f 2392 2391 2388
f 2393 2394 2397
f 2394 2398 2397
f 2394 2395 2398
f 2395 2399 2398
f 2395 2396 2399
f 2396 2400 2399
f 2396 2393 2400
f 2393 2397 2400
f 2401 2397 2398
f 2401 2398 2399
f 2401 2399 2400
f 2401 2400 2397
f 2402 2403 2406
f 2403 2407 2406
f 2403 2404 2407
f 2404 2408 2407
f 2404 2405 2408
f 2405 2409 2408
f 2405 2402 2409
f 2402 2406 2409
f 2410 2406 2407
f 2410 2407 2408
f 2410 2408 2409
f 2410 2409 2406
f 2411 2412 2415
f 2412 2416 2415
f 2412 2413 2416
f 2413 2417 2416
f 2413 2414 2417
f 2414 2418 2417
f 2414 2411 2418
f 2411 2415 2418
f 2419 2415 2416
f 2419 2416 2417
f 2419 2417 2418
f 2419 2418 2415
f 2420 2421 2424
f 2421 2425 2424
f 2421 2422 2425
f 2422 2426 2425
f 2422 2423 2426
f 2423 2427 2426
f 2423 2420 2427
f 2420 2424 2427
f 2428 2424 2425
f 2428 2425 2426
f 2428 2426 2427
f 2428 2427 2424
f 2429 2430 2433
f 2430 2434 2433
f 2430 2431 2434
f 2431 2435 2434
f 2431 2432 2435
f 2432 2436 2435
f 2432 2429 2436
f 2429 2433 2436
f 2437 2433 2434
f 2437 2434 2435
f 2437 2435 2436
f 2437 2436 2433
f 2438 2439 2442
f 2439 2443 2442
f 2439 2440 2443
f 2440 2444 2443
f 2440 2441 2444
f 2441 2445 2444
f 2441 2438 2445
f 2438 2442 2445
f 2446 2442 2443
f 2446 2443 2444
f 2446 2444 2445
f 2446 2445 2442
f 2447 2448 2451
f 2448 2452 2451
f 2448 2449 2452
f 2449 2453 2452
f 2449 2450 2453
f 2450 2454 2453
f 2450 2447 2454
f 2447 2451 2454
f 2455 2451 2452
f 2455 2452 2453
f 2455 2453 2454
f 2455 2454 2451
f 2456 2457 2460
f 2457 2461 2460
f 2457 2458 2461
f 2458 2462 2461
f 2458 2459 2462
f 2459 2463 2462
f 2459 2456 2463
f 2456 2460 2463
f 2464 2460 2461
f 2464 2461 2462
f 2464 2462 2463
f 2464 2463 2460
f 2465 2466 2469
f 2466 2470 2469
f 2466 2467 2470
f 2467 2471 2470
f 2467 2468 2471
f 2468 2472 2471
f 2468 2465 2472
f 2465 2469 2472
f 2473 2469 2470
f 2473 2470 2471
f 2473 2471 2472
f 2473 2472 2469
f 2474 2475 2478
f 2475 2479 2478
f 2475 2476 2479
f 2476 2480 2479
f 2476 2477 2480
f 2477 2481 2480
f 2477 2474 2481
f 2474 2478 2481
f 2482 2478 2479
f 2482 2479 2480
f 2482 2480 2481
f 2482 2481 2478
f 2483 2484 2487
f 2484 2488 2487
f 2484 2485 2488
f 2485 2489 2488
f 2485 2486 2489
f 2486 2490 2489
f 2486 2483 2490
f 2483 2487 2490
f 2491 2487 2488
f 2491 2488 2489
f 2491 2489 2490
f 2491 2490 2487
f 2492 2493 2496
f 2493 2497 2496
f 2493 2494 2497
f 2494 2498 2497
f 2494 2495 2498
f 2495 2499 2498
f 2495 2492 2499
f 2492 2496 2499
f 2500 2496 2497
f 2500 2497 2498
f 2500 2498 2499
f 2500 2499 2496
f 2501 2502 2505
f 2502 2506 2505
f 2502 2503 2506
f 2503 2507 2506
f 2503 2504 2507
f 2504 2508 2507
f 2504 2501 2508
f 2501 2505 2508
f 2509 2505 2506
f 2509 2506 2507
f 2509 2507 2508
f 2509 2508 2505
f 2510 2511 2514
f 2511 2515 2514
f 2511 2512 2515
f 2512 2516 2515
f 2512 2513 2516
f 2513 2517 2516
f 2513 2510 2517
f 2510 2514 2517
f 2518 2514 2515
f 2518 2515 2516
f 2518 2516 2517
f 2518 2517 2514
f 2519 2520 2523
f 2520 2524 2523
f 2520 2521 2524
f 2521 2525 2524
f 2521 2522 2525
f 2522 2526 2525
f 2522 2519 2526
f 2519 2523 2526
f 2527 2523 2524
f 2527 2524 2525
f 2527 2525 2526
f 2527 2526 2523
f 2528 2529 2532
f 2529 2533 2532
f 2529 2530 2533
f 2530 2534 2533
f 2530 2531 2534
f 2531 2535 2534
f 2531 2528 2535
f 2528 2532 2535
f 2536 2532 2533
f 2536 2533 2534
f 2536 2534 2535
f 2536 2535 2532
f 2537 2538 2541
f 2538 2542 2541
f 2538 2539 2542
f 2539 2543 2542
f 2539 2540 2543
f 2540 2544 2543
f 2540 2537 2544
f 2537 2541 2544
f 2545 2541 2542
f 2545 2542 2543
f 2545 2543 2544
f 2545 2544 2541
f 2546 2547 2552
f 2547 2553 2552
f 2547 2548 2553
f 2548 2554 2553
f 2548 2549 2554
f 2549 2555 2554
f 2549 2550 2555
f 2550 2556 2555
f 2550 2551 2556
f 2551 2557 2556
f 2551 2546 2557
f 2546 2552 2557
f 2558 2552 2553
f 2558 2553 2554
f 2558 2554 2555
f 2558 2555 2556
f 2558 2556 2557
f 2558 2557 2552
f 2559 2560 2563
f 2560 2564 2563
f 2560 2561 2564
f 2561 2565 2564
f 2561 2562 2565
f 2562 2566 2565
f 2562 2559 2566
f 2559 2563 2566
f 2567 2563 2564
f 2567 2564 2565
f 2567 2565 2566
f 2567 2566 2563
f 2568 2569 2576
f 2569 2577 2576
f 2569 2570 2577
f 2570 2578 2577
f 2570 2571 2578
f 2571 2579 2578
f 2571 2572 2579
f 2572 2580 2579
f 2572 2573 2580
f 2573 2581 2580
f 2573 2574 2581
f 2574 2582 2581
f 2574 2575 2582
f 2575 2583 2582
f 2575 2568 2583
f 2568 2576 2583
f 2584 2576 2577
f 2584 2577 2578
f 2584 2578 2579
f 2584 2579 2580
f 2584 2580 2581
f 2584 2581 2582
f 2584 2582 2583
f 2584 2583 2576
f 2585 2586 2592
f 2586 2593 2592
f 2586 2587 2593
f 2587 2594 2593
f 2587 2588 2594
f 2588 2595 2594
f 2588 2589 2595
f 2589 2596 2595
f 2589 2590 2596
f 2590 2597 2596
f 2590 2591 2597
f 2591 2598 2597
f 2591 2585 2598
f 2585 2592 2598
f 2599 2592 2593
f 2599 2593 2594
f 2599 2594 2595
f 2599 2595 2596
f 2599 2596 2597
f 2599 2597 2598
f 2599 2598 2592
f 2600 2601 2605
f 2601 2606 2605
f 2601 2602 2606
f 2602 2607 2606
f 2602 2603 2607
f 2603 2608 2607
f 2603 2604 2608
f 2604 2609 2608
f 2604 2600 2609
f 2600 2605 2609
f 2610 2605 2606
f 2610 2606 2607
f 2610 2607 2608
f 2610 2608 2609
f 2610 2609 2605
f 2611 2612 2616
f 2612 2617 2616
f 2612 2613 2617
f 2613 2618 2617
f 2613 2614 2618
f 2614 2619 2618
f 2614 2615 2619
f 2615 2620 2619
f 2615 2611 2620
f 2611 2616 2620
f 2621 2616 2617
f 2621 2617 2618
f 2621 2618 2619
f 2621 2619 2620
f 2621 2620 2616
f 2622 2623 2628
f 2623 2629 2628
f 2623 2624 2629
f 2624 2630 2629
f 2624 2625 2630
f 2625 2631 2630
f 2625 2626 2631
f 2626 2632 2631
f 2626 2627 2632
f 2627 2633 2632
f 2627 2622 2633
f 2622 2628 2633
f 2634 2628 2629
f 2634 2629 2630
f 2634 2630 2631
f 2634 2631 2632
f 2634 2632 2633
f 2634 2633 2628
f 2635 2636 2645
f 2636 2646 2645
f 2636 2637 2646
f 2637 2647 2646
f 2637 2638 2647
f 2638 2648 2647
f 2638 2639 2648
f 2639 2649 2648
f 2639 2640 2649
f 2640 2650 2649
f 2640 2641 2650
f 2641 2651 2650
f 2641 2642 2651
f 2642 2652 2651
f 2642 2643 2652
f 2643 2653 2652
f 2643 2644 2653
f 2644 2654 2653
f 2644 2635 2654
f 2635 2645 2654
f 2655 2645 2646
f 2655 2646 2647
f 2655 2647 2648
f 2655 2648 2649
f 2655 2649 2650
f 2655 2650 2651
f 2655 2651 2652
f 2655 2652 2653
f 2655 2653 2654
f 2655 2654 2645
f 2656 2657 2664
f 2657 2665 2664
f 2657 2658 2665
f 2658 2666 2665
f 2658 2659 2666
f 2659 2667 2666
f 2659 2660 2667
f 2660 2668 2667
f 2660 2661 2668
f 2661 2669 2668
f 2661 2662 2669
f 2662 2670 2669
f 2662 2663 2670
f 2663 2671 2670
f 2663 2656 2671
f 2656 2664 2671
f 2672 2664 2665
f 2672 2665 2666
f 2672 2666 2667
f 2672 2667 2668
f 2672 2668 2669
f 2672 2669 2670
f 2672 2670 2671
f 2672 2671 2664
f 2673 2674 2683
f 2674 2684 2683
f 2674 2675 2684
f 2675 2685 2684
f 2675 2676 2685
f 2676 2686 2685
f 2676 2677 2686
f 2677 2687 2686
f 2677 2678 2687
f 2678 2688 2687
f 2678 2679 2688
f 2679 2689 2688
f 2679 2680 2689
f 2680 2690 2689
f 2680 2681 2690
f 2681 2691 2690
f 2681 2682 2691
f 2682 2692 2691
f 2682 2673 2692
f 2673 2683 2692
f 2693 2683 2684
f 2693 2684 2685
f 2693 2685 2686
f 2693 2686 2687
f 2693 2687 2688
f 2693 2688 2689
f 2693 2689 2690
f 2693 2690 2691
f 2693 2691 2692
f 2693 2692 2683
f 2694 2695 2698
f 2695 2699 2698
f 2695 2696 2699
f 2696 2700 2699
f 2696 2697 2700
f 2697 2701 2700
f 2697 2694 2701
f 2694 2698 2701
f 2702 2698 2699
f 2702 2699 2700
f 2702 2700 2701
f 2702 2701 2698
f 2703 2704 2709
f 2704 2710 2709
f 2704 2705 2710
f 2705 2711 2710
f 2705 2706 2711
f 2706 2712 2711
f 2706 2707 2712
f 2707 2713 2712
f 2707 2708 2713
f 2708 2714 2713
f 2708 2703 2714
f 2703 2709 2714
f 2715 2709 2710
f 2715 2710 2711
f 2715 2711 2712
f 2715 2712 2713
f 2715 2713 2714
f 2715 2714 2709
f 2716 2717 2725
f 2717 2726 2725
f 2717 2718 2726
f 2718 2727 2726
f 2718 2719 2727
f 2719 2728 2727
f 2719 2720 2728
f 2720 2729 2728
f 2720 2721 2729
f 2721 2730 2729
f 2721 2722 2730
f 2722 2731 2730
f 2722 2723 2731
f 2723 2732 2731
f 2723 2724 2732
f 2724 2733 2732
f 2724 2716 2733
f 2716 2725 2733
f 2734 2725 2726
f 2734 2726 2727
f 2734 2727 2728
f 2734 2728 2729
f 2734 2729 2730
f 2734 2730 2731
f 2734 2731 2732
f 2734 2732 2733
f 2734 2733 2725
f 2735 2736 2773
f 2736 2774 2773
f 2736 2737 2774
f 2737 2775 2774
f 2737 2738 2775
f 2738 2776 2775
f 2738 2739 2776
f 2739 2777 2776
f 2739 2740 2777
f 2740 2778 2777
f 2740 2741 2778
f 2741 2779 2778
f 2741 2742 2779
f 2742 2780 2779
f 2742 2743 2780
f 2743 2781 2780
f 2743 2744 2781
f 2744 2782 2781
f 2744 2745 2782
f 2745 2783 2782
f 2745 2746 2783
f 2746 2784 2783
f 2746 2747 2784
f 2747 2785 2784
f 2747 2748 2785
f 2748 2786 2785
f 2748 2749 2786
f 2749 2787 2786
f 2749 2750 2787
f 2750 2788 2787
f 2750 2751 2788
f 2751 2789 2788
f 2751 2752 2789
f 2752 2790 2789
f 2752 2753 2790
f 2753 2791 2790
f 2753 2754 2791
f 2754 2792 2791
f 2754 2755 2792
f 2755 2793 2792
f 2755 2756 2793
f 2756 2794 2793
f 2756 2757 2794
f 2757 2795 2794
f 2757 2758 2795
f 2758 2796 2795
f 2758 2759 2796
f 2759 2797 2796
f 2759 2760 2797
f 2760 2798 2797
f 2760 2761 2798
f 2761 2799 2798
f 2761 2762 2799
f 2762 2800 2799
f 2762 2763 2800
f 2763 2801 2800
f 2763 2764 2801
f 2764 2802 2801
f 2764 2765 2802
f 2765 2803 2802
f 2765 2766 2803
f 2766 2804 2803
f 2766 2767 2804
f 2767 2805 2804
f 2767 2768 2805
f 2768 2806 2805
f 2768 2769 2806
f 2769 2807 2806
f 2769 2770 2807
f 2770 2808 2807
f 2770 2771 2808
f 2771 2809 2808
f 2771 2772 2809
f 2772 2810 2809
f 2772 2735 2810
f 2735 2773 2810
f 2811 2773 2774
f 2811 2774 2775
f 2811 2775 2776
f 2811 2776 2777
f 2811 2777 2778
f 2811 2778 2779
f 2811 2779 2780
f 2811 2780 2781
f 2811 2781 2782
f 2811 2782 2783
f 2811 2783 2784
f 2811 2784 2785
f 2811 2785 2786
f 2811 2786 2787
f 2811 2787 2788
f 2811 2788 2789
f 2811 2789 2790
f 2811 2790 2791
f 2811 2791 2792
f 2811 2792 2793
f 2811 2793 2794
f 2811 2794 2795
f 2811 2795 2796
f 2811 2796 2797
f 2811 2797 2798
f 2811 2798 2799
f 2811 2799 2800
f 2811 2800 2801
f 2811 2801 2802
f 2811 2802 2803
f 2811 2803 2804
f 2811 2804 2805
f 2811 2805 2806
f 2811 2806 2807
f 2811 2807 2808
f 2811 2808 2809
f 2811 2809 2810
f 2811 2810 2773
f 2812 2813 2819
f 2813 2820 2819
f 2813 2814 2820
f 2814 2821 2820
f 2814 2815 2821
f 2815 2822 2821
f 2815 2816 2822
f 2816 2823 2822
f 2816 2817 2823
f 2817 2824 2823
f 2817 2818 2824
f 2818 2825 2824
f 2818 2812 2825
f 2812 2819 2825
f 2826 2819 2820
f 2826 2820 2821
f 2826 2821 2822
f 2826 2822 2823
f 2826 2823 2824
f 2826 2824 2825
f 2826 2825 2819
f 2827 2828 2835
f 2828 2836 2835
f 2828 2829 2836
f 2829 2837 2836
f 2829 2830 2837
f 2830 2838 2837
f 2830 2831 2838
f 2831 2839 2838
f 2831 2832 2839
f 2832 2840 2839
f 2832 2833 2840
f 2833 2841 2840
f 2833 2834 2841
f 2834 2842 2841
f 2834 2827 2842
f 2827 2835 2842
f 2843 2835 2836
f 2843 2836 2837
f 2843 2837 2838
f 2843 2838 2839
f 2843 2839 2840
f 2843 2840 2841
f 2843 2841 2842
f 2843 2842 2835
f 2844 2845 2849
f 2845 2850 2849
f 2845 2846 2850
f 2846 2851 2850
f 2846 2847 2851
f 2847 2852 2851
f 2847 2848 2852
f 2848 2853 2852
f 2848 2844 2853
f 2844 2849 2853
f 2854 2849 2850
f 2854 2850 2851
f 2854 2851 2852
f 2854 2852 2853
f 2854 2853 2849
f 2855 2856 2859
f 2856 2860 2859
f 2856 2857 2860
f 2857 2861 2860
f 2857 2858 2861
f 2858 2862 2861
f 2858 2855 2862
f 2855 2859 2862
f 2863 2859 2860
f 2863 2860 2861
f 2863 2861 2862
f 2863 2862 2859
f 2864 2865 2869
f 2865 2870 2869
f 2865 2866 2870
f 2866 2871 2870
f 2866 2867 2871
f 2867 2872 2871
f 2867 2868 2872
f 2868 2873 2872
f 2868 2864 2873
f 2864 2869 2873
f 2874 2869 2870
f 2874 2870 2871
f 2874 2871 2872
f 2874 2872 2873
f 2874 2873 2869
f 2875 2876 2879
f 2876 2880 2879
f 2876 2877 2880
f 2877 2881 2880
f 2877 2878 2881
f 2878 2882 2881
f 2878 2875 2882
f 2875 2879 2882
f 2883 2879 2880
f 2883 2880 2881
f 2883 2881 2882
f 2883 2882 2879
f 2884 2885 2888
f 2885 2889 2888
f 2885 2886 2889
f 2886 2890 2889
f 2886 2887 2890
f 2887 2891 2890
f 2887 2884 2891
f 2884 2888 2891
f 2892 2888 2889
f 2892 2889 2890
f 2892 2890 2891
f 2892 2891 2888
f 2893 2894 2897
f 2894 2898 2897
f 2894 2895 2898
f 2895 2899 2898
f 2895 2896 2899
f 2896 2900 2899
f 2896 2893 2900
f 2893 2897 2900
f 2901 2897 2898
f 2901 2898 2899
f 2901 2899 2900
f 2901 2900 2897
f 2902 2903 2906
f 2903 2907 2906
f 2903 2904 2907
f 2904 2908 2907
f 2904 2905 2908
f 2905 2909 2908
f 2905 2902 2909
f 2902 2906 2909
f 2910 2906 2907
f 2910 2907 2908
f 2910 2908 2909
f 2910 2909 2906
f 2911 2912 2917
f 2912 2918 2917
f 2912 2913 2918
f 2913 2919 2918
f 2913 2914 2919
f 2914 2920 2919
f 2914 2915 2920
f 2915 2921 2920
f 2915 2916 2921
f 2916 2922 2921
f 2916 2911 2922
f 2911 2917 2922
f 2923 2917 2918
f 2923 2918 2919
f 2923 2919 2920
f 2923 2920 2921
f 2923 2921 2922
f 2923 2922 2917
f 2924 2925 2927
f 2925 2928 2927
f 2925 2926 2928
f 2926 2929 2928
f 2926 2924 2929
f 2924 2927 2929
f 2930 2927 2928
f 2930 2928 2929
f 2930 2929 2927
f 2931 2932 2934
f 2932 2935 2934
f 2932 2933 2935
f 2933 2936 2935
f 2933 2931 2936
f 2931 2934 2936
f 2937 2934 2935
f 2937 2935 2936
f 2937 2936 2934
f 2938 2939 2942
f 2939 2943 2942
f 2939 2940 2943
f 2940 2944 2943
f 2940 2941 2944
f 2941 2945 2944
f 2941 2938 2945
f 2938 2942 2945
f 2946 2942 2943
f 2946 2943 2944
f 2946 2944 2945
f 2946 2945 2942
f 2947 2948 2951
f 2948 2952 2951
f 2948 2949 2952
f 2949 2953 2952
f 2949 2950 2953
f 2950 2954 2953
f 2950 2947 2954
f 2947 2951 2954
f 2955 2951 2952
f 2955 2952 2953
f 2955 2953 2954
f 2955 2954 2951
f 2956 2957 2961
f 2957 2962 2961
f 2957 2958 2962
f 2958 2963 2962
f 2958 2959 2963
f 2959 2964 2963
f 2959 2960 2964
f 2960 2965 2964
f 2960 2956 2965
f 2956 2961 2965
f 2966 2961 2962
f 2966 2962 2963
f 2966 2963 2964
f 2966 2964 2965
f 2966 2965 2961
f 2967 2968 2971
f 2968 2972 2971
f 2968 2969 2972
f 2969 2973 2972
f 2969 2970 2973
f 2970 2974 2973
f 2970 2967 2974
f 2967 2971 2974
f 2975 2971 2972
f 2975 2972 2973
f 2975 2973 2974
f 2975 2974 2971
f 2976 2977 2980
f 2977 2981 2980
f 2977 2978 2981
f 2978 2982 2981
f 2978 2979 2982
f 2979 2983 2982
f 2979 2976 2983
f 2976 2980 2983
f 2984 2980 2981
f 2984 2981 2982
f 2984 2982 2983
f 2984 2983 2980
f 2985 2986 2989
f 2986 2990 2989
f 2986 2987 2990
f 2987 2991 2990
f 2987 2988 2991
f 2988 2992 2991
f 2988 2985 2992
f 2985 2989 2992
f 2993 2989 2990
f 2993 2990 2991
f 2993 2991 2992
f 2993 2992 2989
f 2994 2995 2999
f 2995 3000 2999
f 2995 2996 3000
f 2996 3001 3000
f 2996 2997 3001
f 2997 3002 3001
f 2997 2998 3002
f 2998 3003 3002
f 2998 2994 3003
f 2994 2999 3003
f 3004 2999 3000
f 3004 3000 3001
f 3004 3001 3002
f 3004 3002 3003
f 3004 3003 2999
f 3005 3006 3009
f 3006 3010 3009
f 3006 3007 3010
f 3007 3011 3010
f 3007 3008 3011
f 3008 3012 3011
f 3008 3005 3012
f 3005 3009 3012
f 3013 3009 3010
f 3013 3010 3011
f 3013 3011 3012
f 3013 3012 3009
f 3014 3015 3018
f 3015 3019 3018
f 3015 3016 3019
f 3016 3020 3019
f 3016 3017 3020
f 3017 3021 3020
f 3017 3014 3021
f 3014 3018 3021
f 3022 3018 3019
f 3022 3019 3020
f 3022 3020 3021
f 3022 3021 3018
f 3023 3024 3027
f 3024 3028 3027
f 3024 3025 3028
f 3025 3029 3028
f 3025 3026 3029
f 3026 3030 3029
f 3026 3023 3030
f 3023 3027 3030
f 3031 3027 3028
f 3031 3028 3029
f 3031 3029 3030
f 3031 3030 3027
f 3032 3033 3036
f 3033 3037 3036
f 3033 3034 3037
f 3034 3038 3037
f 3034 3035 3038
f 3035 3039 3038
f 3035 3032 3039
f 3032 3036 3039
f 3040 3036 3037
f 3040 3037 3038
f 3040 3038 3039
f 3040 3039 3036
f 3041 3042 3045
f 3042 3046 3045
f 3042 3043 3046
f 3043 3047 3046
f 3043 3044 3047
f 3044 3048 3047
f 3044 3041 3048
f 3041 3045 3048
f 3049 3045 3046
f 3049 3046 3047
f 3049 3047 3048
f 3049 3048 3045
f 3050 3051 3054
f 3051 3055 3054
f 3051 3052 3055
f 3052 3056 3055
f 3052 3053 3056
f 3053 3057 3056
f 3053 3050 3057
f 3050 3054 3057
f 3058 3054 3055
f 3058 3055 3056
f 3058 3056 3057
f 3058 3057 3054
f 3059 3060 3063
f 3060 3064 3063
f 3060 3061 3064
f 3061 3065 3064
f 3061 3062 3065
f 3062 3066 3065
f 3062 3059 3066
f 3059 3063 3066
f 3067 3063 3064
f 3067 3064 3065
f 3067 3065 3066
f 3067 3066 3063
f 3068 3069 3072
f 3069 3073 3072
f 3069 3070 3073
f 3070 3074 3073
f 3070 3071 3074
f 3071 3075 3074
f 3071 3068 3075
f 3068 3072 3075
f 3076 3072 3073
f 3076 3073 3074
f 3076 3074 3075
f 3076 3075 3072
f 3077 3078 3081
f 3078 3082 3081
f 3078 3079 3082
f 3079 3083 3082
f 3079 3080 3083
f 3080 3084 3083
f 3080 3077 3084
f 3077 3081 3084
f 3085 3081 3082
f 3085 3082 3083
f 3085 3083 3084
f 3085 3084 3081
f 3086 3087 3090
f 3087 3091 3090
f 3087 3088 3091
f 3088 3092 3091
f 3088 3089 3092
f 3089 3093 3092
f 3089 3086 3093
f 3086 3090 3093
f 3094 3090 3091
f 3094 3091 3092
f 3094 3092 3093
f 3094 3093 3090
f 3095 3096 3099
f 3096 3100 3099
f 3096 3097 3100
f 3097 3101 3100
f 3097 3098 3101
f 3098 3102 3101
f 3098 3095 3102
f 3095 3099 3102
f 3103 3099 3100
f 3103 3100 3101
f 3103 3101 3102
f 3103 3102 3099
f 3104 3105 3108
f 3105 3109 3108
f 3105 3106 3109
f 3106 3110 3109
f 3106 3107 3110
f 3107 3111 3110
f 3107 3104 3111
f 3104 3108 3111
f 3112 3108 3109
f 3112 3109 3110
f 3112 3110 3111
f 3112 3111 3108
f 3113 3114 3117
f 3114 3118 3117
f 3114 3115 3118
f 3115 3119 3118
f 3115 3116 3119
f 3116 3120 3119
f 3116 3113 3120
f 3113 3117 3120
f 3121 3117 3118
f 3121 3118 3119
f 3121 3119 3120
f 3121 3120 3117
f 3122 3123 3126
f 3123 3127 3126
f 3123 3124 3127
f 3124 3128 3127
f 3124 3125 3128
f 3125 3129 3128
f 3125 3122 3129
f 3122 3126 3129
f 3130 3126 3127
f 3130 3127 3128
f 3130 3128 3129
f 3130 3129 3126
f 3131 3132 3135
f 3132 3136 3135
f 3132 3133 3136
f 3133 3137 3136
f 3133 3134 3137
f 3134 3138 3137
f 3134 3131 3138
f 3131 3135 3138
f 3139 3135 3136
f 3139 3136 3137
f 3139 3137 3138
f 3139 3138 3135
f 3140 3141 3144
f 3141 3145 3144
f 3141 3142 3145
f 3142 3146 3145
f 3142 3143 3146
f 3143 3147 3146
f 3143 3140 3147
f 3140 3144 3147
f 3148 3144 3145
f 3148 3145 3146
f 3148 3146 3147
f 3148 3147 3144
f 3149 3150 3153
f 3150 3154 3153
f 3150 3151 3154
f 3151 3155 3154
f 3151 3152 3155
f 3152 3156 3155
f 3152 3149 3156
f 3149 3153 3156
f 3157 3153 3154
f 3157 3154 3155
f 3157 3155 3156
f 3157 3156 3153
f 3158 3159 3162
f 3159 3163 3162
f 3159 3160 3163
f 3160 3164 3163
f 3160 3161 3164
f 3161 3165 3164
f 3161 3158 3165
f 3158 3162 3165
f 3166 3162 3163
f 3166 3163 3164
f 3166 3164 3165
f 3166 3165 3162
f 3167 3168 3173
f 3168 3174 3173
f 3168 3169 3174
f 3169 3175 3174
f 3169 3170 3175
f 3170 3176 3175
f 3170 3171 3176
f 3171 3177 3176
f 3171 3172 3177
f 3172 3178 3177
f 3172 3167 3178
f 3167 3173 3178
f 3179 3173 3174
f 3179 3174 3175
f 3179 3175 3176
f 3179 3176 3177
f 3179 3177 3178
f 3179 3178 3173
f 3180 3181 3185
f 3181 3186 3185
f 3181 3182 3186
f 3182 3187 3186
f 3182 3183 3187
f 3183 3188 3187
f 3183 3184 3188
f 3184 3189 3188
f 3184 3180 3189
f 3180 3185 3189
f 3190 3185 3186
f 3190 3186 3187
f 3190 3187 3188
f 3190 3188 3189
f 3190 3189 3185
f 3191 3192 3196
f 3192 3197 3196
f 3192 3193 3197
f 3193 3198 3197
f 3193 3194 3198
f 3194 3199 3198
f 3194 3195 3199
f 3195 3200 3199
f 3195 3191 3200
f 3191 3196 3200
f 3201 3196 3197
f 3201 3197 3198
f 3201 3198 3199
f 3201 3199 3200
f 3201 3200 3196
f 3202 3203 3207
f 3203 3208 3207
f 3203 3204 3208
f 3204 3209 3208
f 3204 3205 3209
f 3205 3210 3209
f 3205 3206 3210
f 3206 3211 3210
f 3206 3202 3211
f 3202 3207 3211
f 3212 3207 3208
f 3212 3208 3209
f 3212 3209 3210
f 3212 3210 3211
f 3212 3211 3207
f 3213 3214 3218
f 3214 3219 3218
f 3214 3215 3219
f 3215 3220 3219
f 3215 3216 3220
f 3216 3221 3220
f 3216 3217 3221
f 3217 3222 3221
f 3217 3213 3222
f 3213 3218 3222
f 3223 3218 3219
f 3223 3219 3220
f 3223 3220 3221
f 3223 3221 3222
f 3223 3222 3218
f 3224 3225 3230
f 3225 3231 3230
f 3225 3226 3231
f 3226 3232 3231
f 3226 3227 3232
f 3227 3233 3232
f 3227 3228 3233
f 3228 3234 3233
f 3228 3229 3234
f 3229 3235 3234
f 3229 3224 3235
f 3224 3230 3235
f 3236 3230 3231
f 3236 3231 3232
f 3236 3232 3233
f 3236 3233 3234
f 3236 3234 3235
f 3236 3235 3230
f 3237 3238 3242
f 3238 3243 3242
f 3238 3239 3243
f 3239 3244 3243
f 3239 3240 3244
f 3240 3245 3244
f 3240 3241 3245
f 3241 3246 3245
f 3241 3237 3246
f 3237 3242 3246
f 3247 3242 3243
f 3247 3243 3244
f 3247 3244 3245
f 3247 3245 3246
f 3247 3246 3242
f 3248 3249 3253
f 3249 3254 3253
f 3249 3250 3254
f 3250 3255 3254
f 3250 3251 3255
f 3251 3256 3255
f 3251 3252 3256
f 3252 3257 3256
f 3252 3248 3257
f 3248 3253 3257
f 3258 3253 3254
f 3258 3254 3255
f 3258 3255 3256
f 3258 3256 3257
f 3258 3257 3253
f 3259 3260 3265
f 3260 3266 3265
f 3260 3261 3266
f 3261 3267 3266
f 3261 3262 3267
f 3262 3268 3267
f 3262 3263 3268
f 3263 3269 3268
f 3263 3264 3269
f 3264 3270 3269
f 3264 3259 3270
f 3259 3265 3270
f 3271 3265 3266
f 3271 3266 3267
f 3271 3267 3268
f 3271 3268 3269
f 3271 3269 3270
f 3271 3270 3265
f 3272 3273 3277
f 3273 3278 3277
f 3273 3274 3278
f 3274 3279 3278
f 3274 3275 3279
f 3275 3280 3279
f 3275 3276 3280
f 3276 3281 3280
f 3276 3272 3281
f 3272 3277 3281
f 3282 3277 3278
f 3282 3278 3279
f 3282 3279 3280
f 3282 3280 3281
f 3282 3281 3277
f 3283 3284 3288
f 3284 3289 3288
f 3284 3285 3289
f 3285 3290 3289
f 3285 3286 3290
f 3286 3291 3290
f 3286 3287 3291
f 3287 3292 3291
f 3287 3283 3292
f 3283 3288 3292
f 3293 3288 3289
f 3293 3289 3290
f 3293 3290 3291
f 3293 3291 3292
f 3293 3292 3288
f 3294 3295 3299
f 3295 3300 3299
f 3295 3296 3300
f 3296 3301 3300
f 3296 3297 3301
f 3297 3302 3301
f 3297 3298 3302
f 3298 3303 3302
f 3298 3294 3303
f 3294 3299 3303
f 3304 3299 3300
f 3304 3300 3301
f 3304 3301 3302
f 3304 3302 3303
f 3304 3303 3299
f 3305 3306 3311
f 3306 3312 3311
f 3306 3307 3312
f 3307 3313 3312
f 3307 3308 3313
f 3308 3314 3313
f 3308 3309 3314
f 3309 3315 3314
f 3309 3310 3315
f 3310 3316 3315
f 3310 3305 3316
f 3305 3311 3316
f 3317 3311 3312
f 3317 3312 3313
f 3317 3313 3314
f 3317 3314 3315
f 3317 3315 3316
f 3317 3316 3311
f 3318 3319 3325
f 3319 3326 3325
f 3319 3320 3326
f 3320 3327 3326
f 3320 3321 3327
f 3321 3328 3327
f 3321 3322 3328
f 3322 3329 3328
f 3322 3323 3329
f 3323 3330 3329
f 3323 3324 3330
f 3324 3331 3330
f 3324 3318 3331
f 3318 3325 3331
f 3332 3325 3326
f 3332 3326 3327
f 3332 3327 3328
f 3332 3328 3329
f 3332 3329 3330
f 3332 3330 3331
f 3332 3331 3325
f 3333 3334 3337
f 3334 3338 3337
f 3334 3335 3338
f 3335 3339 3338
f 3335 3336 3339
f 3336 3340 3339
f 3336 3333 3340
f 3333 3337 3340
f 3341 3337 3338
f 3341 3338 3339
f 3341 3339 3340
f 3341 3340 3337
f 3342 3343 3346
f 3343 3347 3346
f 3343 3344 3347
f 3344 3348 3347
f 3344 3345 3348
f 3345 3349 3348
f 3345 3342 3349
f 3342 3346 3349
f 3350 3346 3347
f 3350 3347 3348
f 3350 3348 3349
f 3350 3349 3346
f 3351 3352 3355
f 3352 3356 3355
f 3352 3353 3356
f 3353 3357 3356
f 3353 3354 3357
f 3354 3358 3357
f 3354 3351 3358
f 3351 3355 3358
f 3359 3355 3356
f 3359 3356 3357
f 3359 3357 3358
f 3359 3358 3355
f 3360 3361 3364
f 3361 3365 3364
f 3361 3362 3365
f 3362 3366 3365
f 3362 3363 3366
f 3363 3367 3366
f 3363 3360 3367
f 3360 3364 3367
f 3368 3364 3365
f 3368 3365 3366
f 3368 3366 3367
f 3368 3367 3364
f 3369 3370 3373
f 3370 3374 3373
f 3370 3371 3374
f 3371 3375 3374
f 3371 3372 3375
f 3372 3376 3375
f 3372 3369 3376
f 3369 3373 3376
f 3377 3373 3374
f 3377 3374 3375
f 3377 3375 3376
f 3377 3376 3373
f 3378 3379 3382
f 3379 3383 3382
f 3379 3380 3383
f 3380 3384 3383
f 3380 3381 3384
f 3381 3385 3384
f 3381 3378 3385
f 3378 3382 3385
f 3386 3382 3383
f 3386 3383 3384
f 3386 3384 3385
f 3386 3385 3382
f 3387 3388 3411
f 3388 3412 3411
f 3388 3389 3412
f 3389 3413 3412
f 3389 3390 3413
f 3390 3414 3413
f 3390 3391 3414
f 3391 3415 3414
f 3391 3392 3415
f 3392 3416 3415
f 3392 3393 3416
f 3393 3417 3416
f 3393 3394 3417
f 3394 3418 3417
f 3394 3395 3418
f 3395 3419 3418
f 3395 3396 3419
f 3396 3420 3419
f 3396 3397 3420
f 3397 3421 3420
f 3397 3398 3421
f 3398 3422 3421
f 3398 3399 3422
f 3399 3423 3422
f 3399 3400 3423
f 3400 3424 3423
f 3400 3401 3424
f 3401 3425 3424
f 3401 3402 3425
f 3402 3426 3425
f 3402 3403 3426
f 3403 3427 3426
f 3403 3404 3427
f 3404 3428 3427
f 3404 3405 3428
f 3405 3429 3428
f 3405 3406 3429
f 3406 3430 3429
f 3406 3407 3430
f 3407 3431 3430
f 3407 3408 3431
f 3408 3432 3431
f 3408 3409 3432
f 3409 3433 3432
f 3409 3410 3433
f 3410 3434 3433
f 3410 3387 3434
f 3387 3411 3434
f 3435 3411 3412
f 3435 3412 3413
f 3435 3413 3414
f 3435 3414 3415
f 3435 3415 3416
f 3435 3416 3417
f 3435 3417 3418
f 3435 3418 3419
f 3435 3419 3420
f 3435 3420 3421
f 3435 3421 3422
f 3435 3422 3423
f 3435 3423 3424
f 3435 3424 3425
f 3435 3425 3426
f 3435 3426 3427
f 3435 3427 3428
f 3435 3428 3429
f 3435 3429 3430
f 3435 3430 3431
f 3435 3431 3432
f 3435 3432 3433
f 3435 3433 3434
f 3435 3434 3411
f 3436 3437 3440
f 3437 3441 3440
f 3437 3438 3441
f 3438 3442 3441
f 3438 3439 3442
f 3439 3443 3442
f 3439 3436 3443
f 3436 3440 3443
f 3444 3440 3441
f 3444 3441 3442
f 3444 3442 3443
f 3444 3443 3440
f 3445 3446 3533
f 3446 3534 3533
f 3446 3447 3534
f 3447 3535 3534
f 3447 3448 3535
f 3448 3536 3535
f 3448 3449 3536
f 3449 3537 3536
f 3449 3450 3537
f 3450 3538 3537
f 3450 3451 3538
f 3451 3539 3538
f 3451 3452 3539
f 3452 3540 3539
f 3452 3453 3540
f 3453 3541 3540
f 3453 3454 3541
f 3454 3542 3541
f 3454 3455 3542
f 3455 3543 3542
f 3455 3456 3543
f 3456 3544 3543
f 3456 3457 3544
f 3457 3545 3544
f 3457 3458 3545
f 3458 3546 3545
f 3458 3459 3546
f 3459 3547 3546
f 3459 3460 3547
f 3460 3548 3547
f 3460 3461 3548
f 3461 3549 3548
f 3461 3462 3549
f 3462 3550 3549
f 3462 3463 3550
f 3463 3551 3550
f 3463 3464 3551
f 3464 3552 3551
f 3464 3465 3552
f 3465 3553 3552
f 3465 3466 3553
f 3466 3554 3553
f 3466 3467 3554
f 3467 3555 3554
f 3467 3468 3555
f 3468 3556 3555
f 3468 3469 3556
f 3469 3557 3556
f 3469 3470 3557
f 3470 3558 3557
f 3470 3471 3558
f 3471 3559 3558
f 3471 3472 3559
f 3472 3560 3559
f 3472 3473 3560
f 3473 3561 3560
f 3473 3474 3561
f 3474 3562 3561
f 3474 3475 3562
f 3475 3563 3562
f 3475 3476 3563
f 3476 3564 3563
f 3476 3477 3564
f 3477 3565 3564
f 3477 3478 3565
f 3478 3566 3565
f 3478 3479 3566
f 3479 3567 3566
f 3479 3480 3567
f 3480 3568 3567
f 3480 3481 3568
f 3481 3569 3568
f 3481 3482 3569
f 3482 3570 3569
f 3482 3483 3570
f 3483 3571 3570
f 3483 3484 3571
f 3484 3572 3571
f 3484 3485 3572
f 3485 3573 3572
f 3485 3486 3573
f 3486 3574 3573
f 3486 3487 3574
f 3487 3575 3574
f 3487 3488 3575
f 3488 3576 3575
f 3488 3489 3576
f 3489 3577 3576
f 3489 3490 3577
f 3490 3578 3577
f 3490 3491 3578
f 3491 3579 3578
f 3491 3492 3579
f 3492 3580 3579
f 3492 3493 3580
f 3493 3581 3580
f 3493 3494 3581
f 3494 3582 3581
f 3494 3495 3582
f 3495 3583 3582
f 3495 3496 3583
f 3496 3584 3583
f 3496 3497 3584
f 3497 3585 3584
f 3497 3498 3585
f 3498 3586 3585
f 3498 3499 3586
f 3499 3587 3586
f 3499 3500 3587
f 3500 3588 3587
f 3500 3501 3588
f 3501 3589 3588
f 3501 3502 3589
f 3502 3590 3589
f 3502 3503 3590
f 3503 3591 3590
f 3503 3504 3591
f 3504 3592 3591
f 3504 3505 3592
f 3505 3593 3592
f 3505 3506 3593
f 3506 3594 3593
f 3506 3507 3594
f 3507 3595 3594
f 3507 3508 3595
f 3508 3596 3595
f 3508 3509 3596
f 3509 3597 3596
f 3509 3510 3597
f 3510 3598 3597
f 3510 3511 3598
f 3511 3599 3598
f 3511 3512 3599
f 3512 3600 3599
f 3512 3513 3600
f 3513 3601 3600
f 3513 3514 3601
f 3514 3602 3601
f 3514 3515 3602
f 3515 3603 3602
f 3515 3516 3603
f 3516 3604 3603
f 3516 3517 3604
f 3517 3605 3604
f 3517 3518 3605
f 3518 3606 3605
f 3518 3519 3606
f 3519 3607 3606
f 3519 3520 3607
f 3520 3608 3607
f 3520 3521 3608
f 3521 3609 3608
f 3521 3522 3609
f 3522 3610 3609
f 3522 3523 3610
f 3523 3611 3610
f 3523 3524 3611
f 3524 3612 3611
f 3524 3525 3612
f 3525 3613 3612
f 3525 3526 3613
f 3526 3614 3613
f 3526 3527 3614
f 3527 3615 3614
f 3527 3528 3615
f 3528 3616 3615
f 3528 3529 3616
f 3529 3617 3616
f 3529 3530 3617
f 3530 3618 3617
f 3530 3531 3618
f 3531 3619 3618
f 3531 3532 3619
f 3532 3620 3619
f 3532 3445 3620
f 3445 3533 3620
f 3621 3533 3534
f 3621 3534 3535
f 3621 3535 3536
f 3621 3536 3537
f 3621 3537 3538
f 3621 3538 3539
f 3621 3539 3540
f 3621 3540 3541
f 3621 3541 3542
f 3621 3542 3543
f 3621 3543 3544
f 3621 3544 3545
f 3621 3545 3546
f 3621 3546 3547
f 3621 3547 3548
f 3621 3548 3549
f 3621 3549 3550
f 3621 3550 3551
f 3621 3551 3552
f 3621 3552 3553
f 3621 3553 3554
f 3621 3554 3555
f 3621 3555 3556
f 3621 3556 3557
f 3621 3557 3558
f 3621 3558 3559
f 3621 3559 3560
f 3621 3560 3561
f 3621 3561 3562
f 3621 3562 3563
f 3621 3563 3564
f 3621 3564 3565
f 3621 3565 3566
f 3621 3566 3567
f 3621 3567 3568
f 3621 3568 3569
f 3621 3569 3570
f 3621 3570 3571
f 3621 3571 3572
f 3621 3572 3573
f 3621 3573 3574
f 3621 3574 3575
f 3621 3575 3576
f 3621 3576 3577
f 3621 3577 3578
f 3621 3578 3579
f 3621 3579 3580
f 3621 3580 3581
f 3621 3581 3582
f 3621 3582 3583
f 3621 3583 3584
f 3621 3584 3585
f 3621 3585 3586
f 3621 3586 3587
f 3621 3587 3588
f 3621 3588 3589
f 3621 3589 3590
f 3621 3590 3591
f 3621 3591 3592
f 3621 3592 3593
f 3621 3593 3594
f 3621 3594 3595
f 3621 3595 3596
f 3621 3596 3597
f 3621 3597 3598
f 3621 3598 3599
f 3621 3599 3600
f 3621 3600 3601
f 3621 3601 3602
f 3621 3602 3603
f 3621 3603 3604
f 3621 3604 3605
f 3621 3605 3606
f 3621 3606 3607
f 3621 3607 3608
f 3621 3608 3609
f 3621 3609 3610
f 3621 3610 3611
f 3621 3611 3612
f 3621 3612 3613
f 3621 3613 3614
f 3621 3614 3615
f 3621 3615 3616
f 3621 3616 3617
f 3621 3617 3618
f 3621 3618 3619
f 3621 3619 3620
f 3621 3620 3533
f 3622 3623 3626
f 3623 3627 3626
f 3623 3624 3627
f 3624 3628 3627
f 3624 3625 3628
f 3625 3629 3628
f 3625 3622 3629
f 3622 3626 3629
f 3630 3626 3627
f 3630 3627 3628
f 3630 3628 3629
f 3630 3629 3626
f 3631 3632 3678
f 3632 3679 3678
f 3632 3633 3679
f 3633 3680 3679
f 3633 3634 3680
f 3634 3681 3680
f 3634 3635 3681
f 3635 3682 3681
f 3635 3636 3682
f 3636 3683 3682
f 3636 3637 3683
f 3637 3684 3683
f 3637 3638 3684
f 3638 3685 3684
f 3638 3639 3685
f 3639 3686 3685
f 3639 3640 3686
f 3640 3687 3686
f 3640 3641 3687
f 3641 3688 3687
f 3641 3642 3688
f 3642 3689 3688
f 3642 3643 3689
f 3643 3690 3689
f 3643 3644 3690
f 3644 3691 3690
f 3644 3645 3691
f 3645 3692 3691
f 3645 3646 3692
f 3646 3693 3692
f 3646 3647 3693
f 3647 3694 3693
f 3647 3648 3694
f 3648 3695 3694
f 3648 3649 3695
f 3649 3696 3695
f 3649 3650 3696
f 3650 3697 3696
f 3650 3651 3697
f 3651 3698 3697
f 3651 3652 3698
f 3652 3699 3698
f 3652 3653 3699
f 3653 3700 3699
f 3653 3654 3700
f 3654 3701 3700
f 3654 3655 3701
f 3655 3702 3701
f 3655 3656 3702
f 3656 3703 3702
f 3656 3657 3703
f 3657 3704 3703
f 3657 3658 3704
f 3658 3705 3704
f 3658 3659 3705
f 3659 3706 3705
f 3659 3660 3706
f 3660 3707 3706
f 3660 3661 3707
f 3661 3708 3707
f 3661 3662 3708
f 3662 3709 3708
f 3662 3663 3709
f 3663 3710 3709
f 3663 3664 3710
f 3664 3711 3710
f 3664 3665 3711
f 3665 3712 3711
f 3665 3666 3712
f 3666 3713 3712
f 3666 3667 3713
f 3667 3714 3713
f 3667 3668 3714
f 3668 3715 3714
f 3668 3669 3715
f 3669 3716 3715
f 3669 3670 3716
f 3670 3717 3716
f 3670 3671 3717
f 3671 3718 3717
f 3671 3672 3718
f 3672 3719 3718
f 3672 3673 3719
f 3673 3720 3719
f 3673 3674 3720
f 3674 3721 3720
f 3674 3675 3721
f 3675 3722 3721
f 3675 3676 3722
f 3676 3723 3722
f 3676 3677 3723
f 3677 3724 3723
f 3677 3631 3724
f 3631 3678 3724
f 3725 3678 3679
f 3725 3679 3680
f 3725 3680 3681
f 3725 3681 3682
f 3725 3682 3683
f 3725 3683 3684
f 3725 3684 3685
f 3725 3685 3686
f 3725 3686 3687
f 3725 3687 3688
f 3725 3688 3689
f 3725 3689 3690
f 3725 3690 3691
f 3725 3691 3692
f 3725 3692 3693
f 3725 3693 3694
f 3725 3694 3695
f 3725 3695 3696
f 3725 3696 3697
f 3725 3697 3698
f 3725 3698 3699
f 3725 3699 3700
f 3725 3700 3701
f 3725 3701 3702
f 3725 3702 3703
f 3725 3703 3704
f 3725 3704 3705
f 3725 3705 3706
f 3725 3706 3707
f 3725 3707 3708
f 3725 3708 3709
f 3725 3709 3710
f 3725 3710 3711
f 3725 3711 3712
f 3725 3712 3713
f 3725 3713 3714
f 3725 3714 3715
f 3725 3715 3716
f 3725 3716 3717
f 3725 3717 3718
f 3725 3718 3719
f 3725 3719 3720
f 3725 3720 3721
f 3725 3721 3722
f 3725 3722 3723
f 3725 3723 3724
f 3725 3724 3678
f 3726 3727 3732
f 3727 3733 3732
f 3727 3728 3733
f 3728 3734 3733
f 3728 3729 3734
f 3729 3735 3734
f 3729 3730 3735
f 3730 3736 3735
f 3730 3731 3736
f 3731 3737 3736
f 3731 3726 3737
f 3726 3732 3737
f 3738 3732 3733
f 3738 3733 3734
f 3738 3734 3735
f 3738 3735 3736
f 3738 3736 3737
f 3738 3737 3732
f 3739 3740 3745
f 3740 3746 3745
f 3740 3741 3746
f 3741 3747 3746
f 3741 3742 3747
f 3742 3748 3747
f 3742 3743 3748
f 3743 3749 3748
f 3743 3744 3749
f 3744 3750 3749
f 3744 3739 3750
f 3739 3745 3750
f 3751 3745 3746
f 3751 3746 3747
f 3751 3747 3748
f 3751 3748 3749
f 3751 3749 3750
f 3751 3750 3745
f 3752 3753 3758
f 3753 3759 3758
f 3753 3754 3759
f 3754 3760 3759
f 3754 3755 3760
f 3755 3761 3760
f 3755 3756 3761
f 3756 3762 3761
f 3756 3757 3762
f 3757 3763 3762
f 3757 3752 3763
f 3752 3758 3763
f 3764 3758 3759
f 3764 3759 3760
f 3764 3760 3761
f 3764 3761 3762
f 3764 3762 3763
f 3764 3763 3758
f 3765 3766 3772
f 3766 3773 3772
f 3766 3767 3773
f 3767 3774 3773
f 3767 3768 3774
f 3768 3775 3774
f 3768 3769 3775
f 3769 3776 3775
f 3769 3770 3776
f 3770 3777 3776
f 3770 3771 3777
f 3771 3778 3777
f 3771 3765 3778
f 3765 3772 3778
f 3779 3772 3773
f 3779 3773 3774
f 3779 3774 3775
f 3779 3775 3776
f 3779 3776 3777
f 3779 3777 3778
f 3779 3778 3772
f 3780 3781 3856
f 3781 3857 3856
f 3781 3782 3857
f 3782 3858 3857
f 3782 3783 3858
f 3783 3859 3858
f 3783 3784 3859
f 3784 3860 3859
f 3784 3785 3860
f 3785 3861 3860
f 3785 3786 3861
f 3786 3862 3861
f 3786 3787 3862
f 3787 3863 3862
f 3787 3788 3863
f 3788 3864 3863
f 3788 3789 3864
f 3789 3865 3864
f 3789 3790 3865
f 3790 3866 3865
f 3790 3791 3866
f 3791 3867 3866
f 3791 3792 3867
f 3792 3868 3867
f 3792 3793 3868
f 3793 3869 3868
f 3793 3794 3869
f 3794 3870 3869
f 3794 3795 3870
f 3795 3871 3870
f 3795 3796 3871
f 3796 3872 3871
f 3796 3797 3872
f 3797 3873 3872
f 3797 3798 3873
f 3798 3874 3873
f 3798 3799 3874
f 3799 3875 3874
f 3799 3800 3875
f 3800 3876 3875
f 3800 3801 3876
f 3801 3877 3876
f 3801 3802 3877
f 3802 3878 3877
f 3802 3803 3878
f 3803 3879 3878
f 3803 3804 3879
f 3804 3880 3879
f 3804 3805 3880
f 3805 3881 3880
f 3805 3806 3881
f 3806 3882 3881
f 3806 3807 3882
f 3807 3883 3882
f 3807 3808 3883
f 3808 3884 3883
f 3808 3809 3884
f 3809 3885 3884
f 3809 3810 3885
f 3810 3886 3885
f 3810 3811 3886
f 3811 3887 3886
f 3811 3812 3887
f 3812 3888 3887
f 3812 3813 3888
f 3813 3889 3888
f 3813 3814 3889
f 3814 3890 3889
f 3814 3815 3890
f 3815 3891 3890
f 3815 3816 3891
f 3816 3892 3891
f 3816 3817 3892
f 3817 3893 3892
f 3817 3818 3893
f 3818 3894 3893
f 3818 3819 3894
f 3819 3895 3894
f 3819 3820 3895
f 3820 3896 3895
f 3820 3821 3896
f 3821 3897 3896
f 3821 3822 3897
f 3822 3898 3897
f 3822 3823 3898
f 3823 3899 3898
f 3823 3824 3899
f 3824 3900 3899
f 3824 3825 3900
f 3825 3901 3900
f 3825 3826 3901
f 3826 3902 3901
f 3826 3827 3902
f 3827 3903 3902
f 3827 3828 3903
f 3828 3904 3903
f 3828 3829 3904
f 3829 3905 3904
f 3829 3830 3905
f 3830 3906 3905
f 3830 3831 3906
f 3831 3907 3906
f 3831 3832 3907
f 3832 3908 3907
f 3832 3833 3908
f 3833 3909 3908
f 3833 3834 3909
f 3834 3910 3909
f 3834 3835 3910
f 3835 3911 3910
f 3835 3836 3911
f 3836 3912 3911
f 3836 3837 3912
f 3837 3913 3912
f 3837 3838 3913
f 3838 3914 3913
f 3838 3839 3914
f 3839 3915 3914
f 3839 3840 3915
f 3840 3916 3915
f 3840 3841 3916
f 3841 3917 3916
f 3841 3842 3917
f 3842 3918 3917
f 3842 3843 3918
f 3843 3919 3918
f 3843 3844 3919
f 3844 3920 3919
f 3844 3845 3920
f 3845 3921 3920
f 3845 3846 3921
f 3846 3922 3921
f 3846 3847 3922
f 3847 3923 3922
f 3847 3848 3923
f 3848 3924 3923
f 3848 3849 3924
f 3849 3925 3924
f 3849 3850 3925
f 3850 3926 3925
f 3850 3851 3926
f 3851 3927 3926
f 3851 3852 3927
f 3852 3928 3927
f 3852 3853 3928
f 3853 3929 3928
f 3853 3854 3929
f 3854 3930 3929
f 3854 3855 3930
f 3855 3931 3930
f 3855 3780 3931
f 3780 3856 3931
f 3932 3856 3857
f 3932 3857 3858
f 3932 3858 3859
f 3932 3859 3860
f 3932 3860 3861
f 3932 3861 3862
f 3932 3862 3863
f 3932 3863 3864
f 3932 3864 3865
f 3932 3865 3866
f 3932 3866 3867
f 3932 3867 3868
f 3932 3868 3869
f 3932 3869 3870
f 3932 3870 3871
f 3932 3871 3872
f 3932 3872 3873
f 3932 3873 3874
f 3932 3874 3875
f 3932 3875 3876
f 3932 3876 3877
f 3932 3877 3878
f 3932 3878 3879
f 3932 3879 3880
f 3932 3880 3881
f 3932 3881 3882
f 3932 3882 3883
f 3932 3883 3884
f 3932 3884 3885
f 3932 3885 3886
f 3932 3886 3887
f 3932 3887 3888
f 3932 3888 3889
f 3932 3889 3890
f 3932 3890 3891
f 3932 3891 3892
f 3932 3892 3893
f 3932 3893 3894
f 3932 3894 3895
f 3932 3895 3896
f 3932 3896 3897
f 3932 3897 3898
f 3932 3898 3899
f 3932 3899 3900
f 3932 3900 3901
f 3932 3901 3902
f 3932 3902 3903
f 3932 3903 3904
f 3932 3904 3905
f 3932 3905 3906
f 3932 3906 3907
f 3932 3907 3908
f 3932 3908 3909
f 3932 3909 3910
f 3932 3910 3911
f 3932 3911 3912
f 3932 3912 3913
f 3932 3913 3914
f 3932 3914 3915
f 3932 3915 3916
f 3932 3916 3917
f 3932 3917 3918
f 3932 3918 3919
f 3932 3919 3920
f 3932 3920 3921
f 3932 3921 3922
f 3932 3922 3923
f 3932 3923 3924
f 3932 3924 3925
f 3932 3925 3926
f 3932 3926 3927
f 3932 3927 3928
f 3932 3928 3929
f 3932 3929 3930
f 3932 3930 3931
f 3932 3931 3856
f 3933 3934 3979
f 3934 3980 3979
f 3934 3935 3980
f 3935 3981 3980
f 3935 3936 3981
f 3936 3982 3981
f 3936 3937 3982
f 3937 3983 3982
f 3937 3938 3983
f 3938 3984 3983
f 3938 3939 3984
f 3939 3985 3984
f 3939 3940 3985
f 3940 3986 3985
f 3940 3941 3986
f 3941 3987 3986
f 3941 3942 3987
f 3942 3988 3987
f 3942 3943 3988
f 3943 3989 3988
f 3943 3944 3989
f 3944 3990 3989
f 3944 3945 3990
f 3945 3991 3990
f 3945 3946 3991
f 3946 3992 3991
f 3946 3947 3992
f 3947 3993 3992
f 3947 3948 3993
f 3948 3994 3993
f 3948 3949 3994
f 3949 3995 3994
f 3949 3950 3995
f 3950 3996 3995
f 3950 3951 3996
f 3951 3997 3996
f 3951 3952 3997
f 3952 3998 3997
f 3952 3953 3998
f 3953 3999 3998
f 3953 3954 3999
f 3954 4000 3999
f 3954 3955 4000
f 3955 4001 4000
f 3955 3956 4001
f 3956 4002 4001
f 3956 3957 4002
f 3957 4003 4002
f 3957 3958 4003
f 3958 4004 4003
f 3958 3959 4004
f 3959 4005 4004
f 3959 3960 4005
f 3960 4006 4005
f 3960 3961 4006
f 3961 4007 4006
f 3961 3962 4007
f 3962 4008 4007
f 3962 3963 4008
f 3963 4009 4008
f 3963 3964 4009
f 3964 4010 4009
f 3964 3965 4010
f 3965 4011 4010
f 3965 3966 4011
f 3966 4012 4011
f 3966 3967 4012
f 3967 4013 4012
f 3967 3968 4013
f 3968 4014 4013
f 3968 3969 4014
f 3969 4015 4014
f 3969 3970 4015
f 3970 4016 4015
f 3970 3971 4016
f 3971 4017 4016
f 3971 3972 4017
f 3972 4018 4017
f 3972 3973 4018
f 3973 4019 4018
f 3973 3974 4019
f 3974 4020 4019
f 3974 3975 4020
f 3975 4021 4020
f 3975 3976 4021
f 3976 4022 4021
f 3976 3977 4022
f 3977 4023 4022
f 3977 3978 4023
f 3978 4024 4023
f 3978 3933 4024
f 3933 3979 4024
f 4025 3979 3980
f 4025 3980 3981
f 4025 3981 3982
f 4025 3982 3983
f 4025 3983 3984
f 4025 3984 3985
f 4025 3985 3986
f 4025 3986 3987
f 4025 3987 3988
f 4025 3988 3989
f 4025 3989 3990
f 4025 3990 3991
f 4025 3991 3992
f 4025 3992 3993
f 4025 3993 3994
f 4025 3994 3995
f 4025 3995 3996
f 4025 3996 3997
f 4025 3997 3998
f 4025 3998 3999
f 4025 3999 4000
f 4025 4000 4001
f 4025 4001 4002
f 4025 4002 4003
f 4025 4003 4004
f 4025 4004 4005
f 4025 4005 4006
f 4025 4006 4007
f 4025 4007 4008
f 4025 4008 4009
f 4025 4009 4010
f 4025 4010 4011
f 4025 4011 4012
f 4025 4012 4013
f 4025 4013 4014
f 4025 4014 4015
f 4025 4015 4016
f 4025 4016 4017
f 4025 4017 4018
f 4025 4018 4019
f 4025 4019 4020
f 4025 4020 4021
f 4025 4021 4022
f 4025 4022 4023
f 4025 4023 4024
f 4025 4024 3979
f 4026 4027 4046
f 4027 4047 4046
f 4027 4028 4047
f 4028 4048 4047
f 4028 4029 4048
f 4029 4049 4048
f 4029 4030 4049
f 4030 4050 4049
f 4030 4031 4050
f 4031 4051 4050
f 4031 4032 4051
f 4032 4052 4051
f 4032 4033 4052
f 4033 4053 4052
f 4033 4034 4053
f 4034 4054 4053
f 4034 4035 4054
f 4035 4055 4054
f 4035 4036 4055
f 4036 4056 4055
f 4036 4037 4056
f 4037 4057 4056
f 4037 4038 4057
f 4038 4058 4057
f 4038 4039 4058
f 4039 4059 4058
f 4039 4040 4059
f 4040 4060 4059
f 4040 4041 4060
f 4041 4061 4060
f 4041 4042 4061
f 4042 4062 4061
f 4042 4043 4062
f 4043 4063 4062
f 4043 4044 4063
f 4044 4064 4063
f 4044 4045 4064
f 4045 4065 4064
f 4045 4026 4065
f 4026 4046 4065
f 4066 4046 4047
f 4066 4047 4048
f 4066 4048 4049
f 4066 4049 4050
f 4066 4050 4051
f 4066 4051 4052
f 4066 4052 4053
f 4066 4053 4054
f 4066 4054 4055
f 4066 4055 4056
f 4066 4056 4057
f 4066 4057 4058
f 4066 4058 4059
f 4066 4059 4060
f 4066 4060 4061
f 4066 4061 4062
f 4066 4062 4063
f 4066 4063 4064
f 4066 4064 4065
f 4066 4065 4046
f 4067 4068 4077
f 4068 4078 4077
f 4068 4069 4078
f 4069 4079 4078
f 4069 4070 4079
f 4070 4080 4079
f 4070 4071 4080
f 4071 4081 4080
f 4071 4072 4081
f 4072 4082 4081
f 4072 4073 4082
f 4073 4083 4082
f 4073 4074 4083
f 4074 4084 4083
f 4074 4075 4084
f 4075 4085 4084
f 4075 4076 4085
f 4076 4086 4085
f 4076 4067 4086
f 4067 4077 4086
f 4087 4077 4078
f 4087 4078 4079
f 4087 4079 4080
f 4087 4080 4081
f 4087 4081 4082
f 4087 4082 4083
f 4087 4083 4084
f 4087 4084 4085
f 4087 4085 4086
f 4087 4086 4077
f 4088 4089 4096
f 4089 4097 4096
f 4089 4090 4097
f 4090 4098 4097
f 4090 4091 4098
f 4091 4099 4098
f 4091 4092 4099
f 4092 4100 4099
f 4092 4093 4100
f 4093 4101 4100
f 4093 4094 4101
f 4094 4102 4101
f 4094 4095 4102
f 4095 4103 4102
f 4095 4088 4103
f 4088 4096 4103
f 4104 4096 4097
f 4104 4097 4098
f 4104 4098 4099
f 4104 4099 4100
f 4104 4100 4101
f 4104 4101 4102
f 4104 4102 4103
f 4104 4103 4096
f 4105 4106 4111
f 4106 4112 4111
f 4106 4107 4112
f 4107 4113 4112
f 4107 4108 4113
f 4108 4114 4113
f 4108 4109 4114
f 4109 4115 4114
f 4109 4110 4115
f 4110 4116 4115
f 4110 4105 4116
f 4105 4111 4116
f 4117 4111 4112
f 4117 4112 4113
f 4117 4113 4114
f 4117 4114 4115
f 4117 4115 4116
f 4117 4116 4111
f 4118 4119 4149
f 4119 4150 4149
f 4119 4120 4150
f 4120 4151 4150
f 4120 4121 4151
f 4121 4152 4151
f 4121 4122 4152
f 4122 4153 4152
f 4122 4123 4153
f 4123 4154 4153
f 4123 4124 4154
f 4124 4155 4154
f 4124 4125 4155
f 4125 4156 4155
f 4125 4126 4156
f 4126 4157 4156
f 4126 4127 4157
f 4127 4158 4157
f 4127 4128 4158
f 4128 4159 4158
f 4128 4129 4159
f 4129 4160 4159
f 4129 4130 4160
f 4130 4161 4160
f 4130 4131 4161
f 4131 4162 4161
f 4131 4132 4162
f 4132 4163 4162
f 4132 4133 4163
f 4133 4164 4163
f 4133 4134 4164
f 4134 4165 4164
f 4134 4135 4165
f 4135 4166 4165
f 4135 4136 4166
f 4136 4167 4166
f 4136 4137 4167
f 4137 4168 4167
f 4137 4138 4168
f 4138 4169 4168
f 4138 4139 4169
f 4139 4170 4169
f 4139 4140 4170
f 4140 4171 4170
f 4140 4141 4171
f 4141 4172 4171
f 4141 4142 4172
f 4142 4173 4172
f 4142 4143 4173
f 4143 4174 4173
f 4143 4144 4174
f 4144 4175 4174
f 4144 4145 4175
f 4145 4176 4175
f 4145 4146 4176
f 4146 4177 4176
f 4146 4147 4177
f 4147 4178 4177
f 4147 4148 4178
f 4148 4179 4178
f 4148 4118 4179
f 4118 4149 4179
f 4180 4149 4150
f 4180 4150 4151
f 4180 4151 4152
f 4180 4152 4153
f 4180 4153 4154
f 4180 4154 4155
f 4180 4155 4156
f 4180 4156 4157
f 4180 4157 4158
f 4180 4158 4159
f 4180 4159 4160
f 4180 4160 4161
f 4180 4161 4162
f 4180 4162 4163
f 4180 4163 4164
f 4180 4164 4165
f 4180 4165 4166
f 4180 4166 4167
f 4180 4167 4168
f 4180 4168 4169
f 4180 4169 4170
f 4180 4170 4171
f 4180 4171 4172
f 4180 4172 4173
f 4180 4173 4174
f 4180 4174 4175
f 4180 4175 4176
f 4180 4176 4177
f 4180 4177 4178
f 4180 4178 4179
f 4180 4179 4149
f 4181 4182 4200
f 4182 4201 4200
f 4182 4183 4201
f 4183 4202 4201
f 4183 4184 4202
f 4184 4203 4202
f 4184 4185 4203
f 4185 4204 4203
f 4185 4186 4204
f 4186 4205 4204
f 4186 4187 4205
f 4187 4206 4205
f 4187 4188 4206
f 4188 4207 4206
f 4188 4189 4207
f 4189 4208 4207
f 4189 4190 4208
f 4190 4209 4208
f 4190 4191 4209
f 4191 4210 4209
f 4191 4192 4210
f 4192 4211 4210
f 4192 4193 4211
f 4193 4212 4211
f 4193 4194 4212
f 4194 4213 4212
f 4194 4195 4213
f 4195 4214 4213
f 4195 4196 4214
f 4196 4215 4214
f 4196 4197 4215
f 4197 4216 4215
f 4197 4198 4216
f 4198 4217 4216
f 4198 4199 4217
f 4199 4218 4217
f 4199 4181 4218
f 4181 4200 4218
f 4219 4200 4201
f 4219 4201 4202
f 4219 4202 4203
f 4219 4203 4204
f 4219 4204 4205
f 4219 4205 4206
f 4219 4206 4207
f 4219 4207 4208
f 4219 4208 4209
f 4219 4209 4210
f 4219 4210 4211
f 4219 4211 4212
f 4219 4212 4213
f 4219 4213 4214
f 4219 4214 4215
f 4219 4215 4216
f 4219 4216 4217
f 4219 4217 4218
f 4219 4218 4200
f 4220 4221 4228
f 4221 4229 4228
f 4221 4222 4229
f 4222 4230 4229
f 4222 4223 4230
f 4223 4231 4230
f 4223 4224 4231
f 4224 4232 4231
f 4224 4225 4232
f 4225 4233 4232
f 4225 4226 4233
f 4226 4234 4233
f 4226 4227 4234
f 4227 4235 4234
f 4227 4220 4235
f 4220 4228 4235
f 4236 4228 4229
f 4236 4229 4230
f 4236 4230 4231
f 4236 4231 4232
f 4236 4232 4233
f 4236 4233 4234
f 4236 4234 4235
f 4236 4235 4228
f 4237 4238 4241
f 4238 4242 4241
f 4238 4239 4242
f 4239 4243 4242
f 4239 4240 4243
f 4240 4244 4243
f 4240 4237 4244
f 4237 4241 4244
f 4245 4241 4242
f 4245 4242 4243
f 4245 4243 4244
f 4245 4244 4241
f 4246 4247 4250
f 4247 4251 4250
f 4247 4248 4251
f 4248 4252 4251
f 4248 4249 4252
f 4249 4253 4252
f 4249 4246 4253
f 4246 4250 4253
f 4254 4250 4251
f 4254 4251 4252
f 4254 4252 4253
f 4254 4253 4250
f 4255 4256 4259
f 4256 4260 4259
f 4256 4257 4260
f 4257 4261 4260
f 4257 4258 4261
f 4258 4262 4261
f 4258 4255 4262
f 4255 4259 4262
f 4263 4259 4260
f 4263 4260 4261
f 4263 4261 4262
f 4263 4262 4259
f 4264 4265 4268
f 4265 4269 4268
f 4265 4266 4269
f 4266 4270 4269
f 4266 4267 4270
f 4267 4271 4270
f 4267 4264 4271
f 4264 4268 4271
f 4272 4268 4269
f 4272 4269 4270
f 4272 4270 4271
f 4272 4271 4268
f 4273 4274 4277
f 4274 4278 4277
f 4274 4275 4278
f 4275 4279 4278
f 4275 4276 4279
f 4276 4280 4279
f 4276 4273 4280
f 4273 4277 4280
f 4281 4277 4278
f 4281 4278 4279
f 4281 4279 4280
f 4281 4280 4277
f 4282 4283 4286
f 4283 4287 4286
f 4283 4284 4287
f 4284 4288 4287
f 4284 4285 4288
f 4285 4289 4288
f 4285 4282 4289
f 4282 4286 4289
f 4290 4286 4287
f 4290 4287 4288
f 4290 4288 4289
f 4290 4289 4286
f 4291 4292 4295
f 4292 4296 4295
f 4292 4293 4296
f 4293 4297 4296
f 4293 4294 4297
f 4294 4298 4297
f 4294 4291 4298
f 4291 4295 4298
f 4299 4295 4296
f 4299 4296 4297
f 4299 4297 4298
f 4299 4298 4295
f 4300 4301 4304
f 4301 4305 4304
f 4301 4302 4305
f 4302 4306 4305
f 4302 4303 4306
f 4303 4307 4306
f 4303 4300 4307
f 4300 4304 4307
f 4308 4304 4305
f 4308 4305 4306
f 4308 4306 4307
f 4308 4307 4304
f 4309 4310 4313
f 4310 4314 4313
f 4310 4311 4314
f 4311 4315 4314
f 4311 4312 4315
f 4312 4316 4315
f 4312 4309 4316
f 4309 4313 4316
f 4317 4313 4314
f 4317 4314 4315
f 4317 4315 4316
f 4317 4316 4313
f 4318 4319 4322
f 4319 4323 4322
f 4319 4320 4323
f 4320 4324 4323
f 4320 4321 4324
f 4321 4325 4324
f 4321 4318 4325
f 4318 4322 4325
f 4326 4322 4323
f 4326 4323 4324
f 4326 4324 4325
f 4326 4325 4322
f 4327 4328 4335
f 4328 4336 4335
f 4328 4329 4336
f 4329 4337 4336
f 4329 4330 4337
f 4330 4338 4337
f 4330 4331 4338
f 4331 4339 4338
f 4331 4332 4339
f 4332 4340 4339
f 4332 4333 4340
f 4333 4341 4340
f 4333 4334 4341
f 4334 4342 4341
f 4334 4327 4342
f 4327 4335 4342
f 4343 4335 4336
f 4343 4336 4337
f 4343 4337 4338
f 4343 4338 4339
f 4343 4339 4340
f 4343 4340 4341
f 4343 4341 4342
f 4343 4342 4335
f 4344 4345 4350
f 4345 4351 4350
f 4345 4346 4351
f 4346 4352 4351
f 4346 4347 4352
f 4347 4353 4352
f 4347 4348 4353
f 4348 4354 4353
f 4348 4349 4354
f 4349 4355 4354
f 4349 4344 4355
f 4344 4350 4355
f 4356 4350 4351
f 4356 4351 4352
f 4356 4352 4353
f 4356 4353 4354
f 4356 4354 4355
f 4356 4355 4350
f 4357 4358 4363
f 4358 4364 4363
f 4358 4359 4364
f 4359 4365 4364
f 4359 4360 4365
f 4360 4366 4365
f 4360 4361 4366
f 4361 4367 4366
f 4361 4362 4367
f 4362 4368 4367
f 4362 4357 4368
f 4357 4363 4368
f 4369 4363 4364
f 4369 4364 4365
f 4369 4365 4366
f 4369 4366 4367
f 4369 4367 4368
f 4369 4368 4363
f 4370 4371 4382
f 4371 4383 4382
f 4371 4372 4383
f 4372 4384 4383
f 4372 4373 4384
f 4373 4385 4384
f 4373 4374 4385
f 4374 4386 4385
f 4374 4375 4386
f 4375 4387 4386
f 4375 4376 4387
f 4376 4388 4387
f 4376 4377 4388
f 4377 4389 4388
f 4377 4378 4389
f 4378 4390 4389
f 4378 4379 4390
f 4379 4391 4390
f 4379 4380 4391
f 4380 4392 4391
f 4380 4381 4392
f 4381 4393 4392
f 4381 4370 4393
f 4370 4382 4393
f 4394 4382 4383
f 4394 4383 4384
f 4394 4384 4385
f 4394 4385 4386
f 4394 4386 4387
f 4394 4387 4388
f 4394 4388 4389
f 4394 4389 4390
f 4394 4390 4391
f 4394 4391 4392
f 4394 4392 4393
f 4394 4393 4382
f 4395 4396 4403
f 4396 4404 4403
f 4396 4397 4404
f 4397 4405 4404
f 4397 4398 4405
f 4398 4406 4405
f 4398 4399 4406
f 4399 4407 4406
f 4399 4400 4407
f 4400 4408 4407
f 4400 4401 4408
f 4401 4409 4408
f 4401 4402 4409
f 4402 4410 4409
f 4402 4395 4410
f 4395 4403 4410
f 4411 4403 4404
f 4411 4404 4405
f 4411 4405 4406
f 4411 4406 4407
f 4411 4407 4408
f 4411 4408 4409
f 4411 4409 4410
f 4411 4410 4403
f 4412 4413 4416
f 4413 4417 4416
f 4413 4414 4417
f 4414 4418 4417
f 4414 4415 4418
f 4415 4419 4418
f 4415 4412 4419
f 4412 4416 4419
f 4420 4416 4417
f 4420 4417 4418
f 4420 4418 4419
f 4420 4419 4416
f 4421 4422 4440
f 4422 4441 4440
f 4422 4423 4441
f 4423 4442 4441
f 4423 4424 4442
f 4424 4443 4442
f 4424 4425 4443
f 4425 4444 4443
f 4425 4426 4444
f 4426 4445 4444
f 4426 4427 4445
f 4427 4446 4445
f 4427 4428 4446
f 4428 4447 4446
f 4428 4429 4447
f 4429 4448 4447
f 4429 4430 4448
f 4430 4449 4448
f 4430 4431 4449
f 4431 4450 4449
f 4431 4432 4450
f 4432 4451 4450
f 4432 4433 4451
f 4433 4452 4451
f 4433 4434 4452
f 4434 4453 4452
f 4434 4435 4453
f 4435 4454 4453
f 4435 4436 4454
f 4436 4455 4454
f 4436 4437 4455
f 4437 4456 4455
f 4437 4438 4456
f 4438 4457 4456
f 4438 4439 4457
f 4439 4458 4457
f 4439 4421 4458
f 4421 4440 4458
f 4459 4440 4441
f 4459 4441 4442
f 4459 4442 4443
f 4459 4443 4444
f 4459 4444 4445
f 4459 4445 4446
f 4459 4446 4447
f 4459 4447 4448
f 4459 4448 4449
f 4459 4449 4450
f 4459 4450 4451
f 4459 4451 4452
f 4459 4452 4453
f 4459 4453 4454
f 4459 4454 4455
f 4459 4455 4456
f 4459 4456 4457
f 4459 4457 4458
f 4459 4458 4440
f 4460 4461 4466
f 4461 4467 4466
f 4461 4462 4467
f 4462 4468 4467
f 4462 4463 4468
f 4463 4469 4468
f 4463 4464 4469
f 4464 4470 4469
f 4464 4465 4470
f 4465 4471 4470
f 4465 4460 4471
f 4460 4466 4471
f 4472 4466 4467
f 4472 4467 4468
f 4472 4468 4469
f 4472 4469 4470
f 4472 4470 4471
f 4472 4471 4466
f 4473 4474 4477
f 4474 4478 4477
f 4474 4475 4478
f 4475 4479 4478
f 4475 4476 4479
f 4476 4480 4479
f 4476 4473 4480
f 4473 4477 4480
f 4481 4477 4478
f 4481 4478 4479
f 4481 4479 4480
f 4481 4480 4477
f 4482 4483 4488
f 4483 4489 4488
f 4483 4484 4489
f 4484 4490 4489
f 4484 4485 4490
f 4485 4491 4490
f 4485 4486 4491
f 4486 4492 4491
f 4486 4487 4492
f 4487 4493 4492
f 4487 4482 4493
f 4482 4488 4493
f 4494 4488 4489
f 4494 4489 4490
f 4494 4490 4491
f 4494 4491 4492
f 4494 4492 4493
f 4494 4493 4488
f 4495 4496 4501
f 4496 4502 4501
f 4496 4497 4502
f 4497 4503 4502
f 4497 4498 4503
f 4498 4504 4503
f 4498 4499 4504
f 4499 4505 4504
f 4499 4500 4505
f 4500 4506 4505
f 4500 4495 4506
f 4495 4501 4506
f 4507 4501 4502
f 4507 4502 4503
f 4507 4503 4504
f 4507 4504 4505
f 4507 4505 4506
f 4507 4506 4501
f 4508 4509 4516
f 4509 4517 4516
f 4509 4510 4517
f 4510 4518 4517
f 4510 4511 4518
f 4511 4519 4518
f 4511 4512 4519
f 4512 4520 4519
f 4512 4513 4520
f 4513 4521 4520
f 4513 4514 4521
f 4514 4522 4521
f 4514 4515 4522
f 4515 4523 4522
f 4515 4508 4523
f 4508 4516 4523
f 4524 4516 4517
f 4524 4517 4518
f 4524 4518 4519
f 4524 4519 4520
f 4524 4520 4521
f 4524 4521 4522
f 4524 4522 4523
f 4524 4523 4516
f 4525 4526 4531
f 4526 4532 4531
f 4526 4527 4532
f 4527 4533 4532
f 4527 4528 4533
f 4528 4534 4533
f 4528 4529 4534
f 4529 4535 4534
f 4529 4530 4535
f 4530 4536 4535
f 4530 4525 4536
f 4525 4531 4536
f 4537 4531 4532
f 4537 4532 4533
f 4537 4533 4534
f 4537 4534 4535
f 4537 4535 4536
f 4537 4536 4531
f 4538 4539 4545
f 4539 4546 4545
f 4539 4540 4546
f 4540 4547 4546
f 4540 4541 4547
f 4541 4548 4547
f 4541 4542 4548
f 4542 4549 4548
f 4542 4543 4549
f 4543 4550 4549
f 4543 4544 4550
f 4544 4551 4550
f 4544 4538 4551
f 4538 4545 4551
f 4552 4545 4546
f 4552 4546 4547
f 4552 4547 4548
f 4552 4548 4549
f 4552 4549 4550
f 4552 4550 4551
f 4552 4551 4545
f 4553 4554 4582
f 4554 4583 4582
f 4554 4555 4583
f 4555 4584 4583
f 4555 4556 4584
f 4556 4585 4584
f 4556 4557 4585
f 4557 4586 4585
f 4557 4558 4586
f 4558 4587 4586
f 4558 4559 4587
f 4559 4588 4587
f 4559 4560 4588
f 4560 4589 4588
f 4560 4561 4589
f 4561 4590 4589
f 4561 4562 4590
f 4562 4591 4590
f 4562 4563 4591
f 4563 4592 4591
f 4563 4564 4592
f 4564 4593 4592
f 4564 4565 4593
f 4565 4594 4593
f 4565 4566 4594
f 4566 4595 4594
f 4566 4567 4595
f 4567 4596 4595
f 4567 4568 4596
f 4568 4597 4596
f 4568 4569 4597
f 4569 4598 4597
f 4569 4570 4598
f 4570 4599 4598
f 4570 4571 4599
f 4571 4600 4599
f 4571 4572 4600
f 4572 4601 4600
f 4572 4573 4601
f 4573 4602 4601
f 4573 4574 4602
f 4574 4603 4602
f 4574 4575 4603
f 4575 4604 4603
f 4575 4576 4604
f 4576 4605 4604
f 4576 4577 4605
f 4577 4606 4605
f 4577 4578 4606
f 4578 4607 4606
f 4578 4579 4607
f 4579 4608 4607
f 4579 4580 4608
f 4580 4609 4608
f 4580 4581 4609
f 4581 4610 4609
f 4581 4553 4610
f 4553 4582 4610
f 4611 4582 4583
f 4611 4583 4584
f 4611 4584 4585
f 4611 4585 4586
f 4611 4586 4587
f 4611 4587 4588
f 4611 4588 4589
f 4611 4589 4590
f 4611 4590 4591
f 4611 4591 4592
f 4611 4592 4593
f 4611 4593 4594
f 4611 4594 4595
f 4611 4595 4596
f 4611 4596 4597
f 4611 4597 4598
f 4611 4598 4599
f 4611 4599 4600
f 4611 4600 4601
f 4611 4601 4602
f 4611 4602 4603
f 4611 4603 4604
f 4611 4604 4605
f 4611 4605 4606
f 4611 4606 4607
f 4611 4607 4608
f 4611 4608 4609
f 4611 4609 4610
f 4611 4610 4582
f 4612 4613 4618
f 4613 4619 4618
f 4613 4614 4619
f 4614 4620 4619
f 4614 4615 4620
f 4615 4621 4620
f 4615 4616 4621
f 4616 4622 4621
f 4616 4617 4622
f 4617 4623 4622
f 4617 4612 4623
f 4612 4618 4623
f 4624 4618 4619
f 4624 4619 4620
f 4624 4620 4621
f 4624 4621 4622
f 4624 4622 4623
f 4624 4623 4618
f 4625 4626 4629
f 4626 4630 4629
f 4626 4627 4630
f 4627 4631 4630
f 4627 4628 4631
f 4628 4632 4631
f 4628 4625 4632
f 4625 4629 4632
f 4633 4629 4630
f 4633 4630 4631
f 4633 4631 4632
f 4633 4632 4629
f 4634 4635 4639
f 4635 4640 4639
f 4635 4636 4640
f 4636 4641 4640
f 4636 4637 4641
f 4637 4642 4641
f 4637 4638 4642
f 4638 4643 4642
f 4638 4634 4643
f 4634 4639 4643
f 4644 4639 4640
f 4644 4640 4641
f 4644 4641 4642
f 4644 4642 4643
f 4644 4643 4639
f 4645 4646 4657
f 4646 4658 4657
f 4646 4647 4658
f 4647 4659 4658
f 4647 4648 4659
f 4648 4660 4659
f 4648 4649 4660
f 4649 4661 4660
f 4649 4650 4661
f 4650 4662 4661
f 4650 4651 4662
f 4651 4663 4662
f 4651 4652 4663
f 4652 4664 4663
f 4652 4653 4664
f 4653 4665 4664
f 4653 4654 4665
f 4654 4666 4665
f 4654 4655 4666
f 4655 4667 4666
f 4655 4656 4667
f 4656 4668 4667
f 4656 4645 4668
f 4645 4657 4668
f 4669 4657 4658
f 4669 4658 4659
f 4669 4659 4660
f 4669 4660 4661
f 4669 4661 4662
f 4669 4662 4663
f 4669 4663 4664
f 4669 4664 4665
f 4669 4665 4666
f 4669 4666 4667
f 4669 4667 4668
f 4669 4668 4657
f 4670 4671 4674
f 4671 4675 4674
f 4671 4672 4675
f 4672 4676 4675
f 4672 4673 4676
f 4673 4677 4676
f 4673 4670 4677
f 4670 4674 4677
f 4678 4674 4675
f 4678 4675 4676
f 4678 4676 4677
f 4678 4677 4674
f 4679 4680 4685
f 4680 4686 4685
f 4680 4681 4686
f 4681 4687 4686
f 4681 4682 4687
f 4682 4688 4687
f 4682 4683 4688
f 4683 4689 4688
f 4683 4684 4689
f 4684 4690 4689
f 4684 4679 4690
f 4679 4685 4690
f 4691 4685 4686
f 4691 4686 4687
f 4691 4687 4688
f 4691 4688 4689
f 4691 4689 4690
f 4691 4690 4685
f 4692 4693 4702
f 4693 4703 4702
f 4693 4694 4703
f 4694 4704 4703
f 4694 4695 4704
f 4695 4705 4704
f 4695 4696 4705
f 4696 4706 4705
f 4696 4697 4706
f 4697 4707 4706
f 4697 4698 4707
f 4698 4708 4707
f 4698 4699 4708
f 4699 4709 4708
f 4699 4700 4709
f 4700 4710 4709
f 4700 4701 4710
f 4701 4711 4710
f 4701 4692 4711
f 4692 4702 4711
f 4712 4702 4703
f 4712 4703 4704
f 4712 4704 4705
f 4712 4705 4706
f 4712 4706 4707
f 4712 4707 4708
f 4712 4708 4709
f 4712 4709 4710
f 4712 4710 4711
f 4712 4711 4702
f 4713 4714 4732
f 4714 4733 4732
f 4714 4715 4733
f 4715 4734 4733
f 4715 4716 4734
f 4716 4735 4734
f 4716 4717 4735
f 4717 4736 4735
f 4717 4718 4736
f 4718 4737 4736
f 4718 4719 4737
f 4719 4738 4737
f 4719 4720 4738
f 4720 4739 4738
f 4720 4721 4739
f 4721 4740 4739
f 4721 4722 4740
f 4722 4741 4740
f 4722 4723 4741
f 4723 4742 4741
f 4723 4724 4742
f 4724 4743 4742
f 4724 4725 4743
f 4725 4744 4743
f 4725 4726 4744
f 4726 4745 4744
f 4726 4727 4745
f 4727 4746 4745
f 4727 4728 4746
f 4728 4747 4746
f 4728 4729 4747
f 4729 4748 4747
f 4729 4730 4748
f 4730 4749 4748
f 4730 4731 4749
f 4731 4750 4749
f 4731 4713 4750
f 4713 4732 4750
f 4751 4732 4733
f 4751 4733 4734
f 4751 4734 4735
f 4751 4735 4736
f 4751 4736 4737
f 4751 4737 4738
f 4751 4738 4739
f 4751 4739 4740
f 4751 4740 4741
f 4751 4741 4742
f 4751 4742 4743
f 4751 4743 4744
f 4751 4744 4745
f 4751 4745 4746
f 4751 4746 4747
f 4751 4747 4748
f 4751 4748 4749
f 4751 4749 4750
f 4751 4750 4732
f 4752 4753 4756
f 4753 4757 4756
f 4753 4754 4757
f 4754 4758 4757
f 4754 4755 4758
f 4755 4759 4758
f 4755 4752 4759
f 4752 4756 4759
f 4760 4756 4757
f 4760 4757 4758
f 4760 4758 4759
f 4760 4759 4756
f 4761 4762 4769
f 4762 4770 4769
f 4762 4763 4770
f 4763 4771 4770
f 4763 4764 4771
f 4764 4772 4771
f 4764 4765 4772
f 4765 4773 4772
f 4765 4766 4773
f 4766 4774 4773
f 4766 4767 4774
f 4767 4775 4774
f 4767 4768 4775
f 4768 4776 4775
f 4768 4761 4776
f 4761 4769 4776
f 4777 4769 4770
f 4777 4770 4771
f 4777 4771 4772
f 4777 4772 4773
f 4777 4773 4774
f 4777 4774 4775
f 4777 4775 4776
f 4777 4776 4769
f 4778 4779 4783
f 4779 4784 4783
f 4779 4780 4784
f 4780 4785 4784
f 4780 4781 4785
f 4781 4786 4785
f 4781 4782 4786
f 4782 4787 4786
f 4782 4778 4787
f 4778 4783 4787
f 4788 4783 4784
f 4788 4784 4785
f 4788 4785 4786
f 4788 4786 4787
f 4788 4787 4783
f 4789 4790 4798
f 4790 4799 4798
f 4790 4791 4799
f 4791 4800 4799
f 4791 4792 4800
f 4792 4801 4800
f 4792 4793 4801
f 4793 4802 4801
f 4793 4794 4802
f 4794 4803 4802
f 4794 4795 4803
f 4795 4804 4803
f 4795 4796 4804
f 4796 4805 4804
f 4796 4797 4805
f 4797 4806 4805
f 4797 4789 4806
f 4789 4798 4806
f 4807 4798 4799
f 4807 4799 4800
f 4807 4800 4801
f 4807 4801 4802
f 4807 4802 4803
f 4807 4803 4804
f 4807 4804 4805
f 4807 4805 4806
f 4807 4806 4798
f 4808 4809 4816
f 4809 4817 4816
f 4809 4810 4817
f 4810 4818 4817
f 4810 4811 4818
f 4811 4819 4818
f 4811 4812 4819
f 4812 4820 4819
f 4812 4813 4820
f 4813 4821 4820
f 4813 4814 4821
f 4814 4822 4821
f 4814 4815 4822
f 4815 4823 4822
f 4815 4808 4823
f 4808 4816 4823
f 4824 4816 4817
f 4824 4817 4818
f 4824 4818 4819
f 4824 4819 4820
f 4824 4820 4821
f 4824 4821 4822
f 4824 4822 4823
f 4824 4823 4816
f 4825 4826 4829
f 4826 4830 4829
f 4826 4827 4830
f 4827 4831 4830
f 4827 4828 4831
f 4828 4832 4831
f 4828 4825 4832
f 4825 4829 4832
f 4833 4829 4830
f 4833 4830 4831
f 4833 4831 4832
f 4833 4832 4829
f 4834 4835 4846
f 4835 4847 4846
f 4835 4836 4847
f 4836 4848 4847
f 4836 4837 4848
f 4837 4849 4848
f 4837 4838 4849
f 4838 4850 4849
f 4838 4839 4850
f 4839 4851 4850
f 4839 4840 4851
f 4840 4852 4851
f 4840 4841 4852
f 4841 4853 4852
f 4841 4842 4853
f 4842 4854 4853
f 4842 4843 4854
f 4843 4855 4854
f 4843 4844 4855
f 4844 4856 4855
f 4844 4845 4856
f 4845 4857 4856
f 4845 4834 4857
f 4834 4846 4857
f 4858 4846 4847
f 4858 4847 4848
f 4858 4848 4849
f 4858 4849 4850
f 4858 4850 4851
f 4858 4851 4852
f 4858 4852 4853
f 4858 4853 4854
f 4858 4854 4855
f 4858 4855 4856
f 4858 4856 4857
f 4858 4857 4846
f 4859 4860 4863
f 4860 4864 4863
f 4860 4861 4864
f 4861 4865 4864
f 4861 4862 4865
f 4862 4866 4865
f 4862 4859 4866
f 4859 4863 4866
f 4867 4863 4864
f 4867 4864 4865
f 4867 4865 4866
f 4867 4866 4863
f 4868 4869 4872
f 4869 4873 4872
f 4869 4870 4873
f 4870 4874 4873
f 4870 4871 4874
f 4871 4875 4874
f 4871 4868 4875
f 4868 4872 4875
f 4876 4872 4873
f 4876 4873 4874
f 4876 4874 4875
f 4876 4875 4872
f 4877 4878 4881
f 4878 4882 4881
f 4878 4879 4882
f 4879 4883 4882
f 4879 4880 4883
f 4880 4884 4883
f 4880 4877 4884
f 4877 4881 4884
f 4885 4881 4882
f 4885 4882 4883
f 4885 4883 4884
f 4885 4884 4881
f 4886 4887 4892
f 4887 4893 4892
f 4887 4888 4893
f 4888 4894 4893
f 4888 4889 4894
f 4889 4895 4894
f 4889 4890 4895
f 4890 4896 4895
f 4890 4891 4896
f 4891 4897 4896
f 4891 4886 4897
f 4886 4892 4897
f 4898 4892 4893
f 4898 4893 4894
f 4898 4894 4895
f 4898 4895 4896
f 4898 4896 4897
f 4898 4897 4892
f 4899 4900 4905
f 4900 4906 4905
f 4900 4901 4906
f 4901 4907 4906
f 4901 4902 4907
f 4902 4908 4907
f 4902 4903 4908
f 4903 4909 4908
f 4903 4904 4909
f 4904 4910 4909
f 4904 4899 4910
f 4899 4905 4910
f 4911 4905 4906
f 4911 4906 4907
f 4911 4907 4908
f 4911 4908 4909
f 4911 4909 4910
f 4911 4910 4905
f 4912 4913 4916
f 4913 4917 4916
f 4913 4914 4917
f 4914 4918 4917
f 4914 4915 4918
f 4915 4919 4918
f 4915 4912 4919
f 4912 4916 4919
f 4920 4916 4917
f 4920 4917 4918
f 4920 4918 4919
f 4920 4919 4916
