<?xml version="1.0" encoding="UTF-8"?>
<osm version="0.6" generator="openstreetmap-cgimap 2.1.0 (3558372 spike-08.openstreetmap.org)" copyright="OpenStreetMap and contributors" attribution="http://www.openstreetmap.org/copyright" license="http://opendatacommons.org/licenses/odbl/1-0/">
 <bounds minlat="30.3321160" minlon="78.0288290" maxlat="30.3370240" maxlon="78.0388070"/>
 <node id="1044518684" visible="true" version="3" changeset="126444748" timestamp="2022-09-21T03:50:13Z" user="VLD135" uid="10352928" lat="30.3341714" lon="78.0334049"/>
 <node id="1044518687" visible="true" version="2" changeset="7396660" timestamp="2011-02-26T05:58:17Z" user="nazgul5" uid="348852" lat="30.3301182" lon="78.0317147"/>
 <node id="1044518719" visible="true" version="2" changeset="7396660" timestamp="2011-02-26T05:58:17Z" user="nazgul5" uid="348852" lat="30.3292802" lon="78.0321011"/>
 <node id="1044518726" visible="true" version="2" changeset="7396660" timestamp="2011-02-26T05:58:17Z" user="nazgul5" uid="348852" lat="30.3311658" lon="78.0319542"/>
 <node id="1044518761" visible="true" version="3" changeset="126444748" timestamp="2022-09-21T03:50:13Z" user="VLD135" uid="10352928" lat="30.3345858" lon="78.0335498"/>
 <node id="1044518797" visible="true" version="2" changeset="7396660" timestamp="2011-02-26T05:58:17Z" user="nazgul5" uid="348852" lat="30.3321692" lon="78.0325164"/>
 <node id="1044518801" visible="true" version="2" changeset="7396660" timestamp="2011-02-26T05:58:17Z" user="nazgul5" uid="348852" lat="30.3288005" lon="78.0322768"/>
 <node id="1044518810" visible="true" version="2" changeset="7396660" timestamp="2011-02-26T05:58:17Z" user="nazgul5" uid="348852" lat="30.3329025" lon="78.0329156"/>
 <node id="1044518855" visible="true" version="2" changeset="7396660" timestamp="2011-02-26T05:58:17Z" user="nazgul5" uid="348852" lat="30.3278632" lon="78.0325355"/>
 <node id="1044518872" visible="true" version="5" changeset="74703588" timestamp="2019-09-20T04:40:48Z" user="Siva U" uid="9086400" lat="30.3274032" lon="78.0325826"/>
 <node id="1044518875" visible="true" version="2" changeset="7396660" timestamp="2011-02-26T05:58:17Z" user="nazgul5" uid="348852" lat="30.3308047" lon="78.0317881"/>
 <node id="1044518880" visible="true" version="3" changeset="126444748" timestamp="2022-09-21T03:50:13Z" user="VLD135" uid="10352928" lat="30.3362942" lon="78.0342230"/>
 <node id="1044518885" visible="true" version="2" changeset="7396660" timestamp="2011-02-26T05:58:17Z" user="nazgul5" uid="348852" lat="30.3282172" lon="78.0324529"/>
 <node id="1044518924" visible="true" version="2" changeset="7396660" timestamp="2011-02-26T05:58:17Z" user="nazgul5" uid="348852" lat="30.3297736" lon="78.0318520"/>
 <node id="1044518933" visible="true" version="2" changeset="7396660" timestamp="2011-02-26T05:58:17Z" user="nazgul5" uid="348852" lat="30.3315958" lon="78.0321554"/>
 <node id="1173919185" visible="true" version="1" changeset="7396660" timestamp="2011-02-26T05:58:17Z" user="nazgul5" uid="348852" lat="30.3304490" lon="78.0316859"/>
 <node id="1173919187" visible="true" version="1" changeset="7396660" timestamp="2011-02-26T05:58:17Z" user="nazgul5" uid="348852" lat="30.3325111" lon="78.0327399"/>
 <node id="1173919188" visible="true" version="2" changeset="126444748" timestamp="2022-09-21T03:50:13Z" user="VLD135" uid="10352928" lat="30.3334457" lon="78.0331394"/>
 <node id="1173919189" visible="true" version="2" changeset="126444748" timestamp="2022-09-21T03:50:13Z" user="VLD135" uid="10352928" lat="30.3350164" lon="78.0336946"/>
 <node id="1173919190" visible="true" version="2" changeset="126444748" timestamp="2022-09-21T03:50:13Z" user="VLD135" uid="10352928" lat="30.3357340" lon="78.0339226"/>
 <node id="1173919192" visible="true" version="3" changeset="126444748" timestamp="2022-09-21T03:50:13Z" user="VLD135" uid="10352928" lat="30.3432886" lon="78.0370340"/>
 <node id="1173919193" visible="true" version="2" changeset="126444748" timestamp="2022-09-21T03:50:13Z" user="VLD135" uid="10352928" lat="30.3423419" lon="78.0366196"/>
 <node id="1173919194" visible="true" version="1" changeset="7396660" timestamp="2011-02-26T05:58:18Z" user="nazgul5" uid="348852" lat="30.3410839" lon="78.0365307"/>
 <node id="1173919195" visible="true" version="2" changeset="14918258" timestamp="2013-02-05T06:35:49Z" user="Chaitanya Kumar CH" uid="180306" lat="30.3392384" lon="78.0362674"/>
 <node id="1173919196" visible="true" version="3" changeset="126444748" timestamp="2022-09-21T03:50:13Z" user="VLD135" uid="10352928" lat="30.3374401" lon="78.0348024"/>
 <node id="1173919198" visible="true" version="1" changeset="7396660" timestamp="2011-02-26T05:58:18Z" user="nazgul5" uid="348852" lat="30.3375985" lon="78.0323961"/>
 <node id="1173919199" visible="true" version="2" changeset="126419760" timestamp="2022-09-20T11:57:00Z" user="VLD252" uid="10979432" lat="30.3378122" lon="78.0322060"/>
 <node id="1173919200" visible="true" version="1" changeset="7396660" timestamp="2011-02-26T05:58:18Z" user="nazgul5" uid="348852" lat="30.3383067" lon="78.0320266"/>
 <node id="1173919201" visible="true" version="1" changeset="7396660" timestamp="2011-02-26T05:58:18Z" user="nazgul5" uid="348852" lat="30.3385997" lon="78.0320782"/>
 <node id="1173919202" visible="true" version="1" changeset="7396660" timestamp="2011-02-26T05:58:19Z" user="nazgul5" uid="348852" lat="30.3391188" lon="78.0323746"/>
 <node id="1173919203" visible="true" version="1" changeset="7396660" timestamp="2011-02-26T05:58:19Z" user="nazgul5" uid="348852" lat="30.3394154" lon="78.0323703"/>
 <node id="1173919204" visible="true" version="1" changeset="7396660" timestamp="2011-02-26T05:58:19Z" user="nazgul5" uid="348852" lat="30.3400902" lon="78.0321297"/>
 <node id="1173919205" visible="true" version="1" changeset="7396660" timestamp="2011-02-26T05:58:19Z" user="nazgul5" uid="348852" lat="30.3404833" lon="78.0318290"/>
 <node id="1173919207" visible="true" version="2" changeset="126419760" timestamp="2022-09-20T11:57:00Z" user="VLD252" uid="10979432" lat="30.3410617" lon="78.0311803"/>
 <node id="1173919208" visible="true" version="2" changeset="126419760" timestamp="2022-09-20T11:57:00Z" user="VLD252" uid="10979432" lat="30.3411611" lon="78.0311388"/>
 <node id="1173919209" visible="true" version="1" changeset="7396660" timestamp="2011-02-26T05:58:19Z" user="nazgul5" uid="348852" lat="30.3412757" lon="78.0312116"/>
 <node id="1173919210" visible="true" version="1" changeset="7396660" timestamp="2011-02-26T05:58:19Z" user="nazgul5" uid="348852" lat="30.3420447" lon="78.0322655"/>
 <node id="1173919211" visible="true" version="2" changeset="126410229" timestamp="2022-09-20T07:57:49Z" user="VLD252" uid="10979432" lat="30.3421150" lon="78.0322959"/>
 <node id="1705962957" visible="true" version="2" changeset="35368529" timestamp="2015-11-17T06:22:52Z" user="Rajesh Majumdar" uid="3392179" lat="30.3348859" lon="78.0276118"/>
 <node id="1705962961" visible="true" version="1" changeset="11215396" timestamp="2012-04-07T15:29:29Z" user="ishanagrawal90" uid="633796" lat="30.3326663" lon="78.0327025"/>
 <node id="1705962962" visible="true" version="2" changeset="35368529" timestamp="2015-11-17T06:22:52Z" user="Rajesh Majumdar" uid="3392179" lat="30.3347264" lon="78.0275037"/>
 <node id="1705962965" visible="true" version="2" changeset="35368529" timestamp="2015-11-17T06:22:52Z" user="Rajesh Majumdar" uid="3392179" lat="30.3327385" lon="78.0282671"/>
 <node id="1705962982" visible="true" version="2" changeset="35368529" timestamp="2015-11-17T06:22:52Z" user="Rajesh Majumdar" uid="3392179" lat="30.3346014" lon="78.0285273"/>
 <node id="1705962986" visible="true" version="2" changeset="35368529" timestamp="2015-11-17T06:22:52Z" user="Rajesh Majumdar" uid="3392179" lat="30.3331140" lon="78.0284972"/>
 <node id="1705962988" visible="true" version="2" changeset="35368529" timestamp="2015-11-17T06:22:52Z" user="Rajesh Majumdar" uid="3392179" lat="30.3362969" lon="78.0340950"/>
 <node id="1705962990" visible="true" version="2" changeset="35368529" timestamp="2015-11-17T06:22:52Z" user="Rajesh Majumdar" uid="3392179" lat="30.3379999" lon="78.0318520"/>
 <node id="1705962993" visible="true" version="1" changeset="11215396" timestamp="2012-04-07T15:29:30Z" user="ishanagrawal90" uid="633796" lat="30.3299531" lon="78.0309537"/>
 <node id="1705962995" visible="true" version="1" changeset="11215396" timestamp="2012-04-07T15:29:30Z" user="ishanagrawal90" uid="633796" lat="30.3309347" lon="78.0316189"/>
 <node id="1706276110" visible="true" version="4" changeset="62808829" timestamp="2018-09-21T19:49:43Z" user="J Huenn" uid="990473" lat="30.2643640" lon="78.0235407"/>
 <node id="1706276115" visible="true" version="3" changeset="62808829" timestamp="2018-09-21T19:49:43Z" user="J Huenn" uid="990473" lat="30.2684533" lon="78.0191827"/>
 <node id="1706276118" visible="true" version="2" changeset="138330711" timestamp="2023-07-10T10:22:45Z" user="mglsj" uid="12250792" lat="30.2775838" lon="78.0131583"/>
 <node id="1706276122" visible="true" version="3" changeset="89813212" timestamp="2020-08-23T15:47:23Z" user="mottiger" uid="7504544" lat="30.2920201" lon="78.0160993"/>
 <node id="1706276126" visible="true" version="3" changeset="89813212" timestamp="2020-08-23T15:47:23Z" user="mottiger" uid="7504544" lat="30.3023211" lon="78.0161852"/>
 <node id="1706276129" visible="true" version="2" changeset="16650723" timestamp="2013-06-21T23:53:48Z" user="Harry Wood" uid="1611" lat="30.3109223" lon="78.0156253"/>
 <node id="1706276132" visible="true" version="1" changeset="11218320" timestamp="2012-04-07T20:14:44Z" user="PlaneMad" uid="1306" lat="30.3192978" lon="78.0160241"/>
 <node id="1706276134" visible="true" version="2" changeset="16650723" timestamp="2013-06-21T23:53:48Z" user="Harry Wood" uid="1611" lat="30.3233050" lon="78.0184045"/>
 <node id="1706276136" visible="true" version="3" changeset="16650855" timestamp="2013-06-22T00:24:37Z" user="Harry Wood" uid="1611" lat="30.3263834" lon="78.0320062"/>
 <node id="1710192189" visible="true" version="3" changeset="126291654" timestamp="2022-09-17T10:03:57Z" user="VLD117" uid="9124218" lat="30.3313707" lon="78.0419295"/>
 <node id="1710193415" visible="true" version="2" changeset="126072877" timestamp="2022-09-12T06:11:35Z" user="Hinokami Kagura" uid="14826250" lat="30.3320199" lon="78.0419802"/>
 <node id="1710193418" visible="true" version="2" changeset="19315021" timestamp="2013-12-06T23:58:22Z" user="SK53" uid="84681" lat="30.3338081" lon="78.0410927"/>
 <node id="1710193421" visible="true" version="2" changeset="63568508" timestamp="2018-10-16T08:53:18Z" user="venkanna37" uid="5680733" lat="30.3331899" lon="78.0372673"/>
 <node id="1710193424" visible="true" version="2" changeset="126072877" timestamp="2022-09-12T06:11:35Z" user="Hinokami Kagura" uid="14826250" lat="30.3326122" lon="78.0415170"/>
 <node id="1710193426" visible="true" version="2" changeset="63568508" timestamp="2018-10-16T08:53:18Z" user="venkanna37" uid="5680733" lat="30.3330741" lon="78.0375677"/>
 <node id="1710193432" visible="true" version="2" changeset="126208612" timestamp="2022-09-15T07:00:48Z" user="VLD258" uid="10979442" lat="30.3333814" lon="78.0414060"/>
 <node id="1710193435" visible="true" version="3" changeset="74620401" timestamp="2019-09-18T11:15:06Z" user="Anas Lari" uid="9086392" lat="30.3331251" lon="78.0379888"/>
 <node id="1710193437" visible="true" version="2" changeset="126072877" timestamp="2022-09-12T06:11:35Z" user="Hinokami Kagura" uid="14826250" lat="30.3329322" lon="78.0416121"/>
 <node id="1710193440" visible="true" version="2" changeset="126072877" timestamp="2022-09-12T06:11:35Z" user="Hinokami Kagura" uid="14826250" lat="30.3323572" lon="78.0415848"/>
 <node id="1710193443" visible="true" version="3" changeset="126410103" timestamp="2022-09-20T07:54:38Z" user="VLD252" uid="10979432" lat="30.3343369" lon="78.0387372"/>
 <node id="1710193446" visible="true" version="4" changeset="126410103" timestamp="2022-09-20T07:54:38Z" user="VLD252" uid="10979432" lat="30.3345192" lon="78.0401514"/>
 <node id="1710193448" visible="true" version="3" changeset="126072877" timestamp="2022-09-12T06:11:35Z" user="Hinokami Kagura" uid="14826250" lat="30.3342247" lon="78.0391801"/>
 <node id="1710193451" visible="true" version="3" changeset="74133723" timestamp="2019-09-05T13:09:22Z" user="Saipavan Siddarth" uid="8725944" lat="30.3341459" lon="78.0385226"/>
 <node id="1710193457" visible="true" version="3" changeset="74133723" timestamp="2019-09-05T13:09:22Z" user="Saipavan Siddarth" uid="8725944" lat="30.3332871" lon="78.0383429"/>
 <node id="1710193468" visible="true" version="1" changeset="11254145" timestamp="2012-04-10T16:08:30Z" user="ishanagrawal90" uid="633796" lat="30.3316203" lon="78.0418645"/>
 <node id="1710193470" visible="true" version="3" changeset="126072877" timestamp="2022-09-12T06:11:35Z" user="Hinokami Kagura" uid="14826250" lat="30.3345205" lon="78.0398141"/>
 <node id="1710194758" visible="true" version="1" changeset="11254145" timestamp="2012-04-10T16:09:27Z" user="ishanagrawal90" uid="633796" lat="30.3333982" lon="78.0365215"/>
 <node id="1710194761" visible="true" version="1" changeset="11254145" timestamp="2012-04-10T16:09:27Z" user="ishanagrawal90" uid="633796" lat="30.3328519" lon="78.0357705"/>
 <node id="1710194763" visible="true" version="1" changeset="11254145" timestamp="2012-04-10T16:09:28Z" user="ishanagrawal90" uid="633796" lat="30.3321944" lon="78.0353199"/>
 <node id="1883467739" visible="true" version="3" changeset="62808829" timestamp="2018-09-21T19:49:43Z" user="J Huenn" uid="990473" lat="30.2600521" lon="78.0269305"/>
 <node id="2142221039" visible="true" version="1" changeset="14918258" timestamp="2013-02-05T06:35:49Z" user="Chaitanya Kumar CH" uid="180306" lat="30.3390866" lon="78.0361690"/>
 <node id="2142221040" visible="true" version="1" changeset="14918258" timestamp="2013-02-05T06:35:49Z" user="Chaitanya Kumar CH" uid="180306" lat="30.3380771" lon="78.0352810"/>
 <node id="2142221041" visible="true" version="1" changeset="14918258" timestamp="2013-02-05T06:35:49Z" user="Chaitanya Kumar CH" uid="180306" lat="30.3376776" lon="78.0349636"/>
 <node id="2355520333" visible="true" version="2" changeset="62808829" timestamp="2018-09-21T19:49:43Z" user="J Huenn" uid="990473" lat="30.2665905" lon="78.0229641"/>
 <node id="2355520334" visible="true" version="2" changeset="62808829" timestamp="2018-09-21T19:49:43Z" user="J Huenn" uid="990473" lat="30.2683809" lon="78.0214818"/>
 <node id="2355520335" visible="true" version="1" changeset="16650723" timestamp="2013-06-21T23:53:41Z" user="Harry Wood" uid="1611" lat="30.2742741" lon="78.0180738"/>
 <node id="2355520336" visible="true" version="2" changeset="138330711" timestamp="2023-07-10T10:22:45Z" user="mglsj" uid="12250792" lat="30.2750468" lon="78.0149244"/>
 <node id="2355520338" visible="true" version="2" changeset="138330711" timestamp="2023-07-10T10:22:45Z" user="mglsj" uid="12250792" lat="30.2749722" lon="78.0143616"/>
 <node id="2355520340" visible="true" version="1" changeset="16650723" timestamp="2013-06-21T23:53:42Z" user="Harry Wood" uid="1611" lat="30.2751114" lon="78.0177598"/>
 <node id="2355520342" visible="true" version="1" changeset="16650723" timestamp="2013-06-21T23:53:42Z" user="Harry Wood" uid="1611" lat="30.2752550" lon="78.0157693"/>
 <node id="2355520343" visible="true" version="1" changeset="16650723" timestamp="2013-06-21T23:53:42Z" user="Harry Wood" uid="1611" lat="30.2754172" lon="78.0168324"/>
 <node id="2355520345" visible="true" version="2" changeset="138330711" timestamp="2023-07-10T10:22:45Z" user="mglsj" uid="12250792" lat="30.2762556" lon="78.0128586"/>
 <node id="2355520347" visible="true" version="2" changeset="89813212" timestamp="2020-08-23T15:47:23Z" user="mottiger" uid="7504544" lat="30.2814123" lon="78.0152786"/>
 <node id="2355520349" visible="true" version="2" changeset="89813212" timestamp="2020-08-23T15:47:23Z" user="mottiger" uid="7504544" lat="30.2823156" lon="78.0158579"/>
 <node id="2355520351" visible="true" version="3" changeset="89813212" timestamp="2020-08-23T15:47:23Z" user="mottiger" uid="7504544" lat="30.2834366" lon="78.0160028"/>
 <node id="2355520353" visible="true" version="2" changeset="89813212" timestamp="2020-08-23T15:47:23Z" user="mottiger" uid="7504544" lat="30.2841732" lon="78.0159920"/>
 <node id="2355520355" visible="true" version="2" changeset="89813212" timestamp="2020-08-23T15:47:23Z" user="mottiger" uid="7504544" lat="30.2851784" lon="78.0162442"/>
 <node id="2355520357" visible="true" version="2" changeset="89813212" timestamp="2020-08-23T15:47:23Z" user="mottiger" uid="7504544" lat="30.2862716" lon="78.0166948"/>
 <node id="2355520359" visible="true" version="3" changeset="150142792" timestamp="2024-04-17T17:55:13Z" user="josmougn" uid="522742" lat="30.2891227" lon="78.0169444"/>
 <node id="2355520361" visible="true" version="2" changeset="89813212" timestamp="2020-08-23T15:47:23Z" user="mottiger" uid="7504544" lat="30.2897782" lon="78.0166894"/>
 <node id="2355520363" visible="true" version="3" changeset="150142792" timestamp="2024-04-17T17:55:13Z" user="josmougn" uid="522742" lat="30.2907764" lon="78.0164614"/>
 <node id="2355520364" visible="true" version="2" changeset="89813212" timestamp="2020-08-23T15:47:23Z" user="mottiger" uid="7504544" lat="30.2925065" lon="78.0159062"/>
 <node id="2355520365" visible="true" version="2" changeset="89813212" timestamp="2020-08-23T15:47:23Z" user="mottiger" uid="7504544" lat="30.2939840" lon="78.0153322"/>
 <node id="2355520366" visible="true" version="2" changeset="89813212" timestamp="2020-08-23T15:47:23Z" user="mottiger" uid="7504544" lat="30.2948687" lon="78.0152088"/>
 <node id="2355520367" visible="true" version="2" changeset="89813212" timestamp="2020-08-23T15:47:23Z" user="mottiger" uid="7504544" lat="30.2959109" lon="78.0156434"/>
 <node id="2355520368" visible="true" version="2" changeset="89813212" timestamp="2020-08-23T15:47:23Z" user="mottiger" uid="7504544" lat="30.2966149" lon="78.0162924"/>
 <node id="2355520369" visible="true" version="2" changeset="89813212" timestamp="2020-08-23T15:47:23Z" user="mottiger" uid="7504544" lat="30.2970272" lon="78.0169684"/>
 <node id="2355520370" visible="true" version="2" changeset="89813212" timestamp="2020-08-23T15:47:23Z" user="mottiger" uid="7504544" lat="30.2985186" lon="78.0175799"/>
 <node id="2355520371" visible="true" version="2" changeset="89813212" timestamp="2020-08-23T15:47:23Z" user="mottiger" uid="7504544" lat="30.2995607" lon="78.0168450"/>
 <node id="2355520372" visible="true" version="2" changeset="89813212" timestamp="2020-08-23T15:47:23Z" user="mottiger" uid="7504544" lat="30.3005657" lon="78.0164212"/>
 <node id="2355520373" visible="true" version="1" changeset="16650723" timestamp="2013-06-21T23:53:42Z" user="Harry Wood" uid="1611" lat="30.3039765" lon="78.0161186"/>
 <node id="2355520374" visible="true" version="1" changeset="16650723" timestamp="2013-06-21T23:53:42Z" user="Harry Wood" uid="1611" lat="30.3072223" lon="78.0158276"/>
 <node id="2355520375" visible="true" version="1" changeset="16650723" timestamp="2013-06-21T23:53:42Z" user="Harry Wood" uid="1611" lat="30.3119652" lon="78.0156181"/>
 <node id="2355520376" visible="true" version="2" changeset="28138794" timestamp="2015-01-14T14:44:20Z" user="Luis36995" uid="1829683" lat="30.3141249" lon="78.0152691"/>
 <node id="2355520377" visible="true" version="2" changeset="28138794" timestamp="2015-01-14T14:44:20Z" user="Luis36995" uid="1829683" lat="30.3147787" lon="78.0152265"/>
 <node id="2355520378" visible="true" version="1" changeset="16650723" timestamp="2013-06-21T23:53:42Z" user="Harry Wood" uid="1611" lat="30.3155322" lon="78.0153155"/>
 <node id="2355520379" visible="true" version="1" changeset="16650723" timestamp="2013-06-21T23:53:42Z" user="Harry Wood" uid="1611" lat="30.3161875" lon="78.0150084"/>
 <node id="2355520380" visible="true" version="1" changeset="16650723" timestamp="2013-06-21T23:53:42Z" user="Harry Wood" uid="1611" lat="30.3175920" lon="78.0157694"/>
 <node id="2355520381" visible="true" version="1" changeset="16650723" timestamp="2013-06-21T23:53:42Z" user="Harry Wood" uid="1611" lat="30.3204319" lon="78.0159171"/>
 <node id="2355520382" visible="true" version="1" changeset="16650723" timestamp="2013-06-21T23:53:42Z" user="Harry Wood" uid="1611" lat="30.3218455" lon="78.0161765"/>
 <node id="2355520383" visible="true" version="1" changeset="16650723" timestamp="2013-06-21T23:53:42Z" user="Harry Wood" uid="1611" lat="30.3219485" lon="78.0163346"/>
 <node id="2355520384" visible="true" version="1" changeset="16650723" timestamp="2013-06-21T23:53:42Z" user="Harry Wood" uid="1611" lat="30.3220977" lon="78.0170177"/>
 <node id="2355520385" visible="true" version="1" changeset="16650723" timestamp="2013-06-21T23:53:42Z" user="Harry Wood" uid="1611" lat="30.3222824" lon="78.0172975"/>
 <node id="2355520386" visible="true" version="1" changeset="16650723" timestamp="2013-06-21T23:53:42Z" user="Harry Wood" uid="1611" lat="30.3227797" lon="78.0176514"/>
 <node id="2355520387" visible="true" version="1" changeset="16650723" timestamp="2013-06-21T23:53:42Z" user="Harry Wood" uid="1611" lat="30.3231350" lon="78.0179889"/>
 <node id="2355520388" visible="true" version="1" changeset="16650723" timestamp="2013-06-21T23:53:42Z" user="Harry Wood" uid="1611" lat="30.3234182" lon="78.0209068"/>
 <node id="2355520389" visible="true" version="1" changeset="16650723" timestamp="2013-06-21T23:53:42Z" user="Harry Wood" uid="1611" lat="30.3234893" lon="78.0194747"/>
 <node id="2355520390" visible="true" version="1" changeset="16650723" timestamp="2013-06-21T23:53:42Z" user="Harry Wood" uid="1611" lat="30.3236313" lon="78.0227669"/>
 <node id="2355520391" visible="true" version="1" changeset="16650723" timestamp="2013-06-21T23:53:42Z" user="Harry Wood" uid="1611" lat="30.3237024" lon="78.0220261"/>
 <node id="2355520392" visible="true" version="1" changeset="16650723" timestamp="2013-06-21T23:53:42Z" user="Harry Wood" uid="1611" lat="30.3238510" lon="78.0245672"/>
 <node id="2355520393" visible="true" version="1" changeset="16650723" timestamp="2013-06-21T23:53:42Z" user="Harry Wood" uid="1611" lat="30.3238871" lon="78.0236064"/>
 <node id="2355520394" visible="true" version="1" changeset="16650723" timestamp="2013-06-21T23:53:42Z" user="Harry Wood" uid="1611" lat="30.3240117" lon="78.0254285"/>
 <node id="2355520395" visible="true" version="1" changeset="16650723" timestamp="2013-06-21T23:53:42Z" user="Harry Wood" uid="1611" lat="30.3244036" lon="78.0260570"/>
 <node id="2355520396" visible="true" version="1" changeset="16650723" timestamp="2013-06-21T23:53:42Z" user="Harry Wood" uid="1611" lat="30.3274021" lon="78.0333600"/>
 <node id="2355520397" visible="true" version="1" changeset="16650723" timestamp="2013-06-21T23:53:42Z" user="Harry Wood" uid="1611" lat="30.3288371" lon="78.0342324"/>
 <node id="2355520398" visible="true" version="1" changeset="16650723" timestamp="2013-06-21T23:53:42Z" user="Harry Wood" uid="1611" lat="30.3300590" lon="78.0342654"/>
 <node id="2355520399" visible="true" version="2" changeset="72927810" timestamp="2019-08-02T08:14:25Z" user="BubbleGuppies" uid="1426091" lat="30.3309568" lon="78.0340786"/>
 <node id="2355520400" visible="true" version="1" changeset="16650723" timestamp="2013-06-21T23:53:42Z" user="Harry Wood" uid="1611" lat="30.3326590" lon="78.0344464"/>
 <node id="2355520401" visible="true" version="1" changeset="16650723" timestamp="2013-06-21T23:53:42Z" user="Harry Wood" uid="1611" lat="30.3330000" lon="78.0347263"/>
 <node id="2355520402" visible="true" version="1" changeset="16650723" timestamp="2013-06-21T23:53:42Z" user="Harry Wood" uid="1611" lat="30.3333125" lon="78.0346769"/>
 <node id="2355520403" visible="true" version="1" changeset="16650723" timestamp="2013-06-21T23:53:42Z" user="Harry Wood" uid="1611" lat="30.3335114" lon="78.0343806"/>
 <node id="2355520404" visible="true" version="1" changeset="16650723" timestamp="2013-06-21T23:53:42Z" user="Harry Wood" uid="1611" lat="30.3338240" lon="78.0341501"/>
 <node id="2355520405" visible="true" version="1" changeset="16650723" timestamp="2013-06-21T23:53:42Z" user="Harry Wood" uid="1611" lat="30.3342360" lon="78.0342818"/>
 <node id="2355520406" visible="true" version="1" changeset="16650723" timestamp="2013-06-21T23:53:43Z" user="Harry Wood" uid="1611" lat="30.3343212" lon="78.0369649"/>
 <node id="2355520407" visible="true" version="1" changeset="16650723" timestamp="2013-06-21T23:53:43Z" user="Harry Wood" uid="1611" lat="30.3343496" lon="78.0372283"/>
 <node id="2355520408" visible="true" version="1" changeset="16650723" timestamp="2013-06-21T23:53:43Z" user="Harry Wood" uid="1611" lat="30.3345769" lon="78.0366522"/>
 <node id="2355520409" visible="true" version="1" changeset="16650723" timestamp="2013-06-21T23:53:43Z" user="Harry Wood" uid="1611" lat="30.3347616" lon="78.0376563"/>
 <node id="2355520410" visible="true" version="1" changeset="16650723" timestamp="2013-06-21T23:53:43Z" user="Harry Wood" uid="1611" lat="30.3349179" lon="78.0363065"/>
 <node id="2355520411" visible="true" version="1" changeset="16650723" timestamp="2013-06-21T23:53:43Z" user="Harry Wood" uid="1611" lat="30.3352305" lon="78.0348579"/>
 <node id="2355520412" visible="true" version="1" changeset="16650723" timestamp="2013-06-21T23:53:43Z" user="Harry Wood" uid="1611" lat="30.3352447" lon="78.0356974"/>
 <node id="2355520413" visible="true" version="1" changeset="16650723" timestamp="2013-06-21T23:53:43Z" user="Harry Wood" uid="1611" lat="30.3353299" lon="78.0352201"/>
 <node id="2355520414" visible="true" version="1" changeset="16650723" timestamp="2013-06-21T23:53:43Z" user="Harry Wood" uid="1611" lat="30.3353299" lon="78.0397303"/>
 <node id="2355520415" visible="true" version="1" changeset="16650723" timestamp="2013-06-21T23:53:43Z" user="Harry Wood" uid="1611" lat="30.3353441" lon="78.0392365"/>
 <node id="2355520416" visible="true" version="1" changeset="16650723" timestamp="2013-06-21T23:53:43Z" user="Harry Wood" uid="1611" lat="30.3354862" lon="78.0399443"/>
 <node id="2355520417" visible="true" version="1" changeset="16650723" timestamp="2013-06-21T23:53:43Z" user="Harry Wood" uid="1611" lat="30.3360403" lon="78.0398126"/>
 <node id="2355520418" visible="true" version="1" changeset="16650723" timestamp="2013-06-21T23:53:43Z" user="Harry Wood" uid="1611" lat="30.3373757" lon="78.0392365"/>
 <node id="2355520419" visible="true" version="1" changeset="16650723" timestamp="2013-06-21T23:53:43Z" user="Harry Wood" uid="1611" lat="30.3380150" lon="78.0389402"/>
 <node id="2355520420" visible="true" version="1" changeset="16650723" timestamp="2013-06-21T23:53:43Z" user="Harry Wood" uid="1611" lat="30.3383560" lon="78.0386274"/>
 <node id="2355520421" visible="true" version="1" changeset="16650723" timestamp="2013-06-21T23:53:43Z" user="Harry Wood" uid="1611" lat="30.3386827" lon="78.0387591"/>
 <node id="2355520422" visible="true" version="1" changeset="16650723" timestamp="2013-06-21T23:53:43Z" user="Harry Wood" uid="1611" lat="30.3390663" lon="78.0395657"/>
 <node id="2355520423" visible="true" version="1" changeset="16650723" timestamp="2013-06-21T23:53:43Z" user="Harry Wood" uid="1611" lat="30.3391657" lon="78.0402241"/>
 <node id="2355520424" visible="true" version="1" changeset="16650723" timestamp="2013-06-21T23:53:43Z" user="Harry Wood" uid="1611" lat="30.3392510" lon="78.0405863"/>
 <node id="2355520425" visible="true" version="1" changeset="16650723" timestamp="2013-06-21T23:53:43Z" user="Harry Wood" uid="1611" lat="30.3396203" lon="78.0410965"/>
 <node id="2355520426" visible="true" version="1" changeset="16650723" timestamp="2013-06-21T23:53:43Z" user="Harry Wood" uid="1611" lat="30.3402596" lon="78.0416891"/>
 <node id="2355520427" visible="true" version="1" changeset="16650723" timestamp="2013-06-21T23:53:43Z" user="Harry Wood" uid="1611" lat="30.3406574" lon="78.0418044"/>
 <node id="2355520428" visible="true" version="1" changeset="16650723" timestamp="2013-06-21T23:53:43Z" user="Harry Wood" uid="1611" lat="30.3410978" lon="78.0416233"/>
 <node id="2355520429" visible="true" version="1" changeset="16650723" timestamp="2013-06-21T23:53:43Z" user="Harry Wood" uid="1611" lat="30.3417939" lon="78.0413764"/>
 <node id="2355520430" visible="true" version="1" changeset="16650723" timestamp="2013-06-21T23:53:43Z" user="Harry Wood" uid="1611" lat="30.3422627" lon="78.0415739"/>
 <node id="2355520432" visible="true" version="1" changeset="16650723" timestamp="2013-06-21T23:53:43Z" user="Harry Wood" uid="1611" lat="30.3430866" lon="78.0415574"/>
 <node id="2355520433" visible="true" version="1" changeset="16650723" timestamp="2013-06-21T23:53:43Z" user="Harry Wood" uid="1611" lat="30.3433707" lon="78.0414258"/>
 <node id="2355520434" visible="true" version="1" changeset="16650723" timestamp="2013-06-21T23:53:43Z" user="Harry Wood" uid="1611" lat="30.3434560" lon="78.0398291"/>
 <node id="2355520435" visible="true" version="1" changeset="16650723" timestamp="2013-06-21T23:53:43Z" user="Harry Wood" uid="1611" lat="30.3434844" lon="78.0412941"/>
 <node id="2355520436" visible="true" version="1" changeset="16650723" timestamp="2013-06-21T23:53:43Z" user="Harry Wood" uid="1611" lat="30.3435412" lon="78.0405863"/>
 <node id="2355520437" visible="true" version="1" changeset="16650723" timestamp="2013-06-21T23:53:43Z" user="Harry Wood" uid="1611" lat="30.3436406" lon="78.0394669"/>
 <node id="2355520438" visible="true" version="1" changeset="16650723" timestamp="2013-06-21T23:53:43Z" user="Harry Wood" uid="1611" lat="30.3437685" lon="78.0392200"/>
 <node id="2355520439" visible="true" version="1" changeset="16650723" timestamp="2013-06-21T23:53:43Z" user="Harry Wood" uid="1611" lat="30.3439816" lon="78.0390390"/>
 <node id="2355520440" visible="true" version="1" changeset="16650723" timestamp="2013-06-21T23:53:43Z" user="Harry Wood" uid="1611" lat="30.3442799" lon="78.0390719"/>
 <node id="2355520441" visible="true" version="1" changeset="16650723" timestamp="2013-06-21T23:53:43Z" user="Harry Wood" uid="1611" lat="30.3443935" lon="78.0393682"/>
 <node id="2355520442" visible="true" version="1" changeset="16650723" timestamp="2013-06-21T23:53:43Z" user="Harry Wood" uid="1611" lat="30.3444362" lon="78.0398949"/>
 <node id="2355520443" visible="true" version="1" changeset="16650723" timestamp="2013-06-21T23:53:43Z" user="Harry Wood" uid="1611" lat="30.3444504" lon="78.0404217"/>
 <node id="2355520444" visible="true" version="1" changeset="16650723" timestamp="2013-06-21T23:53:43Z" user="Harry Wood" uid="1611" lat="30.3444646" lon="78.0408002"/>
 <node id="2355520445" visible="true" version="1" changeset="16650723" timestamp="2013-06-21T23:53:43Z" user="Harry Wood" uid="1611" lat="30.3448055" lon="78.0409319"/>
 <node id="2355520446" visible="true" version="1" changeset="16650723" timestamp="2013-06-21T23:53:43Z" user="Harry Wood" uid="1611" lat="30.3449760" lon="78.0408002"/>
 <node id="2355520447" visible="true" version="1" changeset="16650723" timestamp="2013-06-21T23:53:43Z" user="Harry Wood" uid="1611" lat="30.3453169" lon="78.0404710"/>
 <node id="2355520448" visible="true" version="1" changeset="16650723" timestamp="2013-06-21T23:53:43Z" user="Harry Wood" uid="1611" lat="30.3456862" lon="78.0404381"/>
 <node id="2355520449" visible="true" version="1" changeset="16650723" timestamp="2013-06-21T23:53:44Z" user="Harry Wood" uid="1611" lat="30.3459846" lon="78.0405204"/>
 <node id="2355520450" visible="true" version="1" changeset="16650723" timestamp="2013-06-21T23:53:44Z" user="Harry Wood" uid="1611" lat="30.3461266" lon="78.0407179"/>
 <node id="2355520451" visible="true" version="1" changeset="16650723" timestamp="2013-06-21T23:53:44Z" user="Harry Wood" uid="1611" lat="30.3462118" lon="78.0412118"/>
 <node id="2355520452" visible="true" version="1" changeset="16650723" timestamp="2013-06-21T23:53:44Z" user="Harry Wood" uid="1611" lat="30.3462545" lon="78.0418044"/>
 <node id="2355520453" visible="true" version="1" changeset="16650723" timestamp="2013-06-21T23:53:44Z" user="Harry Wood" uid="1611" lat="30.3465954" lon="78.0431047"/>
 <node id="2355520454" visible="true" version="1" changeset="16650723" timestamp="2013-06-21T23:53:44Z" user="Harry Wood" uid="1611" lat="30.3466522" lon="78.0433023"/>
 <node id="2355520455" visible="true" version="1" changeset="16650723" timestamp="2013-06-21T23:53:44Z" user="Harry Wood" uid="1611" lat="30.3467516" lon="78.0423476"/>
 <node id="2355520456" visible="true" version="1" changeset="16650723" timestamp="2013-06-21T23:53:44Z" user="Harry Wood" uid="1611" lat="30.3468085" lon="78.0427755"/>
 <node id="2355520457" visible="true" version="1" changeset="16650723" timestamp="2013-06-21T23:53:44Z" user="Harry Wood" uid="1611" lat="30.3469363" lon="78.0425780"/>
 <node id="2355520458" visible="true" version="1" changeset="16650723" timestamp="2013-06-21T23:53:44Z" user="Harry Wood" uid="1611" lat="30.3470784" lon="78.0476973"/>
 <node id="2355520459" visible="true" version="1" changeset="16650723" timestamp="2013-06-21T23:53:44Z" user="Harry Wood" uid="1611" lat="30.3470926" lon="78.0479277"/>
 <node id="2355520460" visible="true" version="1" changeset="16650723" timestamp="2013-06-21T23:53:44Z" user="Harry Wood" uid="1611" lat="30.3471778" lon="78.0473516"/>
 <node id="2355520461" visible="true" version="1" changeset="16650723" timestamp="2013-06-21T23:53:44Z" user="Harry Wood" uid="1611" lat="30.3473483" lon="78.0479936"/>
 <node id="2355520462" visible="true" version="1" changeset="16650723" timestamp="2013-06-21T23:53:44Z" user="Harry Wood" uid="1611" lat="30.3474619" lon="78.0463640"/>
 <node id="2355520463" visible="true" version="1" changeset="16650723" timestamp="2013-06-21T23:53:44Z" user="Harry Wood" uid="1611" lat="30.3475187" lon="78.0466109"/>
 <node id="2355520464" visible="true" version="1" changeset="16650723" timestamp="2013-06-21T23:53:44Z" user="Harry Wood" uid="1611" lat="30.3476324" lon="78.0455903"/>
 <node id="2355520465" visible="true" version="1" changeset="16650723" timestamp="2013-06-21T23:53:44Z" user="Harry Wood" uid="1611" lat="30.3478312" lon="78.0439607"/>
 <node id="2355520466" visible="true" version="1" changeset="16650723" timestamp="2013-06-21T23:53:44Z" user="Harry Wood" uid="1611" lat="30.3480727" lon="78.0477467"/>
 <node id="2355520467" visible="true" version="1" changeset="16650723" timestamp="2013-06-21T23:53:44Z" user="Harry Wood" uid="1611" lat="30.3481296" lon="78.0448825"/>
 <node id="2355520468" visible="true" version="1" changeset="16650723" timestamp="2013-06-21T23:53:44Z" user="Harry Wood" uid="1611" lat="30.3481580" lon="78.0443228"/>
 <node id="2355520469" visible="true" version="1" changeset="16650723" timestamp="2013-06-21T23:53:44Z" user="Harry Wood" uid="1611" lat="30.3483426" lon="78.0446027"/>
 <node id="2355520470" visible="true" version="1" changeset="16650723" timestamp="2013-06-21T23:53:44Z" user="Harry Wood" uid="1611" lat="30.3488824" lon="78.0476973"/>
 <node id="2355520471" visible="true" version="1" changeset="16650723" timestamp="2013-06-21T23:53:44Z" user="Harry Wood" uid="1611" lat="30.3492517" lon="78.0475491"/>
 <node id="2355520472" visible="true" version="2" changeset="37681297" timestamp="2016-03-08T08:28:55Z" user="bkowshik" uid="1087876" lat="30.3503597" lon="78.0469809"/>
 <node id="2355520473" visible="true" version="2" changeset="37681297" timestamp="2016-03-08T08:28:55Z" user="bkowshik" uid="1087876" lat="30.3507257" lon="78.0469559"/>
 <node id="2355520474" visible="true" version="2" changeset="37681297" timestamp="2016-03-08T08:28:55Z" user="bkowshik" uid="1087876" lat="30.3514645" lon="78.0475202"/>
 <node id="2355520475" visible="true" version="2" changeset="37681297" timestamp="2016-03-08T08:28:55Z" user="bkowshik" uid="1087876" lat="30.3515355" lon="78.0479031"/>
 <node id="2355520479" visible="true" version="2" changeset="37681297" timestamp="2016-03-08T08:28:55Z" user="bkowshik" uid="1087876" lat="30.3522472" lon="78.0501747"/>
 <node id="2355520480" visible="true" version="2" changeset="37681297" timestamp="2016-03-08T08:28:55Z" user="bkowshik" uid="1087876" lat="30.3521894" lon="78.0490464"/>
 <node id="2355520481" visible="true" version="2" changeset="37681297" timestamp="2016-03-08T08:28:55Z" user="bkowshik" uid="1087876" lat="30.3522912" lon="78.0506279"/>
 <node id="2355520482" visible="true" version="2" changeset="37681297" timestamp="2016-03-08T08:28:55Z" user="bkowshik" uid="1087876" lat="30.3523104" lon="78.0496817"/>
 <node id="2355550043" visible="true" version="2" changeset="62808829" timestamp="2018-09-21T19:49:43Z" user="J Huenn" uid="990473" lat="30.2605379" lon="78.0266941"/>
 <node id="2355550045" visible="true" version="2" changeset="62808829" timestamp="2018-09-21T19:49:43Z" user="J Huenn" uid="990473" lat="30.2627155" lon="78.0245054"/>
 <node id="2355569040" visible="true" version="1" changeset="16650855" timestamp="2013-06-22T00:24:34Z" user="Harry Wood" uid="1611" lat="30.3244513" lon="78.0271624"/>
 <node id="2355569042" visible="true" version="1" changeset="16650855" timestamp="2013-06-22T00:24:34Z" user="Harry Wood" uid="1611" lat="30.3249462" lon="78.0282093"/>
 <node id="2355569043" visible="true" version="1" changeset="16650855" timestamp="2013-06-22T00:24:34Z" user="Harry Wood" uid="1611" lat="30.3256186" lon="78.0299817"/>
 <node id="2357304013" visible="true" version="2" changeset="74668747" timestamp="2019-09-19T11:52:45Z" user="Arun Balaji" uid="3427745" lat="30.3299557" lon="78.0342708"/>
 <node id="2569073140" visible="true" version="1" changeset="19315021" timestamp="2013-12-06T23:58:16Z" user="SK53" uid="84681" lat="30.3322425" lon="78.0353528"/>
 <node id="2569073147" visible="true" version="1" changeset="19315021" timestamp="2013-12-06T23:58:16Z" user="SK53" uid="84681" lat="30.3321294" lon="78.0352610"/>
 <node id="2569073174" visible="true" version="1" changeset="19315021" timestamp="2013-12-06T23:58:17Z" user="SK53" uid="84681" lat="30.3298976" lon="78.0358297"/>
 <node id="2569073177" visible="true" version="2" changeset="126072877" timestamp="2022-09-12T06:11:35Z" user="Hinokami Kagura" uid="14826250" lat="30.3304355" lon="78.0356416"/>
 <node id="2569073191" visible="true" version="1" changeset="19315021" timestamp="2013-12-06T23:58:17Z" user="SK53" uid="84681" lat="30.3332869" lon="78.0353630"/>
 <node id="2569073209" visible="true" version="2" changeset="126448971" timestamp="2022-09-21T06:36:32Z" user="VLD252" uid="10979432" lat="30.3327280" lon="78.0351698"/>
 <node id="2569073232" visible="true" version="1" changeset="19315021" timestamp="2013-12-06T23:58:18Z" user="SK53" uid="84681" lat="30.3311848" lon="78.0389196"/>
 <node id="2569073243" visible="true" version="1" changeset="19315021" timestamp="2013-12-06T23:58:18Z" user="SK53" uid="84681" lat="30.3295920" lon="78.0360389"/>
 <node id="2569073245" visible="true" version="1" changeset="19315021" timestamp="2013-12-06T23:58:18Z" user="SK53" uid="84681" lat="30.3319157" lon="78.0361326"/>
 <node id="2569073246" visible="true" version="1" changeset="19315021" timestamp="2013-12-06T23:58:18Z" user="SK53" uid="84681" lat="30.3315506" lon="78.0383402"/>
 <node id="2569073251" visible="true" version="1" changeset="19315021" timestamp="2013-12-06T23:58:18Z" user="SK53" uid="84681" lat="30.3302125" lon="78.0356902"/>
 <node id="2569073260" visible="true" version="1" changeset="19315021" timestamp="2013-12-06T23:58:18Z" user="SK53" uid="84681" lat="30.3318423" lon="78.0365163"/>
 <node id="2569073265" visible="true" version="1" changeset="19315021" timestamp="2013-12-06T23:58:18Z" user="SK53" uid="84681" lat="30.3345958" lon="78.0364340"/>
 <node id="2569073268" visible="true" version="2" changeset="126072877" timestamp="2022-09-12T06:11:35Z" user="Hinokami Kagura" uid="14826250" lat="30.3305839" lon="78.0355781"/>
 <node id="2569073279" visible="true" version="1" changeset="19315021" timestamp="2013-12-06T23:58:19Z" user="SK53" uid="84681" lat="30.3341050" lon="78.0357902"/>
 <node id="2569073284" visible="true" version="1" changeset="19315021" timestamp="2013-12-06T23:58:19Z" user="SK53" uid="84681" lat="30.3348426" lon="78.0366933"/>
 <node id="2569073293" visible="true" version="3" changeset="126285741" timestamp="2022-09-17T06:18:22Z" user="VLD117" uid="9124218" lat="30.3325185" lon="78.0415190"/>
 <node id="2569073300" visible="true" version="3" changeset="126208612" timestamp="2022-09-15T07:00:48Z" user="VLD258" uid="10979442" lat="30.3337520" lon="78.0411568"/>
 <node id="2569073302" visible="true" version="1" changeset="19315021" timestamp="2013-12-06T23:58:19Z" user="SK53" uid="84681" lat="30.3346574" lon="78.0365110"/>
 <node id="2569073337" visible="true" version="2" changeset="126408032" timestamp="2022-09-20T06:57:17Z" user="VLD252" uid="10979432" lat="30.3344803" lon="78.0362253"/>
 <node id="2569073338" visible="true" version="1" changeset="19315021" timestamp="2013-12-06T23:58:20Z" user="SK53" uid="84681" lat="30.3342407" lon="78.0358994"/>
 <node id="2569073354" visible="true" version="1" changeset="19315021" timestamp="2013-12-06T23:58:20Z" user="SK53" uid="84681" lat="30.3329105" lon="78.0351894"/>
 <node id="2569073355" visible="true" version="1" changeset="19315021" timestamp="2013-12-06T23:58:20Z" user="SK53" uid="84681" lat="30.3321294" lon="78.0374551"/>
 <node id="2569073357" visible="true" version="1" changeset="19315021" timestamp="2013-12-06T23:58:20Z" user="SK53" uid="84681" lat="30.3320136" lon="78.0356205"/>
 <node id="3120297187" visible="true" version="1" changeset="25956552" timestamp="2014-10-09T09:15:20Z" user="Jaegermeister" uid="116609" lat="30.3295782" lon="78.0319506"/>
 <node id="3120297188" visible="true" version="1" changeset="25956552" timestamp="2014-10-09T09:15:20Z" user="Jaegermeister" uid="116609" lat="30.3368951" lon="78.0345079">
  <tag k="barrier" v="lift_gate"/>
 </node>
 <node id="3217205586" visible="true" version="2" changeset="43230809" timestamp="2016-10-27T21:30:32Z" user="ediyes" uid="1240849" lat="30.3355739" lon="78.0373395"/>
 <node id="3217205587" visible="true" version="1" changeset="27197836" timestamp="2014-12-03T11:27:14Z" user="Harish Karnatak" uid="106263" lat="30.3357307" lon="78.0375989"/>
 <node id="3217205588" visible="true" version="1" changeset="27197836" timestamp="2014-12-03T11:27:14Z" user="Harish Karnatak" uid="106263" lat="30.3359822" lon="78.0376689"/>
 <node id="3217205589" visible="true" version="1" changeset="27197836" timestamp="2014-12-03T11:27:14Z" user="Harish Karnatak" uid="106263" lat="30.3362338" lon="78.0377563"/>
 <node id="3217205590" visible="true" version="2" changeset="126409236" timestamp="2022-09-20T07:29:13Z" user="VLD252" uid="10979432" lat="30.3364818" lon="78.0378681"/>
 <node id="3217205591" visible="true" version="1" changeset="27197836" timestamp="2014-12-03T11:27:14Z" user="Harish Karnatak" uid="106263" lat="30.3368074" lon="78.0381703"/>
 <node id="3217205592" visible="true" version="1" changeset="27197836" timestamp="2014-12-03T11:27:14Z" user="Harish Karnatak" uid="106263" lat="30.3371093" lon="78.0384209"/>
 <node id="3217205593" visible="true" version="2" changeset="126409236" timestamp="2022-09-20T07:29:13Z" user="VLD252" uid="10979432" lat="30.3373962" lon="78.0386285"/>
 <node id="3217205594" visible="true" version="2" changeset="126409734" timestamp="2022-09-20T07:44:21Z" user="VLD252" uid="10979432" lat="30.3376472" lon="78.0388046"/>
 <node id="3217205595" visible="true" version="2" changeset="126406013" timestamp="2022-09-20T06:04:04Z" user="VLD252" uid="10979432" lat="30.3379784" lon="78.0388002"/>
 <node id="3217205596" visible="true" version="2" changeset="126406013" timestamp="2022-09-20T06:04:04Z" user="VLD252" uid="10979432" lat="30.3381439" lon="78.0386996"/>
 <node id="3217205597" visible="true" version="1" changeset="27197836" timestamp="2014-12-03T11:27:14Z" user="Harish Karnatak" uid="106263" lat="30.3382514" lon="78.0385025"/>
 <node id="3217205598" visible="true" version="1" changeset="27197836" timestamp="2014-12-03T11:27:14Z" user="Harish Karnatak" uid="106263" lat="30.3384929" lon="78.0384209"/>
 <node id="3217205599" visible="true" version="1" changeset="27197836" timestamp="2014-12-03T11:27:14Z" user="Harish Karnatak" uid="106263" lat="30.3387193" lon="78.0384792"/>
 <node id="3217205600" visible="true" version="1" changeset="27197836" timestamp="2014-12-03T11:27:14Z" user="Harish Karnatak" uid="106263" lat="30.3389357" lon="78.0385900"/>
 <node id="3217205601" visible="true" version="2" changeset="97530515" timestamp="2021-01-15T05:27:13Z" user="MrbOT" uid="8758116" lat="30.3391084" lon="78.0387967"/>
 <node id="3217205602" visible="true" version="2" changeset="97530515" timestamp="2021-01-15T05:27:13Z" user="MrbOT" uid="8758116" lat="30.3392223" lon="78.0390629"/>
 <node id="3217205603" visible="true" version="2" changeset="97530515" timestamp="2021-01-15T05:27:13Z" user="MrbOT" uid="8758116" lat="30.3393457" lon="78.0393892"/>
 <node id="3217205604" visible="true" version="2" changeset="97530515" timestamp="2021-01-15T05:27:13Z" user="MrbOT" uid="8758116" lat="30.3395006" lon="78.0397542"/>
 <node id="3217205605" visible="true" version="2" changeset="97530515" timestamp="2021-01-15T05:27:13Z" user="MrbOT" uid="8758116" lat="30.3396776" lon="78.0401725"/>
 <node id="3217205606" visible="true" version="3" changeset="126204059" timestamp="2022-09-15T04:22:26Z" user="VLD258" uid="10979442" lat="30.3398495" lon="78.0405348"/>
 <node id="3639332118" visible="true" version="1" changeset="32472239" timestamp="2015-07-07T13:49:35Z" user="geohacker" uid="146675" lat="30.3292429" lon="78.0365110"/>
 <node id="3639332119" visible="true" version="1" changeset="32472239" timestamp="2015-07-07T13:49:36Z" user="geohacker" uid="146675" lat="30.3292835" lon="78.0365048"/>
 <node id="3639332120" visible="true" version="2" changeset="126448971" timestamp="2022-09-21T06:36:32Z" user="VLD252" uid="10979432" lat="30.3293393" lon="78.0363829"/>
 <node id="3639332121" visible="true" version="2" changeset="126448971" timestamp="2022-09-21T06:36:32Z" user="VLD252" uid="10979432" lat="30.3294313" lon="78.0362092"/>
 <node id="3639332138" visible="true" version="2" changeset="126072877" timestamp="2022-09-12T06:11:35Z" user="Hinokami Kagura" uid="14826250" lat="30.3345815" lon="78.0399737"/>
 <node id="3639341295" visible="true" version="2" changeset="126072877" timestamp="2022-09-12T06:11:35Z" user="Hinokami Kagura" uid="14826250" lat="30.3304994" lon="78.0356124"/>
 <node id="3886020183" visible="true" version="1" changeset="35865404" timestamp="2015-12-10T13:16:53Z" user="Oberaffe" uid="56597" lat="30.3009439" lon="78.0166136">
  <tag k="power" v="tower"/>
 </node>
 <node id="3886020186" visible="true" version="1" changeset="35865404" timestamp="2015-12-10T13:16:53Z" user="Oberaffe" uid="56597" lat="30.3030292" lon="78.0164501">
  <tag k="power" v="tower"/>
 </node>
 <node id="3886020190" visible="true" version="1" changeset="35865404" timestamp="2015-12-10T13:16:53Z" user="Oberaffe" uid="56597" lat="30.3073520" lon="78.0160094">
  <tag k="power" v="tower"/>
 </node>
 <node id="3886020208" visible="true" version="1" changeset="35865404" timestamp="2015-12-10T13:16:53Z" user="Oberaffe" uid="56597" lat="30.3297517" lon="78.0341206">
  <tag k="power" v="tower"/>
 </node>
 <node id="3886020212" visible="true" version="1" changeset="35865404" timestamp="2015-12-10T13:16:54Z" user="Oberaffe" uid="56597" lat="30.3323521" lon="78.0341453">
  <tag k="power" v="tower"/>
 </node>
 <node id="3886020219" visible="true" version="1" changeset="35865404" timestamp="2015-12-10T13:16:54Z" user="Oberaffe" uid="56597" lat="30.3350686" lon="78.0375653">
  <tag k="power" v="tower"/>
 </node>
 <node id="3886020220" visible="true" version="1" changeset="35865404" timestamp="2015-12-10T13:16:54Z" user="Oberaffe" uid="56597" lat="30.3351456" lon="78.0381403"/>
 <node id="3886020221" visible="true" version="1" changeset="35865404" timestamp="2015-12-10T13:16:54Z" user="Oberaffe" uid="56597" lat="30.3351650" lon="78.0385136"/>
 <node id="3886020222" visible="true" version="1" changeset="35865404" timestamp="2015-12-10T13:16:54Z" user="Oberaffe" uid="56597" lat="30.3351988" lon="78.0346354">
  <tag k="power" v="tower"/>
 </node>
 <node id="3886020224" visible="true" version="1" changeset="35865404" timestamp="2015-12-10T13:16:54Z" user="Oberaffe" uid="56597" lat="30.3352232" lon="78.0384551">
  <tag k="power" v="tower"/>
 </node>
 <node id="3886020226" visible="true" version="1" changeset="35865404" timestamp="2015-12-10T13:16:54Z" user="Oberaffe" uid="56597" lat="30.3354037" lon="78.0390104"/>
 <node id="3886020227" visible="true" version="1" changeset="35865404" timestamp="2015-12-10T13:16:54Z" user="Oberaffe" uid="56597" lat="30.3354322" lon="78.0383618">
  <tag k="power" v="tower"/>
 </node>
 <node id="3886020228" visible="true" version="1" changeset="35865404" timestamp="2015-12-10T13:16:54Z" user="Oberaffe" uid="56597" lat="30.3355501" lon="78.0352907">
  <tag k="power" v="tower"/>
 </node>
 <node id="3886020229" visible="true" version="1" changeset="35865404" timestamp="2015-12-10T13:16:54Z" user="Oberaffe" uid="56597" lat="30.3355900" lon="78.0374973"/>
 <node id="3886020230" visible="true" version="1" changeset="35865404" timestamp="2015-12-10T13:16:54Z" user="Oberaffe" uid="56597" lat="30.3357491" lon="78.0376547"/>
 <node id="3886020232" visible="true" version="1" changeset="35865404" timestamp="2015-12-10T13:16:55Z" user="Oberaffe" uid="56597" lat="30.3360596" lon="78.0377604"/>
 <node id="3886020233" visible="true" version="1" changeset="35865404" timestamp="2015-12-10T13:16:55Z" user="Oberaffe" uid="56597" lat="30.3363662" lon="78.0396265"/>
 <node id="3886020234" visible="true" version="1" changeset="35865404" timestamp="2015-12-10T13:16:55Z" user="Oberaffe" uid="56597" lat="30.3374043" lon="78.0387204"/>
 <node id="4047459192" visible="true" version="1" changeset="37681297" timestamp="2016-03-08T08:28:50Z" user="bkowshik" uid="1087876" lat="30.3498203" lon="78.0471874"/>
 <node id="4215412667" visible="true" version="1" changeset="39665360" timestamp="2016-05-30T13:10:18Z" user="manoharuss" uid="3769434" lat="30.3374223" lon="78.0313328"/>
 <node id="4215412680" visible="true" version="1" changeset="39665360" timestamp="2016-05-30T13:10:18Z" user="manoharuss" uid="3769434" lat="30.3375301" lon="78.0312084"/>
 <node id="4215414504" visible="true" version="2" changeset="97864188" timestamp="2021-01-20T23:12:57Z" user="श्र" uid="12519778" lat="30.3347990" lon="78.0324627"/>
 <node id="4215414505" visible="true" version="2" changeset="97878963" timestamp="2021-01-21T06:27:15Z" user="श्र" uid="12519778" lat="30.3349867" lon="78.0325580"/>
 <node id="4215414508" visible="true" version="2" changeset="97878963" timestamp="2021-01-21T06:27:15Z" user="श्र" uid="12519778" lat="30.3350003" lon="78.0324333"/>
 <node id="4215414510" visible="true" version="2" changeset="97878963" timestamp="2021-01-21T06:27:15Z" user="श्र" uid="12519778" lat="30.3350401" lon="78.0316289"/>
 <node id="4215414511" visible="true" version="2" changeset="97878963" timestamp="2021-01-21T06:27:15Z" user="श्र" uid="12519778" lat="30.3350680" lon="78.0315196"/>
 <node id="4215414512" visible="true" version="2" changeset="97878963" timestamp="2021-01-21T06:27:15Z" user="श्र" uid="12519778" lat="30.3351266" lon="78.0316530"/>
 <node id="4215414513" visible="true" version="2" changeset="97878963" timestamp="2021-01-21T06:27:15Z" user="श्र" uid="12519778" lat="30.3351485" lon="78.0315521"/>
 <node id="4215414514" visible="true" version="2" changeset="97878963" timestamp="2021-01-21T06:27:15Z" user="श्र" uid="12519778" lat="30.3351621" lon="78.0315202"/>
 <node id="4215414515" visible="true" version="2" changeset="97878963" timestamp="2021-01-21T06:27:15Z" user="श्र" uid="12519778" lat="30.3352188" lon="78.0316827"/>
 <node id="4215414516" visible="true" version="2" changeset="97878963" timestamp="2021-01-21T06:27:15Z" user="श्र" uid="12519778" lat="30.3352458" lon="78.0316965"/>
 <node id="4215414519" visible="true" version="2" changeset="97878963" timestamp="2021-01-21T06:27:15Z" user="श्र" uid="12519778" lat="30.3352628" lon="78.0315644"/>
 <node id="4215414520" visible="true" version="1" changeset="39665360" timestamp="2016-05-30T13:10:16Z" user="manoharuss" uid="3769434" lat="30.3358873" lon="78.0332061"/>
 <node id="4215414524" visible="true" version="1" changeset="39665360" timestamp="2016-05-30T13:10:16Z" user="manoharuss" uid="3769434" lat="30.3360476" lon="78.0331807"/>
 <node id="4215414527" visible="true" version="1" changeset="39665360" timestamp="2016-05-30T13:10:16Z" user="manoharuss" uid="3769434" lat="30.3360888" lon="78.0328894"/>
 <node id="4215414535" visible="true" version="1" changeset="39665360" timestamp="2016-05-30T13:10:16Z" user="manoharuss" uid="3769434" lat="30.3361822" lon="78.0329692"/>
 <node id="4215414539" visible="true" version="1" changeset="39665360" timestamp="2016-05-30T13:10:16Z" user="manoharuss" uid="3769434" lat="30.3362303" lon="78.0333369"/>
 <node id="4215414543" visible="true" version="1" changeset="39665360" timestamp="2016-05-30T13:10:16Z" user="manoharuss" uid="3769434" lat="30.3362560" lon="78.0335211"/>
 <node id="4215414556" visible="true" version="1" changeset="39665360" timestamp="2016-05-30T13:10:16Z" user="manoharuss" uid="3769434" lat="30.3363674" lon="78.0331215"/>
 <node id="4215414559" visible="true" version="1" changeset="39665360" timestamp="2016-05-30T13:10:16Z" user="manoharuss" uid="3769434" lat="30.3364600" lon="78.0332006"/>
 <node id="4215414560" visible="true" version="1" changeset="39665360" timestamp="2016-05-30T13:10:16Z" user="manoharuss" uid="3769434" lat="30.3365218" lon="78.0309516"/>
 <node id="4215414561" visible="true" version="1" changeset="39665360" timestamp="2016-05-30T13:10:16Z" user="manoharuss" uid="3769434" lat="30.3365859" lon="78.0310279"/>
 <node id="4215414562" visible="true" version="1" changeset="39665360" timestamp="2016-05-30T13:10:16Z" user="manoharuss" uid="3769434" lat="30.3366953" lon="78.0307559"/>
 <node id="4215414563" visible="true" version="1" changeset="39665360" timestamp="2016-05-30T13:10:16Z" user="manoharuss" uid="3769434" lat="30.3367594" lon="78.0308322"/>
 <node id="4215414564" visible="true" version="2" changeset="97917739" timestamp="2021-01-21T16:34:26Z" user="श्र" uid="12519778" lat="30.3367443" lon="78.0316238"/>
 <node id="4215414565" visible="true" version="2" changeset="97917739" timestamp="2021-01-21T16:34:26Z" user="श्र" uid="12519778" lat="30.3367524" lon="78.0315139"/>
 <node id="4215414566" visible="true" version="1" changeset="39665360" timestamp="2016-05-30T13:10:16Z" user="manoharuss" uid="3769434" lat="30.3368062" lon="78.0340600"/>
 <node id="4215414567" visible="true" version="2" changeset="97917739" timestamp="2021-01-21T16:34:26Z" user="श्र" uid="12519778" lat="30.3368426" lon="78.0316336"/>
 <node id="4215414568" visible="true" version="2" changeset="97917739" timestamp="2021-01-21T16:34:26Z" user="श्र" uid="12519778" lat="30.3368507" lon="78.0315236"/>
 <node id="4215414569" visible="true" version="1" changeset="39665360" timestamp="2016-05-30T13:10:16Z" user="manoharuss" uid="3769434" lat="30.3368917" lon="78.0341406"/>
 <node id="4215414570" visible="true" version="1" changeset="39665360" timestamp="2016-05-30T13:10:16Z" user="manoharuss" uid="3769434" lat="30.3368945" lon="78.0307186"/>
 <node id="4215414571" visible="true" version="2" changeset="97917739" timestamp="2021-01-21T16:34:26Z" user="श्र" uid="12519778" lat="30.3369513" lon="78.0316858"/>
 <node id="4215414572" visible="true" version="2" changeset="97917739" timestamp="2021-01-21T16:34:26Z" user="श्र" uid="12519778" lat="30.3369594" lon="78.0315758"/>
 <node id="4215414573" visible="true" version="1" changeset="39665360" timestamp="2016-05-30T13:10:16Z" user="manoharuss" uid="3769434" lat="30.3369997" lon="78.0337844"/>
 <node id="4215414574" visible="true" version="1" changeset="39665360" timestamp="2016-05-30T13:10:16Z" user="manoharuss" uid="3769434" lat="30.3370023" lon="78.0305942"/>
 <node id="4215414575" visible="true" version="2" changeset="97917739" timestamp="2021-01-21T16:34:26Z" user="श्र" uid="12519778" lat="30.3370496" lon="78.0316955"/>
 <node id="4215414576" visible="true" version="2" changeset="97917739" timestamp="2021-01-21T16:34:26Z" user="श्र" uid="12519778" lat="30.3370577" lon="78.0315855"/>
 <node id="4215414577" visible="true" version="1" changeset="39665360" timestamp="2016-05-30T13:10:16Z" user="manoharuss" uid="3769434" lat="30.3370852" lon="78.0338650"/>
 <node id="4216894704" visible="true" version="1" changeset="39682034" timestamp="2016-05-31T07:27:59Z" user="manoharuss" uid="3769434" lat="30.3349682" lon="78.0290172"/>
 <node id="4216894706" visible="true" version="1" changeset="39682034" timestamp="2016-05-31T07:27:59Z" user="manoharuss" uid="3769434" lat="30.3350524" lon="78.0291033"/>
 <node id="4216894708" visible="true" version="1" changeset="39682034" timestamp="2016-05-31T07:27:59Z" user="manoharuss" uid="3769434" lat="30.3351363" lon="78.0287964"/>
 <node id="4216894710" visible="true" version="1" changeset="39682034" timestamp="2016-05-31T07:27:59Z" user="manoharuss" uid="3769434" lat="30.3352206" lon="78.0288825"/>
 <node id="4216894712" visible="true" version="1" changeset="39682034" timestamp="2016-05-31T07:27:59Z" user="manoharuss" uid="3769434" lat="30.3358439" lon="78.0301344"/>
 <node id="4216894713" visible="true" version="1" changeset="39682034" timestamp="2016-05-31T07:27:59Z" user="manoharuss" uid="3769434" lat="30.3358921" lon="78.0303024"/>
 <node id="4216894714" visible="true" version="1" changeset="39682034" timestamp="2016-05-31T07:27:59Z" user="manoharuss" uid="3769434" lat="30.3359104" lon="78.0302068"/>
 <node id="4216894715" visible="true" version="1" changeset="39682034" timestamp="2016-05-31T07:27:59Z" user="manoharuss" uid="3769434" lat="30.3359701" lon="78.0299789"/>
 <node id="4216894716" visible="true" version="1" changeset="39682034" timestamp="2016-05-31T07:27:59Z" user="manoharuss" uid="3769434" lat="30.3360366" lon="78.0300512"/>
 <node id="4216894717" visible="true" version="1" changeset="39682034" timestamp="2016-05-31T07:27:59Z" user="manoharuss" uid="3769434" lat="30.3360528" lon="78.0303049"/>
 <node id="4216894718" visible="true" version="1" changeset="39682034" timestamp="2016-05-31T07:27:59Z" user="manoharuss" uid="3769434" lat="30.3360809" lon="78.0300674"/>
 <node id="4216894719" visible="true" version="1" changeset="39682034" timestamp="2016-05-31T07:27:59Z" user="manoharuss" uid="3769434" lat="30.3360870" lon="78.0302623"/>
 <node id="4216894720" visible="true" version="1" changeset="39682034" timestamp="2016-05-31T07:27:59Z" user="manoharuss" uid="3769434" lat="30.3361152" lon="78.0313600"/>
 <node id="4216894721" visible="true" version="1" changeset="39682034" timestamp="2016-05-31T07:27:59Z" user="manoharuss" uid="3769434" lat="30.3361801" lon="78.0312125"/>
 <node id="4216894722" visible="true" version="1" changeset="39682034" timestamp="2016-05-31T07:27:59Z" user="manoharuss" uid="3769434" lat="30.3362212" lon="78.0314225"/>
 <node id="4216894723" visible="true" version="2" changeset="97878963" timestamp="2021-01-21T06:27:15Z" user="श्र" uid="12519778" lat="30.3362721" lon="78.0312804"/>
 <node id="4216894724" visible="true" version="1" changeset="39682034" timestamp="2016-05-31T07:27:59Z" user="manoharuss" uid="3769434" lat="30.3363774" lon="78.0310014"/>
 <node id="4216894725" visible="true" version="1" changeset="39682034" timestamp="2016-05-31T07:27:59Z" user="manoharuss" uid="3769434" lat="30.3364262" lon="78.0310540"/>
 <node id="4216894726" visible="true" version="1" changeset="39682034" timestamp="2016-05-31T07:27:59Z" user="manoharuss" uid="3769434" lat="30.3364450" lon="78.0309173"/>
 <node id="4216894727" visible="true" version="1" changeset="39682034" timestamp="2016-05-31T07:27:59Z" user="manoharuss" uid="3769434" lat="30.3364782" lon="78.0309343"/>
 <node id="4216894728" visible="true" version="1" changeset="39682034" timestamp="2016-05-31T07:27:59Z" user="manoharuss" uid="3769434" lat="30.3364938" lon="78.0309699"/>
 <node id="4216894729" visible="true" version="1" changeset="39682034" timestamp="2016-05-31T07:27:59Z" user="manoharuss" uid="3769434" lat="30.3365517" lon="78.0308428"/>
 <node id="4216894730" visible="true" version="1" changeset="39682034" timestamp="2016-05-31T07:27:59Z" user="manoharuss" uid="3769434" lat="30.3365849" lon="78.0307992"/>
 <node id="4216894731" visible="true" version="1" changeset="39682034" timestamp="2016-05-31T07:27:59Z" user="manoharuss" uid="3769434" lat="30.3366660" lon="78.0306983"/>
 <node id="4467038129" visible="true" version="2" changeset="126409236" timestamp="2022-09-20T07:29:13Z" user="VLD252" uid="10979432" lat="30.3355581" lon="78.0371332"/>
 <node id="4467038130" visible="true" version="1" changeset="43230809" timestamp="2016-10-27T21:30:31Z" user="ediyes" uid="1240849" lat="30.3357787" lon="78.0365858"/>
 <node id="4467038131" visible="true" version="1" changeset="43230809" timestamp="2016-10-27T21:30:31Z" user="ediyes" uid="1240849" lat="30.3358515" lon="78.0347796"/>
 <node id="4467038132" visible="true" version="1" changeset="43230809" timestamp="2016-10-27T21:30:31Z" user="ediyes" uid="1240849" lat="30.3358758" lon="78.0359812"/>
 <node id="4467038133" visible="true" version="1" changeset="43230809" timestamp="2016-10-27T21:30:31Z" user="ediyes" uid="1240849" lat="30.3358839" lon="78.0348976"/>
 <node id="4467038134" visible="true" version="1" changeset="43230809" timestamp="2016-10-27T21:30:31Z" user="ediyes" uid="1240849" lat="30.3359198" lon="78.0346012"/>
 <node id="4467038135" visible="true" version="2" changeset="126409236" timestamp="2022-09-20T07:29:13Z" user="VLD252" uid="10979432" lat="30.3359470" lon="78.0350626"/>
 <node id="4467038136" visible="true" version="1" changeset="43230809" timestamp="2016-10-27T21:30:31Z" user="ediyes" uid="1240849" lat="30.3359568" lon="78.0353898"/>
 <node id="4467038137" visible="true" version="1" changeset="43230809" timestamp="2016-10-27T21:30:31Z" user="ediyes" uid="1240849" lat="30.3359684" lon="78.0351792"/>
 <node id="4467038138" visible="true" version="1" changeset="43230809" timestamp="2016-10-27T21:30:31Z" user="ediyes" uid="1240849" lat="30.3360460" lon="78.0344617"/>
 <node id="4467038139" visible="true" version="1" changeset="43230809" timestamp="2016-10-27T21:30:31Z" user="ediyes" uid="1240849" lat="30.3361629" lon="78.0344899"/>
 <node id="4467038140" visible="true" version="1" changeset="43230809" timestamp="2016-10-27T21:30:31Z" user="ediyes" uid="1240849" lat="30.3363133" lon="78.0345596"/>
 <node id="4467038141" visible="true" version="1" changeset="43230809" timestamp="2016-10-27T21:30:31Z" user="ediyes" uid="1240849" lat="30.3364592" lon="78.0345838"/>
 <node id="4467038142" visible="true" version="1" changeset="43230809" timestamp="2016-10-27T21:30:31Z" user="ediyes" uid="1240849" lat="30.3365761" lon="78.0345422"/>
 <node id="4467038143" visible="true" version="2" changeset="126444748" timestamp="2022-09-21T03:50:13Z" user="VLD135" uid="10352928" lat="30.3367271" lon="78.0344483"/>
 <node id="5344975403" visible="true" version="1" changeset="55522827" timestamp="2018-01-17T14:10:21Z" user="Oberaffe" uid="56597" lat="30.3273674" lon="78.0331609">
  <tag k="power" v="tower"/>
 </node>
 <node id="5344975404" visible="true" version="1" changeset="55522827" timestamp="2018-01-17T14:10:21Z" user="Oberaffe" uid="56597" lat="30.3250221" lon="78.0281666">
  <tag k="power" v="tower"/>
 </node>
 <node id="5344975405" visible="true" version="1" changeset="55522827" timestamp="2018-01-17T14:10:21Z" user="Oberaffe" uid="56597" lat="30.3261311" lon="78.0314013">
  <tag k="power" v="tower"/>
 </node>
 <node id="5344975406" visible="true" version="1" changeset="55522827" timestamp="2018-01-17T14:10:21Z" user="Oberaffe" uid="56597" lat="30.3240497" lon="78.0253020">
  <tag k="power" v="tower"/>
 </node>
 <node id="5344975407" visible="true" version="1" changeset="55522827" timestamp="2018-01-17T14:10:21Z" user="Oberaffe" uid="56597" lat="30.3236561" lon="78.0222282">
  <tag k="power" v="tower"/>
 </node>
 <node id="5344975408" visible="true" version="1" changeset="55522827" timestamp="2018-01-17T14:10:21Z" user="Oberaffe" uid="56597" lat="30.3232926" lon="78.0184463">
  <tag k="power" v="tower"/>
 </node>
 <node id="5344975409" visible="true" version="1" changeset="55522827" timestamp="2018-01-17T14:10:21Z" user="Oberaffe" uid="56597" lat="30.3218294" lon="78.0162093">
  <tag k="power" v="tower"/>
 </node>
 <node id="5344975410" visible="true" version="1" changeset="55522827" timestamp="2018-01-17T14:10:21Z" user="Oberaffe" uid="56597" lat="30.3163188" lon="78.0151445">
  <tag k="power" v="tower"/>
 </node>
 <node id="5344975411" visible="true" version="1" changeset="55522827" timestamp="2018-01-17T14:10:21Z" user="Oberaffe" uid="56597" lat="30.3099836" lon="78.0158043">
  <tag k="power" v="tower"/>
 </node>
 <node id="5921428485" visible="true" version="1" changeset="62808829" timestamp="2018-09-21T19:49:40Z" user="J Huenn" uid="990473" lat="30.2730117" lon="78.0182511"/>
 <node id="5921428486" visible="true" version="1" changeset="62808829" timestamp="2018-09-21T19:49:40Z" user="J Huenn" uid="990473" lat="30.2719473" lon="78.0181812"/>
 <node id="5921428487" visible="true" version="1" changeset="62808829" timestamp="2018-09-21T19:49:40Z" user="J Huenn" uid="990473" lat="30.2711436" lon="78.0182936"/>
 <node id="5921428488" visible="true" version="1" changeset="62808829" timestamp="2018-09-21T19:49:40Z" user="J Huenn" uid="990473" lat="30.2709799" lon="78.0183238"/>
 <node id="5921428489" visible="true" version="1" changeset="62808829" timestamp="2018-09-21T19:49:40Z" user="J Huenn" uid="990473" lat="30.2703376" lon="78.0185820"/>
 <node id="5921428490" visible="true" version="1" changeset="62808829" timestamp="2018-09-21T19:49:40Z" user="J Huenn" uid="990473" lat="30.2695732" lon="78.0189952"/>
 <node id="5921428491" visible="true" version="1" changeset="62808829" timestamp="2018-09-21T19:49:40Z" user="J Huenn" uid="990473" lat="30.2682345" lon="78.0193669"/>
 <node id="5921428492" visible="true" version="1" changeset="62808829" timestamp="2018-09-21T19:49:40Z" user="J Huenn" uid="990473" lat="30.2681587" lon="78.0195898"/>
 <node id="5921428493" visible="true" version="1" changeset="62808829" timestamp="2018-09-21T19:49:40Z" user="J Huenn" uid="990473" lat="30.2681566" lon="78.0197099"/>
 <node id="5921428494" visible="true" version="1" changeset="62808829" timestamp="2018-09-21T19:49:40Z" user="J Huenn" uid="990473" lat="30.2684610" lon="78.0201740"/>
 <node id="5921428495" visible="true" version="1" changeset="62808829" timestamp="2018-09-21T19:49:40Z" user="J Huenn" uid="990473" lat="30.2686669" lon="78.0202707"/>
 <node id="5921428496" visible="true" version="1" changeset="62808829" timestamp="2018-09-21T19:49:40Z" user="J Huenn" uid="990473" lat="30.2687170" lon="78.0204321"/>
 <node id="5921428497" visible="true" version="1" changeset="62808829" timestamp="2018-09-21T19:49:40Z" user="J Huenn" uid="990473" lat="30.2687071" lon="78.0205548"/>
 <node id="5921428498" visible="true" version="1" changeset="62808829" timestamp="2018-09-21T19:49:40Z" user="J Huenn" uid="990473" lat="30.2685255" lon="78.0209968"/>
 <node id="5921428499" visible="true" version="1" changeset="62808829" timestamp="2018-09-21T19:49:40Z" user="J Huenn" uid="990473" lat="30.2682561" lon="78.0220647"/>
 <node id="5921428500" visible="true" version="1" changeset="62808829" timestamp="2018-09-21T19:49:40Z" user="J Huenn" uid="990473" lat="30.2681072" lon="78.0221910"/>
 <node id="5921428501" visible="true" version="1" changeset="62808829" timestamp="2018-09-21T19:49:40Z" user="J Huenn" uid="990473" lat="30.2677344" lon="78.0222420"/>
 <node id="5921428502" visible="true" version="1" changeset="62808829" timestamp="2018-09-21T19:49:40Z" user="J Huenn" uid="990473" lat="30.2676360" lon="78.0223536"/>
 <node id="5921428503" visible="true" version="1" changeset="62808829" timestamp="2018-09-21T19:49:40Z" user="J Huenn" uid="990473" lat="30.2674974" lon="78.0227062"/>
 <node id="5921428504" visible="true" version="1" changeset="62808829" timestamp="2018-09-21T19:49:40Z" user="J Huenn" uid="990473" lat="30.2673437" lon="78.0227210"/>
 <node id="5921428505" visible="true" version="1" changeset="62808829" timestamp="2018-09-21T19:49:40Z" user="J Huenn" uid="990473" lat="30.2671305" lon="78.0227252"/>
 <node id="5921428506" visible="true" version="1" changeset="62808829" timestamp="2018-09-21T19:49:40Z" user="J Huenn" uid="990473" lat="30.2659625" lon="78.0231600"/>
 <node id="5921428507" visible="true" version="1" changeset="62808829" timestamp="2018-09-21T19:49:40Z" user="J Huenn" uid="990473" lat="30.2656463" lon="78.0233058"/>
 <node id="5921428508" visible="true" version="1" changeset="62808829" timestamp="2018-09-21T19:49:40Z" user="J Huenn" uid="990473" lat="30.2652160" lon="78.0232825"/>
 <node id="5921428509" visible="true" version="1" changeset="62808829" timestamp="2018-09-21T19:49:40Z" user="J Huenn" uid="990473" lat="30.2645958" lon="78.0232171"/>
 <node id="5921428510" visible="true" version="1" changeset="62808829" timestamp="2018-09-21T19:49:40Z" user="J Huenn" uid="990473" lat="30.2644865" lon="78.0232873"/>
 <node id="5921428511" visible="true" version="1" changeset="62808829" timestamp="2018-09-21T19:49:40Z" user="J Huenn" uid="990473" lat="30.2644347" lon="78.0234996"/>
 <node id="5921428512" visible="true" version="1" changeset="62808829" timestamp="2018-09-21T19:49:40Z" user="J Huenn" uid="990473" lat="30.2642580" lon="78.0237071"/>
 <node id="5921428513" visible="true" version="1" changeset="62808829" timestamp="2018-09-21T19:49:40Z" user="J Huenn" uid="990473" lat="30.2636174" lon="78.0240998"/>
 <node id="5921428514" visible="true" version="1" changeset="62808829" timestamp="2018-09-21T19:49:40Z" user="J Huenn" uid="990473" lat="30.2633669" lon="78.0243052"/>
 <node id="5921428515" visible="true" version="1" changeset="62808829" timestamp="2018-09-21T19:49:40Z" user="J Huenn" uid="990473" lat="30.2618666" lon="78.0246108"/>
 <node id="5921428516" visible="true" version="1" changeset="62808829" timestamp="2018-09-21T19:49:40Z" user="J Huenn" uid="990473" lat="30.2617480" lon="78.0247144"/>
 <node id="5921428517" visible="true" version="1" changeset="62808829" timestamp="2018-09-21T19:49:40Z" user="J Huenn" uid="990473" lat="30.2616277" lon="78.0251333"/>
 <node id="5921428518" visible="true" version="1" changeset="62808829" timestamp="2018-09-21T19:49:40Z" user="J Huenn" uid="990473" lat="30.2616268" lon="78.0255741"/>
 <node id="5921428519" visible="true" version="1" changeset="62808829" timestamp="2018-09-21T19:49:40Z" user="J Huenn" uid="990473" lat="30.2615415" lon="78.0257002"/>
 <node id="5921428520" visible="true" version="1" changeset="62808829" timestamp="2018-09-21T19:49:40Z" user="J Huenn" uid="990473" lat="30.2612893" lon="78.0259607"/>
 <node id="5921428521" visible="true" version="1" changeset="62808829" timestamp="2018-09-21T19:49:40Z" user="J Huenn" uid="990473" lat="30.2611337" lon="78.0261342"/>
 <node id="5921428522" visible="true" version="1" changeset="62808829" timestamp="2018-09-21T19:49:40Z" user="J Huenn" uid="990473" lat="30.2609123" lon="78.0262966"/>
 <node id="5921428523" visible="true" version="1" changeset="62808829" timestamp="2018-09-21T19:49:40Z" user="J Huenn" uid="990473" lat="30.2602927" lon="78.0269008"/>
 <node id="5921428583" visible="true" version="1" changeset="62808829" timestamp="2018-09-21T19:49:41Z" user="J Huenn" uid="990473" lat="30.2626432" lon="78.0245143"/>
 <node id="5921428629" visible="true" version="1" changeset="62808829" timestamp="2018-09-21T19:49:42Z" user="J Huenn" uid="990473" lat="30.2624603" lon="78.0245371"/>
 <node id="5921428635" visible="true" version="1" changeset="62808829" timestamp="2018-09-21T19:49:42Z" user="J Huenn" uid="990473" lat="30.2629413" lon="78.0244360"/>
 <node id="5921428648" visible="true" version="1" changeset="62808829" timestamp="2018-09-21T19:49:42Z" user="J Huenn" uid="990473" lat="30.2614213" lon="78.0258243"/>
 <node id="5988710750" visible="true" version="1" changeset="63568508" timestamp="2018-10-16T08:53:13Z" user="venkanna37" uid="5680733" lat="30.3333334" lon="78.0368865"/>
 <node id="5988710751" visible="true" version="2" changeset="126072877" timestamp="2022-09-12T06:11:35Z" user="Hinokami Kagura" uid="14826250" lat="30.3342280" lon="78.0390464"/>
 <node id="5988710752" visible="true" version="1" changeset="63568508" timestamp="2018-10-16T08:53:13Z" user="venkanna37" uid="5680733" lat="30.3342524" lon="78.0389491"/>
 <node id="5988710753" visible="true" version="2" changeset="126072877" timestamp="2022-09-12T06:11:35Z" user="Hinokami Kagura" uid="14826250" lat="30.3342469" lon="78.0392460"/>
 <node id="5988710757" visible="true" version="2" changeset="126410103" timestamp="2022-09-20T07:54:38Z" user="VLD252" uid="10979432" lat="30.3344712" lon="78.0402553"/>
 <node id="6669046329" visible="true" version="1" changeset="72879737" timestamp="2019-08-01T04:12:19Z" user="BubbleGuppies" uid="1426091" lat="30.3318835" lon="78.0363010"/>
 <node id="6669046330" visible="true" version="1" changeset="72879737" timestamp="2019-08-01T04:12:19Z" user="BubbleGuppies" uid="1426091" lat="30.3325370" lon="78.0366287"/>
 <node id="6669046331" visible="true" version="2" changeset="126448551" timestamp="2022-09-21T06:25:57Z" user="VLD252" uid="10979432" lat="30.3324456" lon="78.0369227"/>
 <node id="6669046332" visible="true" version="1" changeset="72879737" timestamp="2019-08-01T04:12:19Z" user="BubbleGuppies" uid="1426091" lat="30.3323615" lon="78.0370700"/>
 <node id="6669046333" visible="true" version="1" changeset="72879737" timestamp="2019-08-01T04:12:19Z" user="BubbleGuppies" uid="1426091" lat="30.3326636" lon="78.0360673"/>
 <node id="6669046334" visible="true" version="1" changeset="72879737" timestamp="2019-08-01T04:12:19Z" user="BubbleGuppies" uid="1426091" lat="30.3327263" lon="78.0356844"/>
 <node id="6669046335" visible="true" version="1" changeset="72879737" timestamp="2019-08-01T04:12:19Z" user="BubbleGuppies" uid="1426091" lat="30.3328288" lon="78.0367691"/>
 <node id="6669046336" visible="true" version="1" changeset="72879737" timestamp="2019-08-01T04:12:19Z" user="BubbleGuppies" uid="1426091" lat="30.3330766" lon="78.0368329"/>
 <node id="6669046337" visible="true" version="1" changeset="72879737" timestamp="2019-08-01T04:12:19Z" user="BubbleGuppies" uid="1426091" lat="30.3333689" lon="78.0366863"/>
 <node id="6669046338" visible="true" version="1" changeset="72879737" timestamp="2019-08-01T04:12:19Z" user="BubbleGuppies" uid="1426091" lat="30.3324838" lon="78.0348033"/>
 <node id="6669046339" visible="true" version="1" changeset="72879737" timestamp="2019-08-01T04:12:19Z" user="BubbleGuppies" uid="1426091" lat="30.3321433" lon="78.0349095"/>
 <node id="6669046340" visible="true" version="2" changeset="126454697" timestamp="2022-09-21T09:09:15Z" user="VLD252" uid="10979432" lat="30.3318709" lon="78.0350522"/>
 <node id="6669078092" visible="true" version="1" changeset="72880067" timestamp="2019-08-01T04:29:53Z" user="BubbleGuppies" uid="1426091" lat="30.3351529" lon="78.0350625"/>
 <node id="6669078093" visible="true" version="1" changeset="72880067" timestamp="2019-08-01T04:29:53Z" user="BubbleGuppies" uid="1426091" lat="30.3350097" lon="78.0351519"/>
 <node id="6669078094" visible="true" version="1" changeset="72880067" timestamp="2019-08-01T04:29:53Z" user="BubbleGuppies" uid="1426091" lat="30.3347564" lon="78.0352539"/>
 <node id="6669078095" visible="true" version="1" changeset="72880067" timestamp="2019-08-01T04:29:53Z" user="BubbleGuppies" uid="1426091" lat="30.3345747" lon="78.0353719"/>
 <node id="6669078096" visible="true" version="1" changeset="72880067" timestamp="2019-08-01T04:29:53Z" user="BubbleGuppies" uid="1426091" lat="30.3344729" lon="78.0354644"/>
 <node id="6669078097" visible="true" version="1" changeset="72880067" timestamp="2019-08-01T04:29:53Z" user="BubbleGuppies" uid="1426091" lat="30.3342551" lon="78.0359173"/>
 <node id="6669078098" visible="true" version="2" changeset="126410103" timestamp="2022-09-20T07:54:38Z" user="VLD252" uid="10979432" lat="30.3343404" lon="78.0353066"/>
 <node id="6669078099" visible="true" version="1" changeset="72880067" timestamp="2019-08-01T04:29:53Z" user="BubbleGuppies" uid="1426091" lat="30.3340599" lon="78.0351295"/>
 <node id="6669078100" visible="true" version="1" changeset="72880067" timestamp="2019-08-01T04:29:53Z" user="BubbleGuppies" uid="1426091" lat="30.3339911" lon="78.0350976"/>
 <node id="6673578435" visible="true" version="1" changeset="72927810" timestamp="2019-08-02T08:14:25Z" user="BubbleGuppies" uid="1426091" lat="30.3317518" lon="78.0340837"/>
 <node id="6673578436" visible="true" version="1" changeset="72927810" timestamp="2019-08-02T08:14:25Z" user="BubbleGuppies" uid="1426091" lat="30.3321558" lon="78.0342714"/>
 <node id="6774621415" visible="true" version="2" changeset="126072877" timestamp="2022-09-12T06:11:35Z" user="Hinokami Kagura" uid="14826250" lat="30.3343173" lon="78.0386124"/>
 <node id="6805030615" visible="true" version="1" changeset="74613802" timestamp="2019-09-18T09:02:27Z" user="Saipavan Siddarth" uid="8725944" lat="30.3422423" lon="78.0366058"/>
 <node id="6805030619" visible="true" version="2" changeset="126409734" timestamp="2022-09-20T07:44:21Z" user="VLD252" uid="10979432" lat="30.3413149" lon="78.0365428"/>
 <node id="6805030626" visible="true" version="1" changeset="74613802" timestamp="2019-09-18T09:02:27Z" user="Saipavan Siddarth" uid="8725944" lat="30.3403301" lon="78.0319462"/>
 <node id="6805030642" visible="true" version="1" changeset="74613802" timestamp="2019-09-18T09:02:27Z" user="Saipavan Siddarth" uid="8725944" lat="30.3411061" lon="78.0311552"/>
 <node id="6805328472" visible="true" version="1" changeset="74620401" timestamp="2019-09-18T11:15:06Z" user="Anas Lari" uid="9086392" lat="30.3339989" lon="78.0369884"/>
 <node id="6805328473" visible="true" version="1" changeset="74620401" timestamp="2019-09-18T11:15:06Z" user="Anas Lari" uid="9086392" lat="30.3339538" lon="78.0371574"/>
 <node id="6805328474" visible="true" version="1" changeset="74620401" timestamp="2019-09-18T11:15:06Z" user="Anas Lari" uid="9086392" lat="30.3339318" lon="78.0372727"/>
 <node id="6805328475" visible="true" version="1" changeset="74620401" timestamp="2019-09-18T11:15:06Z" user="Anas Lari" uid="9086392" lat="30.3339121" lon="78.0373746"/>
 <node id="6805328476" visible="true" version="1" changeset="74620401" timestamp="2019-09-18T11:15:06Z" user="Anas Lari" uid="9086392" lat="30.3339052" lon="78.0374470"/>
 <node id="6805328477" visible="true" version="2" changeset="129520128" timestamp="2022-11-29T12:46:38Z" user="user_10603760" uid="10603760" lat="30.3338965" lon="78.0375778"/>
 <node id="6805328478" visible="true" version="2" changeset="129520128" timestamp="2022-11-29T12:46:38Z" user="user_10603760" uid="10603760" lat="30.3340184" lon="78.0378810"/>
 <node id="6805328479" visible="true" version="2" changeset="129520128" timestamp="2022-11-29T12:46:38Z" user="user_10603760" uid="10603760" lat="30.3340019" lon="78.0378542"/>
 <node id="6805328480" visible="true" version="2" changeset="129520128" timestamp="2022-11-29T12:46:38Z" user="user_10603760" uid="10603760" lat="30.3339334" lon="78.0377828"/>
 <node id="6805328481" visible="true" version="2" changeset="129520128" timestamp="2022-11-29T12:46:38Z" user="user_10603760" uid="10603760" lat="30.3338993" lon="78.0376797"/>
 <node id="6805328482" visible="true" version="1" changeset="74620401" timestamp="2019-09-18T11:15:06Z" user="Anas Lari" uid="9086392" lat="30.3337258" lon="78.0377220"/>
 <node id="6805328483" visible="true" version="1" changeset="74620401" timestamp="2019-09-18T11:15:06Z" user="Anas Lari" uid="9086392" lat="30.3331173" lon="78.0379248"/>
 <node id="6805328484" visible="true" version="1" changeset="74620401" timestamp="2019-09-18T11:15:06Z" user="Anas Lari" uid="9086392" lat="30.3326458" lon="78.0381323"/>
 <node id="6805329085" visible="true" version="1" changeset="74620401" timestamp="2019-09-18T11:15:06Z" user="Anas Lari" uid="9086392" lat="30.3331747" lon="78.0381307"/>
 <node id="6805329086" visible="true" version="1" changeset="74620401" timestamp="2019-09-18T11:15:06Z" user="Anas Lari" uid="9086392" lat="30.3326805" lon="78.0384609"/>
 <node id="6805329088" visible="true" version="1" changeset="74620401" timestamp="2019-09-18T11:15:06Z" user="Anas Lari" uid="9086392" lat="30.3341408" lon="78.0406656"/>
 <node id="6805329096" visible="true" version="1" changeset="74620401" timestamp="2019-09-18T11:15:06Z" user="Anas Lari" uid="9086392" lat="30.3352537" lon="78.0394506"/>
 <node id="6805329097" visible="true" version="1" changeset="74620401" timestamp="2019-09-18T11:15:06Z" user="Anas Lari" uid="9086392" lat="30.3352768" lon="78.0391932"/>
 <node id="6805329098" visible="true" version="1" changeset="74620401" timestamp="2019-09-18T11:15:06Z" user="Anas Lari" uid="9086392" lat="30.3352097" lon="78.0390269"/>
 <node id="6805329099" visible="true" version="1" changeset="74620401" timestamp="2019-09-18T11:15:06Z" user="Anas Lari" uid="9086392" lat="30.3351113" lon="78.0387734"/>
 <node id="6805329100" visible="true" version="2" changeset="126408414" timestamp="2022-09-20T07:07:06Z" user="VLD252" uid="10979432" lat="30.3349545" lon="78.0383774"/>
 <node id="6805329101" visible="true" version="2" changeset="126408414" timestamp="2022-09-20T07:07:06Z" user="VLD252" uid="10979432" lat="30.3344689" lon="78.0385172"/>
 <node id="6805329102" visible="true" version="1" changeset="74620401" timestamp="2019-09-18T11:15:06Z" user="Anas Lari" uid="9086392" lat="30.3344191" lon="78.0385736"/>
 <node id="6805329103" visible="true" version="2" changeset="126072877" timestamp="2022-09-12T06:11:35Z" user="Hinokami Kagura" uid="14826250" lat="30.3343482" lon="78.0386582"/>
 <node id="6810637488" visible="true" version="1" changeset="74703588" timestamp="2019-09-20T04:40:48Z" user="Siva U" uid="9086400" lat="30.3275747" lon="78.0325616"/>
 <node id="6810790884" visible="true" version="1" changeset="74706605" timestamp="2019-09-20T06:52:39Z" user="Anas Lari" uid="9086392" lat="30.3313631" lon="78.0386372"/>
 <node id="6810811892" visible="true" version="1" changeset="74706605" timestamp="2019-09-20T06:52:39Z" user="Anas Lari" uid="9086392" lat="30.3318798" lon="78.0378368"/>
 <node id="6810811893" visible="true" version="1" changeset="74706605" timestamp="2019-09-20T06:52:39Z" user="Anas Lari" uid="9086392" lat="30.3317213" lon="78.0380792"/>
 <node id="6810811918" visible="true" version="1" changeset="74706605" timestamp="2019-09-20T06:52:39Z" user="Anas Lari" uid="9086392" lat="30.3300973" lon="78.0357412"/>
 <node id="6810829935" visible="true" version="2" changeset="126072877" timestamp="2022-09-12T06:11:35Z" user="Hinokami Kagura" uid="14826250" lat="30.3315580" lon="78.0418560"/>
 <node id="6980320692" visible="true" version="3" changeset="77170732" timestamp="2019-11-16T17:35:40Z" user="Arun Balaji" uid="3427745" lat="30.3351633" lon="78.0391525"/>
 <node id="6980320699" visible="true" version="3" changeset="77170732" timestamp="2019-11-16T17:35:40Z" user="Arun Balaji" uid="3427745" lat="30.3345159" lon="78.0399412"/>
 <node id="6980320700" visible="true" version="2" changeset="77139518" timestamp="2019-11-15T17:09:01Z" user="Arun Balaji" uid="3427745" lat="30.3343976" lon="78.0401958"/>
 <node id="6980320701" visible="true" version="2" changeset="77139518" timestamp="2019-11-15T17:09:01Z" user="Arun Balaji" uid="3427745" lat="30.3343702" lon="78.0402842"/>
 <node id="6980320702" visible="true" version="2" changeset="77139518" timestamp="2019-11-15T17:09:01Z" user="Arun Balaji" uid="3427745" lat="30.3342025" lon="78.0404926"/>
 <node id="6980320703" visible="true" version="3" changeset="77170732" timestamp="2019-11-16T17:35:40Z" user="Arun Balaji" uid="3427745" lat="30.3339267" lon="78.0408765"/>
 <node id="6980320704" visible="true" version="3" changeset="77170732" timestamp="2019-11-16T17:35:40Z" user="Arun Balaji" uid="3427745" lat="30.3337648" lon="78.0411066"/>
 <node id="6980321105" visible="true" version="1" changeset="77139031" timestamp="2019-11-15T16:54:14Z" user="Arun Balaji" uid="3427745" lat="30.3351551" lon="78.0390991"/>
 <node id="6980321106" visible="true" version="1" changeset="77139031" timestamp="2019-11-15T16:54:14Z" user="Arun Balaji" uid="3427745" lat="30.3351179" lon="78.0389805"/>
 <node id="6980321107" visible="true" version="1" changeset="77139031" timestamp="2019-11-15T16:54:14Z" user="Arun Balaji" uid="3427745" lat="30.3350806" lon="78.0388781"/>
 <node id="6980321108" visible="true" version="1" changeset="77139031" timestamp="2019-11-15T16:54:14Z" user="Arun Balaji" uid="3427745" lat="30.3350342" lon="78.0387110"/>
 <node id="6980321109" visible="true" version="1" changeset="77139031" timestamp="2019-11-15T16:54:14Z" user="Arun Balaji" uid="3427745" lat="30.3350203" lon="78.0386248"/>
 <node id="6980321110" visible="true" version="1" changeset="77139031" timestamp="2019-11-15T16:54:14Z" user="Arun Balaji" uid="3427745" lat="30.3349877" lon="78.0385062"/>
 <node id="6980321111" visible="true" version="1" changeset="77139031" timestamp="2019-11-15T16:54:14Z" user="Arun Balaji" uid="3427745" lat="30.3349598" lon="78.0384199"/>
 <node id="6980321112" visible="true" version="1" changeset="77139031" timestamp="2019-11-15T16:54:14Z" user="Arun Balaji" uid="3427745" lat="30.3349225" lon="78.0383229"/>
 <node id="6980321113" visible="true" version="1" changeset="77139031" timestamp="2019-11-15T16:54:14Z" user="Arun Balaji" uid="3427745" lat="30.3349133" lon="78.0382582"/>
 <node id="6980321114" visible="true" version="1" changeset="77139031" timestamp="2019-11-15T16:54:14Z" user="Arun Balaji" uid="3427745" lat="30.3348621" lon="78.0380749"/>
 <node id="6980321115" visible="true" version="1" changeset="77139031" timestamp="2019-11-15T16:54:14Z" user="Arun Balaji" uid="3427745" lat="30.3347923" lon="78.0379186"/>
 <node id="6980321116" visible="true" version="1" changeset="77139031" timestamp="2019-11-15T16:54:14Z" user="Arun Balaji" uid="3427745" lat="30.3347691" lon="78.0377892"/>
 <node id="6980321117" visible="true" version="1" changeset="77139031" timestamp="2019-11-15T16:54:14Z" user="Arun Balaji" uid="3427745" lat="30.3347319" lon="78.0376653"/>
 <node id="6980321118" visible="true" version="1" changeset="77139031" timestamp="2019-11-15T16:54:14Z" user="Arun Balaji" uid="3427745" lat="30.3346899" lon="78.0375682"/>
 <node id="6980321119" visible="true" version="1" changeset="77139031" timestamp="2019-11-15T16:54:14Z" user="Arun Balaji" uid="3427745" lat="30.3346293" lon="78.0375142"/>
 <node id="6980321120" visible="true" version="1" changeset="77139031" timestamp="2019-11-15T16:54:14Z" user="Arun Balaji" uid="3427745" lat="30.3344798" lon="78.0374493"/>
 <node id="6980321121" visible="true" version="1" changeset="77139031" timestamp="2019-11-15T16:54:14Z" user="Arun Balaji" uid="3427745" lat="30.3344098" lon="78.0373953"/>
 <node id="6980321122" visible="true" version="1" changeset="77139031" timestamp="2019-11-15T16:54:14Z" user="Arun Balaji" uid="3427745" lat="30.3343585" lon="78.0373467"/>
 <node id="6980321123" visible="true" version="1" changeset="77139031" timestamp="2019-11-15T16:54:14Z" user="Arun Balaji" uid="3427745" lat="30.3343165" lon="78.0372927"/>
 <node id="6980321124" visible="true" version="1" changeset="77139031" timestamp="2019-11-15T16:54:14Z" user="Arun Balaji" uid="3427745" lat="30.3342979" lon="78.0372173"/>
 <node id="6980321125" visible="true" version="1" changeset="77139031" timestamp="2019-11-15T16:54:14Z" user="Arun Balaji" uid="3427745" lat="30.3342887" lon="78.0371365"/>
 <node id="6980321126" visible="true" version="1" changeset="77139031" timestamp="2019-11-15T16:54:14Z" user="Arun Balaji" uid="3427745" lat="30.3343122" lon="78.0370395"/>
 <node id="6980321127" visible="true" version="1" changeset="77139031" timestamp="2019-11-15T16:54:14Z" user="Arun Balaji" uid="3427745" lat="30.3343683" lon="78.0369696"/>
 <node id="6980321128" visible="true" version="1" changeset="77139031" timestamp="2019-11-15T16:54:14Z" user="Arun Balaji" uid="3427745" lat="30.3344432" lon="78.0369051"/>
 <node id="6980321129" visible="true" version="1" changeset="77139031" timestamp="2019-11-15T16:54:14Z" user="Arun Balaji" uid="3427745" lat="30.3345227" lon="78.0368460"/>
 <node id="6980321130" visible="true" version="1" changeset="77139031" timestamp="2019-11-15T16:54:14Z" user="Arun Balaji" uid="3427745" lat="30.3345742" lon="78.0367976"/>
 <node id="6980321131" visible="true" version="1" changeset="77139031" timestamp="2019-11-15T16:54:14Z" user="Arun Balaji" uid="3427745" lat="30.3346491" lon="78.0367007"/>
 <node id="6980321132" visible="true" version="1" changeset="77139031" timestamp="2019-11-15T16:54:14Z" user="Arun Balaji" uid="3427745" lat="30.3346913" lon="78.0365877"/>
 <node id="6980321133" visible="true" version="1" changeset="77139031" timestamp="2019-11-15T16:54:14Z" user="Arun Balaji" uid="3427745" lat="30.3347802" lon="78.0364855"/>
 <node id="6980321134" visible="true" version="1" changeset="77139031" timestamp="2019-11-15T16:54:14Z" user="Arun Balaji" uid="3427745" lat="30.3348458" lon="78.0363886"/>
 <node id="6980321135" visible="true" version="1" changeset="77139031" timestamp="2019-11-15T16:54:14Z" user="Arun Balaji" uid="3427745" lat="30.3349581" lon="78.0362542"/>
 <node id="6980321136" visible="true" version="1" changeset="77139031" timestamp="2019-11-15T16:54:14Z" user="Arun Balaji" uid="3427745" lat="30.3350176" lon="78.0361417"/>
 <node id="6980321137" visible="true" version="1" changeset="77139031" timestamp="2019-11-15T16:54:14Z" user="Arun Balaji" uid="3427745" lat="30.3350504" lon="78.0360885"/>
 <node id="6980321138" visible="true" version="1" changeset="77139031" timestamp="2019-11-15T16:54:14Z" user="Arun Balaji" uid="3427745" lat="30.3350659" lon="78.0360308"/>
 <node id="6980321139" visible="true" version="1" changeset="77139031" timestamp="2019-11-15T16:54:14Z" user="Arun Balaji" uid="3427745" lat="30.3351045" lon="78.0359222"/>
 <node id="6980321140" visible="true" version="1" changeset="77139031" timestamp="2019-11-15T16:54:14Z" user="Arun Balaji" uid="3427745" lat="30.3351257" lon="78.0358491"/>
 <node id="6980321141" visible="true" version="1" changeset="77139031" timestamp="2019-11-15T16:54:14Z" user="Arun Balaji" uid="3427745" lat="30.3351875" lon="78.0356873"/>
 <node id="6980321142" visible="true" version="1" changeset="77139031" timestamp="2019-11-15T16:54:14Z" user="Arun Balaji" uid="3427745" lat="30.3352222" lon="78.0356341"/>
 <node id="6980321143" visible="true" version="1" changeset="77139031" timestamp="2019-11-15T16:54:14Z" user="Arun Balaji" uid="3427745" lat="30.3352416" lon="78.0355720"/>
 <node id="6980321144" visible="true" version="1" changeset="77139031" timestamp="2019-11-15T16:54:14Z" user="Arun Balaji" uid="3427745" lat="30.3352975" lon="78.0354346"/>
 <node id="6980321145" visible="true" version="1" changeset="77139031" timestamp="2019-11-15T16:54:14Z" user="Arun Balaji" uid="3427745" lat="30.3353169" lon="78.0353703"/>
 <node id="6980321146" visible="true" version="1" changeset="77139031" timestamp="2019-11-15T16:54:14Z" user="Arun Balaji" uid="3427745" lat="30.3353324" lon="78.0352860"/>
 <node id="6980321147" visible="true" version="1" changeset="77139031" timestamp="2019-11-15T16:54:14Z" user="Arun Balaji" uid="3427745" lat="30.3353440" lon="78.0352129"/>
 <node id="6980321148" visible="true" version="1" changeset="77139031" timestamp="2019-11-15T16:54:14Z" user="Arun Balaji" uid="3427745" lat="30.3353270" lon="78.0350354"/>
 <node id="6980321149" visible="true" version="1" changeset="77139031" timestamp="2019-11-15T16:54:14Z" user="Arun Balaji" uid="3427745" lat="30.3352963" lon="78.0349444"/>
 <node id="6980321150" visible="true" version="1" changeset="77139031" timestamp="2019-11-15T16:54:14Z" user="Arun Balaji" uid="3427745" lat="30.3352656" lon="78.0349066"/>
 <node id="6980321151" visible="true" version="1" changeset="77139031" timestamp="2019-11-15T16:54:14Z" user="Arun Balaji" uid="3427745" lat="30.3351964" lon="78.0348333"/>
 <node id="6980321152" visible="true" version="1" changeset="77139031" timestamp="2019-11-15T16:54:14Z" user="Arun Balaji" uid="3427745" lat="30.3350849" lon="78.0347732"/>
 <node id="6980321153" visible="true" version="1" changeset="77139031" timestamp="2019-11-15T16:54:14Z" user="Arun Balaji" uid="3427745" lat="30.3350599" lon="78.0347643"/>
 <node id="6980321154" visible="true" version="1" changeset="77139031" timestamp="2019-11-15T16:54:14Z" user="Arun Balaji" uid="3427745" lat="30.3349196" lon="78.0346931"/>
 <node id="6980321155" visible="true" version="1" changeset="77139031" timestamp="2019-11-15T16:54:14Z" user="Arun Balaji" uid="3427745" lat="30.3348811" lon="78.0346775"/>
 <node id="6980321156" visible="true" version="1" changeset="77139031" timestamp="2019-11-15T16:54:14Z" user="Arun Balaji" uid="3427745" lat="30.3347927" lon="78.0346307"/>
 <node id="6980321157" visible="true" version="1" changeset="77139031" timestamp="2019-11-15T16:54:14Z" user="Arun Balaji" uid="3427745" lat="30.3347196" lon="78.0346018"/>
 <node id="6980321158" visible="true" version="1" changeset="77139031" timestamp="2019-11-15T16:54:14Z" user="Arun Balaji" uid="3427745" lat="30.3346751" lon="78.0345783"/>
 <node id="6980321159" visible="true" version="1" changeset="77139031" timestamp="2019-11-15T16:54:14Z" user="Arun Balaji" uid="3427745" lat="30.3346263" lon="78.0345695"/>
 <node id="6980321160" visible="true" version="1" changeset="77139031" timestamp="2019-11-15T16:54:14Z" user="Arun Balaji" uid="3427745" lat="30.3345925" lon="78.0345305"/>
 <node id="6980321161" visible="true" version="1" changeset="77139031" timestamp="2019-11-15T16:54:14Z" user="Arun Balaji" uid="3427745" lat="30.3344574" lon="78.0344436"/>
 <node id="6980321162" visible="true" version="1" changeset="77139031" timestamp="2019-11-15T16:54:14Z" user="Arun Balaji" uid="3427745" lat="30.3344199" lon="78.0344045"/>
 <node id="6980321163" visible="true" version="1" changeset="77139031" timestamp="2019-11-15T16:54:14Z" user="Arun Balaji" uid="3427745" lat="30.3342471" lon="78.0342959"/>
 <node id="6980321164" visible="true" version="1" changeset="77139031" timestamp="2019-11-15T16:54:14Z" user="Arun Balaji" uid="3427745" lat="30.3341795" lon="78.0342698"/>
 <node id="6980321165" visible="true" version="1" changeset="77139031" timestamp="2019-11-15T16:54:14Z" user="Arun Balaji" uid="3427745" lat="30.3341232" lon="78.0342610"/>
 <node id="6980321166" visible="true" version="1" changeset="77139031" timestamp="2019-11-15T16:54:14Z" user="Arun Balaji" uid="3427745" lat="30.3340743" lon="78.0342609"/>
 <node id="6980321167" visible="true" version="1" changeset="77139031" timestamp="2019-11-15T16:54:14Z" user="Arun Balaji" uid="3427745" lat="30.3339992" lon="78.0342651"/>
 <node id="6980321168" visible="true" version="1" changeset="77139031" timestamp="2019-11-15T16:54:14Z" user="Arun Balaji" uid="3427745" lat="30.3339428" lon="78.0342737"/>
 <node id="6980321169" visible="true" version="1" changeset="77139031" timestamp="2019-11-15T16:54:14Z" user="Arun Balaji" uid="3427745" lat="30.3338563" lon="78.0342952"/>
 <node id="6980321170" visible="true" version="1" changeset="77139031" timestamp="2019-11-15T16:54:14Z" user="Arun Balaji" uid="3427745" lat="30.3338074" lon="78.0343341"/>
 <node id="6980321171" visible="true" version="1" changeset="77139031" timestamp="2019-11-15T16:54:14Z" user="Arun Balaji" uid="3427745" lat="30.3337398" lon="78.0343469"/>
 <node id="6980321172" visible="true" version="1" changeset="77139031" timestamp="2019-11-15T16:54:14Z" user="Arun Balaji" uid="3427745" lat="30.3336796" lon="78.0343772"/>
 <node id="6980321173" visible="true" version="1" changeset="77139031" timestamp="2019-11-15T16:54:14Z" user="Arun Balaji" uid="3427745" lat="30.3336232" lon="78.0344290"/>
 <node id="6980321174" visible="true" version="1" changeset="77139031" timestamp="2019-11-15T16:54:14Z" user="Arun Balaji" uid="3427745" lat="30.3334839" lon="78.0345804"/>
 <node id="6980321175" visible="true" version="1" changeset="77139031" timestamp="2019-11-15T16:54:14Z" user="Arun Balaji" uid="3427745" lat="30.3334426" lon="78.0346193"/>
 <node id="6980321176" visible="true" version="1" changeset="77139031" timestamp="2019-11-15T16:54:14Z" user="Arun Balaji" uid="3427745" lat="30.3333974" lon="78.0346861"/>
 <node id="6980321177" visible="true" version="1" changeset="77139031" timestamp="2019-11-15T16:54:14Z" user="Arun Balaji" uid="3427745" lat="30.3333259" lon="78.0347491"/>
 <node id="6980321178" visible="true" version="1" changeset="77139031" timestamp="2019-11-15T16:54:14Z" user="Arun Balaji" uid="3427745" lat="30.3332582" lon="78.0347879"/>
 <node id="6980321179" visible="true" version="1" changeset="77139031" timestamp="2019-11-15T16:54:14Z" user="Arun Balaji" uid="3427745" lat="30.3332131" lon="78.0348009"/>
 <node id="6980321180" visible="true" version="1" changeset="77139031" timestamp="2019-11-15T16:54:14Z" user="Arun Balaji" uid="3427745" lat="30.3331680" lon="78.0348008"/>
 <node id="6980321181" visible="true" version="1" changeset="77139031" timestamp="2019-11-15T16:54:14Z" user="Arun Balaji" uid="3427745" lat="30.3331192" lon="78.0347964"/>
 <node id="6980321182" visible="true" version="1" changeset="77139031" timestamp="2019-11-15T16:54:14Z" user="Arun Balaji" uid="3427745" lat="30.3330666" lon="78.0347833"/>
 <node id="6980321183" visible="true" version="1" changeset="77139031" timestamp="2019-11-15T16:54:14Z" user="Arun Balaji" uid="3427745" lat="30.3329727" lon="78.0347484"/>
 <node id="6980321184" visible="true" version="1" changeset="77139031" timestamp="2019-11-15T16:54:14Z" user="Arun Balaji" uid="3427745" lat="30.3328939" lon="78.0346833"/>
 <node id="6980321185" visible="true" version="1" changeset="77139031" timestamp="2019-11-15T16:54:14Z" user="Arun Balaji" uid="3427745" lat="30.3328488" lon="78.0346399"/>
 <node id="6980321186" visible="true" version="1" changeset="77139031" timestamp="2019-11-15T16:54:14Z" user="Arun Balaji" uid="3427745" lat="30.3326461" lon="78.0345182"/>
 <node id="6980321187" visible="true" version="1" changeset="77139031" timestamp="2019-11-15T16:54:14Z" user="Arun Balaji" uid="3427745" lat="30.3326048" lon="78.0344835"/>
 <node id="6980321188" visible="true" version="1" changeset="77139031" timestamp="2019-11-15T16:54:14Z" user="Arun Balaji" uid="3427745" lat="30.3325485" lon="78.0344487"/>
 <node id="6980321189" visible="true" version="1" changeset="77139031" timestamp="2019-11-15T16:54:14Z" user="Arun Balaji" uid="3427745" lat="30.3324959" lon="78.0344270"/>
 <node id="6980321190" visible="true" version="1" changeset="77139031" timestamp="2019-11-15T16:54:14Z" user="Arun Balaji" uid="3427745" lat="30.3324358" lon="78.0343662"/>
 <node id="6980321191" visible="true" version="1" changeset="77139031" timestamp="2019-11-15T16:54:14Z" user="Arun Balaji" uid="3427745" lat="30.3323908" lon="78.0343402"/>
 <node id="6980321192" visible="true" version="1" changeset="77139031" timestamp="2019-11-15T16:54:14Z" user="Arun Balaji" uid="3427745" lat="30.3323232" lon="78.0342794"/>
 <node id="6980321193" visible="true" version="1" changeset="77139031" timestamp="2019-11-15T16:54:14Z" user="Arun Balaji" uid="3427745" lat="30.3322594" lon="78.0342749"/>
 <node id="6980321194" visible="true" version="1" changeset="77139031" timestamp="2019-11-15T16:54:14Z" user="Arun Balaji" uid="3427745" lat="30.3321542" lon="78.0342401"/>
 <node id="6980321195" visible="true" version="1" changeset="77139031" timestamp="2019-11-15T16:54:14Z" user="Arun Balaji" uid="3427745" lat="30.3320828" lon="78.0342226"/>
 <node id="6980321196" visible="true" version="1" changeset="77139031" timestamp="2019-11-15T16:54:14Z" user="Arun Balaji" uid="3427745" lat="30.3320077" lon="78.0341922"/>
 <node id="6980321197" visible="true" version="1" changeset="77139031" timestamp="2019-11-15T16:54:14Z" user="Arun Balaji" uid="3427745" lat="30.3319401" lon="78.0341704"/>
 <node id="6980321198" visible="true" version="1" changeset="77139031" timestamp="2019-11-15T16:54:14Z" user="Arun Balaji" uid="3427745" lat="30.3318011" lon="78.0341485"/>
 <node id="6980321199" visible="true" version="1" changeset="77139031" timestamp="2019-11-15T16:54:14Z" user="Arun Balaji" uid="3427745" lat="30.3317185" lon="78.0341310"/>
 <node id="6980321200" visible="true" version="1" changeset="77139031" timestamp="2019-11-15T16:54:14Z" user="Arun Balaji" uid="3427745" lat="30.3316358" lon="78.0340962"/>
 <node id="6980321201" visible="true" version="1" changeset="77139031" timestamp="2019-11-15T16:54:14Z" user="Arun Balaji" uid="3427745" lat="30.3315795" lon="78.0340788"/>
 <node id="6980321202" visible="true" version="1" changeset="77139031" timestamp="2019-11-15T16:54:14Z" user="Arun Balaji" uid="3427745" lat="30.3315156" lon="78.0340786"/>
 <node id="6980321203" visible="true" version="1" changeset="77139031" timestamp="2019-11-15T16:54:14Z" user="Arun Balaji" uid="3427745" lat="30.3314442" lon="78.0340698"/>
 <node id="6980321204" visible="true" version="1" changeset="77139031" timestamp="2019-11-15T16:54:14Z" user="Arun Balaji" uid="3427745" lat="30.3312564" lon="78.0340565"/>
 <node id="6980321205" visible="true" version="1" changeset="77139031" timestamp="2019-11-15T16:54:14Z" user="Arun Balaji" uid="3427745" lat="30.3311549" lon="78.0340693"/>
 <node id="6980321206" visible="true" version="1" changeset="77139031" timestamp="2019-11-15T16:54:14Z" user="Arun Balaji" uid="3427745" lat="30.3310798" lon="78.0340475"/>
 <node id="6980321207" visible="true" version="1" changeset="77139031" timestamp="2019-11-15T16:54:14Z" user="Arun Balaji" uid="3427745" lat="30.3309783" lon="78.0340517"/>
 <node id="6980321208" visible="true" version="1" changeset="77139031" timestamp="2019-11-15T16:54:14Z" user="Arun Balaji" uid="3427745" lat="30.3308769" lon="78.0340472"/>
 <node id="6980321209" visible="true" version="1" changeset="77139031" timestamp="2019-11-15T16:54:14Z" user="Arun Balaji" uid="3427745" lat="30.3307566" lon="78.0340773"/>
 <node id="6980321210" visible="true" version="1" changeset="77139031" timestamp="2019-11-15T16:54:14Z" user="Arun Balaji" uid="3427745" lat="30.3306626" lon="78.0341117"/>
 <node id="6980321211" visible="true" version="1" changeset="77139031" timestamp="2019-11-15T16:54:14Z" user="Arun Balaji" uid="3427745" lat="30.3305348" lon="78.0341202"/>
 <node id="6980321212" visible="true" version="1" changeset="77139031" timestamp="2019-11-15T16:54:14Z" user="Arun Balaji" uid="3427745" lat="30.3302567" lon="78.0341717"/>
 <node id="6980321213" visible="true" version="1" changeset="77139031" timestamp="2019-11-15T16:54:14Z" user="Arun Balaji" uid="3427745" lat="30.3301063" lon="78.0342364"/>
 <node id="6980321214" visible="true" version="1" changeset="77139031" timestamp="2019-11-15T16:54:14Z" user="Arun Balaji" uid="3427745" lat="30.3300161" lon="78.0342319"/>
 <node id="6980321215" visible="true" version="1" changeset="77139031" timestamp="2019-11-15T16:54:14Z" user="Arun Balaji" uid="3427745" lat="30.3298770" lon="78.0342446"/>
 <node id="6980321216" visible="true" version="1" changeset="77139031" timestamp="2019-11-15T16:54:14Z" user="Arun Balaji" uid="3427745" lat="30.3298657" lon="78.0343052"/>
 <node id="6980321217" visible="true" version="1" changeset="77139031" timestamp="2019-11-15T16:54:14Z" user="Arun Balaji" uid="3427745" lat="30.3298656" lon="78.0343962"/>
 <node id="6980321218" visible="true" version="1" changeset="77139031" timestamp="2019-11-15T16:54:14Z" user="Arun Balaji" uid="3427745" lat="30.3298503" lon="78.0345435"/>
 <node id="6980321219" visible="true" version="1" changeset="77139031" timestamp="2019-11-15T16:54:14Z" user="Arun Balaji" uid="3427745" lat="30.3298164" lon="78.0346387"/>
 <node id="6980321220" visible="true" version="1" changeset="77139031" timestamp="2019-11-15T16:54:14Z" user="Arun Balaji" uid="3427745" lat="30.3297899" lon="78.0347296"/>
 <node id="6980321221" visible="true" version="1" changeset="77139031" timestamp="2019-11-15T16:54:14Z" user="Arun Balaji" uid="3427745" lat="30.3297710" lon="78.0348336"/>
 <node id="6980321222" visible="true" version="1" changeset="77139031" timestamp="2019-11-15T16:54:14Z" user="Arun Balaji" uid="3427745" lat="30.3297521" lon="78.0349028"/>
 <node id="6980321223" visible="true" version="1" changeset="77139031" timestamp="2019-11-15T16:54:14Z" user="Arun Balaji" uid="3427745" lat="30.3297107" lon="78.0349894"/>
 <node id="6980321224" visible="true" version="1" changeset="77139031" timestamp="2019-11-15T16:54:14Z" user="Arun Balaji" uid="3427745" lat="30.3296880" lon="78.0350630"/>
 <node id="6980321225" visible="true" version="1" changeset="77139031" timestamp="2019-11-15T16:54:14Z" user="Arun Balaji" uid="3427745" lat="30.3296541" lon="78.0351409"/>
 <node id="6980321226" visible="true" version="1" changeset="77139031" timestamp="2019-11-15T16:54:14Z" user="Arun Balaji" uid="3427745" lat="30.3295599" lon="78.0352967"/>
 <node id="6980321227" visible="true" version="1" changeset="77139031" timestamp="2019-11-15T16:54:14Z" user="Arun Balaji" uid="3427745" lat="30.3295185" lon="78.0354093"/>
 <node id="6980321228" visible="true" version="1" changeset="77139031" timestamp="2019-11-15T16:54:14Z" user="Arun Balaji" uid="3427745" lat="30.3293866" lon="78.0356473"/>
 <node id="6980321229" visible="true" version="1" changeset="77139031" timestamp="2019-11-15T16:54:14Z" user="Arun Balaji" uid="3427745" lat="30.3293263" lon="78.0357728"/>
 <node id="6980321230" visible="true" version="1" changeset="77139031" timestamp="2019-11-15T16:54:14Z" user="Arun Balaji" uid="3427745" lat="30.3292472" lon="78.0359113"/>
 <node id="6980321231" visible="true" version="1" changeset="77139031" timestamp="2019-11-15T16:54:14Z" user="Arun Balaji" uid="3427745" lat="30.3292208" lon="78.0360152"/>
 <node id="6980321232" visible="true" version="1" changeset="77139031" timestamp="2019-11-15T16:54:14Z" user="Arun Balaji" uid="3427745" lat="30.3291718" lon="78.0360974"/>
 <node id="6980321233" visible="true" version="1" changeset="77139031" timestamp="2019-11-15T16:54:14Z" user="Arun Balaji" uid="3427745" lat="30.3291378" lon="78.0362100"/>
 <node id="6980321234" visible="true" version="1" changeset="77139031" timestamp="2019-11-15T16:54:14Z" user="Arun Balaji" uid="3427745" lat="30.3291264" lon="78.0363009"/>
 <node id="6980321235" visible="true" version="1" changeset="77139031" timestamp="2019-11-15T16:54:14Z" user="Arun Balaji" uid="3427745" lat="30.3291188" lon="78.0364179"/>
 <node id="6980321236" visible="true" version="1" changeset="77139031" timestamp="2019-11-15T16:54:14Z" user="Arun Balaji" uid="3427745" lat="30.3291209" lon="78.0364980"/>
 <node id="6980321237" visible="true" version="1" changeset="77139031" timestamp="2019-11-15T16:54:14Z" user="Arun Balaji" uid="3427745" lat="30.3292045" lon="78.0364975"/>
 <node id="6980321238" visible="true" version="1" changeset="77139031" timestamp="2019-11-15T16:54:14Z" user="Arun Balaji" uid="3427745" lat="30.3293190" lon="78.0365572"/>
 <node id="6980321239" visible="true" version="1" changeset="77139031" timestamp="2019-11-15T16:54:14Z" user="Arun Balaji" uid="3427745" lat="30.3293992" lon="78.0366168"/>
 <node id="6980321240" visible="true" version="1" changeset="77139031" timestamp="2019-11-15T16:54:14Z" user="Arun Balaji" uid="3427745" lat="30.3294965" lon="78.0367029"/>
 <node id="6980321241" visible="true" version="1" changeset="77139031" timestamp="2019-11-15T16:54:14Z" user="Arun Balaji" uid="3427745" lat="30.3296567" lon="78.0368881"/>
 <node id="6980321242" visible="true" version="1" changeset="77139031" timestamp="2019-11-15T16:54:14Z" user="Arun Balaji" uid="3427745" lat="30.3298569" lon="78.0371594"/>
 <node id="6980321243" visible="true" version="1" changeset="77139031" timestamp="2019-11-15T16:54:14Z" user="Arun Balaji" uid="3427745" lat="30.3299141" lon="78.0372454"/>
 <node id="6980321244" visible="true" version="1" changeset="77139031" timestamp="2019-11-15T16:54:14Z" user="Arun Balaji" uid="3427745" lat="30.3299713" lon="78.0373116"/>
 <node id="6980321245" visible="true" version="1" changeset="77139031" timestamp="2019-11-15T16:54:14Z" user="Arun Balaji" uid="3427745" lat="30.3300113" lon="78.0373711"/>
 <node id="6980321246" visible="true" version="1" changeset="77139031" timestamp="2019-11-15T16:54:14Z" user="Arun Balaji" uid="3427745" lat="30.3300227" lon="78.0374570"/>
 <node id="6980321247" visible="true" version="1" changeset="77139031" timestamp="2019-11-15T16:54:14Z" user="Arun Balaji" uid="3427745" lat="30.3300570" lon="78.0375430"/>
 <node id="6980321248" visible="true" version="1" changeset="77139031" timestamp="2019-11-15T16:54:14Z" user="Arun Balaji" uid="3427745" lat="30.3300912" lon="78.0376553"/>
 <node id="6980321249" visible="true" version="1" changeset="77139031" timestamp="2019-11-15T16:54:14Z" user="Arun Balaji" uid="3427745" lat="30.3302112" lon="78.0379198"/>
 <node id="6980321250" visible="true" version="1" changeset="77139031" timestamp="2019-11-15T16:54:14Z" user="Arun Balaji" uid="3427745" lat="30.3302627" lon="78.0379860"/>
 <node id="6980321251" visible="true" version="1" changeset="77139031" timestamp="2019-11-15T16:54:14Z" user="Arun Balaji" uid="3427745" lat="30.3302969" lon="78.0380654"/>
 <node id="6980321252" visible="true" version="1" changeset="77139031" timestamp="2019-11-15T16:54:14Z" user="Arun Balaji" uid="3427745" lat="30.3303427" lon="78.0381381"/>
 <node id="6980321253" visible="true" version="1" changeset="77139031" timestamp="2019-11-15T16:54:14Z" user="Arun Balaji" uid="3427745" lat="30.3303827" lon="78.0382175"/>
 <node id="6980321254" visible="true" version="1" changeset="77139031" timestamp="2019-11-15T16:54:14Z" user="Arun Balaji" uid="3427745" lat="30.3304227" lon="78.0382572"/>
 <node id="6980321255" visible="true" version="1" changeset="77139031" timestamp="2019-11-15T16:54:14Z" user="Arun Balaji" uid="3427745" lat="30.3304267" lon="78.0382691"/>
 <node id="6980321256" visible="true" version="1" changeset="77139031" timestamp="2019-11-15T16:54:14Z" user="Arun Balaji" uid="3427745" lat="30.3304378" lon="78.0382719"/>
 <node id="6980321257" visible="true" version="1" changeset="77139031" timestamp="2019-11-15T16:54:14Z" user="Arun Balaji" uid="3427745" lat="30.3304742" lon="78.0383112"/>
 <node id="6980321258" visible="true" version="1" changeset="77139031" timestamp="2019-11-15T16:54:14Z" user="Arun Balaji" uid="3427745" lat="30.3304936" lon="78.0383504"/>
 <node id="6980321259" visible="true" version="1" changeset="77139031" timestamp="2019-11-15T16:54:14Z" user="Arun Balaji" uid="3427745" lat="30.3305106" lon="78.0384065"/>
 <node id="6980321260" visible="true" version="1" changeset="77139031" timestamp="2019-11-15T16:54:14Z" user="Arun Balaji" uid="3427745" lat="30.3305324" lon="78.0384542"/>
 <node id="6980321261" visible="true" version="1" changeset="77139031" timestamp="2019-11-15T16:54:14Z" user="Arun Balaji" uid="3427745" lat="30.3305615" lon="78.0385046"/>
 <node id="6980321262" visible="true" version="1" changeset="77139031" timestamp="2019-11-15T16:54:14Z" user="Arun Balaji" uid="3427745" lat="30.3306003" lon="78.0385523"/>
 <node id="6980321263" visible="true" version="1" changeset="77139031" timestamp="2019-11-15T16:54:14Z" user="Arun Balaji" uid="3427745" lat="30.3306731" lon="78.0386365"/>
 <node id="6980321264" visible="true" version="1" changeset="77139031" timestamp="2019-11-15T16:54:14Z" user="Arun Balaji" uid="3427745" lat="30.3307264" lon="78.0386870"/>
 <node id="6980321265" visible="true" version="1" changeset="77139031" timestamp="2019-11-15T16:54:14Z" user="Arun Balaji" uid="3427745" lat="30.3308842" lon="78.0388218"/>
 <node id="6980321266" visible="true" version="1" changeset="77139031" timestamp="2019-11-15T16:54:14Z" user="Arun Balaji" uid="3427745" lat="30.3309862" lon="78.0388892"/>
 <node id="6980321267" visible="true" version="1" changeset="77139031" timestamp="2019-11-15T16:54:14Z" user="Arun Balaji" uid="3427745" lat="30.3310566" lon="78.0389482"/>
 <node id="6980321268" visible="true" version="1" changeset="77139031" timestamp="2019-11-15T16:54:14Z" user="Arun Balaji" uid="3427745" lat="30.3310673" lon="78.0389298"/>
 <node id="6980321269" visible="true" version="1" changeset="77139031" timestamp="2019-11-15T16:54:14Z" user="Arun Balaji" uid="3427745" lat="30.3311152" lon="78.0389852"/>
 <node id="6980321270" visible="true" version="1" changeset="77139031" timestamp="2019-11-15T16:54:14Z" user="Arun Balaji" uid="3427745" lat="30.3316704" lon="78.0394686"/>
 <node id="6980321271" visible="true" version="1" changeset="77139031" timestamp="2019-11-15T16:54:14Z" user="Arun Balaji" uid="3427745" lat="30.3320882" lon="78.0398592"/>
 <node id="6980321272" visible="true" version="1" changeset="77139031" timestamp="2019-11-15T16:54:14Z" user="Arun Balaji" uid="3427745" lat="30.3322943" lon="78.0400380"/>
 <node id="6980321273" visible="true" version="1" changeset="77139031" timestamp="2019-11-15T16:54:14Z" user="Arun Balaji" uid="3427745" lat="30.3324603" lon="78.0401704"/>
 <node id="6980321274" visible="true" version="1" changeset="77139031" timestamp="2019-11-15T16:54:14Z" user="Arun Balaji" uid="3427745" lat="30.3326148" lon="78.0403227"/>
 <node id="6980321275" visible="true" version="1" changeset="77139031" timestamp="2019-11-15T16:54:14Z" user="Arun Balaji" uid="3427745" lat="30.3328266" lon="78.0405213"/>
 <node id="6980321276" visible="true" version="1" changeset="77139031" timestamp="2019-11-15T16:54:14Z" user="Arun Balaji" uid="3427745" lat="30.3329926" lon="78.0406537"/>
 <node id="6980321277" visible="true" version="1" changeset="77139031" timestamp="2019-11-15T16:54:14Z" user="Arun Balaji" uid="3427745" lat="30.3332845" lon="78.0409120"/>
 <node id="6980321278" visible="true" version="1" changeset="77139031" timestamp="2019-11-15T16:54:14Z" user="Arun Balaji" uid="3427745" lat="30.3333679" lon="78.0409635"/>
 <node id="6980321279" visible="true" version="1" changeset="77139031" timestamp="2019-11-15T16:54:14Z" user="Arun Balaji" uid="3427745" lat="30.3333598" lon="78.0409752"/>
 <node id="6980321280" visible="true" version="2" changeset="77139518" timestamp="2019-11-15T17:09:01Z" user="Arun Balaji" uid="3427745" lat="30.3336412" lon="78.0412157"/>
 <node id="6980321287" visible="true" version="1" changeset="77139031" timestamp="2019-11-15T16:54:14Z" user="Arun Balaji" uid="3427745" lat="30.3345680" lon="78.0398642"/>
 <node id="6980321288" visible="true" version="1" changeset="77139031" timestamp="2019-11-15T16:54:14Z" user="Arun Balaji" uid="3427745" lat="30.3347026" lon="78.0396717"/>
 <node id="6980321289" visible="true" version="1" changeset="77139031" timestamp="2019-11-15T16:54:14Z" user="Arun Balaji" uid="3427745" lat="30.3349086" lon="78.0394097"/>
 <node id="6980321290" visible="true" version="1" changeset="77139031" timestamp="2019-11-15T16:54:14Z" user="Arun Balaji" uid="3427745" lat="30.3349827" lon="78.0393372"/>
 <node id="6980321291" visible="true" version="1" changeset="77139031" timestamp="2019-11-15T16:54:14Z" user="Arun Balaji" uid="3427745" lat="30.3350459" lon="78.0392646"/>
 <node id="6980452948" visible="true" version="1" changeset="77139518" timestamp="2019-11-15T17:09:01Z" user="Arun Balaji" uid="3427745" lat="30.3325022" lon="78.0379705"/>
 <node id="6980452949" visible="true" version="1" changeset="77139518" timestamp="2019-11-15T17:09:01Z" user="Arun Balaji" uid="3427745" lat="30.3324350" lon="78.0379973"/>
 <node id="6980452950" visible="true" version="1" changeset="77139518" timestamp="2019-11-15T17:09:01Z" user="Arun Balaji" uid="3427745" lat="30.3324126" lon="78.0379218"/>
 <node id="6980452951" visible="true" version="1" changeset="77139518" timestamp="2019-11-15T17:09:01Z" user="Arun Balaji" uid="3427745" lat="30.3324797" lon="78.0378950"/>
 <node id="6980452952" visible="true" version="1" changeset="77139518" timestamp="2019-11-15T17:09:01Z" user="Arun Balaji" uid="3427745" lat="30.3324370" lon="78.0378256"/>
 <node id="6980452953" visible="true" version="1" changeset="77139518" timestamp="2019-11-15T17:09:01Z" user="Arun Balaji" uid="3427745" lat="30.3323716" lon="78.0378565"/>
 <node id="6980452954" visible="true" version="1" changeset="77139518" timestamp="2019-11-15T17:09:01Z" user="Arun Balaji" uid="3427745" lat="30.3323460" lon="78.0377837"/>
 <node id="6980452955" visible="true" version="1" changeset="77139518" timestamp="2019-11-15T17:09:01Z" user="Arun Balaji" uid="3427745" lat="30.3324114" lon="78.0377528"/>
 <node id="6980452956" visible="true" version="1" changeset="77139518" timestamp="2019-11-15T17:09:01Z" user="Arun Balaji" uid="3427745" lat="30.3325332" lon="78.0377185"/>
 <node id="6980452957" visible="true" version="1" changeset="77139518" timestamp="2019-11-15T17:09:01Z" user="Arun Balaji" uid="3427745" lat="30.3324586" lon="78.0377486"/>
 <node id="6980452958" visible="true" version="1" changeset="77139518" timestamp="2019-11-15T17:09:01Z" user="Arun Balaji" uid="3427745" lat="30.3324433" lon="78.0376978"/>
 <node id="6980452959" visible="true" version="1" changeset="77139518" timestamp="2019-11-15T17:09:01Z" user="Arun Balaji" uid="3427745" lat="30.3325179" lon="78.0376676"/>
 <node id="6980452960" visible="true" version="1" changeset="77139518" timestamp="2019-11-15T17:09:01Z" user="Arun Balaji" uid="3427745" lat="30.3324862" lon="78.0376669"/>
 <node id="6980452961" visible="true" version="1" changeset="77139518" timestamp="2019-11-15T17:09:01Z" user="Arun Balaji" uid="3427745" lat="30.3323988" lon="78.0376984"/>
 <node id="6980452962" visible="true" version="1" changeset="77139518" timestamp="2019-11-15T17:09:01Z" user="Arun Balaji" uid="3427745" lat="30.3323784" lon="78.0376227"/>
 <node id="6980452963" visible="true" version="1" changeset="77139518" timestamp="2019-11-15T17:09:01Z" user="Arun Balaji" uid="3427745" lat="30.3324658" lon="78.0375912"/>
 <node id="6980452964" visible="true" version="1" changeset="77139518" timestamp="2019-11-15T17:09:01Z" user="Arun Balaji" uid="3427745" lat="30.3325140" lon="78.0375586"/>
 <node id="6980452965" visible="true" version="1" changeset="77139518" timestamp="2019-11-15T17:09:01Z" user="Arun Balaji" uid="3427745" lat="30.3323815" lon="78.0375955"/>
 <node id="6980452966" visible="true" version="1" changeset="77139518" timestamp="2019-11-15T17:09:01Z" user="Arun Balaji" uid="3427745" lat="30.3323622" lon="78.0375027"/>
 <node id="6980452967" visible="true" version="1" changeset="77139518" timestamp="2019-11-15T17:09:01Z" user="Arun Balaji" uid="3427745" lat="30.3324948" lon="78.0374658"/>
 <node id="6980452968" visible="true" version="1" changeset="77139518" timestamp="2019-11-15T17:09:01Z" user="Arun Balaji" uid="3427745" lat="30.3324182" lon="78.0380233"/>
 <node id="6980452969" visible="true" version="1" changeset="77139518" timestamp="2019-11-15T17:09:01Z" user="Arun Balaji" uid="3427745" lat="30.3323522" lon="78.0380467"/>
 <node id="6980452970" visible="true" version="1" changeset="77139518" timestamp="2019-11-15T17:09:01Z" user="Arun Balaji" uid="3427745" lat="30.3323316" lon="78.0379687"/>
 <node id="6980452971" visible="true" version="1" changeset="77139518" timestamp="2019-11-15T17:09:01Z" user="Arun Balaji" uid="3427745" lat="30.3323975" lon="78.0379453"/>
 <node id="6980452972" visible="true" version="1" changeset="77139518" timestamp="2019-11-15T17:09:01Z" user="Arun Balaji" uid="3427745" lat="30.3323362" lon="78.0384217"/>
 <node id="6980452973" visible="true" version="1" changeset="77139518" timestamp="2019-11-15T17:09:01Z" user="Arun Balaji" uid="3427745" lat="30.3322622" lon="78.0386135"/>
 <node id="6980452974" visible="true" version="1" changeset="77139518" timestamp="2019-11-15T17:09:01Z" user="Arun Balaji" uid="3427745" lat="30.3323339" lon="78.0386507"/>
 <node id="6980452975" visible="true" version="1" changeset="77139518" timestamp="2019-11-15T17:09:01Z" user="Arun Balaji" uid="3427745" lat="30.3324079" lon="78.0384589"/>
 <node id="6980452976" visible="true" version="1" changeset="77139518" timestamp="2019-11-15T17:09:01Z" user="Arun Balaji" uid="3427745" lat="30.3322862" lon="78.0380577"/>
 <node id="6980452977" visible="true" version="1" changeset="77139518" timestamp="2019-11-15T17:09:01Z" user="Arun Balaji" uid="3427745" lat="30.3322833" lon="78.0384024"/>
 <node id="6980452978" visible="true" version="1" changeset="77139518" timestamp="2019-11-15T17:09:01Z" user="Arun Balaji" uid="3427745" lat="30.3324201" lon="78.0384039"/>
 <node id="6980452979" visible="true" version="1" changeset="77139518" timestamp="2019-11-15T17:09:01Z" user="Arun Balaji" uid="3427745" lat="30.3324230" lon="78.0380592"/>
 <node id="6980454042" visible="true" version="1" changeset="77139518" timestamp="2019-11-15T17:09:01Z" user="Arun Balaji" uid="3427745" lat="30.3322532" lon="78.0385659"/>
 <node id="6980454043" visible="true" version="1" changeset="77139518" timestamp="2019-11-15T17:09:01Z" user="Arun Balaji" uid="3427745" lat="30.3321785" lon="78.0386880"/>
 <node id="6980454044" visible="true" version="1" changeset="77139518" timestamp="2019-11-15T17:09:01Z" user="Arun Balaji" uid="3427745" lat="30.3320833" lon="78.0386098"/>
 <node id="6980454045" visible="true" version="1" changeset="77139518" timestamp="2019-11-15T17:09:01Z" user="Arun Balaji" uid="3427745" lat="30.3321579" lon="78.0384877"/>
 <node id="6980560238" visible="true" version="1" changeset="77139968" timestamp="2019-11-15T17:23:37Z" user="Arun Balaji" uid="3427745" lat="30.3335727" lon="78.0371673"/>
 <node id="6980560239" visible="true" version="1" changeset="77139968" timestamp="2019-11-15T17:23:37Z" user="Arun Balaji" uid="3427745" lat="30.3335663" lon="78.0372987"/>
 <node id="6980560240" visible="true" version="1" changeset="77139968" timestamp="2019-11-15T17:23:37Z" user="Arun Balaji" uid="3427745" lat="30.3336407" lon="78.0373035"/>
 <node id="6980560241" visible="true" version="1" changeset="77139968" timestamp="2019-11-15T17:23:37Z" user="Arun Balaji" uid="3427745" lat="30.3336471" lon="78.0371721"/>
 <node id="6980572942" visible="true" version="1" changeset="77139968" timestamp="2019-11-15T17:23:37Z" user="Arun Balaji" uid="3427745" lat="30.3334167" lon="78.0387016"/>
 <node id="6980572943" visible="true" version="1" changeset="77139968" timestamp="2019-11-15T17:23:37Z" user="Arun Balaji" uid="3427745" lat="30.3334149" lon="78.0389537"/>
 <node id="6980572944" visible="true" version="1" changeset="77139968" timestamp="2019-11-15T17:23:37Z" user="Arun Balaji" uid="3427745" lat="30.3334931" lon="78.0389544"/>
 <node id="6980572945" visible="true" version="1" changeset="77139968" timestamp="2019-11-15T17:23:37Z" user="Arun Balaji" uid="3427745" lat="30.3334949" lon="78.0387023"/>
 <node id="6980572954" visible="true" version="1" changeset="77139968" timestamp="2019-11-15T17:23:37Z" user="Arun Balaji" uid="3427745" lat="30.3332399" lon="78.0387075"/>
 <node id="6980572955" visible="true" version="1" changeset="77139968" timestamp="2019-11-15T17:23:37Z" user="Arun Balaji" uid="3427745" lat="30.3331988" lon="78.0388249"/>
 <node id="6980572956" visible="true" version="1" changeset="77139968" timestamp="2019-11-15T17:23:37Z" user="Arun Balaji" uid="3427745" lat="30.3331349" lon="78.0387948"/>
 <node id="6980572957" visible="true" version="1" changeset="77139968" timestamp="2019-11-15T17:23:37Z" user="Arun Balaji" uid="3427745" lat="30.3331760" lon="78.0386775"/>
 <node id="6980572958" visible="true" version="1" changeset="77139968" timestamp="2019-11-15T17:23:37Z" user="Arun Balaji" uid="3427745" lat="30.3330196" lon="78.0386412"/>
 <node id="6980572959" visible="true" version="1" changeset="77139968" timestamp="2019-11-15T17:23:37Z" user="Arun Balaji" uid="3427745" lat="30.3329716" lon="78.0387110"/>
 <node id="6980572960" visible="true" version="1" changeset="77139968" timestamp="2019-11-15T17:23:37Z" user="Arun Balaji" uid="3427745" lat="30.3329317" lon="78.0386741"/>
 <node id="6980572961" visible="true" version="1" changeset="77139968" timestamp="2019-11-15T17:23:37Z" user="Arun Balaji" uid="3427745" lat="30.3329798" lon="78.0386044"/>
 <node id="6980572962" visible="true" version="1" changeset="77139968" timestamp="2019-11-15T17:23:37Z" user="Arun Balaji" uid="3427745" lat="30.3329170" lon="78.0386795"/>
 <node id="6980572963" visible="true" version="1" changeset="77139968" timestamp="2019-11-15T17:23:37Z" user="Arun Balaji" uid="3427745" lat="30.3328262" lon="78.0387995"/>
 <node id="6980572964" visible="true" version="1" changeset="77139968" timestamp="2019-11-15T17:23:37Z" user="Arun Balaji" uid="3427745" lat="30.3327807" lon="78.0387533"/>
 <node id="6980572965" visible="true" version="1" changeset="77139968" timestamp="2019-11-15T17:23:37Z" user="Arun Balaji" uid="3427745" lat="30.3328715" lon="78.0386332"/>
 <node id="6980572966" visible="true" version="1" changeset="77139968" timestamp="2019-11-15T17:23:37Z" user="Arun Balaji" uid="3427745" lat="30.3328282" lon="78.0384529"/>
 <node id="6980572967" visible="true" version="1" changeset="77139968" timestamp="2019-11-15T17:23:37Z" user="Arun Balaji" uid="3427745" lat="30.3327599" lon="78.0385286"/>
 <node id="6980572968" visible="true" version="1" changeset="77139968" timestamp="2019-11-15T17:23:37Z" user="Arun Balaji" uid="3427745" lat="30.3328137" lon="78.0385937"/>
 <node id="6980572969" visible="true" version="1" changeset="77139968" timestamp="2019-11-15T17:23:37Z" user="Arun Balaji" uid="3427745" lat="30.3328820" lon="78.0385179"/>
 <node id="6980572970" visible="true" version="1" changeset="77139968" timestamp="2019-11-15T17:23:37Z" user="Arun Balaji" uid="3427745" lat="30.3330943" lon="78.0385266"/>
 <node id="6980572971" visible="true" version="1" changeset="77139968" timestamp="2019-11-15T17:23:37Z" user="Arun Balaji" uid="3427745" lat="30.3330266" lon="78.0385830"/>
 <node id="6980572972" visible="true" version="1" changeset="77139968" timestamp="2019-11-15T17:23:37Z" user="Arun Balaji" uid="3427745" lat="30.3329734" lon="78.0384971"/>
 <node id="6980572973" visible="true" version="1" changeset="77139968" timestamp="2019-11-15T17:23:37Z" user="Arun Balaji" uid="3427745" lat="30.3330411" lon="78.0384408"/>
 <node id="6980573008" visible="true" version="1" changeset="77139968" timestamp="2019-11-15T17:23:37Z" user="Arun Balaji" uid="3427745" lat="30.3322982" lon="78.0370301"/>
 <node id="6980573009" visible="true" version="1" changeset="77139968" timestamp="2019-11-15T17:23:37Z" user="Arun Balaji" uid="3427745" lat="30.3322438" lon="78.0371093"/>
 <node id="6980573010" visible="true" version="1" changeset="77139968" timestamp="2019-11-15T17:23:37Z" user="Arun Balaji" uid="3427745" lat="30.3322065" lon="78.0370749"/>
 <node id="6980573011" visible="true" version="1" changeset="77139968" timestamp="2019-11-15T17:23:37Z" user="Arun Balaji" uid="3427745" lat="30.3322609" lon="78.0369958"/>
 <node id="6980573012" visible="true" version="1" changeset="77139968" timestamp="2019-11-15T17:23:37Z" user="Arun Balaji" uid="3427745" lat="30.3323283" lon="78.0372083"/>
 <node id="6980573013" visible="true" version="1" changeset="77139968" timestamp="2019-11-15T17:23:37Z" user="Arun Balaji" uid="3427745" lat="30.3322774" lon="78.0373035"/>
 <node id="6980573014" visible="true" version="1" changeset="77139968" timestamp="2019-11-15T17:23:37Z" user="Arun Balaji" uid="3427745" lat="30.3323316" lon="78.0373424"/>
 <node id="6980573015" visible="true" version="1" changeset="77139968" timestamp="2019-11-15T17:23:37Z" user="Arun Balaji" uid="3427745" lat="30.3323825" lon="78.0372472"/>
 <node id="6980573016" visible="true" version="1" changeset="77139968" timestamp="2019-11-15T17:23:37Z" user="Arun Balaji" uid="3427745" lat="30.3324344" lon="78.0371864"/>
 <node id="6980573017" visible="true" version="1" changeset="77139968" timestamp="2019-11-15T17:23:37Z" user="Arun Balaji" uid="3427745" lat="30.3323766" lon="78.0371515"/>
 <node id="6980573018" visible="true" version="1" changeset="77139968" timestamp="2019-11-15T17:23:37Z" user="Arun Balaji" uid="3427745" lat="30.3324004" lon="78.0370983"/>
 <node id="6980573019" visible="true" version="1" changeset="77139968" timestamp="2019-11-15T17:23:37Z" user="Arun Balaji" uid="3427745" lat="30.3324583" lon="78.0371332"/>
 <node id="6980573020" visible="true" version="1" changeset="77139968" timestamp="2019-11-15T17:23:37Z" user="Arun Balaji" uid="3427745" lat="30.3325374" lon="78.0370055"/>
 <node id="6980573021" visible="true" version="1" changeset="77139968" timestamp="2019-11-15T17:23:37Z" user="Arun Balaji" uid="3427745" lat="30.3324876" lon="78.0371148"/>
 <node id="6980573022" visible="true" version="1" changeset="77139968" timestamp="2019-11-15T17:23:37Z" user="Arun Balaji" uid="3427745" lat="30.3324189" lon="78.0370729"/>
 <node id="6980573023" visible="true" version="1" changeset="77139968" timestamp="2019-11-15T17:23:37Z" user="Arun Balaji" uid="3427745" lat="30.3324687" lon="78.0369636"/>
 <node id="6980573024" visible="true" version="1" changeset="77139968" timestamp="2019-11-15T17:23:37Z" user="Arun Balaji" uid="3427745" lat="30.3325234" lon="78.0367900"/>
 <node id="6980573025" visible="true" version="1" changeset="77139968" timestamp="2019-11-15T17:23:37Z" user="Arun Balaji" uid="3427745" lat="30.3324898" lon="78.0368905"/>
 <node id="6980573026" visible="true" version="1" changeset="77139968" timestamp="2019-11-15T17:23:37Z" user="Arun Balaji" uid="3427745" lat="30.3325631" lon="78.0369233"/>
 <node id="6980573027" visible="true" version="1" changeset="77139968" timestamp="2019-11-15T17:23:37Z" user="Arun Balaji" uid="3427745" lat="30.3325966" lon="78.0368228"/>
 <node id="6980573028" visible="true" version="1" changeset="77139968" timestamp="2019-11-15T17:23:37Z" user="Arun Balaji" uid="3427745" lat="30.3330356" lon="78.0368441"/>
 <node id="6980573029" visible="true" version="1" changeset="77139968" timestamp="2019-11-15T17:23:37Z" user="Arun Balaji" uid="3427745" lat="30.3330090" lon="78.0369849"/>
 <node id="6980573030" visible="true" version="1" changeset="77139968" timestamp="2019-11-15T17:23:37Z" user="Arun Balaji" uid="3427745" lat="30.3329144" lon="78.0369609"/>
 <node id="6980573031" visible="true" version="1" changeset="77139968" timestamp="2019-11-15T17:23:37Z" user="Arun Balaji" uid="3427745" lat="30.3329410" lon="78.0368201"/>
 <node id="6980573032" visible="true" version="1" changeset="77139968" timestamp="2019-11-15T17:23:37Z" user="Arun Balaji" uid="3427745" lat="30.3329146" lon="78.0368181"/>
 <node id="6980573033" visible="true" version="1" changeset="77139968" timestamp="2019-11-15T17:23:37Z" user="Arun Balaji" uid="3427745" lat="30.3328862" lon="78.0369609"/>
 <node id="6980573034" visible="true" version="1" changeset="77139968" timestamp="2019-11-15T17:23:37Z" user="Arun Balaji" uid="3427745" lat="30.3328131" lon="78.0369414"/>
 <node id="6980573035" visible="true" version="1" changeset="77139968" timestamp="2019-11-15T17:23:37Z" user="Arun Balaji" uid="3427745" lat="30.3328414" lon="78.0367986"/>
 <node id="6980573036" visible="true" version="1" changeset="77139968" timestamp="2019-11-15T17:23:37Z" user="Arun Balaji" uid="3427745" lat="30.3327486" lon="78.0367775"/>
 <node id="6980573037" visible="true" version="1" changeset="77139968" timestamp="2019-11-15T17:23:37Z" user="Arun Balaji" uid="3427745" lat="30.3327145" lon="78.0369110"/>
 <node id="6980573038" visible="true" version="1" changeset="77139968" timestamp="2019-11-15T17:23:37Z" user="Arun Balaji" uid="3427745" lat="30.3327876" lon="78.0369361"/>
 <node id="6980573039" visible="true" version="1" changeset="77139968" timestamp="2019-11-15T17:23:37Z" user="Arun Balaji" uid="3427745" lat="30.3328218" lon="78.0368026"/>
 <node id="6980573040" visible="true" version="1" changeset="77139968" timestamp="2019-11-15T17:23:37Z" user="Arun Balaji" uid="3427745" lat="30.3328639" lon="78.0366213"/>
 <node id="6980573041" visible="true" version="1" changeset="77139968" timestamp="2019-11-15T17:23:37Z" user="Arun Balaji" uid="3427745" lat="30.3328355" lon="78.0367420"/>
 <node id="6980573042" visible="true" version="1" changeset="77139968" timestamp="2019-11-15T17:23:37Z" user="Arun Balaji" uid="3427745" lat="30.3329277" lon="78.0367711"/>
 <node id="6980573043" visible="true" version="1" changeset="77139968" timestamp="2019-11-15T17:23:37Z" user="Arun Balaji" uid="3427745" lat="30.3329560" lon="78.0366504"/>
 <node id="6980573044" visible="true" version="1" changeset="77139968" timestamp="2019-11-15T17:23:37Z" user="Arun Balaji" uid="3427745" lat="30.3329157" lon="78.0364065"/>
 <node id="6980573045" visible="true" version="1" changeset="77139968" timestamp="2019-11-15T17:23:37Z" user="Arun Balaji" uid="3427745" lat="30.3328185" lon="78.0363642"/>
 <node id="6980573046" visible="true" version="1" changeset="77139968" timestamp="2019-11-15T17:23:37Z" user="Arun Balaji" uid="3427745" lat="30.3328443" lon="78.0362843"/>
 <node id="6980573047" visible="true" version="1" changeset="77139968" timestamp="2019-11-15T17:23:37Z" user="Arun Balaji" uid="3427745" lat="30.3329416" lon="78.0363265"/>
 <node id="6980573048" visible="true" version="1" changeset="77139968" timestamp="2019-11-15T17:23:37Z" user="Arun Balaji" uid="3427745" lat="30.3328031" lon="78.0367103"/>
 <node id="6980573049" visible="true" version="1" changeset="77139968" timestamp="2019-11-15T17:23:37Z" user="Arun Balaji" uid="3427745" lat="30.3327307" lon="78.0366888"/>
 <node id="6980573050" visible="true" version="1" changeset="77139968" timestamp="2019-11-15T17:23:37Z" user="Arun Balaji" uid="3427745" lat="30.3327552" lon="78.0365780"/>
 <node id="6980573051" visible="true" version="1" changeset="77139968" timestamp="2019-11-15T17:23:37Z" user="Arun Balaji" uid="3427745" lat="30.3328275" lon="78.0365995"/>
 <node id="6980573052" visible="true" version="1" changeset="77139968" timestamp="2019-11-15T17:23:37Z" user="Arun Balaji" uid="3427745" lat="30.3328000" lon="78.0364384"/>
 <node id="6980573053" visible="true" version="1" changeset="77139968" timestamp="2019-11-15T17:23:37Z" user="Arun Balaji" uid="3427745" lat="30.3327699" lon="78.0365484"/>
 <node id="6980573054" visible="true" version="1" changeset="77139968" timestamp="2019-11-15T17:23:37Z" user="Arun Balaji" uid="3427745" lat="30.3328652" lon="78.0365834"/>
 <node id="6980573055" visible="true" version="1" changeset="77139968" timestamp="2019-11-15T17:23:37Z" user="Arun Balaji" uid="3427745" lat="30.3328953" lon="78.0364734"/>
 <node id="6980573056" visible="true" version="1" changeset="77139968" timestamp="2019-11-15T17:23:37Z" user="Arun Balaji" uid="3427745" lat="30.3326925" lon="78.0365944"/>
 <node id="6980573057" visible="true" version="1" changeset="77139968" timestamp="2019-11-15T17:23:37Z" user="Arun Balaji" uid="3427745" lat="30.3326039" lon="78.0365615"/>
 <node id="6980573058" visible="true" version="1" changeset="77139968" timestamp="2019-11-15T17:23:37Z" user="Arun Balaji" uid="3427745" lat="30.3326290" lon="78.0364707"/>
 <node id="6980573059" visible="true" version="1" changeset="77139968" timestamp="2019-11-15T17:23:37Z" user="Arun Balaji" uid="3427745" lat="30.3327176" lon="78.0365036"/>
 <node id="6980573060" visible="true" version="1" changeset="77139968" timestamp="2019-11-15T17:23:37Z" user="Arun Balaji" uid="3427745" lat="30.3327194" lon="78.0364868"/>
 <node id="6980573061" visible="true" version="1" changeset="77139968" timestamp="2019-11-15T17:23:37Z" user="Arun Balaji" uid="3427745" lat="30.3326401" lon="78.0364586"/>
 <node id="6980573062" visible="true" version="1" changeset="77139968" timestamp="2019-11-15T17:23:37Z" user="Arun Balaji" uid="3427745" lat="30.3326655" lon="78.0363628"/>
 <node id="6980573063" visible="true" version="1" changeset="77139968" timestamp="2019-11-15T17:23:37Z" user="Arun Balaji" uid="3427745" lat="30.3327448" lon="78.0363909"/>
 <node id="6980573064" visible="true" version="1" changeset="77139968" timestamp="2019-11-15T17:23:37Z" user="Arun Balaji" uid="3427745" lat="30.3327916" lon="78.0361920"/>
 <node id="6980573065" visible="true" version="1" changeset="77139968" timestamp="2019-11-15T17:23:37Z" user="Arun Balaji" uid="3427745" lat="30.3327048" lon="78.0361444"/>
 <node id="6980573066" visible="true" version="1" changeset="77139968" timestamp="2019-11-15T17:23:37Z" user="Arun Balaji" uid="3427745" lat="30.3327413" lon="78.0360550"/>
 <node id="6980573067" visible="true" version="1" changeset="77139968" timestamp="2019-11-15T17:23:37Z" user="Arun Balaji" uid="3427745" lat="30.3328281" lon="78.0361026"/>
 <node id="6980573068" visible="true" version="1" changeset="77139968" timestamp="2019-11-15T17:23:37Z" user="Arun Balaji" uid="3427745" lat="30.3327630" lon="78.0362788"/>
 <node id="6980573069" visible="true" version="1" changeset="77139968" timestamp="2019-11-15T17:23:37Z" user="Arun Balaji" uid="3427745" lat="30.3326860" lon="78.0362399"/>
 <node id="6980573070" visible="true" version="1" changeset="77139968" timestamp="2019-11-15T17:23:37Z" user="Arun Balaji" uid="3427745" lat="30.3327112" lon="78.0361730"/>
 <node id="6980573071" visible="true" version="1" changeset="77139968" timestamp="2019-11-15T17:23:37Z" user="Arun Balaji" uid="3427745" lat="30.3327882" lon="78.0362119"/>
 <node id="6980573072" visible="true" version="1" changeset="77139968" timestamp="2019-11-15T17:23:37Z" user="Arun Balaji" uid="3427745" lat="30.3327573" lon="78.0363679"/>
 <node id="6980573073" visible="true" version="1" changeset="77139968" timestamp="2019-11-15T17:23:37Z" user="Arun Balaji" uid="3427745" lat="30.3326416" lon="78.0363169"/>
 <node id="6980573074" visible="true" version="1" changeset="77139968" timestamp="2019-11-15T17:23:37Z" user="Arun Balaji" uid="3427745" lat="30.3326655" lon="78.0362441"/>
 <node id="6980573075" visible="true" version="1" changeset="77139968" timestamp="2019-11-15T17:23:37Z" user="Arun Balaji" uid="3427745" lat="30.3327812" lon="78.0362950"/>
 <node id="6980573076" visible="true" version="1" changeset="77139968" timestamp="2019-11-15T17:23:37Z" user="Arun Balaji" uid="3427745" lat="30.3325579" lon="78.0363364"/>
 <node id="6980573077" visible="true" version="1" changeset="77139968" timestamp="2019-11-15T17:23:37Z" user="Arun Balaji" uid="3427745" lat="30.3324688" lon="78.0362888"/>
 <node id="6980573078" visible="true" version="1" changeset="77139968" timestamp="2019-11-15T17:23:37Z" user="Arun Balaji" uid="3427745" lat="30.3325069" lon="78.0361931"/>
 <node id="6980573079" visible="true" version="1" changeset="77139968" timestamp="2019-11-15T17:23:37Z" user="Arun Balaji" uid="3427745" lat="30.3325960" lon="78.0362407"/>
 <node id="6980573080" visible="true" version="1" changeset="77139968" timestamp="2019-11-15T17:23:37Z" user="Arun Balaji" uid="3427745" lat="30.3325438" lon="78.0361235"/>
 <node id="6980573081" visible="true" version="1" changeset="77139968" timestamp="2019-11-15T17:23:37Z" user="Arun Balaji" uid="3427745" lat="30.3325137" lon="78.0361105"/>
 <node id="6980573082" visible="true" version="1" changeset="77139968" timestamp="2019-11-15T17:23:37Z" user="Arun Balaji" uid="3427745" lat="30.3325999" lon="78.0361908"/>
 <node id="6980573083" visible="true" version="1" changeset="77139968" timestamp="2019-11-15T17:23:37Z" user="Arun Balaji" uid="3427745" lat="30.3325316" lon="78.0361615"/>
 <node id="6980573084" visible="true" version="1" changeset="77139968" timestamp="2019-11-15T17:23:37Z" user="Arun Balaji" uid="3427745" lat="30.3325387" lon="78.0360322"/>
 <node id="6980573085" visible="true" version="1" changeset="77139968" timestamp="2019-11-15T17:23:37Z" user="Arun Balaji" uid="3427745" lat="30.3326371" lon="78.0360744"/>
 <node id="6980573086" visible="true" version="1" changeset="77139968" timestamp="2019-11-15T17:23:37Z" user="Arun Balaji" uid="3427745" lat="30.3324942" lon="78.0355986"/>
 <node id="6980573087" visible="true" version="1" changeset="77139968" timestamp="2019-11-15T17:23:37Z" user="Arun Balaji" uid="3427745" lat="30.3324456" lon="78.0357628"/>
 <node id="6980573088" visible="true" version="1" changeset="77139968" timestamp="2019-11-15T17:23:37Z" user="Arun Balaji" uid="3427745" lat="30.3325463" lon="78.0358028"/>
 <node id="6980573089" visible="true" version="1" changeset="77139968" timestamp="2019-11-15T17:23:37Z" user="Arun Balaji" uid="3427745" lat="30.3325949" lon="78.0356386"/>
 <node id="6980573090" visible="true" version="1" changeset="77139968" timestamp="2019-11-15T17:23:37Z" user="Arun Balaji" uid="3427745" lat="30.3324255" lon="78.0368474"/>
 <node id="6980573091" visible="true" version="1" changeset="77139968" timestamp="2019-11-15T17:23:37Z" user="Arun Balaji" uid="3427745" lat="30.3323178" lon="78.0368012"/>
 <node id="6980573092" visible="true" version="1" changeset="77139968" timestamp="2019-11-15T17:23:37Z" user="Arun Balaji" uid="3427745" lat="30.3323449" lon="78.0367168"/>
 <node id="6980573093" visible="true" version="1" changeset="77139968" timestamp="2019-11-15T17:23:37Z" user="Arun Balaji" uid="3427745" lat="30.3324525" lon="78.0367631"/>
 <node id="6980573094" visible="true" version="1" changeset="77139968" timestamp="2019-11-15T17:23:37Z" user="Arun Balaji" uid="3427745" lat="30.3323867" lon="78.0366937"/>
 <node id="6980573095" visible="true" version="1" changeset="77139968" timestamp="2019-11-15T17:23:37Z" user="Arun Balaji" uid="3427745" lat="30.3322622" lon="78.0366280"/>
 <node id="6980573096" visible="true" version="1" changeset="77139968" timestamp="2019-11-15T17:23:37Z" user="Arun Balaji" uid="3427745" lat="30.3322980" lon="78.0365371"/>
 <node id="6980573097" visible="true" version="1" changeset="77139968" timestamp="2019-11-15T17:23:37Z" user="Arun Balaji" uid="3427745" lat="30.3324224" lon="78.0366028"/>
 <node id="6980573098" visible="true" version="1" changeset="77139968" timestamp="2019-11-15T17:23:37Z" user="Arun Balaji" uid="3427745" lat="30.3324681" lon="78.0359929"/>
 <node id="6980573099" visible="true" version="1" changeset="77139968" timestamp="2019-11-15T17:23:37Z" user="Arun Balaji" uid="3427745" lat="30.3323610" lon="78.0359386"/>
 <node id="6980573100" visible="true" version="1" changeset="77139968" timestamp="2019-11-15T17:23:37Z" user="Arun Balaji" uid="3427745" lat="30.3323883" lon="78.0358665"/>
 <node id="6980573101" visible="true" version="1" changeset="77139968" timestamp="2019-11-15T17:23:37Z" user="Arun Balaji" uid="3427745" lat="30.3324953" lon="78.0359209"/>
 <node id="6980573102" visible="true" version="1" changeset="77139968" timestamp="2019-11-15T17:23:37Z" user="Arun Balaji" uid="3427745" lat="30.3324373" lon="78.0360962"/>
 <node id="6980573103" visible="true" version="1" changeset="77139968" timestamp="2019-11-15T17:23:37Z" user="Arun Balaji" uid="3427745" lat="30.3323169" lon="78.0360372"/>
 <node id="6980573104" visible="true" version="1" changeset="77139968" timestamp="2019-11-15T17:23:37Z" user="Arun Balaji" uid="3427745" lat="30.3323501" lon="78.0359463"/>
 <node id="6980573105" visible="true" version="1" changeset="77139968" timestamp="2019-11-15T17:23:37Z" user="Arun Balaji" uid="3427745" lat="30.3324705" lon="78.0360053"/>
 <node id="6980573106" visible="true" version="1" changeset="77139968" timestamp="2019-11-15T17:23:37Z" user="Arun Balaji" uid="3427745" lat="30.3323727" lon="78.0362353"/>
 <node id="6980573107" visible="true" version="1" changeset="77139968" timestamp="2019-11-15T17:23:37Z" user="Arun Balaji" uid="3427745" lat="30.3322563" lon="78.0361669"/>
 <node id="6980573108" visible="true" version="1" changeset="77139968" timestamp="2019-11-15T17:23:37Z" user="Arun Balaji" uid="3427745" lat="30.3322962" lon="78.0360758"/>
 <node id="6980573109" visible="true" version="1" changeset="77139968" timestamp="2019-11-15T17:23:37Z" user="Arun Balaji" uid="3427745" lat="30.3324126" lon="78.0361442"/>
 <node id="6980573110" visible="true" version="1" changeset="77139968" timestamp="2019-11-15T17:23:37Z" user="Arun Balaji" uid="3427745" lat="30.3323840" lon="78.0363793"/>
 <node id="6980573111" visible="true" version="1" changeset="77139968" timestamp="2019-11-15T17:23:37Z" user="Arun Balaji" uid="3427745" lat="30.3323076" lon="78.0363398"/>
 <node id="6980573112" visible="true" version="1" changeset="77139968" timestamp="2019-11-15T17:23:37Z" user="Arun Balaji" uid="3427745" lat="30.3323414" lon="78.0362521"/>
 <node id="6980573113" visible="true" version="1" changeset="77139968" timestamp="2019-11-15T17:23:37Z" user="Arun Balaji" uid="3427745" lat="30.3324178" lon="78.0362917"/>
 <node id="6980573114" visible="true" version="1" changeset="77139968" timestamp="2019-11-15T17:23:37Z" user="Arun Balaji" uid="3427745" lat="30.3322838" lon="78.0364903"/>
 <node id="6980573115" visible="true" version="1" changeset="77139968" timestamp="2019-11-15T17:23:37Z" user="Arun Balaji" uid="3427745" lat="30.3321687" lon="78.0364313"/>
 <node id="6980573116" visible="true" version="1" changeset="77139968" timestamp="2019-11-15T17:23:37Z" user="Arun Balaji" uid="3427745" lat="30.3322158" lon="78.0363078"/>
 <node id="6980573117" visible="true" version="1" changeset="77139968" timestamp="2019-11-15T17:23:37Z" user="Arun Balaji" uid="3427745" lat="30.3323310" lon="78.0363668"/>
 <node id="6980573118" visible="true" version="1" changeset="77139968" timestamp="2019-11-15T17:23:37Z" user="Arun Balaji" uid="3427745" lat="30.3321241" lon="78.0366550"/>
 <node id="6980573119" visible="true" version="1" changeset="77139968" timestamp="2019-11-15T17:23:37Z" user="Arun Balaji" uid="3427745" lat="30.3320622" lon="78.0367227"/>
 <node id="6980573120" visible="true" version="1" changeset="77139968" timestamp="2019-11-15T17:23:37Z" user="Arun Balaji" uid="3427745" lat="30.3320208" lon="78.0366719"/>
 <node id="6980573121" visible="true" version="1" changeset="77139968" timestamp="2019-11-15T17:23:37Z" user="Arun Balaji" uid="3427745" lat="30.3320827" lon="78.0366042"/>
 <node id="6980573134" visible="true" version="1" changeset="77139968" timestamp="2019-11-15T17:23:37Z" user="Arun Balaji" uid="3427745" lat="30.3321363" lon="78.0353165"/>
 <node id="6980573135" visible="true" version="1" changeset="77139968" timestamp="2019-11-15T17:23:37Z" user="Arun Balaji" uid="3427745" lat="30.3321687" lon="78.0354332"/>
 <node id="6980573136" visible="true" version="1" changeset="77139968" timestamp="2019-11-15T17:23:37Z" user="Arun Balaji" uid="3427745" lat="30.3321053" lon="78.0354568"/>
 <node id="6980573137" visible="true" version="1" changeset="77139968" timestamp="2019-11-15T17:23:37Z" user="Arun Balaji" uid="3427745" lat="30.3320728" lon="78.0353402"/>
 <node id="6980573154" visible="true" version="1" changeset="77139968" timestamp="2019-11-15T17:23:37Z" user="Arun Balaji" uid="3427745" lat="30.3321687" lon="78.0357131"/>
 <node id="6980573155" visible="true" version="1" changeset="77139968" timestamp="2019-11-15T17:23:37Z" user="Arun Balaji" uid="3427745" lat="30.3320691" lon="78.0356749"/>
 <node id="6980573156" visible="true" version="1" changeset="77139968" timestamp="2019-11-15T17:23:37Z" user="Arun Balaji" uid="3427745" lat="30.3320960" lon="78.0355809"/>
 <node id="6980573157" visible="true" version="1" changeset="77139968" timestamp="2019-11-15T17:23:37Z" user="Arun Balaji" uid="3427745" lat="30.3321955" lon="78.0356191"/>
 <node id="6980573158" visible="true" version="1" changeset="77139968" timestamp="2019-11-15T17:23:37Z" user="Arun Balaji" uid="3427745" lat="30.3321512" lon="78.0358512"/>
 <node id="6980573159" visible="true" version="1" changeset="77139968" timestamp="2019-11-15T17:23:37Z" user="Arun Balaji" uid="3427745" lat="30.3320441" lon="78.0358049"/>
 <node id="6980573160" visible="true" version="1" changeset="77139968" timestamp="2019-11-15T17:23:37Z" user="Arun Balaji" uid="3427745" lat="30.3320763" lon="78.0357049"/>
 <node id="6980573161" visible="true" version="1" changeset="77139968" timestamp="2019-11-15T17:23:37Z" user="Arun Balaji" uid="3427745" lat="30.3321834" lon="78.0357512"/>
 <node id="6980573162" visible="true" version="1" changeset="77139968" timestamp="2019-11-15T17:23:37Z" user="Arun Balaji" uid="3427745" lat="30.3321156" lon="78.0359575"/>
 <node id="6980573163" visible="true" version="1" changeset="77139968" timestamp="2019-11-15T17:23:37Z" user="Arun Balaji" uid="3427745" lat="30.3320207" lon="78.0359186"/>
 <node id="6980573164" visible="true" version="1" changeset="77139968" timestamp="2019-11-15T17:23:37Z" user="Arun Balaji" uid="3427745" lat="30.3320474" lon="78.0358310"/>
 <node id="6980573165" visible="true" version="1" changeset="77139968" timestamp="2019-11-15T17:23:37Z" user="Arun Balaji" uid="3427745" lat="30.3321423" lon="78.0358699"/>
 <node id="6983058206" visible="true" version="1" changeset="77170573" timestamp="2019-11-16T17:27:49Z" user="Arun Balaji" uid="3427745" lat="30.3329294" lon="78.0382639"/>
 <node id="6983058207" visible="true" version="1" changeset="77170573" timestamp="2019-11-16T17:27:49Z" user="Arun Balaji" uid="3427745" lat="30.3329271" lon="78.0382097"/>
 <node id="6983058208" visible="true" version="1" changeset="77170573" timestamp="2019-11-16T17:27:49Z" user="Arun Balaji" uid="3427745" lat="30.3328569" lon="78.0381618"/>
 <node id="6983058209" visible="true" version="1" changeset="77170573" timestamp="2019-11-16T17:27:49Z" user="Arun Balaji" uid="3427745" lat="30.3328558" lon="78.0382644"/>
 <node id="6983058210" visible="true" version="1" changeset="77170573" timestamp="2019-11-16T17:27:49Z" user="Arun Balaji" uid="3427745" lat="30.3328171" lon="78.0382638"/>
 <node id="6983058211" visible="true" version="1" changeset="77170573" timestamp="2019-11-16T17:27:49Z" user="Arun Balaji" uid="3427745" lat="30.3328183" lon="78.0381612"/>
 <node id="6983058212" visible="true" version="1" changeset="77170573" timestamp="2019-11-16T17:27:49Z" user="Arun Balaji" uid="3427745" lat="30.3327961" lon="78.0381451"/>
 <node id="6983058213" visible="true" version="1" changeset="77170573" timestamp="2019-11-16T17:27:49Z" user="Arun Balaji" uid="3427745" lat="30.3328031" lon="78.0382732"/>
 <node id="6983058214" visible="true" version="1" changeset="77170573" timestamp="2019-11-16T17:27:49Z" user="Arun Balaji" uid="3427745" lat="30.3327671" lon="78.0382758"/>
 <node id="6983058215" visible="true" version="1" changeset="77170573" timestamp="2019-11-16T17:27:49Z" user="Arun Balaji" uid="3427745" lat="30.3327601" lon="78.0381478"/>
 <node id="6983058216" visible="true" version="1" changeset="77170573" timestamp="2019-11-16T17:27:49Z" user="Arun Balaji" uid="3427745" lat="30.3326723" lon="78.0382203"/>
 <node id="6983058217" visible="true" version="1" changeset="77170573" timestamp="2019-11-16T17:27:49Z" user="Arun Balaji" uid="3427745" lat="30.3326753" lon="78.0382913"/>
 <node id="6983058218" visible="true" version="1" changeset="77170573" timestamp="2019-11-16T17:27:49Z" user="Arun Balaji" uid="3427745" lat="30.3327583" lon="78.0382865"/>
 <node id="6983058219" visible="true" version="1" changeset="77170573" timestamp="2019-11-16T17:27:49Z" user="Arun Balaji" uid="3427745" lat="30.3327552" lon="78.0382155"/>
 <node id="6983058220" visible="true" version="1" changeset="77170573" timestamp="2019-11-16T17:27:49Z" user="Arun Balaji" uid="3427745" lat="30.3326577" lon="78.0381517"/>
 <node id="6983058221" visible="true" version="1" changeset="77170573" timestamp="2019-11-16T17:27:49Z" user="Arun Balaji" uid="3427745" lat="30.3326603" lon="78.0382115"/>
 <node id="6983058222" visible="true" version="1" changeset="77170573" timestamp="2019-11-16T17:27:49Z" user="Arun Balaji" uid="3427745" lat="30.3327404" lon="78.0382068"/>
 <node id="6983058223" visible="true" version="1" changeset="77170573" timestamp="2019-11-16T17:27:49Z" user="Arun Balaji" uid="3427745" lat="30.3327378" lon="78.0381471"/>
 <node id="6983058224" visible="true" version="1" changeset="77170573" timestamp="2019-11-16T17:27:49Z" user="Arun Balaji" uid="3427745" lat="30.3328830" lon="78.0381563"/>
 <node id="6983058225" visible="true" version="1" changeset="77170573" timestamp="2019-11-16T17:27:49Z" user="Arun Balaji" uid="3427745" lat="30.3328878" lon="78.0382663"/>
 <node id="6983058226" visible="true" version="1" changeset="77170573" timestamp="2019-11-16T17:27:49Z" user="Arun Balaji" uid="3427745" lat="30.3329752" lon="78.0382069"/>
 <node id="6983058227" visible="true" version="1" changeset="77170573" timestamp="2019-11-16T17:27:49Z" user="Arun Balaji" uid="3427745" lat="30.3329728" lon="78.0381511"/>
 <node id="6983058228" visible="true" version="1" changeset="77170573" timestamp="2019-11-16T17:27:49Z" user="Arun Balaji" uid="3427745" lat="30.3328291" lon="78.0382909"/>
 <node id="6983058229" visible="true" version="1" changeset="77170573" timestamp="2019-11-16T17:27:49Z" user="Arun Balaji" uid="3427745" lat="30.3328322" lon="78.0383630"/>
 <node id="6983058230" visible="true" version="1" changeset="77170573" timestamp="2019-11-16T17:27:49Z" user="Arun Balaji" uid="3427745" lat="30.3329071" lon="78.0383587"/>
 <node id="6983058231" visible="true" version="1" changeset="77170573" timestamp="2019-11-16T17:27:49Z" user="Arun Balaji" uid="3427745" lat="30.3329039" lon="78.0382866"/>
 <node id="6983058232" visible="true" version="1" changeset="77170573" timestamp="2019-11-16T17:27:49Z" user="Arun Balaji" uid="3427745" lat="30.3327491" lon="78.0382976"/>
 <node id="6983058233" visible="true" version="1" changeset="77170573" timestamp="2019-11-16T17:27:49Z" user="Arun Balaji" uid="3427745" lat="30.3327540" lon="78.0384133"/>
 <node id="6983058234" visible="true" version="1" changeset="77170573" timestamp="2019-11-16T17:27:49Z" user="Arun Balaji" uid="3427745" lat="30.3328169" lon="78.0384097"/>
 <node id="6983058235" visible="true" version="1" changeset="77170573" timestamp="2019-11-16T17:27:49Z" user="Arun Balaji" uid="3427745" lat="30.3328119" lon="78.0382939"/>
 <node id="6983058236" visible="true" version="1" changeset="77170573" timestamp="2019-11-16T17:27:49Z" user="Arun Balaji" uid="3427745" lat="30.3326693" lon="78.0383958"/>
 <node id="6983058237" visible="true" version="1" changeset="77170573" timestamp="2019-11-16T17:27:49Z" user="Arun Balaji" uid="3427745" lat="30.3327225" lon="78.0383927"/>
 <node id="6983058238" visible="true" version="1" changeset="77170573" timestamp="2019-11-16T17:27:49Z" user="Arun Balaji" uid="3427745" lat="30.3326710" lon="78.0384359"/>
 <node id="6983058239" visible="true" version="1" changeset="77170573" timestamp="2019-11-16T17:27:49Z" user="Arun Balaji" uid="3427745" lat="30.3326354" lon="78.0384380"/>
 <node id="6983058240" visible="true" version="1" changeset="77170573" timestamp="2019-11-16T17:27:49Z" user="Arun Balaji" uid="3427745" lat="30.3326302" lon="78.0383174"/>
 <node id="6983058241" visible="true" version="1" changeset="77170573" timestamp="2019-11-16T17:27:49Z" user="Arun Balaji" uid="3427745" lat="30.3327190" lon="78.0383123"/>
 <node id="6983058242" visible="true" version="1" changeset="77170573" timestamp="2019-11-16T17:27:49Z" user="Arun Balaji" uid="3427745" lat="30.3331762" lon="78.0364970"/>
 <node id="6983058243" visible="true" version="1" changeset="77170573" timestamp="2019-11-16T17:27:49Z" user="Arun Balaji" uid="3427745" lat="30.3331114" lon="78.0364990"/>
 <node id="6983058244" visible="true" version="1" changeset="77170573" timestamp="2019-11-16T17:27:49Z" user="Arun Balaji" uid="3427745" lat="30.3331100" lon="78.0364365"/>
 <node id="6983058245" visible="true" version="1" changeset="77170573" timestamp="2019-11-16T17:27:49Z" user="Arun Balaji" uid="3427745" lat="30.3331748" lon="78.0364345"/>
 <node id="6983058246" visible="true" version="1" changeset="77170573" timestamp="2019-11-16T17:27:49Z" user="Arun Balaji" uid="3427745" lat="30.3331227" lon="78.0365215"/>
 <node id="6983058247" visible="true" version="1" changeset="77170573" timestamp="2019-11-16T17:27:49Z" user="Arun Balaji" uid="3427745" lat="30.3331233" lon="78.0365912"/>
 <node id="6983058248" visible="true" version="1" changeset="77170573" timestamp="2019-11-16T17:27:49Z" user="Arun Balaji" uid="3427745" lat="30.3331667" lon="78.0365907"/>
 <node id="6983058249" visible="true" version="1" changeset="77170573" timestamp="2019-11-16T17:27:49Z" user="Arun Balaji" uid="3427745" lat="30.3331661" lon="78.0365210"/>
 <node id="6983058250" visible="true" version="1" changeset="77170573" timestamp="2019-11-16T17:27:49Z" user="Arun Balaji" uid="3427745" lat="30.3332309" lon="78.0366962"/>
 <node id="6983058251" visible="true" version="1" changeset="77170573" timestamp="2019-11-16T17:27:49Z" user="Arun Balaji" uid="3427745" lat="30.3331516" lon="78.0366988"/>
 <node id="6983058252" visible="true" version="1" changeset="77170573" timestamp="2019-11-16T17:27:49Z" user="Arun Balaji" uid="3427745" lat="30.3331493" lon="78.0366102"/>
 <node id="6983058253" visible="true" version="1" changeset="77170573" timestamp="2019-11-16T17:27:49Z" user="Arun Balaji" uid="3427745" lat="30.3332286" lon="78.0366075"/>
 <node id="6983058254" visible="true" version="1" changeset="77170573" timestamp="2019-11-16T17:27:49Z" user="Arun Balaji" uid="3427745" lat="30.3331304" lon="78.0367405"/>
 <node id="6983058255" visible="true" version="1" changeset="77170573" timestamp="2019-11-16T17:27:49Z" user="Arun Balaji" uid="3427745" lat="30.3330164" lon="78.0367478"/>
 <node id="6983058256" visible="true" version="1" changeset="77170573" timestamp="2019-11-16T17:27:49Z" user="Arun Balaji" uid="3427745" lat="30.3330099" lon="78.0366122"/>
 <node id="6983058257" visible="true" version="1" changeset="77170573" timestamp="2019-11-16T17:27:49Z" user="Arun Balaji" uid="3427745" lat="30.3331239" lon="78.0366048"/>
 <node id="6983058258" visible="true" version="1" changeset="77170573" timestamp="2019-11-16T17:27:49Z" user="Arun Balaji" uid="3427745" lat="30.3331001" lon="78.0365981"/>
 <node id="6983058259" visible="true" version="1" changeset="77170573" timestamp="2019-11-16T17:27:49Z" user="Arun Balaji" uid="3427745" lat="30.3330006" lon="78.0366015"/>
 <node id="6983058260" visible="true" version="1" changeset="77170573" timestamp="2019-11-16T17:27:49Z" user="Arun Balaji" uid="3427745" lat="30.3329989" lon="78.0365331"/>
 <node id="6983058261" visible="true" version="1" changeset="77170573" timestamp="2019-11-16T17:27:49Z" user="Arun Balaji" uid="3427745" lat="30.3330984" lon="78.0365297"/>
 <node id="6983058262" visible="true" version="1" changeset="77170573" timestamp="2019-11-16T17:27:49Z" user="Arun Balaji" uid="3427745" lat="30.3330925" lon="78.0365157"/>
 <node id="6983058263" visible="true" version="1" changeset="77170573" timestamp="2019-11-16T17:27:49Z" user="Arun Balaji" uid="3427745" lat="30.3329692" lon="78.0365143"/>
 <node id="6983058264" visible="true" version="1" changeset="77170573" timestamp="2019-11-16T17:27:49Z" user="Arun Balaji" uid="3427745" lat="30.3329699" lon="78.0364231"/>
 <node id="6983058265" visible="true" version="1" changeset="77170573" timestamp="2019-11-16T17:27:49Z" user="Arun Balaji" uid="3427745" lat="30.3330932" lon="78.0364244"/>
 <node id="6983058266" visible="true" version="1" changeset="77170573" timestamp="2019-11-16T17:27:49Z" user="Arun Balaji" uid="3427745" lat="30.3329838" lon="78.0362390"/>
 <node id="6983058267" visible="true" version="1" changeset="77170573" timestamp="2019-11-16T17:27:49Z" user="Arun Balaji" uid="3427745" lat="30.3329780" lon="78.0363509"/>
 <node id="6983058268" visible="true" version="1" changeset="77170573" timestamp="2019-11-16T17:27:49Z" user="Arun Balaji" uid="3427745" lat="30.3330411" lon="78.0363500"/>
 <node id="6983058269" visible="true" version="1" changeset="77170573" timestamp="2019-11-16T17:27:49Z" user="Arun Balaji" uid="3427745" lat="30.3330405" lon="78.0362970"/>
 <node id="6983058270" visible="true" version="1" changeset="77170573" timestamp="2019-11-16T17:27:49Z" user="Arun Balaji" uid="3427745" lat="30.3328750" lon="78.0362092"/>
 <node id="6983058271" visible="true" version="1" changeset="77170573" timestamp="2019-11-16T17:27:49Z" user="Arun Balaji" uid="3427745" lat="30.3328918" lon="78.0361737"/>
 <node id="6983058272" visible="true" version="1" changeset="77170573" timestamp="2019-11-16T17:27:49Z" user="Arun Balaji" uid="3427745" lat="30.3328727" lon="78.0362649"/>
 <node id="6983058273" visible="true" version="1" changeset="77170573" timestamp="2019-11-16T17:27:49Z" user="Arun Balaji" uid="3427745" lat="30.3328877" lon="78.0362756"/>
 <node id="6983058274" visible="true" version="1" changeset="77170573" timestamp="2019-11-16T17:27:49Z" user="Arun Balaji" uid="3427745" lat="30.3329178" lon="78.0362876"/>
 <node id="6983058275" visible="true" version="1" changeset="77170573" timestamp="2019-11-16T17:27:49Z" user="Arun Balaji" uid="3427745" lat="30.3329663" lon="78.0363046"/>
 <node id="6983058276" visible="true" version="1" changeset="77170573" timestamp="2019-11-16T17:27:49Z" user="Arun Balaji" uid="3427745" lat="30.3328623" lon="78.0362548"/>
 <node id="6983058277" visible="true" version="1" changeset="77170573" timestamp="2019-11-16T17:27:49Z" user="Arun Balaji" uid="3427745" lat="30.3329163" lon="78.0361407"/>
 <node id="6983058278" visible="true" version="1" changeset="77170573" timestamp="2019-11-16T17:27:49Z" user="Arun Balaji" uid="3427745" lat="30.3329740" lon="78.0362058"/>
 <node id="6983058279" visible="true" version="1" changeset="77170573" timestamp="2019-11-16T17:27:49Z" user="Arun Balaji" uid="3427745" lat="30.3330934" lon="78.0362311"/>
 <node id="6983058280" visible="true" version="1" changeset="77170573" timestamp="2019-11-16T17:27:49Z" user="Arun Balaji" uid="3427745" lat="30.3331351" lon="78.0361875"/>
 <node id="6983058281" visible="true" version="1" changeset="77170573" timestamp="2019-11-16T17:27:49Z" user="Arun Balaji" uid="3427745" lat="30.3330606" lon="78.0361891"/>
 <node id="6983058282" visible="true" version="1" changeset="77170573" timestamp="2019-11-16T17:27:49Z" user="Arun Balaji" uid="3427745" lat="30.3330132" lon="78.0362386"/>
 <node id="6983058283" visible="true" version="1" changeset="77170573" timestamp="2019-11-16T17:27:49Z" user="Arun Balaji" uid="3427745" lat="30.3330718" lon="78.0363138"/>
 <node id="6983058284" visible="true" version="1" changeset="77170573" timestamp="2019-11-16T17:27:49Z" user="Arun Balaji" uid="3427745" lat="30.3331609" lon="78.0362206"/>
 <node id="6983067119" visible="true" version="1" changeset="77170809" timestamp="2019-11-16T17:38:53Z" user="Arun Balaji" uid="3427745" lat="30.3339016" lon="78.0362440"/>
 <node id="6983067120" visible="true" version="1" changeset="77170809" timestamp="2019-11-16T17:38:53Z" user="Arun Balaji" uid="3427745" lat="30.3338241" lon="78.0361904"/>
 <node id="6983067121" visible="true" version="1" changeset="77170809" timestamp="2019-11-16T17:38:53Z" user="Arun Balaji" uid="3427745" lat="30.3338496" lon="78.0361408"/>
 <node id="6983067122" visible="true" version="1" changeset="77170809" timestamp="2019-11-16T17:38:53Z" user="Arun Balaji" uid="3427745" lat="30.3339272" lon="78.0361944"/>
 <node id="6983067123" visible="true" version="1" changeset="77170809" timestamp="2019-11-16T17:38:53Z" user="Arun Balaji" uid="3427745" lat="30.3339927" lon="78.0362318"/>
 <node id="6983067124" visible="true" version="1" changeset="77170809" timestamp="2019-11-16T17:38:53Z" user="Arun Balaji" uid="3427745" lat="30.3339418" lon="78.0363257"/>
 <node id="6983067125" visible="true" version="1" changeset="77170809" timestamp="2019-11-16T17:38:53Z" user="Arun Balaji" uid="3427745" lat="30.3338942" lon="78.0362910"/>
 <node id="6983067126" visible="true" version="1" changeset="77170809" timestamp="2019-11-16T17:38:53Z" user="Arun Balaji" uid="3427745" lat="30.3339451" lon="78.0361971"/>
 <node id="6983067127" visible="true" version="2" changeset="126444892" timestamp="2022-09-21T03:58:23Z" user="VLD135" uid="10352928" lat="30.3336031" lon="78.0358419"/>
 <node id="6983067128" visible="true" version="2" changeset="126444892" timestamp="2022-09-21T03:58:23Z" user="VLD135" uid="10352928" lat="30.3334983" lon="78.0358198"/>
 <node id="6983067129" visible="true" version="2" changeset="126444892" timestamp="2022-09-21T03:58:23Z" user="VLD135" uid="10352928" lat="30.3335134" lon="78.0357237"/>
 <node id="6983067130" visible="true" version="2" changeset="126444892" timestamp="2022-09-21T03:58:23Z" user="VLD135" uid="10352928" lat="30.3336182" lon="78.0357459"/>
 <node id="6983067131" visible="true" version="1" changeset="77170809" timestamp="2019-11-16T17:38:53Z" user="Arun Balaji" uid="3427745" lat="30.3333840" lon="78.0358863"/>
 <node id="6983067132" visible="true" version="1" changeset="77170809" timestamp="2019-11-16T17:38:53Z" user="Arun Balaji" uid="3427745" lat="30.3333035" lon="78.0358688"/>
 <node id="6983067133" visible="true" version="1" changeset="77170809" timestamp="2019-11-16T17:38:53Z" user="Arun Balaji" uid="3427745" lat="30.3333212" lon="78.0357593"/>
 <node id="6983067134" visible="true" version="1" changeset="77170809" timestamp="2019-11-16T17:38:53Z" user="Arun Balaji" uid="3427745" lat="30.3334017" lon="78.0357767"/>
 <node id="6983067135" visible="true" version="1" changeset="77170809" timestamp="2019-11-16T17:38:53Z" user="Arun Balaji" uid="3427745" lat="30.3332633" lon="78.0357473"/>
 <node id="6983067136" visible="true" version="1" changeset="77170809" timestamp="2019-11-16T17:38:53Z" user="Arun Balaji" uid="3427745" lat="30.3332494" lon="78.0358345"/>
 <node id="6983067137" visible="true" version="1" changeset="77170809" timestamp="2019-11-16T17:38:53Z" user="Arun Balaji" uid="3427745" lat="30.3332958" lon="78.0358444"/>
 <node id="6983067138" visible="true" version="1" changeset="77170809" timestamp="2019-11-16T17:38:53Z" user="Arun Balaji" uid="3427745" lat="30.3333097" lon="78.0357572"/>
 <node id="6983067139" visible="true" version="1" changeset="77170809" timestamp="2019-11-16T17:38:53Z" user="Arun Balaji" uid="3427745" lat="30.3334766" lon="78.0359132"/>
 <node id="6983067140" visible="true" version="1" changeset="77170809" timestamp="2019-11-16T17:38:53Z" user="Arun Balaji" uid="3427745" lat="30.3334019" lon="78.0358689"/>
 <node id="6983067141" visible="true" version="1" changeset="77170809" timestamp="2019-11-16T17:38:53Z" user="Arun Balaji" uid="3427745" lat="30.3334219" lon="78.0358236"/>
 <node id="6983067142" visible="true" version="1" changeset="77170809" timestamp="2019-11-16T17:38:53Z" user="Arun Balaji" uid="3427745" lat="30.3334966" lon="78.0358679"/>
 <node id="6983067143" visible="true" version="1" changeset="77170809" timestamp="2019-11-16T17:38:53Z" user="Arun Balaji" uid="3427745" lat="30.3334503" lon="78.0359878"/>
 <node id="6983067144" visible="true" version="1" changeset="77170809" timestamp="2019-11-16T17:38:53Z" user="Arun Balaji" uid="3427745" lat="30.3333658" lon="78.0359382"/>
 <node id="6983067145" visible="true" version="1" changeset="77170809" timestamp="2019-11-16T17:38:53Z" user="Arun Balaji" uid="3427745" lat="30.3333924" lon="78.0358773"/>
 <node id="6983067146" visible="true" version="1" changeset="77170809" timestamp="2019-11-16T17:38:53Z" user="Arun Balaji" uid="3427745" lat="30.3334769" lon="78.0359269"/>
 <node id="6983067147" visible="true" version="1" changeset="77170809" timestamp="2019-11-16T17:38:53Z" user="Arun Balaji" uid="3427745" lat="30.3341269" lon="78.0375282"/>
 <node id="6983067148" visible="true" version="1" changeset="77170809" timestamp="2019-11-16T17:38:53Z" user="Arun Balaji" uid="3427745" lat="30.3339966" lon="78.0375282"/>
 <node id="6983067149" visible="true" version="1" changeset="77170809" timestamp="2019-11-16T17:38:53Z" user="Arun Balaji" uid="3427745" lat="30.3339966" lon="78.0374571"/>
 <node id="6983067150" visible="true" version="1" changeset="77170809" timestamp="2019-11-16T17:38:53Z" user="Arun Balaji" uid="3427745" lat="30.3341269" lon="78.0374571"/>
 <node id="6983067151" visible="true" version="1" changeset="77170809" timestamp="2019-11-16T17:38:53Z" user="Arun Balaji" uid="3427745" lat="30.3340579" lon="78.0372720"/>
 <node id="6983067152" visible="true" version="1" changeset="77170809" timestamp="2019-11-16T17:38:53Z" user="Arun Balaji" uid="3427745" lat="30.3339479" lon="78.0372411"/>
 <node id="6983067153" visible="true" version="1" changeset="77170809" timestamp="2019-11-16T17:38:53Z" user="Arun Balaji" uid="3427745" lat="30.3339677" lon="78.0371466"/>
 <node id="6983067154" visible="true" version="1" changeset="77170809" timestamp="2019-11-16T17:38:53Z" user="Arun Balaji" uid="3427745" lat="30.3340777" lon="78.0371775"/>
 <node id="6983067155" visible="true" version="1" changeset="77170809" timestamp="2019-11-16T17:38:53Z" user="Arun Balaji" uid="3427745" lat="30.3339516" lon="78.0372741"/>
 <node id="6983067156" visible="true" version="1" changeset="77170809" timestamp="2019-11-16T17:38:53Z" user="Arun Balaji" uid="3427745" lat="30.3339215" lon="78.0374263"/>
 <node id="6983067157" visible="true" version="1" changeset="77170809" timestamp="2019-11-16T17:38:53Z" user="Arun Balaji" uid="3427745" lat="30.3339995" lon="78.0374470"/>
 <node id="6983067158" visible="true" version="1" changeset="77170809" timestamp="2019-11-16T17:38:53Z" user="Arun Balaji" uid="3427745" lat="30.3340296" lon="78.0372948"/>
 <node id="6983067159" visible="true" version="1" changeset="77170809" timestamp="2019-11-16T17:38:53Z" user="Arun Balaji" uid="3427745" lat="30.3340513" lon="78.0372777"/>
 <node id="6983067160" visible="true" version="1" changeset="77170809" timestamp="2019-11-16T17:38:53Z" user="Arun Balaji" uid="3427745" lat="30.3340391" lon="78.0373621"/>
 <node id="6983067161" visible="true" version="1" changeset="77170809" timestamp="2019-11-16T17:38:53Z" user="Arun Balaji" uid="3427745" lat="30.3341037" lon="78.0373746"/>
 <node id="6983067162" visible="true" version="1" changeset="77170809" timestamp="2019-11-16T17:38:53Z" user="Arun Balaji" uid="3427745" lat="30.3341159" lon="78.0372901"/>
 <node id="6983067163" visible="true" version="1" changeset="77170809" timestamp="2019-11-16T17:38:53Z" user="Arun Balaji" uid="3427745" lat="30.3341779" lon="78.0373502"/>
 <node id="6983067164" visible="true" version="1" changeset="77170809" timestamp="2019-11-16T17:38:53Z" user="Arun Balaji" uid="3427745" lat="30.3341218" lon="78.0373395"/>
 <node id="6983067165" visible="true" version="1" changeset="77170809" timestamp="2019-11-16T17:38:53Z" user="Arun Balaji" uid="3427745" lat="30.3341309" lon="78.0372754"/>
 <node id="6983067166" visible="true" version="1" changeset="77170809" timestamp="2019-11-16T17:38:53Z" user="Arun Balaji" uid="3427745" lat="30.3341870" lon="78.0372861"/>
 <node id="6983067167" visible="true" version="1" changeset="77170809" timestamp="2019-11-16T17:38:53Z" user="Arun Balaji" uid="3427745" lat="30.3341861" lon="78.0372726"/>
 <node id="6983067168" visible="true" version="1" changeset="77170809" timestamp="2019-11-16T17:38:53Z" user="Arun Balaji" uid="3427745" lat="30.3341091" lon="78.0372538"/>
 <node id="6983067169" visible="true" version="1" changeset="77170809" timestamp="2019-11-16T17:38:53Z" user="Arun Balaji" uid="3427745" lat="30.3341211" lon="78.0371882"/>
 <node id="6983067170" visible="true" version="1" changeset="77170809" timestamp="2019-11-16T17:38:53Z" user="Arun Balaji" uid="3427745" lat="30.3341980" lon="78.0372070"/>
 <node id="6983067171" visible="true" version="1" changeset="77170809" timestamp="2019-11-16T17:38:53Z" user="Arun Balaji" uid="3427745" lat="30.3341965" lon="78.0370773"/>
 <node id="6983067172" visible="true" version="1" changeset="77170809" timestamp="2019-11-16T17:38:53Z" user="Arun Balaji" uid="3427745" lat="30.3341716" lon="78.0371832"/>
 <node id="6983067173" visible="true" version="1" changeset="77170809" timestamp="2019-11-16T17:38:53Z" user="Arun Balaji" uid="3427745" lat="30.3341002" lon="78.0371607"/>
 <node id="6983067174" visible="true" version="1" changeset="77170809" timestamp="2019-11-16T17:38:53Z" user="Arun Balaji" uid="3427745" lat="30.3341251" lon="78.0370548"/>
 <node id="6983067175" visible="true" version="1" changeset="77170809" timestamp="2019-11-16T17:38:53Z" user="Arun Balaji" uid="3427745" lat="30.3342130" lon="78.0370644"/>
 <node id="6983067176" visible="true" version="1" changeset="77170809" timestamp="2019-11-16T17:38:53Z" user="Arun Balaji" uid="3427745" lat="30.3341221" lon="78.0370316"/>
 <node id="6983067177" visible="true" version="1" changeset="77170809" timestamp="2019-11-16T17:38:53Z" user="Arun Balaji" uid="3427745" lat="30.3341419" lon="78.0369582"/>
 <node id="6983067178" visible="true" version="1" changeset="77170809" timestamp="2019-11-16T17:38:53Z" user="Arun Balaji" uid="3427745" lat="30.3342328" lon="78.0369911"/>
 <node id="6983067179" visible="true" version="1" changeset="77170809" timestamp="2019-11-16T17:38:53Z" user="Arun Balaji" uid="3427745" lat="30.3336543" lon="78.0378493"/>
 <node id="6983067180" visible="true" version="1" changeset="77170809" timestamp="2019-11-16T17:38:53Z" user="Arun Balaji" uid="3427745" lat="30.3335617" lon="78.0378688"/>
 <node id="6983067181" visible="true" version="1" changeset="77170809" timestamp="2019-11-16T17:38:53Z" user="Arun Balaji" uid="3427745" lat="30.3335498" lon="78.0377930"/>
 <node id="6983067182" visible="true" version="1" changeset="77170809" timestamp="2019-11-16T17:38:53Z" user="Arun Balaji" uid="3427745" lat="30.3336424" lon="78.0377736"/>
 <node id="6983067183" visible="true" version="1" changeset="77170809" timestamp="2019-11-16T17:38:53Z" user="Arun Balaji" uid="3427745" lat="30.3336632" lon="78.0378791"/>
 <node id="6983067184" visible="true" version="1" changeset="77170809" timestamp="2019-11-16T17:38:53Z" user="Arun Balaji" uid="3427745" lat="30.3335630" lon="78.0378838"/>
 <node id="6983078854" visible="true" version="1" changeset="77170443" timestamp="2019-11-16T17:21:14Z" user="Arun Balaji" uid="3427745" lat="30.3323987" lon="78.0363939"/>
 <node id="6983078855" visible="true" version="1" changeset="77170443" timestamp="2019-11-16T17:21:14Z" user="Arun Balaji" uid="3427745" lat="30.3324383" lon="78.0364110"/>
 <node id="6983078856" visible="true" version="1" changeset="77170443" timestamp="2019-11-16T17:21:14Z" user="Arun Balaji" uid="3427745" lat="30.3324658" lon="78.0363256"/>
 <node id="6983078857" visible="true" version="1" changeset="77170443" timestamp="2019-11-16T17:21:14Z" user="Arun Balaji" uid="3427745" lat="30.3324262" lon="78.0363084"/>
 <node id="6983078858" visible="true" version="1" changeset="77170443" timestamp="2019-11-16T17:21:14Z" user="Arun Balaji" uid="3427745" lat="30.3323057" lon="78.0365027"/>
 <node id="6983078859" visible="true" version="1" changeset="77170443" timestamp="2019-11-16T17:21:14Z" user="Arun Balaji" uid="3427745" lat="30.3323698" lon="78.0365304"/>
 <node id="6983078860" visible="true" version="1" changeset="77170443" timestamp="2019-11-16T17:21:14Z" user="Arun Balaji" uid="3427745" lat="30.3324083" lon="78.0364105"/>
 <node id="6983078861" visible="true" version="1" changeset="77170443" timestamp="2019-11-16T17:21:14Z" user="Arun Balaji" uid="3427745" lat="30.3323443" lon="78.0363829"/>
 <node id="6983078862" visible="true" version="1" changeset="77170443" timestamp="2019-11-16T17:21:14Z" user="Arun Balaji" uid="3427745" lat="30.3325323" lon="78.0365071"/>
 <node id="6983078863" visible="true" version="1" changeset="77170443" timestamp="2019-11-16T17:21:14Z" user="Arun Balaji" uid="3427745" lat="30.3325144" lon="78.0364993"/>
 <node id="6983078864" visible="true" version="1" changeset="77170443" timestamp="2019-11-16T17:21:14Z" user="Arun Balaji" uid="3427745" lat="30.3325095" lon="78.0365778"/>
 <node id="6983078865" visible="true" version="1" changeset="77170443" timestamp="2019-11-16T17:21:14Z" user="Arun Balaji" uid="3427745" lat="30.3323892" lon="78.0365258"/>
 <node id="6983078866" visible="true" version="1" changeset="77170443" timestamp="2019-11-16T17:21:14Z" user="Arun Balaji" uid="3427745" lat="30.3324259" lon="78.0364117"/>
 <node id="6983078867" visible="true" version="1" changeset="77170443" timestamp="2019-11-16T17:21:14Z" user="Arun Balaji" uid="3427745" lat="30.3325283" lon="78.0364560"/>
 <node id="6983078868" visible="true" version="1" changeset="77170443" timestamp="2019-11-16T17:21:14Z" user="Arun Balaji" uid="3427745" lat="30.3326435" lon="78.0357295"/>
 <node id="6983078869" visible="true" version="1" changeset="77170443" timestamp="2019-11-16T17:21:14Z" user="Arun Balaji" uid="3427745" lat="30.3326855" lon="78.0357478"/>
 <node id="6983078870" visible="true" version="1" changeset="77170443" timestamp="2019-11-16T17:21:14Z" user="Arun Balaji" uid="3427745" lat="30.3326694" lon="78.0356499"/>
 <node id="6983078871" visible="true" version="1" changeset="77170443" timestamp="2019-11-16T17:21:14Z" user="Arun Balaji" uid="3427745" lat="30.3326512" lon="78.0358533"/>
 <node id="6983078872" visible="true" version="1" changeset="77170443" timestamp="2019-11-16T17:21:14Z" user="Arun Balaji" uid="3427745" lat="30.3325526" lon="78.0358102"/>
 <node id="6983078873" visible="true" version="1" changeset="77170443" timestamp="2019-11-16T17:21:14Z" user="Arun Balaji" uid="3427745" lat="30.3326128" lon="78.0356251"/>
 <node id="6983078874" visible="true" version="1" changeset="77170443" timestamp="2019-11-16T17:21:14Z" user="Arun Balaji" uid="3427745" lat="30.3325765" lon="78.0360346"/>
 <node id="6983078875" visible="true" version="1" changeset="77170443" timestamp="2019-11-16T17:21:14Z" user="Arun Balaji" uid="3427745" lat="30.3324984" lon="78.0359937"/>
 <node id="6983078876" visible="true" version="1" changeset="77170443" timestamp="2019-11-16T17:21:14Z" user="Arun Balaji" uid="3427745" lat="30.3325121" lon="78.0359584"/>
 <node id="6983078877" visible="true" version="1" changeset="77170443" timestamp="2019-11-16T17:21:14Z" user="Arun Balaji" uid="3427745" lat="30.3325903" lon="78.0359993"/>
 <node id="6983078878" visible="true" version="1" changeset="77170443" timestamp="2019-11-16T17:21:14Z" user="Arun Balaji" uid="3427745" lat="30.3326235" lon="78.0359690"/>
 <node id="6983078879" visible="true" version="1" changeset="77170443" timestamp="2019-11-16T17:21:14Z" user="Arun Balaji" uid="3427745" lat="30.3325263" lon="78.0359167"/>
 <node id="6983078880" visible="true" version="1" changeset="77170443" timestamp="2019-11-16T17:21:14Z" user="Arun Balaji" uid="3427745" lat="30.3325584" lon="78.0358364"/>
 <node id="6983078881" visible="true" version="1" changeset="77170443" timestamp="2019-11-16T17:21:14Z" user="Arun Balaji" uid="3427745" lat="30.3326557" lon="78.0358887"/>
 <node id="6983078882" visible="true" version="1" changeset="77170443" timestamp="2019-11-16T17:21:14Z" user="Arun Balaji" uid="3427745" lat="30.3323051" lon="78.0356039"/>
 <node id="6983078883" visible="true" version="1" changeset="77170443" timestamp="2019-11-16T17:21:14Z" user="Arun Balaji" uid="3427745" lat="30.3322203" lon="78.0355707"/>
 <node id="6983078884" visible="true" version="1" changeset="77170443" timestamp="2019-11-16T17:21:14Z" user="Arun Balaji" uid="3427745" lat="30.3322381" lon="78.0355098"/>
 <node id="6983086685" visible="true" version="1" changeset="77170443" timestamp="2019-11-16T17:21:14Z" user="Arun Balaji" uid="3427745" lat="30.3323229" lon="78.0355430"/>
 <node id="6983086686" visible="true" version="1" changeset="77170443" timestamp="2019-11-16T17:21:14Z" user="Arun Balaji" uid="3427745" lat="30.3323615" lon="78.0354671"/>
 <node id="6983086687" visible="true" version="1" changeset="77170443" timestamp="2019-11-16T17:21:14Z" user="Arun Balaji" uid="3427745" lat="30.3322521" lon="78.0354269"/>
 <node id="6983086688" visible="true" version="1" changeset="77170443" timestamp="2019-11-16T17:21:14Z" user="Arun Balaji" uid="3427745" lat="30.3322314" lon="78.0355024"/>
 <node id="6983086689" visible="true" version="1" changeset="77170443" timestamp="2019-11-16T17:21:14Z" user="Arun Balaji" uid="3427745" lat="30.3323408" lon="78.0355427"/>
 <node id="6983086690" visible="true" version="1" changeset="77170443" timestamp="2019-11-16T17:21:14Z" user="Arun Balaji" uid="3427745" lat="30.3323386" lon="78.0357546"/>
 <node id="6983086691" visible="true" version="1" changeset="77170443" timestamp="2019-11-16T17:21:14Z" user="Arun Balaji" uid="3427745" lat="30.3322564" lon="78.0357170"/>
 <node id="6983086692" visible="true" version="1" changeset="77170443" timestamp="2019-11-16T17:21:14Z" user="Arun Balaji" uid="3427745" lat="30.3322945" lon="78.0356050"/>
 <node id="6983086693" visible="true" version="1" changeset="77170443" timestamp="2019-11-16T17:21:14Z" user="Arun Balaji" uid="3427745" lat="30.3323767" lon="78.0356426"/>
 <node id="6983086694" visible="true" version="1" changeset="77170443" timestamp="2019-11-16T17:21:14Z" user="Arun Balaji" uid="3427745" lat="30.3322416" lon="78.0359072"/>
 <node id="6983086695" visible="true" version="1" changeset="77170443" timestamp="2019-11-16T17:21:14Z" user="Arun Balaji" uid="3427745" lat="30.3321739" lon="78.0358864"/>
 <node id="6983086696" visible="true" version="1" changeset="77170443" timestamp="2019-11-16T17:21:14Z" user="Arun Balaji" uid="3427745" lat="30.3321938" lon="78.0357995"/>
 <node id="6983086697" visible="true" version="1" changeset="77170443" timestamp="2019-11-16T17:21:14Z" user="Arun Balaji" uid="3427745" lat="30.3322615" lon="78.0358203"/>
 <node id="6983086698" visible="true" version="1" changeset="77170443" timestamp="2019-11-16T17:21:14Z" user="Arun Balaji" uid="3427745" lat="30.3322736" lon="78.0359823"/>
 <node id="6983086699" visible="true" version="1" changeset="77170443" timestamp="2019-11-16T17:21:14Z" user="Arun Balaji" uid="3427745" lat="30.3321538" lon="78.0359488"/>
 <node id="6983086700" visible="true" version="1" changeset="77170443" timestamp="2019-11-16T17:21:14Z" user="Arun Balaji" uid="3427745" lat="30.3321637" lon="78.0359014"/>
 <node id="6983086701" visible="true" version="1" changeset="77170443" timestamp="2019-11-16T17:21:14Z" user="Arun Balaji" uid="3427745" lat="30.3322835" lon="78.0359349"/>
 <node id="6983086702" visible="true" version="1" changeset="77170443" timestamp="2019-11-16T17:21:14Z" user="Arun Balaji" uid="3427745" lat="30.3322600" lon="78.0360579"/>
 <node id="6983086703" visible="true" version="1" changeset="77170443" timestamp="2019-11-16T17:21:14Z" user="Arun Balaji" uid="3427745" lat="30.3321437" lon="78.0360324"/>
 <node id="6983086704" visible="true" version="1" changeset="77170443" timestamp="2019-11-16T17:21:14Z" user="Arun Balaji" uid="3427745" lat="30.3321539" lon="78.0359698"/>
 <node id="6983086705" visible="true" version="1" changeset="77170443" timestamp="2019-11-16T17:21:14Z" user="Arun Balaji" uid="3427745" lat="30.3322702" lon="78.0359953"/>
 <node id="6983086706" visible="true" version="1" changeset="77170443" timestamp="2019-11-16T17:21:14Z" user="Arun Balaji" uid="3427745" lat="30.3322369" lon="78.0361756"/>
 <node id="6983086707" visible="true" version="1" changeset="77170443" timestamp="2019-11-16T17:21:14Z" user="Arun Balaji" uid="3427745" lat="30.3321243" lon="78.0361220"/>
 <node id="6983086708" visible="true" version="1" changeset="77170443" timestamp="2019-11-16T17:21:14Z" user="Arun Balaji" uid="3427745" lat="30.3321490" lon="78.0360526"/>
 <node id="6983086709" visible="true" version="1" changeset="77170443" timestamp="2019-11-16T17:21:14Z" user="Arun Balaji" uid="3427745" lat="30.3322615" lon="78.0361063"/>
 <node id="6983086710" visible="true" version="1" changeset="77170443" timestamp="2019-11-16T17:21:14Z" user="Arun Balaji" uid="3427745" lat="30.3322255" lon="78.0361790"/>
 <node id="6983086711" visible="true" version="1" changeset="77170443" timestamp="2019-11-16T17:21:14Z" user="Arun Balaji" uid="3427745" lat="30.3321219" lon="78.0361334"/>
 <node id="6983086712" visible="true" version="1" changeset="77170443" timestamp="2019-11-16T17:21:14Z" user="Arun Balaji" uid="3427745" lat="30.3320867" lon="78.0362407"/>
 <node id="6983086713" visible="true" version="1" changeset="77170443" timestamp="2019-11-16T17:21:14Z" user="Arun Balaji" uid="3427745" lat="30.3321903" lon="78.0362863"/>
 <node id="6983086714" visible="true" version="1" changeset="77170443" timestamp="2019-11-16T17:21:14Z" user="Arun Balaji" uid="3427745" lat="30.3321396" lon="78.0364000"/>
 <node id="6983086715" visible="true" version="1" changeset="77170443" timestamp="2019-11-16T17:21:14Z" user="Arun Balaji" uid="3427745" lat="30.3320811" lon="78.0363671"/>
 <node id="6983086716" visible="true" version="1" changeset="77170443" timestamp="2019-11-16T17:21:14Z" user="Arun Balaji" uid="3427745" lat="30.3321203" lon="78.0362736"/>
 <node id="6983086717" visible="true" version="1" changeset="77170443" timestamp="2019-11-16T17:21:14Z" user="Arun Balaji" uid="3427745" lat="30.3321788" lon="78.0363064"/>
 <node id="6983086722" visible="true" version="1" changeset="77170443" timestamp="2019-11-16T17:21:14Z" user="Arun Balaji" uid="3427745" lat="30.3329994" lon="78.0362187"/>
 <node id="6983086723" visible="true" version="1" changeset="77170443" timestamp="2019-11-16T17:21:14Z" user="Arun Balaji" uid="3427745" lat="30.3329320" lon="78.0361282"/>
 <node id="6983086724" visible="true" version="1" changeset="77170443" timestamp="2019-11-16T17:21:14Z" user="Arun Balaji" uid="3427745" lat="30.3329777" lon="78.0360825"/>
 <node id="6983086725" visible="true" version="1" changeset="77170443" timestamp="2019-11-16T17:21:14Z" user="Arun Balaji" uid="3427745" lat="30.3330452" lon="78.0361730"/>
 <node id="6983086726" visible="true" version="1" changeset="77170443" timestamp="2019-11-16T17:21:14Z" user="Arun Balaji" uid="3427745" lat="30.3329029" lon="78.0359549"/>
 <node id="6983086727" visible="true" version="1" changeset="77170443" timestamp="2019-11-16T17:21:14Z" user="Arun Balaji" uid="3427745" lat="30.3328612" lon="78.0358989"/>
 <node id="6983086728" visible="true" version="1" changeset="77170443" timestamp="2019-11-16T17:21:14Z" user="Arun Balaji" uid="3427745" lat="30.3328932" lon="78.0358669"/>
 <node id="6983086729" visible="true" version="1" changeset="77170443" timestamp="2019-11-16T17:21:14Z" user="Arun Balaji" uid="3427745" lat="30.3329349" lon="78.0359229"/>
 <node id="6983086730" visible="true" version="1" changeset="77170443" timestamp="2019-11-16T17:21:14Z" user="Arun Balaji" uid="3427745" lat="30.3329469" lon="78.0359432"/>
 <node id="6983086731" visible="true" version="1" changeset="77170443" timestamp="2019-11-16T17:21:14Z" user="Arun Balaji" uid="3427745" lat="30.3330062" lon="78.0360190"/>
 <node id="6983086732" visible="true" version="1" changeset="77170443" timestamp="2019-11-16T17:21:14Z" user="Arun Balaji" uid="3427745" lat="30.3329528" lon="78.0360751"/>
 <node id="6983086733" visible="true" version="1" changeset="77170443" timestamp="2019-11-16T17:21:14Z" user="Arun Balaji" uid="3427745" lat="30.3328935" lon="78.0359993"/>
 <node id="6983086734" visible="true" version="1" changeset="77170443" timestamp="2019-11-16T17:21:14Z" user="Arun Balaji" uid="3427745" lat="30.3329024" lon="78.0359750"/>
 <node id="6983086735" visible="true" version="1" changeset="77170443" timestamp="2019-11-16T17:21:14Z" user="Arun Balaji" uid="3427745" lat="30.3328399" lon="78.0360341"/>
 <node id="6983086736" visible="true" version="1" changeset="77170443" timestamp="2019-11-16T17:21:14Z" user="Arun Balaji" uid="3427745" lat="30.3328003" lon="78.0359779"/>
 <node id="6983086737" visible="true" version="1" changeset="77170443" timestamp="2019-11-16T17:21:14Z" user="Arun Balaji" uid="3427745" lat="30.3328629" lon="78.0359188"/>
 <node id="6983086738" visible="true" version="1" changeset="77170443" timestamp="2019-11-16T17:21:14Z" user="Arun Balaji" uid="3427745" lat="30.3328649" lon="78.0358412"/>
 <node id="6983086739" visible="true" version="1" changeset="77170443" timestamp="2019-11-16T17:21:14Z" user="Arun Balaji" uid="3427745" lat="30.3327885" lon="78.0359022"/>
 <node id="6983086740" visible="true" version="1" changeset="77170443" timestamp="2019-11-16T17:21:14Z" user="Arun Balaji" uid="3427745" lat="30.3327581" lon="78.0358511"/>
 <node id="6983086741" visible="true" version="1" changeset="77170443" timestamp="2019-11-16T17:21:14Z" user="Arun Balaji" uid="3427745" lat="30.3328345" lon="78.0357901"/>
 <node id="6983086742" visible="true" version="1" changeset="77170443" timestamp="2019-11-16T17:21:14Z" user="Arun Balaji" uid="3427745" lat="30.3329147" lon="78.0354877"/>
 <node id="6983086743" visible="true" version="1" changeset="77170443" timestamp="2019-11-16T17:21:14Z" user="Arun Balaji" uid="3427745" lat="30.3328676" lon="78.0355457"/>
 <node id="6983086744" visible="true" version="1" changeset="77170443" timestamp="2019-11-16T17:21:14Z" user="Arun Balaji" uid="3427745" lat="30.3329167" lon="78.0355993"/>
 <node id="6983086745" visible="true" version="1" changeset="77170443" timestamp="2019-11-16T17:21:14Z" user="Arun Balaji" uid="3427745" lat="30.3329638" lon="78.0355413"/>
 <node id="6983086746" visible="true" version="1" changeset="77170443" timestamp="2019-11-16T17:21:14Z" user="Arun Balaji" uid="3427745" lat="30.3329880" lon="78.0356753"/>
 <node id="6983086747" visible="true" version="1" changeset="77170443" timestamp="2019-11-16T17:21:14Z" user="Arun Balaji" uid="3427745" lat="30.3328998" lon="78.0357769"/>
 <node id="6983086748" visible="true" version="1" changeset="77170443" timestamp="2019-11-16T17:21:14Z" user="Arun Balaji" uid="3427745" lat="30.3328571" lon="78.0357271"/>
 <node id="6983086749" visible="true" version="1" changeset="77170443" timestamp="2019-11-16T17:21:14Z" user="Arun Balaji" uid="3427745" lat="30.3329453" lon="78.0356255"/>
 <node id="6983086750" visible="true" version="1" changeset="77170443" timestamp="2019-11-16T17:21:14Z" user="Arun Balaji" uid="3427745" lat="30.3328934" lon="78.0356125"/>
 <node id="6983086751" visible="true" version="1" changeset="77170443" timestamp="2019-11-16T17:21:14Z" user="Arun Balaji" uid="3427745" lat="30.3328465" lon="78.0356755"/>
 <node id="6983086752" visible="true" version="1" changeset="77170443" timestamp="2019-11-16T17:21:14Z" user="Arun Balaji" uid="3427745" lat="30.3327998" lon="78.0356288"/>
 <node id="6983086753" visible="true" version="1" changeset="77170443" timestamp="2019-11-16T17:21:14Z" user="Arun Balaji" uid="3427745" lat="30.3328466" lon="78.0355658"/>
 <node id="6983086754" visible="true" version="1" changeset="77170443" timestamp="2019-11-16T17:21:14Z" user="Arun Balaji" uid="3427745" lat="30.3327967" lon="78.0356058"/>
 <node id="6983086755" visible="true" version="1" changeset="77170443" timestamp="2019-11-16T17:21:14Z" user="Arun Balaji" uid="3427745" lat="30.3327640" lon="78.0356520"/>
 <node id="6983086756" visible="true" version="1" changeset="77170443" timestamp="2019-11-16T17:21:14Z" user="Arun Balaji" uid="3427745" lat="30.3327219" lon="78.0356121"/>
 <node id="6983086757" visible="true" version="1" changeset="77170443" timestamp="2019-11-16T17:21:14Z" user="Arun Balaji" uid="3427745" lat="30.3327546" lon="78.0355658"/>
 <node id="6983086758" visible="true" version="1" changeset="77170443" timestamp="2019-11-16T17:21:14Z" user="Arun Balaji" uid="3427745" lat="30.3328134" lon="78.0355169"/>
 <node id="6983086759" visible="true" version="1" changeset="77170443" timestamp="2019-11-16T17:21:14Z" user="Arun Balaji" uid="3427745" lat="30.3327552" lon="78.0354471"/>
 <node id="6983086760" visible="true" version="1" changeset="77170443" timestamp="2019-11-16T17:21:14Z" user="Arun Balaji" uid="3427745" lat="30.3327804" lon="78.0354189"/>
 <node id="6983086761" visible="true" version="1" changeset="77170443" timestamp="2019-11-16T17:21:14Z" user="Arun Balaji" uid="3427745" lat="30.3328385" lon="78.0354887"/>
 <node id="6983086762" visible="true" version="1" changeset="77170443" timestamp="2019-11-16T17:21:14Z" user="Arun Balaji" uid="3427745" lat="30.3327863" lon="78.0354921"/>
 <node id="6983086763" visible="true" version="1" changeset="77170443" timestamp="2019-11-16T17:21:14Z" user="Arun Balaji" uid="3427745" lat="30.3327192" lon="78.0355987"/>
 <node id="6983086764" visible="true" version="1" changeset="77170443" timestamp="2019-11-16T17:21:14Z" user="Arun Balaji" uid="3427745" lat="30.3326632" lon="78.0355514"/>
 <node id="6983086765" visible="true" version="1" changeset="77170443" timestamp="2019-11-16T17:21:14Z" user="Arun Balaji" uid="3427745" lat="30.3327303" lon="78.0354448"/>
 <node id="6983086766" visible="true" version="1" changeset="77170443" timestamp="2019-11-16T17:21:14Z" user="Arun Balaji" uid="3427745" lat="30.3327086" lon="78.0354541"/>
 <node id="6983086767" visible="true" version="1" changeset="77170443" timestamp="2019-11-16T17:21:14Z" user="Arun Balaji" uid="3427745" lat="30.3326542" lon="78.0354045"/>
 <node id="6983086768" visible="true" version="1" changeset="77170443" timestamp="2019-11-16T17:21:14Z" user="Arun Balaji" uid="3427745" lat="30.3326099" lon="78.0354696"/>
 <node id="6983086769" visible="true" version="1" changeset="77170443" timestamp="2019-11-16T17:21:14Z" user="Arun Balaji" uid="3427745" lat="30.3326643" lon="78.0355192"/>
 <node id="6983086770" visible="true" version="1" changeset="77170443" timestamp="2019-11-16T17:21:14Z" user="Arun Balaji" uid="3427745" lat="30.3326224" lon="78.0352128"/>
 <node id="6983086771" visible="true" version="1" changeset="77170443" timestamp="2019-11-16T17:21:14Z" user="Arun Balaji" uid="3427745" lat="30.3326213" lon="78.0353013"/>
 <node id="6983086772" visible="true" version="1" changeset="77170443" timestamp="2019-11-16T17:21:14Z" user="Arun Balaji" uid="3427745" lat="30.3326967" lon="78.0353026"/>
 <node id="6983086773" visible="true" version="1" changeset="77170443" timestamp="2019-11-16T17:21:14Z" user="Arun Balaji" uid="3427745" lat="30.3326979" lon="78.0352141"/>
 <node id="6983086774" visible="true" version="1" changeset="77170443" timestamp="2019-11-16T17:21:14Z" user="Arun Balaji" uid="3427745" lat="30.3325753" lon="78.0353092"/>
 <node id="6983086775" visible="true" version="1" changeset="77170443" timestamp="2019-11-16T17:21:14Z" user="Arun Balaji" uid="3427745" lat="30.3325382" lon="78.0353964"/>
 <node id="6983086776" visible="true" version="1" changeset="77170443" timestamp="2019-11-16T17:21:14Z" user="Arun Balaji" uid="3427745" lat="30.3325995" lon="78.0354314"/>
 <node id="6983086777" visible="true" version="1" changeset="77170443" timestamp="2019-11-16T17:21:14Z" user="Arun Balaji" uid="3427745" lat="30.3326366" lon="78.0353442"/>
 <node id="6983086778" visible="true" version="1" changeset="77170443" timestamp="2019-11-16T17:21:14Z" user="Arun Balaji" uid="3427745" lat="30.3323417" lon="78.0353125"/>
 <node id="6983086779" visible="true" version="1" changeset="77170443" timestamp="2019-11-16T17:21:14Z" user="Arun Balaji" uid="3427745" lat="30.3323388" lon="78.0354134"/>
 <node id="6983086780" visible="true" version="1" changeset="77170443" timestamp="2019-11-16T17:21:14Z" user="Arun Balaji" uid="3427745" lat="30.3323958" lon="78.0354156"/>
 <node id="6983086781" visible="true" version="1" changeset="77170443" timestamp="2019-11-16T17:21:14Z" user="Arun Balaji" uid="3427745" lat="30.3323987" lon="78.0353147"/>
 <node id="6983086782" visible="true" version="1" changeset="77170443" timestamp="2019-11-16T17:21:14Z" user="Arun Balaji" uid="3427745" lat="30.3324110" lon="78.0352966"/>
 <node id="6983086783" visible="true" version="1" changeset="77170443" timestamp="2019-11-16T17:21:14Z" user="Arun Balaji" uid="3427745" lat="30.3324061" lon="78.0354294"/>
 <node id="6983086784" visible="true" version="1" changeset="77170443" timestamp="2019-11-16T17:21:14Z" user="Arun Balaji" uid="3427745" lat="30.3324522" lon="78.0354317"/>
 <node id="6983086785" visible="true" version="1" changeset="77170443" timestamp="2019-11-16T17:21:14Z" user="Arun Balaji" uid="3427745" lat="30.3324571" lon="78.0352989"/>
 <node id="6983086786" visible="true" version="1" changeset="77170443" timestamp="2019-11-16T17:21:14Z" user="Arun Balaji" uid="3427745" lat="30.3322844" lon="78.0353046"/>
 <node id="6983086787" visible="true" version="1" changeset="77170443" timestamp="2019-11-16T17:21:14Z" user="Arun Balaji" uid="3427745" lat="30.3322795" lon="78.0353740"/>
 <node id="6983086788" visible="true" version="1" changeset="77170443" timestamp="2019-11-16T17:21:14Z" user="Arun Balaji" uid="3427745" lat="30.3323180" lon="78.0353777"/>
 <node id="6983086789" visible="true" version="1" changeset="77170443" timestamp="2019-11-16T17:21:14Z" user="Arun Balaji" uid="3427745" lat="30.3323229" lon="78.0353083"/>
 <node id="6983086790" visible="true" version="1" changeset="77170443" timestamp="2019-11-16T17:21:14Z" user="Arun Balaji" uid="3427745" lat="30.3337073" lon="78.0358106"/>
 <node id="6983086791" visible="true" version="1" changeset="77170443" timestamp="2019-11-16T17:21:14Z" user="Arun Balaji" uid="3427745" lat="30.3336824" lon="78.0359548"/>
 <node id="6983086792" visible="true" version="1" changeset="77170443" timestamp="2019-11-16T17:21:14Z" user="Arun Balaji" uid="3427745" lat="30.3337646" lon="78.0359738"/>
 <node id="6983086793" visible="true" version="1" changeset="77170443" timestamp="2019-11-16T17:21:14Z" user="Arun Balaji" uid="3427745" lat="30.3337894" lon="78.0358297"/>
 <node id="6983086794" visible="true" version="1" changeset="77170443" timestamp="2019-11-16T17:21:14Z" user="Arun Balaji" uid="3427745" lat="30.3337706" lon="78.0357787"/>
 <node id="6983086795" visible="true" version="1" changeset="77170443" timestamp="2019-11-16T17:21:14Z" user="Arun Balaji" uid="3427745" lat="30.3337052" lon="78.0357431"/>
 <node id="6983086796" visible="true" version="1" changeset="77170443" timestamp="2019-11-16T17:21:14Z" user="Arun Balaji" uid="3427745" lat="30.3337397" lon="78.0356580"/>
 <node id="6983086797" visible="true" version="1" changeset="77170443" timestamp="2019-11-16T17:21:14Z" user="Arun Balaji" uid="3427745" lat="30.3338051" lon="78.0356935"/>
 <node id="6983086798" visible="true" version="1" changeset="77170443" timestamp="2019-11-16T17:21:14Z" user="Arun Balaji" uid="3427745" lat="30.3338151" lon="78.0357034"/>
 <node id="6983086799" visible="true" version="1" changeset="77170443" timestamp="2019-11-16T17:21:14Z" user="Arun Balaji" uid="3427745" lat="30.3337989" lon="78.0358087"/>
 <node id="6983086800" visible="true" version="1" changeset="77170443" timestamp="2019-11-16T17:21:14Z" user="Arun Balaji" uid="3427745" lat="30.3338745" lon="78.0358243"/>
 <node id="6983086801" visible="true" version="1" changeset="77170443" timestamp="2019-11-16T17:21:14Z" user="Arun Balaji" uid="3427745" lat="30.3338907" lon="78.0357190"/>
 <node id="6983086802" visible="true" version="1" changeset="77170443" timestamp="2019-11-16T17:21:14Z" user="Arun Balaji" uid="3427745" lat="30.3339097" lon="78.0357847"/>
 <node id="6983086803" visible="true" version="1" changeset="77170443" timestamp="2019-11-16T17:21:14Z" user="Arun Balaji" uid="3427745" lat="30.3338756" lon="78.0359443"/>
 <node id="6983086804" visible="true" version="1" changeset="77170443" timestamp="2019-11-16T17:21:14Z" user="Arun Balaji" uid="3427745" lat="30.3339388" lon="78.0359624"/>
 <node id="6983086805" visible="true" version="1" changeset="77170443" timestamp="2019-11-16T17:21:14Z" user="Arun Balaji" uid="3427745" lat="30.3339729" lon="78.0358028"/>
 <node id="6983086806" visible="true" version="1" changeset="77170443" timestamp="2019-11-16T17:21:14Z" user="Arun Balaji" uid="3427745" lat="30.3340935" lon="78.0360085"/>
 <node id="6983086807" visible="true" version="1" changeset="77170443" timestamp="2019-11-16T17:21:14Z" user="Arun Balaji" uid="3427745" lat="30.3339853" lon="78.0359884"/>
 <node id="6983086808" visible="true" version="1" changeset="77170443" timestamp="2019-11-16T17:21:14Z" user="Arun Balaji" uid="3427745" lat="30.3339995" lon="78.0358853"/>
 <node id="6983086809" visible="true" version="1" changeset="77170443" timestamp="2019-11-16T17:21:14Z" user="Arun Balaji" uid="3427745" lat="30.3341078" lon="78.0359054"/>
 <node id="6983086810" visible="true" version="1" changeset="77170443" timestamp="2019-11-16T17:21:14Z" user="Arun Balaji" uid="3427745" lat="30.3342510" lon="78.0356473"/>
 <node id="6983086811" visible="true" version="1" changeset="77170443" timestamp="2019-11-16T17:21:14Z" user="Arun Balaji" uid="3427745" lat="30.3342203" lon="78.0356942"/>
 <node id="6983086812" visible="true" version="1" changeset="77170443" timestamp="2019-11-16T17:21:14Z" user="Arun Balaji" uid="3427745" lat="30.3341691" lon="78.0356493"/>
 <node id="6983086813" visible="true" version="1" changeset="77170443" timestamp="2019-11-16T17:21:14Z" user="Arun Balaji" uid="3427745" lat="30.3341998" lon="78.0356023"/>
 <node id="6983086814" visible="true" version="1" changeset="77170443" timestamp="2019-11-16T17:21:14Z" user="Arun Balaji" uid="3427745" lat="30.3341692" lon="78.0355842"/>
 <node id="6983086815" visible="true" version="1" changeset="77170443" timestamp="2019-11-16T17:21:14Z" user="Arun Balaji" uid="3427745" lat="30.3340615" lon="78.0357619"/>
 <node id="6983086816" visible="true" version="1" changeset="77170443" timestamp="2019-11-16T17:21:14Z" user="Arun Balaji" uid="3427745" lat="30.3340204" lon="78.0357284"/>
 <node id="6983086817" visible="true" version="1" changeset="77170443" timestamp="2019-11-16T17:21:14Z" user="Arun Balaji" uid="3427745" lat="30.3341280" lon="78.0355507"/>
 <node id="6983086818" visible="true" version="1" changeset="77170443" timestamp="2019-11-16T17:21:14Z" user="Arun Balaji" uid="3427745" lat="30.3342377" lon="78.0354807"/>
 <node id="6983086819" visible="true" version="1" changeset="77170443" timestamp="2019-11-16T17:21:14Z" user="Arun Balaji" uid="3427745" lat="30.3341729" lon="78.0355612"/>
 <node id="6983086820" visible="true" version="1" changeset="77170443" timestamp="2019-11-16T17:21:14Z" user="Arun Balaji" uid="3427745" lat="30.3341378" lon="78.0355232"/>
 <node id="6983086821" visible="true" version="1" changeset="77170443" timestamp="2019-11-16T17:21:14Z" user="Arun Balaji" uid="3427745" lat="30.3342027" lon="78.0354428"/>
 <node id="6983086822" visible="true" version="1" changeset="77170443" timestamp="2019-11-16T17:21:14Z" user="Arun Balaji" uid="3427745" lat="30.3342785" lon="78.0355527"/>
 <node id="6983086823" visible="true" version="1" changeset="77170443" timestamp="2019-11-16T17:21:14Z" user="Arun Balaji" uid="3427745" lat="30.3342328" lon="78.0356057"/>
 <node id="6983086824" visible="true" version="1" changeset="77170443" timestamp="2019-11-16T17:21:14Z" user="Arun Balaji" uid="3427745" lat="30.3341928" lon="78.0355594"/>
 <node id="6983086825" visible="true" version="1" changeset="77170443" timestamp="2019-11-16T17:21:14Z" user="Arun Balaji" uid="3427745" lat="30.3342386" lon="78.0355065"/>
 <node id="6983086826" visible="true" version="1" changeset="77170443" timestamp="2019-11-16T17:21:14Z" user="Arun Balaji" uid="3427745" lat="30.3342975" lon="78.0354191"/>
 <node id="6983086827" visible="true" version="1" changeset="77170443" timestamp="2019-11-16T17:21:14Z" user="Arun Balaji" uid="3427745" lat="30.3342345" lon="78.0353595"/>
 <node id="6983086828" visible="true" version="1" changeset="77170443" timestamp="2019-11-16T17:21:14Z" user="Arun Balaji" uid="3427745" lat="30.3342698" lon="78.0353093"/>
 <node id="6983086829" visible="true" version="1" changeset="77170443" timestamp="2019-11-16T17:21:14Z" user="Arun Balaji" uid="3427745" lat="30.3343329" lon="78.0353690"/>
 <node id="6983086830" visible="true" version="1" changeset="77170443" timestamp="2019-11-16T17:21:14Z" user="Arun Balaji" uid="3427745" lat="30.3344208" lon="78.0355177"/>
 <node id="6983086831" visible="true" version="1" changeset="77170443" timestamp="2019-11-16T17:21:14Z" user="Arun Balaji" uid="3427745" lat="30.3343241" lon="78.0354078"/>
 <node id="6983086832" visible="true" version="1" changeset="77170443" timestamp="2019-11-16T17:21:14Z" user="Arun Balaji" uid="3427745" lat="30.3342507" lon="78.0354944"/>
 <node id="6983086833" visible="true" version="1" changeset="77170443" timestamp="2019-11-16T17:21:14Z" user="Arun Balaji" uid="3427745" lat="30.3343474" lon="78.0356044"/>
 <node id="6983086834" visible="true" version="1" changeset="77170443" timestamp="2019-11-16T17:21:14Z" user="Arun Balaji" uid="3427745" lat="30.3345297" lon="78.0352757"/>
 <node id="6983086835" visible="true" version="1" changeset="77170443" timestamp="2019-11-16T17:21:14Z" user="Arun Balaji" uid="3427745" lat="30.3344782" lon="78.0352066"/>
 <node id="6983086836" visible="true" version="1" changeset="77170443" timestamp="2019-11-16T17:21:14Z" user="Arun Balaji" uid="3427745" lat="30.3345192" lon="78.0351655"/>
 <node id="6983086837" visible="true" version="1" changeset="77170443" timestamp="2019-11-16T17:21:14Z" user="Arun Balaji" uid="3427745" lat="30.3345708" lon="78.0352345"/>
 <node id="6983086838" visible="true" version="1" changeset="77170443" timestamp="2019-11-16T17:21:14Z" user="Arun Balaji" uid="3427745" lat="30.3342679" lon="78.0348519"/>
 <node id="6983086839" visible="true" version="1" changeset="77170443" timestamp="2019-11-16T17:21:14Z" user="Arun Balaji" uid="3427745" lat="30.3342558" lon="78.0349632"/>
 <node id="6983086840" visible="true" version="1" changeset="77170443" timestamp="2019-11-16T17:21:14Z" user="Arun Balaji" uid="3427745" lat="30.3343294" lon="78.0349740"/>
 <node id="6983086841" visible="true" version="1" changeset="77170443" timestamp="2019-11-16T17:21:14Z" user="Arun Balaji" uid="3427745" lat="30.3343416" lon="78.0348627"/>
 <node id="6983086842" visible="true" version="1" changeset="77170443" timestamp="2019-11-16T17:21:14Z" user="Arun Balaji" uid="3427745" lat="30.3346206" lon="78.0349726"/>
 <node id="6983086843" visible="true" version="1" changeset="77170443" timestamp="2019-11-16T17:21:14Z" user="Arun Balaji" uid="3427745" lat="30.3345598" lon="78.0350772"/>
 <node id="6983086844" visible="true" version="1" changeset="77170443" timestamp="2019-11-16T17:21:14Z" user="Arun Balaji" uid="3427745" lat="30.3345221" lon="78.0350478"/>
 <node id="6983086845" visible="true" version="1" changeset="77170443" timestamp="2019-11-16T17:21:14Z" user="Arun Balaji" uid="3427745" lat="30.3345829" lon="78.0349432"/>
 <node id="6983086846" visible="true" version="1" changeset="77170443" timestamp="2019-11-16T17:21:14Z" user="Arun Balaji" uid="3427745" lat="30.3345379" lon="78.0350029"/>
 <node id="6983086847" visible="true" version="1" changeset="77170443" timestamp="2019-11-16T17:21:14Z" user="Arun Balaji" uid="3427745" lat="30.3344679" lon="78.0349492"/>
 <node id="6983086848" visible="true" version="1" changeset="77170443" timestamp="2019-11-16T17:21:14Z" user="Arun Balaji" uid="3427745" lat="30.3345054" lon="78.0348835"/>
 <node id="6983086849" visible="true" version="1" changeset="77170443" timestamp="2019-11-16T17:21:14Z" user="Arun Balaji" uid="3427745" lat="30.3345754" lon="78.0349372"/>
 <node id="6983086850" visible="true" version="1" changeset="77170443" timestamp="2019-11-16T17:21:14Z" user="Arun Balaji" uid="3427745" lat="30.3345822" lon="78.0349095"/>
 <node id="6983086851" visible="true" version="1" changeset="77170443" timestamp="2019-11-16T17:21:14Z" user="Arun Balaji" uid="3427745" lat="30.3345202" lon="78.0348679"/>
 <node id="6983086852" visible="true" version="1" changeset="77170443" timestamp="2019-11-16T17:21:14Z" user="Arun Balaji" uid="3427745" lat="30.3345493" lon="78.0348098"/>
 <node id="6983086853" visible="true" version="1" changeset="77170443" timestamp="2019-11-16T17:21:14Z" user="Arun Balaji" uid="3427745" lat="30.3346113" lon="78.0348513"/>
 <node id="6983086854" visible="true" version="1" changeset="77170443" timestamp="2019-11-16T17:21:14Z" user="Arun Balaji" uid="3427745" lat="30.3346251" lon="78.0346951"/>
 <node id="6983086855" visible="true" version="1" changeset="77170443" timestamp="2019-11-16T17:21:14Z" user="Arun Balaji" uid="3427745" lat="30.3345667" lon="78.0347883"/>
 <node id="6983086856" visible="true" version="1" changeset="77170443" timestamp="2019-11-16T17:21:14Z" user="Arun Balaji" uid="3427745" lat="30.3346176" lon="78.0348312"/>
 <node id="6983086857" visible="true" version="1" changeset="77170443" timestamp="2019-11-16T17:21:14Z" user="Arun Balaji" uid="3427745" lat="30.3346761" lon="78.0347380"/>
 <node id="6983086858" visible="true" version="1" changeset="77170443" timestamp="2019-11-16T17:21:14Z" user="Arun Balaji" uid="3427745" lat="30.3347210" lon="78.0349339"/>
 <node id="6983086859" visible="true" version="1" changeset="77170443" timestamp="2019-11-16T17:21:14Z" user="Arun Balaji" uid="3427745" lat="30.3346226" lon="78.0348414"/>
 <node id="6983086860" visible="true" version="1" changeset="77170443" timestamp="2019-11-16T17:21:14Z" user="Arun Balaji" uid="3427745" lat="30.3346743" lon="78.0347675"/>
 <node id="6983086861" visible="true" version="1" changeset="77170443" timestamp="2019-11-16T17:21:14Z" user="Arun Balaji" uid="3427745" lat="30.3347727" lon="78.0348600"/>
 <node id="6983086862" visible="true" version="1" changeset="77170443" timestamp="2019-11-16T17:21:14Z" user="Arun Balaji" uid="3427745" lat="30.3346490" lon="78.0349613"/>
 <node id="6983086863" visible="true" version="1" changeset="77170443" timestamp="2019-11-16T17:21:14Z" user="Arun Balaji" uid="3427745" lat="30.3345998" lon="78.0350250"/>
 <node id="6983086864" visible="true" version="1" changeset="77170443" timestamp="2019-11-16T17:21:14Z" user="Arun Balaji" uid="3427745" lat="30.3346263" lon="78.0350525"/>
 <node id="6983086865" visible="true" version="1" changeset="77170443" timestamp="2019-11-16T17:21:14Z" user="Arun Balaji" uid="3427745" lat="30.3346755" lon="78.0349888"/>
 <node id="6983086866" visible="true" version="1" changeset="77170443" timestamp="2019-11-16T17:21:14Z" user="Arun Balaji" uid="3427745" lat="30.3346401" lon="78.0350939"/>
 <node id="6983086867" visible="true" version="1" changeset="77170443" timestamp="2019-11-16T17:21:14Z" user="Arun Balaji" uid="3427745" lat="30.3346007" lon="78.0351375"/>
 <node id="6983086868" visible="true" version="1" changeset="77170443" timestamp="2019-11-16T17:21:14Z" user="Arun Balaji" uid="3427745" lat="30.3345638" lon="78.0350927"/>
 <node id="6983086869" visible="true" version="1" changeset="77170443" timestamp="2019-11-16T17:21:14Z" user="Arun Balaji" uid="3427745" lat="30.3346032" lon="78.0350491"/>
 <node id="6983086870" visible="true" version="1" changeset="77170443" timestamp="2019-11-16T17:21:14Z" user="Arun Balaji" uid="3427745" lat="30.3347096" lon="78.0352300"/>
 <node id="6983086871" visible="true" version="1" changeset="77170443" timestamp="2019-11-16T17:21:14Z" user="Arun Balaji" uid="3427745" lat="30.3346378" lon="78.0352931"/>
 <node id="6983086872" visible="true" version="1" changeset="77170443" timestamp="2019-11-16T17:21:14Z" user="Arun Balaji" uid="3427745" lat="30.3345708" lon="78.0351906"/>
 <node id="6983086873" visible="true" version="1" changeset="77170443" timestamp="2019-11-16T17:21:14Z" user="Arun Balaji" uid="3427745" lat="30.3346425" lon="78.0351276"/>
 <node id="6983086874" visible="true" version="1" changeset="77170443" timestamp="2019-11-16T17:21:14Z" user="Arun Balaji" uid="3427745" lat="30.3347451" lon="78.0350792"/>
 <node id="6983086875" visible="true" version="1" changeset="77170443" timestamp="2019-11-16T17:21:14Z" user="Arun Balaji" uid="3427745" lat="30.3346901" lon="78.0351248"/>
 <node id="6983086876" visible="true" version="1" changeset="77170443" timestamp="2019-11-16T17:21:14Z" user="Arun Balaji" uid="3427745" lat="30.3346483" lon="78.0350572"/>
 <node id="6983086877" visible="true" version="1" changeset="77170443" timestamp="2019-11-16T17:21:14Z" user="Arun Balaji" uid="3427745" lat="30.3347033" lon="78.0350116"/>
 <node id="6983086878" visible="true" version="1" changeset="77170443" timestamp="2019-11-16T17:21:14Z" user="Arun Balaji" uid="3427745" lat="30.3347789" lon="78.0351571"/>
 <node id="6983086879" visible="true" version="1" changeset="77170443" timestamp="2019-11-16T17:21:14Z" user="Arun Balaji" uid="3427745" lat="30.3347262" lon="78.0351967"/>
 <node id="6983086880" visible="true" version="1" changeset="77170443" timestamp="2019-11-16T17:21:14Z" user="Arun Balaji" uid="3427745" lat="30.3346917" lon="78.0351350"/>
 <node id="6983086881" visible="true" version="1" changeset="77170443" timestamp="2019-11-16T17:21:14Z" user="Arun Balaji" uid="3427745" lat="30.3347444" lon="78.0350954"/>
 <node id="6983087042" visible="true" version="1" changeset="77170443" timestamp="2019-11-16T17:21:14Z" user="Arun Balaji" uid="3427745" lat="30.3344865" lon="78.0388052"/>
 <node id="6983087043" visible="true" version="1" changeset="77170443" timestamp="2019-11-16T17:21:14Z" user="Arun Balaji" uid="3427745" lat="30.3345184" lon="78.0388461"/>
 <node id="6983087044" visible="true" version="1" changeset="77170443" timestamp="2019-11-16T17:21:14Z" user="Arun Balaji" uid="3427745" lat="30.3345783" lon="78.0387835"/>
 <node id="6983087045" visible="true" version="1" changeset="77170443" timestamp="2019-11-16T17:21:14Z" user="Arun Balaji" uid="3427745" lat="30.3345464" lon="78.0387425"/>
 <node id="6983087046" visible="true" version="1" changeset="77170443" timestamp="2019-11-16T17:21:14Z" user="Arun Balaji" uid="3427745" lat="30.3345854" lon="78.0387842"/>
 <node id="6983087047" visible="true" version="1" changeset="77170443" timestamp="2019-11-16T17:21:14Z" user="Arun Balaji" uid="3427745" lat="30.3345816" lon="78.0387792"/>
 <node id="6983087048" visible="true" version="1" changeset="77170443" timestamp="2019-11-16T17:21:14Z" user="Arun Balaji" uid="3427745" lat="30.3345298" lon="78.0388424"/>
 <node id="6983087049" visible="true" version="1" changeset="77170443" timestamp="2019-11-16T17:21:14Z" user="Arun Balaji" uid="3427745" lat="30.3345687" lon="78.0388923"/>
 <node id="6983087050" visible="true" version="1" changeset="77170443" timestamp="2019-11-16T17:21:14Z" user="Arun Balaji" uid="3427745" lat="30.3346581" lon="78.0387989"/>
 <node id="6983087051" visible="true" version="1" changeset="77170443" timestamp="2019-11-16T17:21:14Z" user="Arun Balaji" uid="3427745" lat="30.3346153" lon="78.0387439"/>
 <node id="6983087124" visible="true" version="1" changeset="77170443" timestamp="2019-11-16T17:21:14Z" user="Arun Balaji" uid="3427745" lat="30.3344050" lon="78.0386614"/>
 <node id="6983087125" visible="true" version="1" changeset="77170443" timestamp="2019-11-16T17:21:14Z" user="Arun Balaji" uid="3427745" lat="30.3343390" lon="78.0388452"/>
 <node id="6983087126" visible="true" version="1" changeset="77170443" timestamp="2019-11-16T17:21:14Z" user="Arun Balaji" uid="3427745" lat="30.3344238" lon="78.0388860"/>
 <node id="6983087127" visible="true" version="1" changeset="77170443" timestamp="2019-11-16T17:21:14Z" user="Arun Balaji" uid="3427745" lat="30.3344897" lon="78.0387023"/>
 <node id="6983087128" visible="true" version="1" changeset="77170443" timestamp="2019-11-16T17:21:14Z" user="Arun Balaji" uid="3427745" lat="30.3348074" lon="78.0383791"/>
 <node id="6983087129" visible="true" version="1" changeset="77170443" timestamp="2019-11-16T17:21:14Z" user="Arun Balaji" uid="3427745" lat="30.3347113" lon="78.0383845"/>
 <node id="6983087130" visible="true" version="1" changeset="77170443" timestamp="2019-11-16T17:21:14Z" user="Arun Balaji" uid="3427745" lat="30.3347085" lon="78.0383161"/>
 <node id="6983087131" visible="true" version="1" changeset="77170443" timestamp="2019-11-16T17:21:14Z" user="Arun Balaji" uid="3427745" lat="30.3348046" lon="78.0383107"/>
 <node id="6983087132" visible="true" version="1" changeset="77170443" timestamp="2019-11-16T17:21:14Z" user="Arun Balaji" uid="3427745" lat="30.3348118" lon="78.0382907"/>
 <node id="6983087133" visible="true" version="1" changeset="77170443" timestamp="2019-11-16T17:21:14Z" user="Arun Balaji" uid="3427745" lat="30.3347053" lon="78.0382961"/>
 <node id="6983087134" visible="true" version="1" changeset="77170443" timestamp="2019-11-16T17:21:14Z" user="Arun Balaji" uid="3427745" lat="30.3347027" lon="78.0382276"/>
 <node id="6983087135" visible="true" version="1" changeset="77170443" timestamp="2019-11-16T17:21:14Z" user="Arun Balaji" uid="3427745" lat="30.3348092" lon="78.0382222"/>
 <node id="6983087136" visible="true" version="1" changeset="77170443" timestamp="2019-11-16T17:21:14Z" user="Arun Balaji" uid="3427745" lat="30.3348602" lon="78.0381792"/>
 <node id="6983087137" visible="true" version="1" changeset="77170443" timestamp="2019-11-16T17:21:14Z" user="Arun Balaji" uid="3427745" lat="30.3349192" lon="78.0383549"/>
 <node id="6983087138" visible="true" version="1" changeset="77170443" timestamp="2019-11-16T17:21:14Z" user="Arun Balaji" uid="3427745" lat="30.3349666" lon="78.0383335"/>
 <node id="6983087139" visible="true" version="1" changeset="77170443" timestamp="2019-11-16T17:21:14Z" user="Arun Balaji" uid="3427745" lat="30.3349076" lon="78.0381578"/>
 <node id="6983093085" visible="true" version="1" changeset="77170573" timestamp="2019-11-16T17:27:49Z" user="Arun Balaji" uid="3427745" lat="30.3331519" lon="78.0362463"/>
 <node id="6983093086" visible="true" version="1" changeset="77170573" timestamp="2019-11-16T17:27:49Z" user="Arun Balaji" uid="3427745" lat="30.3330813" lon="78.0363180"/>
 <node id="6983093087" visible="true" version="1" changeset="77170573" timestamp="2019-11-16T17:27:49Z" user="Arun Balaji" uid="3427745" lat="30.3331233" lon="78.0363735"/>
 <node id="6983093088" visible="true" version="1" changeset="77170573" timestamp="2019-11-16T17:27:49Z" user="Arun Balaji" uid="3427745" lat="30.3331939" lon="78.0363017"/>
 <node id="6983093089" visible="true" version="1" changeset="77170573" timestamp="2019-11-16T17:27:49Z" user="Arun Balaji" uid="3427745" lat="30.3335392" lon="78.0366435"/>
 <node id="6983093090" visible="true" version="1" changeset="77170573" timestamp="2019-11-16T17:27:49Z" user="Arun Balaji" uid="3427745" lat="30.3334449" lon="78.0365992"/>
 <node id="6983093091" visible="true" version="1" changeset="77170573" timestamp="2019-11-16T17:27:49Z" user="Arun Balaji" uid="3427745" lat="30.3334758" lon="78.0365109"/>
 <node id="6983093092" visible="true" version="1" changeset="77170573" timestamp="2019-11-16T17:27:49Z" user="Arun Balaji" uid="3427745" lat="30.3335701" lon="78.0365552"/>
 <node id="6983093093" visible="true" version="1" changeset="77170573" timestamp="2019-11-16T17:27:49Z" user="Arun Balaji" uid="3427745" lat="30.3334185" lon="78.0361481"/>
 <node id="6983093094" visible="true" version="1" changeset="77170573" timestamp="2019-11-16T17:27:49Z" user="Arun Balaji" uid="3427745" lat="30.3333699" lon="78.0362540"/>
 <node id="6983093095" visible="true" version="1" changeset="77170573" timestamp="2019-11-16T17:27:49Z" user="Arun Balaji" uid="3427745" lat="30.3334474" lon="78.0363017"/>
 <node id="6983093096" visible="true" version="1" changeset="77170573" timestamp="2019-11-16T17:27:49Z" user="Arun Balaji" uid="3427745" lat="30.3334960" lon="78.0361958"/>
 <node id="6983093097" visible="true" version="1" changeset="77170573" timestamp="2019-11-16T17:27:49Z" user="Arun Balaji" uid="3427745" lat="30.3331577" lon="78.0359230"/>
 <node id="6983093098" visible="true" version="1" changeset="77170573" timestamp="2019-11-16T17:27:49Z" user="Arun Balaji" uid="3427745" lat="30.3331030" lon="78.0360055"/>
 <node id="6983093099" visible="true" version="1" changeset="77170573" timestamp="2019-11-16T17:27:49Z" user="Arun Balaji" uid="3427745" lat="30.3331586" lon="78.0360550"/>
 <node id="6983093100" visible="true" version="1" changeset="77170573" timestamp="2019-11-16T17:27:49Z" user="Arun Balaji" uid="3427745" lat="30.3332133" lon="78.0359725"/>
 <node id="6983093101" visible="true" version="1" changeset="77170573" timestamp="2019-11-16T17:27:49Z" user="Arun Balaji" uid="3427745" lat="30.3333249" lon="78.0360925"/>
 <node id="6983093102" visible="true" version="1" changeset="77170573" timestamp="2019-11-16T17:27:49Z" user="Arun Balaji" uid="3427745" lat="30.3332676" lon="78.0361790"/>
 <node id="6983093103" visible="true" version="1" changeset="77170573" timestamp="2019-11-16T17:27:49Z" user="Arun Balaji" uid="3427745" lat="30.3332269" lon="78.0361428"/>
 <node id="6983093104" visible="true" version="1" changeset="77170573" timestamp="2019-11-16T17:27:49Z" user="Arun Balaji" uid="3427745" lat="30.3332842" lon="78.0360563"/>
 <node id="6983093105" visible="true" version="1" changeset="77170573" timestamp="2019-11-16T17:27:49Z" user="Arun Balaji" uid="3427745" lat="30.3333989" lon="78.0360636"/>
 <node id="6983093106" visible="true" version="1" changeset="77170573" timestamp="2019-11-16T17:27:49Z" user="Arun Balaji" uid="3427745" lat="30.3333179" lon="78.0360073"/>
 <node id="6983093107" visible="true" version="1" changeset="77170573" timestamp="2019-11-16T17:27:49Z" user="Arun Balaji" uid="3427745" lat="30.3333536" lon="78.0359383"/>
 <node id="6983093108" visible="true" version="1" changeset="77170573" timestamp="2019-11-16T17:27:49Z" user="Arun Balaji" uid="3427745" lat="30.3334347" lon="78.0359946"/>
 <node id="6983093109" visible="true" version="1" changeset="77170573" timestamp="2019-11-16T17:27:49Z" user="Arun Balaji" uid="3427745" lat="30.3332572" lon="78.0359254"/>
 <node id="6983093110" visible="true" version="1" changeset="77170573" timestamp="2019-11-16T17:27:49Z" user="Arun Balaji" uid="3427745" lat="30.3331907" lon="78.0358698"/>
 <node id="6983093111" visible="true" version="1" changeset="77170573" timestamp="2019-11-16T17:27:49Z" user="Arun Balaji" uid="3427745" lat="30.3332211" lon="78.0358209"/>
 <node id="6983093112" visible="true" version="1" changeset="77170573" timestamp="2019-11-16T17:27:49Z" user="Arun Balaji" uid="3427745" lat="30.3332877" lon="78.0358766"/>
 <node id="6983093113" visible="true" version="1" changeset="77170573" timestamp="2019-11-16T17:27:49Z" user="Arun Balaji" uid="3427745" lat="30.3331225" lon="78.0358211"/>
 <node id="6983093114" visible="true" version="1" changeset="77170573" timestamp="2019-11-16T17:27:49Z" user="Arun Balaji" uid="3427745" lat="30.3330507" lon="78.0359263"/>
 <node id="6983093115" visible="true" version="1" changeset="77170573" timestamp="2019-11-16T17:27:49Z" user="Arun Balaji" uid="3427745" lat="30.3331129" lon="78.0359832"/>
 <node id="6983093116" visible="true" version="1" changeset="77170573" timestamp="2019-11-16T17:27:49Z" user="Arun Balaji" uid="3427745" lat="30.3331846" lon="78.0358779"/>
 <node id="6983093117" visible="true" version="1" changeset="77170573" timestamp="2019-11-16T17:27:49Z" user="Arun Balaji" uid="3427745" lat="30.3332285" lon="78.0359647"/>
 <node id="6983093118" visible="true" version="1" changeset="77170573" timestamp="2019-11-16T17:27:49Z" user="Arun Balaji" uid="3427745" lat="30.3331591" lon="78.0360679"/>
 <node id="6983093119" visible="true" version="1" changeset="77170573" timestamp="2019-11-16T17:27:49Z" user="Arun Balaji" uid="3427745" lat="30.3332234" lon="78.0361260"/>
 <node id="6983093120" visible="true" version="1" changeset="77170573" timestamp="2019-11-16T17:27:49Z" user="Arun Balaji" uid="3427745" lat="30.3332929" lon="78.0360228"/>
 <node id="6983093121" visible="true" version="1" changeset="77170573" timestamp="2019-11-16T17:27:49Z" user="Arun Balaji" uid="3427745" lat="30.3333587" lon="78.0360771"/>
 <node id="6983093122" visible="true" version="1" changeset="77170573" timestamp="2019-11-16T17:27:49Z" user="Arun Balaji" uid="3427745" lat="30.3332852" lon="78.0362065"/>
 <node id="6983093123" visible="true" version="1" changeset="77170573" timestamp="2019-11-16T17:27:49Z" user="Arun Balaji" uid="3427745" lat="30.3333467" lon="78.0362535"/>
 <node id="6983093124" visible="true" version="1" changeset="77170573" timestamp="2019-11-16T17:27:49Z" user="Arun Balaji" uid="3427745" lat="30.3334202" lon="78.0361240"/>
 <node id="6983093125" visible="true" version="1" changeset="77170573" timestamp="2019-11-16T17:27:49Z" user="Arun Balaji" uid="3427745" lat="30.3335930" lon="78.0362837"/>
 <node id="6983093126" visible="true" version="1" changeset="77170573" timestamp="2019-11-16T17:27:49Z" user="Arun Balaji" uid="3427745" lat="30.3335375" lon="78.0364010"/>
 <node id="6983093127" visible="true" version="1" changeset="77170573" timestamp="2019-11-16T17:27:49Z" user="Arun Balaji" uid="3427745" lat="30.3335996" lon="78.0364405"/>
 <node id="6983093128" visible="true" version="1" changeset="77170573" timestamp="2019-11-16T17:27:49Z" user="Arun Balaji" uid="3427745" lat="30.3336552" lon="78.0363232"/>
 <node id="6983093129" visible="true" version="1" changeset="77170573" timestamp="2019-11-16T17:27:49Z" user="Arun Balaji" uid="3427745" lat="30.3337358" lon="78.0363447"/>
 <node id="6983093130" visible="true" version="1" changeset="77170573" timestamp="2019-11-16T17:27:49Z" user="Arun Balaji" uid="3427745" lat="30.3336206" lon="78.0362710"/>
 <node id="6983093131" visible="true" version="1" changeset="77170573" timestamp="2019-11-16T17:27:49Z" user="Arun Balaji" uid="3427745" lat="30.3336546" lon="78.0361998"/>
 <node id="6983093132" visible="true" version="1" changeset="77170573" timestamp="2019-11-16T17:27:49Z" user="Arun Balaji" uid="3427745" lat="30.3337698" lon="78.0362736"/>
 <node id="6983093165" visible="true" version="1" changeset="77170573" timestamp="2019-11-16T17:27:49Z" user="Arun Balaji" uid="3427745" lat="30.3320959" lon="78.0346834"/>
 <node id="6983093166" visible="true" version="1" changeset="77170573" timestamp="2019-11-16T17:27:49Z" user="Arun Balaji" uid="3427745" lat="30.3321161" lon="78.0347720"/>
 <node id="6983093167" visible="true" version="1" changeset="77170573" timestamp="2019-11-16T17:27:49Z" user="Arun Balaji" uid="3427745" lat="30.3320433" lon="78.0347943"/>
 <node id="6983093168" visible="true" version="1" changeset="77170573" timestamp="2019-11-16T17:27:49Z" user="Arun Balaji" uid="3427745" lat="30.3320231" lon="78.0347058"/>
 <node id="6983093169" visible="true" version="1" changeset="77170573" timestamp="2019-11-16T17:27:49Z" user="Arun Balaji" uid="3427745" lat="30.3329070" lon="78.0372364"/>
 <node id="6983093170" visible="true" version="1" changeset="77170573" timestamp="2019-11-16T17:27:49Z" user="Arun Balaji" uid="3427745" lat="30.3328861" lon="78.0373544"/>
 <node id="6983093171" visible="true" version="1" changeset="77170573" timestamp="2019-11-16T17:27:49Z" user="Arun Balaji" uid="3427745" lat="30.3328328" lon="78.0373418"/>
 <node id="6983093172" visible="true" version="1" changeset="77170573" timestamp="2019-11-16T17:27:49Z" user="Arun Balaji" uid="3427745" lat="30.3328536" lon="78.0372237"/>
 <node id="6983093173" visible="true" version="1" changeset="77170573" timestamp="2019-11-16T17:27:49Z" user="Arun Balaji" uid="3427745" lat="30.3328054" lon="78.0372171"/>
 <node id="6983093174" visible="true" version="1" changeset="77170573" timestamp="2019-11-16T17:27:49Z" user="Arun Balaji" uid="3427745" lat="30.3327787" lon="78.0373445"/>
 <node id="6983093175" visible="true" version="1" changeset="77170573" timestamp="2019-11-16T17:27:49Z" user="Arun Balaji" uid="3427745" lat="30.3327211" lon="78.0373283"/>
 <node id="6983093176" visible="true" version="1" changeset="77170573" timestamp="2019-11-16T17:27:49Z" user="Arun Balaji" uid="3427745" lat="30.3327477" lon="78.0372009"/>
 <node id="6983093177" visible="true" version="1" changeset="77170573" timestamp="2019-11-16T17:27:49Z" user="Arun Balaji" uid="3427745" lat="30.3326832" lon="78.0369409"/>
 <node id="6983093178" visible="true" version="1" changeset="77170573" timestamp="2019-11-16T17:27:49Z" user="Arun Balaji" uid="3427745" lat="30.3326722" lon="78.0370609"/>
 <node id="6983093179" visible="true" version="1" changeset="77170573" timestamp="2019-11-16T17:27:49Z" user="Arun Balaji" uid="3427745" lat="30.3327367" lon="78.0370688"/>
 <node id="6983093180" visible="true" version="1" changeset="77170573" timestamp="2019-11-16T17:27:49Z" user="Arun Balaji" uid="3427745" lat="30.3327477" lon="78.0369488"/>
 <node id="6983093181" visible="true" version="1" changeset="77170573" timestamp="2019-11-16T17:27:49Z" user="Arun Balaji" uid="3427745" lat="30.3327758" lon="78.0369615"/>
 <node id="6983093182" visible="true" version="1" changeset="77170573" timestamp="2019-11-16T17:27:49Z" user="Arun Balaji" uid="3427745" lat="30.3327636" lon="78.0370822"/>
 <node id="6983093183" visible="true" version="1" changeset="77170573" timestamp="2019-11-16T17:27:49Z" user="Arun Balaji" uid="3427745" lat="30.3328432" lon="78.0370930"/>
 <node id="6983093184" visible="true" version="1" changeset="77170573" timestamp="2019-11-16T17:27:49Z" user="Arun Balaji" uid="3427745" lat="30.3328553" lon="78.0369723"/>
 <node id="6983093185" visible="true" version="1" changeset="77170573" timestamp="2019-11-16T17:27:49Z" user="Arun Balaji" uid="3427745" lat="30.3328647" lon="78.0369779"/>
 <node id="6983093186" visible="true" version="1" changeset="77170573" timestamp="2019-11-16T17:27:49Z" user="Arun Balaji" uid="3427745" lat="30.3328537" lon="78.0370678"/>
 <node id="6983093187" visible="true" version="1" changeset="77170573" timestamp="2019-11-16T17:27:49Z" user="Arun Balaji" uid="3427745" lat="30.3329132" lon="78.0370776"/>
 <node id="6983093188" visible="true" version="1" changeset="77170573" timestamp="2019-11-16T17:27:49Z" user="Arun Balaji" uid="3427745" lat="30.3329242" lon="78.0369877"/>
 <node id="6983093189" visible="true" version="1" changeset="77170573" timestamp="2019-11-16T17:27:49Z" user="Arun Balaji" uid="3427745" lat="30.3329744" lon="78.0370648"/>
 <node id="6983093190" visible="true" version="1" changeset="77170573" timestamp="2019-11-16T17:27:49Z" user="Arun Balaji" uid="3427745" lat="30.3329952" lon="78.0370686"/>
 <node id="6983093191" visible="true" version="1" changeset="77170573" timestamp="2019-11-16T17:27:49Z" user="Arun Balaji" uid="3427745" lat="30.3329834" lon="78.0369985"/>
 <node id="6983093192" visible="true" version="1" changeset="77170573" timestamp="2019-11-16T17:27:49Z" user="Arun Balaji" uid="3427745" lat="30.3329886" lon="78.0371176"/>
 <node id="6983093193" visible="true" version="1" changeset="77170573" timestamp="2019-11-16T17:27:49Z" user="Arun Balaji" uid="3427745" lat="30.3329196" lon="78.0371051"/>
 <node id="6983093194" visible="true" version="1" changeset="77170573" timestamp="2019-11-16T17:27:49Z" user="Arun Balaji" uid="3427745" lat="30.3329352" lon="78.0369897"/>
 <node id="6983093195" visible="true" version="1" changeset="77170573" timestamp="2019-11-16T17:27:49Z" user="Arun Balaji" uid="3427745" lat="30.3326827" lon="78.0369159"/>
 <node id="6983093196" visible="true" version="1" changeset="77170573" timestamp="2019-11-16T17:27:49Z" user="Arun Balaji" uid="3427745" lat="30.3326080" lon="78.0368958"/>
 <node id="6983093197" visible="true" version="1" changeset="77170573" timestamp="2019-11-16T17:27:49Z" user="Arun Balaji" uid="3427745" lat="30.3326244" lon="78.0368140"/>
 <node id="6983093198" visible="true" version="1" changeset="77170573" timestamp="2019-11-16T17:27:49Z" user="Arun Balaji" uid="3427745" lat="30.3326991" lon="78.0368341"/>
 <node id="6983093199" visible="true" version="1" changeset="77170573" timestamp="2019-11-16T17:27:49Z" user="Arun Balaji" uid="3427745" lat="30.3326647" lon="78.0367212"/>
 <node id="6983093200" visible="true" version="1" changeset="77170573" timestamp="2019-11-16T17:27:49Z" user="Arun Balaji" uid="3427745" lat="30.3326387" lon="78.0367923"/>
 <node id="6983093201" visible="true" version="1" changeset="77170573" timestamp="2019-11-16T17:27:49Z" user="Arun Balaji" uid="3427745" lat="30.3326939" lon="78.0368194"/>
 <node id="6983093202" visible="true" version="1" changeset="77170573" timestamp="2019-11-16T17:27:49Z" user="Arun Balaji" uid="3427745" lat="30.3327199" lon="78.0367483"/>
 <node id="6983093203" visible="true" version="1" changeset="77170573" timestamp="2019-11-16T17:27:49Z" user="Arun Balaji" uid="3427745" lat="30.3325561" lon="78.0366670"/>
 <node id="6983093204" visible="true" version="1" changeset="77170573" timestamp="2019-11-16T17:27:49Z" user="Arun Balaji" uid="3427745" lat="30.3325312" lon="78.0367662"/>
 <node id="6983093205" visible="true" version="1" changeset="77170573" timestamp="2019-11-16T17:27:49Z" user="Arun Balaji" uid="3427745" lat="30.3326036" lon="78.0367906"/>
 <node id="6983093206" visible="true" version="1" changeset="77170573" timestamp="2019-11-16T17:27:49Z" user="Arun Balaji" uid="3427745" lat="30.3326285" lon="78.0366913"/>
 <node id="6983093207" visible="true" version="1" changeset="77170573" timestamp="2019-11-16T17:27:49Z" user="Arun Balaji" uid="3427745" lat="30.3327028" lon="78.0371066"/>
 <node id="6983093208" visible="true" version="1" changeset="77170573" timestamp="2019-11-16T17:27:49Z" user="Arun Balaji" uid="3427745" lat="30.3327092" lon="78.0370788"/>
 <node id="6983093209" visible="true" version="1" changeset="77170573" timestamp="2019-11-16T17:27:49Z" user="Arun Balaji" uid="3427745" lat="30.3327458" lon="78.0371201"/>
 <node id="6983093210" visible="true" version="1" changeset="77170573" timestamp="2019-11-16T17:27:49Z" user="Arun Balaji" uid="3427745" lat="30.3326753" lon="78.0370682"/>
 <node id="6983093211" visible="true" version="1" changeset="77170573" timestamp="2019-11-16T17:27:49Z" user="Arun Balaji" uid="3427745" lat="30.3326562" lon="78.0371500"/>
 <node id="6983093212" visible="true" version="1" changeset="77170573" timestamp="2019-11-16T17:27:49Z" user="Arun Balaji" uid="3427745" lat="30.3327332" lon="78.0371741"/>
 <node id="6983093213" visible="true" version="1" changeset="77170573" timestamp="2019-11-16T17:27:49Z" user="Arun Balaji" uid="3427745" lat="30.3328650" lon="78.0371267"/>
 <node id="6983093214" visible="true" version="1" changeset="77170573" timestamp="2019-11-16T17:27:49Z" user="Arun Balaji" uid="3427745" lat="30.3327735" lon="78.0370939"/>
 <node id="6983093215" visible="true" version="1" changeset="77170573" timestamp="2019-11-16T17:27:49Z" user="Arun Balaji" uid="3427745" lat="30.3327512" lon="78.0371775"/>
 <node id="6983093216" visible="true" version="1" changeset="77170573" timestamp="2019-11-16T17:27:49Z" user="Arun Balaji" uid="3427745" lat="30.3328426" lon="78.0372103"/>
 <node id="6983093217" visible="true" version="1" changeset="77170573" timestamp="2019-11-16T17:27:49Z" user="Arun Balaji" uid="3427745" lat="30.3329787" lon="78.0371665"/>
 <node id="6983093218" visible="true" version="1" changeset="77170573" timestamp="2019-11-16T17:27:49Z" user="Arun Balaji" uid="3427745" lat="30.3329614" lon="78.0372383"/>
 <node id="6983093219" visible="true" version="1" changeset="77170573" timestamp="2019-11-16T17:27:49Z" user="Arun Balaji" uid="3427745" lat="30.3328588" lon="78.0372050"/>
 <node id="6983093220" visible="true" version="1" changeset="77170573" timestamp="2019-11-16T17:27:49Z" user="Arun Balaji" uid="3427745" lat="30.3328762" lon="78.0371332"/>
 <node id="6983093221" visible="true" version="1" changeset="77170573" timestamp="2019-11-16T17:27:49Z" user="Arun Balaji" uid="3427745" lat="30.3330077" lon="78.0373666"/>
 <node id="6983093222" visible="true" version="1" changeset="77170573" timestamp="2019-11-16T17:27:49Z" user="Arun Balaji" uid="3427745" lat="30.3329261" lon="78.0373330"/>
 <node id="6983093223" visible="true" version="1" changeset="77170573" timestamp="2019-11-16T17:27:49Z" user="Arun Balaji" uid="3427745" lat="30.3329526" lon="78.0372465"/>
 <node id="6983093224" visible="true" version="1" changeset="77170573" timestamp="2019-11-16T17:27:49Z" user="Arun Balaji" uid="3427745" lat="30.3330342" lon="78.0372801"/>
 <node id="6983093225" visible="true" version="1" changeset="77170573" timestamp="2019-11-16T17:27:49Z" user="Arun Balaji" uid="3427745" lat="30.3330819" lon="78.0371753"/>
 <node id="6983093226" visible="true" version="1" changeset="77170573" timestamp="2019-11-16T17:27:49Z" user="Arun Balaji" uid="3427745" lat="30.3330564" lon="78.0372632"/>
 <node id="6983093227" visible="true" version="1" changeset="77170573" timestamp="2019-11-16T17:27:49Z" user="Arun Balaji" uid="3427745" lat="30.3329774" lon="78.0372325"/>
 <node id="6983093228" visible="true" version="1" changeset="77170573" timestamp="2019-11-16T17:27:49Z" user="Arun Balaji" uid="3427745" lat="30.3330029" lon="78.0371446"/>
 <node id="6983093229" visible="true" version="1" changeset="77170573" timestamp="2019-11-16T17:27:49Z" user="Arun Balaji" uid="3427745" lat="30.3331673" lon="78.0370231"/>
 <node id="6983093230" visible="true" version="1" changeset="77170573" timestamp="2019-11-16T17:27:49Z" user="Arun Balaji" uid="3427745" lat="30.3330365" lon="78.0370009"/>
 <node id="6983093231" visible="true" version="1" changeset="77170573" timestamp="2019-11-16T17:27:49Z" user="Arun Balaji" uid="3427745" lat="30.3330498" lon="78.0368958"/>
 <node id="6983093232" visible="true" version="1" changeset="77170573" timestamp="2019-11-16T17:27:49Z" user="Arun Balaji" uid="3427745" lat="30.3331806" lon="78.0369180"/>
 <node id="6983093233" visible="true" version="1" changeset="77170573" timestamp="2019-11-16T17:27:49Z" user="Arun Balaji" uid="3427745" lat="30.3331301" lon="78.0371076"/>
 <node id="6983093234" visible="true" version="1" changeset="77170573" timestamp="2019-11-16T17:27:49Z" user="Arun Balaji" uid="3427745" lat="30.3330161" lon="78.0370734"/>
 <node id="6983093235" visible="true" version="1" changeset="77170573" timestamp="2019-11-16T17:27:49Z" user="Arun Balaji" uid="3427745" lat="30.3330301" lon="78.0370105"/>
 <node id="6983093236" visible="true" version="1" changeset="77170573" timestamp="2019-11-16T17:27:49Z" user="Arun Balaji" uid="3427745" lat="30.3331441" lon="78.0370447"/>
 <node id="6983093237" visible="true" version="1" changeset="77170573" timestamp="2019-11-16T17:27:49Z" user="Arun Balaji" uid="3427745" lat="30.3331685" lon="78.0371093"/>
 <node id="6983093238" visible="true" version="1" changeset="77170573" timestamp="2019-11-16T17:27:49Z" user="Arun Balaji" uid="3427745" lat="30.3331823" lon="78.0370660"/>
 <node id="6983093239" visible="true" version="1" changeset="77170573" timestamp="2019-11-16T17:27:49Z" user="Arun Balaji" uid="3427745" lat="30.3332202" lon="78.0371314"/>
 <node id="6983093240" visible="true" version="1" changeset="77170573" timestamp="2019-11-16T17:27:49Z" user="Arun Balaji" uid="3427745" lat="30.3332056" lon="78.0371772"/>
 <node id="6983093241" visible="true" version="1" changeset="77170573" timestamp="2019-11-16T17:27:49Z" user="Arun Balaji" uid="3427745" lat="30.3331262" lon="78.0371433"/>
 <node id="6983093242" visible="true" version="1" changeset="77170573" timestamp="2019-11-16T17:27:49Z" user="Arun Balaji" uid="3427745" lat="30.3331545" lon="78.0370541"/>
 <node id="6983093243" visible="true" version="1" changeset="77170573" timestamp="2019-11-16T17:27:49Z" user="Arun Balaji" uid="3427745" lat="30.3331555" lon="78.0372350"/>
 <node id="6983093244" visible="true" version="1" changeset="77170573" timestamp="2019-11-16T17:27:49Z" user="Arun Balaji" uid="3427745" lat="30.3331526" lon="78.0372445"/>
 <node id="6983093245" visible="true" version="1" changeset="77170573" timestamp="2019-11-16T17:27:49Z" user="Arun Balaji" uid="3427745" lat="30.3331395" lon="78.0372285"/>
 <node id="6983093246" visible="true" version="1" changeset="77170573" timestamp="2019-11-16T17:27:49Z" user="Arun Balaji" uid="3427745" lat="30.3331740" lon="78.0372532"/>
 <node id="6983093247" visible="true" version="1" changeset="77170573" timestamp="2019-11-16T17:27:49Z" user="Arun Balaji" uid="3427745" lat="30.3331516" lon="78.0371885"/>
 <node id="6983093248" visible="true" version="1" changeset="77170573" timestamp="2019-11-16T17:27:49Z" user="Arun Balaji" uid="3427745" lat="30.3331624" lon="78.0372915"/>
 <node id="6983093249" visible="true" version="1" changeset="77170573" timestamp="2019-11-16T17:27:49Z" user="Arun Balaji" uid="3427745" lat="30.3330799" lon="78.0372579"/>
 <node id="6983093250" visible="true" version="1" changeset="77170573" timestamp="2019-11-16T17:27:49Z" user="Arun Balaji" uid="3427745" lat="30.3331065" lon="78.0371701"/>
 <node id="6983093251" visible="true" version="1" changeset="77170573" timestamp="2019-11-16T17:27:49Z" user="Arun Balaji" uid="3427745" lat="30.3331409" lon="78.0373225"/>
 <node id="6983093252" visible="true" version="1" changeset="77170573" timestamp="2019-11-16T17:27:49Z" user="Arun Balaji" uid="3427745" lat="30.3331114" lon="78.0374177"/>
 <node id="6983093253" visible="true" version="1" changeset="77170573" timestamp="2019-11-16T17:27:49Z" user="Arun Balaji" uid="3427745" lat="30.3330336" lon="78.0373853"/>
 <node id="6983093254" visible="true" version="1" changeset="77170573" timestamp="2019-11-16T17:27:49Z" user="Arun Balaji" uid="3427745" lat="30.3330631" lon="78.0372901"/>
 <node id="6983093255" visible="true" version="1" changeset="77170573" timestamp="2019-11-16T17:27:49Z" user="Arun Balaji" uid="3427745" lat="30.3331041" lon="78.0381189"/>
 <node id="6983093256" visible="true" version="1" changeset="77170573" timestamp="2019-11-16T17:27:49Z" user="Arun Balaji" uid="3427745" lat="30.3330109" lon="78.0381195"/>
 <node id="6983093257" visible="true" version="1" changeset="77170573" timestamp="2019-11-16T17:27:49Z" user="Arun Balaji" uid="3427745" lat="30.3330104" lon="78.0380371"/>
 <node id="6983093258" visible="true" version="1" changeset="77170573" timestamp="2019-11-16T17:27:49Z" user="Arun Balaji" uid="3427745" lat="30.3331036" lon="78.0380365"/>
 <node id="6983093259" visible="true" version="1" changeset="77170573" timestamp="2019-11-16T17:27:49Z" user="Arun Balaji" uid="3427745" lat="30.3330968" lon="78.0378826"/>
 <node id="6983093260" visible="true" version="1" changeset="77170573" timestamp="2019-11-16T17:27:49Z" user="Arun Balaji" uid="3427745" lat="30.3330986" lon="78.0380228"/>
 <node id="6983093261" visible="true" version="1" changeset="77170573" timestamp="2019-11-16T17:27:49Z" user="Arun Balaji" uid="3427745" lat="30.3330006" lon="78.0380244"/>
 <node id="6983093262" visible="true" version="1" changeset="77170573" timestamp="2019-11-16T17:27:49Z" user="Arun Balaji" uid="3427745" lat="30.3329989" lon="78.0378842"/>
 <node id="6983093263" visible="true" version="1" changeset="77170573" timestamp="2019-11-16T17:27:49Z" user="Arun Balaji" uid="3427745" lat="30.3329865" lon="78.0381081"/>
 <node id="6983093264" visible="true" version="1" changeset="77170573" timestamp="2019-11-16T17:27:49Z" user="Arun Balaji" uid="3427745" lat="30.3329124" lon="78.0381021"/>
 <node id="6983093265" visible="true" version="1" changeset="77170573" timestamp="2019-11-16T17:27:49Z" user="Arun Balaji" uid="3427745" lat="30.3329178" lon="78.0380123"/>
 <node id="6983093266" visible="true" version="1" changeset="77170573" timestamp="2019-11-16T17:27:49Z" user="Arun Balaji" uid="3427745" lat="30.3329919" lon="78.0380183"/>
 <node id="6983093267" visible="true" version="1" changeset="77170573" timestamp="2019-11-16T17:27:49Z" user="Arun Balaji" uid="3427745" lat="30.3328975" lon="78.0380068"/>
 <node id="6983093268" visible="true" version="1" changeset="77170573" timestamp="2019-11-16T17:27:49Z" user="Arun Balaji" uid="3427745" lat="30.3328952" lon="78.0380872"/>
 <node id="6983093269" visible="true" version="1" changeset="77170573" timestamp="2019-11-16T17:27:49Z" user="Arun Balaji" uid="3427745" lat="30.3328304" lon="78.0380847"/>
 <node id="6983093270" visible="true" version="1" changeset="77170573" timestamp="2019-11-16T17:27:49Z" user="Arun Balaji" uid="3427745" lat="30.3328328" lon="78.0380043"/>
 <node id="6983093271" visible="true" version="1" changeset="77170573" timestamp="2019-11-16T17:27:49Z" user="Arun Balaji" uid="3427745" lat="30.3328117" lon="78.0379911"/>
 <node id="6983093272" visible="true" version="1" changeset="77170573" timestamp="2019-11-16T17:27:49Z" user="Arun Balaji" uid="3427745" lat="30.3328169" lon="78.0381025"/>
 <node id="6983093273" visible="true" version="1" changeset="77170573" timestamp="2019-11-16T17:27:49Z" user="Arun Balaji" uid="3427745" lat="30.3327575" lon="78.0381062"/>
 <node id="6983093274" visible="true" version="1" changeset="77170573" timestamp="2019-11-16T17:27:49Z" user="Arun Balaji" uid="3427745" lat="30.3327523" lon="78.0379949"/>
 <node id="6983093275" visible="true" version="1" changeset="77170573" timestamp="2019-11-16T17:27:49Z" user="Arun Balaji" uid="3427745" lat="30.3327270" lon="78.0380518"/>
 <node id="6983093276" visible="true" version="1" changeset="77170573" timestamp="2019-11-16T17:27:49Z" user="Arun Balaji" uid="3427745" lat="30.3326228" lon="78.0380531"/>
 <node id="6983093277" visible="true" version="1" changeset="77170573" timestamp="2019-11-16T17:27:49Z" user="Arun Balaji" uid="3427745" lat="30.3326221" lon="78.0379748"/>
 <node id="6983093278" visible="true" version="1" changeset="77170573" timestamp="2019-11-16T17:27:49Z" user="Arun Balaji" uid="3427745" lat="30.3327263" lon="78.0379734"/>
 <node id="6983093279" visible="true" version="1" changeset="77170573" timestamp="2019-11-16T17:27:49Z" user="Arun Balaji" uid="3427745" lat="30.3328750" lon="78.0378624"/>
 <node id="6983093280" visible="true" version="1" changeset="77170573" timestamp="2019-11-16T17:27:49Z" user="Arun Balaji" uid="3427745" lat="30.3328698" lon="78.0379864"/>
 <node id="6983093281" visible="true" version="1" changeset="77170573" timestamp="2019-11-16T17:27:49Z" user="Arun Balaji" uid="3427745" lat="30.3327934" lon="78.0379821"/>
 <node id="6983093282" visible="true" version="1" changeset="77170573" timestamp="2019-11-16T17:27:49Z" user="Arun Balaji" uid="3427745" lat="30.3327986" lon="78.0378581"/>
 <node id="6983093283" visible="true" version="1" changeset="77170573" timestamp="2019-11-16T17:27:49Z" user="Arun Balaji" uid="3427745" lat="30.3329568" lon="78.0378909"/>
 <node id="6983093284" visible="true" version="1" changeset="77170573" timestamp="2019-11-16T17:27:49Z" user="Arun Balaji" uid="3427745" lat="30.3329511" lon="78.0379921"/>
 <node id="6983093285" visible="true" version="1" changeset="77170573" timestamp="2019-11-16T17:27:49Z" user="Arun Balaji" uid="3427745" lat="30.3328906" lon="78.0379875"/>
 <node id="6983093286" visible="true" version="1" changeset="77170573" timestamp="2019-11-16T17:27:49Z" user="Arun Balaji" uid="3427745" lat="30.3328964" lon="78.0378862"/>
 <node id="6983093287" visible="true" version="1" changeset="77170573" timestamp="2019-11-16T17:27:49Z" user="Arun Balaji" uid="3427745" lat="30.3329526" lon="78.0378557"/>
 <node id="6983093288" visible="true" version="1" changeset="77170573" timestamp="2019-11-16T17:27:49Z" user="Arun Balaji" uid="3427745" lat="30.3328612" lon="78.0378383"/>
 <node id="6983093289" visible="true" version="1" changeset="77170573" timestamp="2019-11-16T17:27:49Z" user="Arun Balaji" uid="3427745" lat="30.3328750" lon="78.0377407"/>
 <node id="6983093290" visible="true" version="1" changeset="77170573" timestamp="2019-11-16T17:27:49Z" user="Arun Balaji" uid="3427745" lat="30.3329665" lon="78.0377582"/>
 <node id="6983093291" visible="true" version="1" changeset="77170573" timestamp="2019-11-16T17:27:49Z" user="Arun Balaji" uid="3427745" lat="30.3328487" lon="78.0377292"/>
 <node id="6983093292" visible="true" version="1" changeset="77170573" timestamp="2019-11-16T17:27:49Z" user="Arun Balaji" uid="3427745" lat="30.3328371" lon="78.0378439"/>
 <node id="6983093293" visible="true" version="1" changeset="77170573" timestamp="2019-11-16T17:27:49Z" user="Arun Balaji" uid="3427745" lat="30.3327390" lon="78.0378306"/>
 <node id="6983093294" visible="true" version="1" changeset="77170573" timestamp="2019-11-16T17:27:49Z" user="Arun Balaji" uid="3427745" lat="30.3327506" lon="78.0377159"/>
 <node id="6983093295" visible="true" version="1" changeset="77170573" timestamp="2019-11-16T17:27:49Z" user="Arun Balaji" uid="3427745" lat="30.3326071" lon="78.0378373"/>
 <node id="6983093296" visible="true" version="1" changeset="77170573" timestamp="2019-11-16T17:27:49Z" user="Arun Balaji" uid="3427745" lat="30.3326019" lon="78.0379406"/>
 <node id="6983093297" visible="true" version="1" changeset="77170573" timestamp="2019-11-16T17:27:49Z" user="Arun Balaji" uid="3427745" lat="30.3326811" lon="78.0379459"/>
 <node id="6983093298" visible="true" version="1" changeset="77170573" timestamp="2019-11-16T17:27:49Z" user="Arun Balaji" uid="3427745" lat="30.3326863" lon="78.0378427"/>
 <node id="6983093299" visible="true" version="1" changeset="77170573" timestamp="2019-11-16T17:27:49Z" user="Arun Balaji" uid="3427745" lat="30.3325780" lon="78.0376881"/>
 <node id="6983093300" visible="true" version="1" changeset="77170573" timestamp="2019-11-16T17:27:49Z" user="Arun Balaji" uid="3427745" lat="30.3325675" lon="78.0378027"/>
 <node id="6983093301" visible="true" version="1" changeset="77170573" timestamp="2019-11-16T17:27:49Z" user="Arun Balaji" uid="3427745" lat="30.3326256" lon="78.0378098"/>
 <node id="6983093302" visible="true" version="1" changeset="77170573" timestamp="2019-11-16T17:27:49Z" user="Arun Balaji" uid="3427745" lat="30.3326360" lon="78.0376951"/>
 <node id="6983093303" visible="true" version="1" changeset="77170573" timestamp="2019-11-16T17:27:49Z" user="Arun Balaji" uid="3427745" lat="30.3326575" lon="78.0377065"/>
 <node id="6983093304" visible="true" version="1" changeset="77170573" timestamp="2019-11-16T17:27:49Z" user="Arun Balaji" uid="3427745" lat="30.3326465" lon="78.0378205"/>
 <node id="6983093305" visible="true" version="1" changeset="77170573" timestamp="2019-11-16T17:27:49Z" user="Arun Balaji" uid="3427745" lat="30.3327245" lon="78.0378306"/>
 <node id="6983093306" visible="true" version="1" changeset="77170573" timestamp="2019-11-16T17:27:49Z" user="Arun Balaji" uid="3427745" lat="30.3327355" lon="78.0377166"/>
 <node id="6983093307" visible="true" version="1" changeset="77170573" timestamp="2019-11-16T17:27:49Z" user="Arun Balaji" uid="3427745" lat="30.3327079" lon="78.0373033"/>
 <node id="6983093308" visible="true" version="1" changeset="77170573" timestamp="2019-11-16T17:27:49Z" user="Arun Balaji" uid="3427745" lat="30.3326234" lon="78.0372825"/>
 <node id="6983093309" visible="true" version="1" changeset="77170573" timestamp="2019-11-16T17:27:49Z" user="Arun Balaji" uid="3427745" lat="30.3326441" lon="78.0371694"/>
 <node id="6983093310" visible="true" version="1" changeset="77170573" timestamp="2019-11-16T17:27:49Z" user="Arun Balaji" uid="3427745" lat="30.3327286" lon="78.0371902"/>
 <node id="6983093311" visible="true" version="1" changeset="77170573" timestamp="2019-11-16T17:27:49Z" user="Arun Balaji" uid="3427745" lat="30.3327272" lon="78.0375281"/>
 <node id="6983093312" visible="true" version="1" changeset="77170573" timestamp="2019-11-16T17:27:49Z" user="Arun Balaji" uid="3427745" lat="30.3326288" lon="78.0375080"/>
 <node id="6983093313" visible="true" version="1" changeset="77170573" timestamp="2019-11-16T17:27:49Z" user="Arun Balaji" uid="3427745" lat="30.3326418" lon="78.0374229"/>
 <node id="6983093314" visible="true" version="1" changeset="77170573" timestamp="2019-11-16T17:27:49Z" user="Arun Balaji" uid="3427745" lat="30.3327402" lon="78.0374430"/>
 <node id="6983093315" visible="true" version="1" changeset="77170573" timestamp="2019-11-16T17:27:49Z" user="Arun Balaji" uid="3427745" lat="30.3327542" lon="78.0374256"/>
 <node id="6983093316" visible="true" version="1" changeset="77170573" timestamp="2019-11-16T17:27:49Z" user="Arun Balaji" uid="3427745" lat="30.3326847" lon="78.0374095"/>
 <node id="6983093317" visible="true" version="1" changeset="77170573" timestamp="2019-11-16T17:27:49Z" user="Arun Balaji" uid="3427745" lat="30.3326944" lon="78.0373532"/>
 <node id="6983093318" visible="true" version="1" changeset="77170573" timestamp="2019-11-16T17:27:49Z" user="Arun Balaji" uid="3427745" lat="30.3327639" lon="78.0373693"/>
 <node id="6983093319" visible="true" version="1" changeset="77170573" timestamp="2019-11-16T17:27:49Z" user="Arun Balaji" uid="3427745" lat="30.3325502" lon="78.0371778"/>
 <node id="6983093320" visible="true" version="1" changeset="77170573" timestamp="2019-11-16T17:27:49Z" user="Arun Balaji" uid="3427745" lat="30.3325716" lon="78.0371816"/>
 <node id="6983093321" visible="true" version="1" changeset="77170573" timestamp="2019-11-16T17:27:49Z" user="Arun Balaji" uid="3427745" lat="30.3325547" lon="78.0371441"/>
 <node id="6983093322" visible="true" version="1" changeset="77170573" timestamp="2019-11-16T17:27:49Z" user="Arun Balaji" uid="3427745" lat="30.3325644" lon="78.0372351"/>
 <node id="6983093323" visible="true" version="1" changeset="77170573" timestamp="2019-11-16T17:27:49Z" user="Arun Balaji" uid="3427745" lat="30.3325046" lon="78.0372244"/>
 <node id="6983093324" visible="true" version="1" changeset="77170573" timestamp="2019-11-16T17:27:49Z" user="Arun Balaji" uid="3427745" lat="30.3325162" lon="78.0371372"/>
 <node id="6983093325" visible="true" version="1" changeset="77170573" timestamp="2019-11-16T17:27:49Z" user="Arun Balaji" uid="3427745" lat="30.3324149" lon="78.0373756"/>
 <node id="6983093326" visible="true" version="1" changeset="77170573" timestamp="2019-11-16T17:27:49Z" user="Arun Balaji" uid="3427745" lat="30.3323715" lon="78.0373160"/>
 <node id="6983093327" visible="true" version="1" changeset="77170573" timestamp="2019-11-16T17:27:49Z" user="Arun Balaji" uid="3427745" lat="30.3324027" lon="78.0372854"/>
 <node id="6983093328" visible="true" version="1" changeset="77170573" timestamp="2019-11-16T17:27:49Z" user="Arun Balaji" uid="3427745" lat="30.3324461" lon="78.0373451"/>
 <node id="6983093329" visible="true" version="1" changeset="77170573" timestamp="2019-11-16T17:27:49Z" user="Arun Balaji" uid="3427745" lat="30.3325266" lon="78.0373190"/>
 <node id="6983093330" visible="true" version="1" changeset="77170573" timestamp="2019-11-16T17:27:49Z" user="Arun Balaji" uid="3427745" lat="30.3324380" lon="78.0372915"/>
 <node id="6983093331" visible="true" version="1" changeset="77170573" timestamp="2019-11-16T17:27:49Z" user="Arun Balaji" uid="3427745" lat="30.3324531" lon="78.0372264"/>
 <node id="6983093332" visible="true" version="1" changeset="77170573" timestamp="2019-11-16T17:27:49Z" user="Arun Balaji" uid="3427745" lat="30.3325416" lon="78.0372539"/>
 <node id="6983093333" visible="true" version="1" changeset="77170573" timestamp="2019-11-16T17:27:49Z" user="Arun Balaji" uid="3427745" lat="30.3326720" lon="78.0374056"/>
 <node id="6983093334" visible="true" version="1" changeset="77170573" timestamp="2019-11-16T17:27:49Z" user="Arun Balaji" uid="3427745" lat="30.3326165" lon="78.0374022"/>
 <node id="6983093335" visible="true" version="1" changeset="77170573" timestamp="2019-11-16T17:27:49Z" user="Arun Balaji" uid="3427745" lat="30.3326204" lon="78.0373156"/>
 <node id="6983093336" visible="true" version="1" changeset="77170573" timestamp="2019-11-16T17:27:49Z" user="Arun Balaji" uid="3427745" lat="30.3326759" lon="78.0373190"/>
 <node id="6983093337" visible="true" version="1" changeset="77170573" timestamp="2019-11-16T17:27:49Z" user="Arun Balaji" uid="3427745" lat="30.3325486" lon="78.0373055"/>
 <node id="6983093338" visible="true" version="1" changeset="77170573" timestamp="2019-11-16T17:27:49Z" user="Arun Balaji" uid="3427745" lat="30.3325463" lon="78.0373832"/>
 <node id="6983093339" visible="true" version="1" changeset="77170573" timestamp="2019-11-16T17:27:49Z" user="Arun Balaji" uid="3427745" lat="30.3325989" lon="78.0373853"/>
 <node id="6983093340" visible="true" version="1" changeset="77170573" timestamp="2019-11-16T17:27:49Z" user="Arun Balaji" uid="3427745" lat="30.3326013" lon="78.0373076"/>
 <node id="6983101908" visible="true" version="1" changeset="77170732" timestamp="2019-11-16T17:35:40Z" user="Arun Balaji" uid="3427745" lat="30.3336832" lon="78.0370575"/>
 <node id="6983101909" visible="true" version="1" changeset="77170732" timestamp="2019-11-16T17:35:40Z" user="Arun Balaji" uid="3427745" lat="30.3336734" lon="78.0371420"/>
 <node id="6983101910" visible="true" version="1" changeset="77170732" timestamp="2019-11-16T17:35:40Z" user="Arun Balaji" uid="3427745" lat="30.3337460" lon="78.0371533"/>
 <node id="6983101911" visible="true" version="1" changeset="77170732" timestamp="2019-11-16T17:35:40Z" user="Arun Balaji" uid="3427745" lat="30.3337559" lon="78.0370688"/>
 <node id="6983101912" visible="true" version="1" changeset="77170732" timestamp="2019-11-16T17:35:40Z" user="Arun Balaji" uid="3427745" lat="30.3338540" lon="78.0371198"/>
 <node id="6983101913" visible="true" version="1" changeset="77170732" timestamp="2019-11-16T17:35:40Z" user="Arun Balaji" uid="3427745" lat="30.3337689" lon="78.0371205"/>
 <node id="6983101914" visible="true" version="1" changeset="77170732" timestamp="2019-11-16T17:35:40Z" user="Arun Balaji" uid="3427745" lat="30.3337686" lon="78.0370621"/>
 <node id="6983101915" visible="true" version="1" changeset="77170732" timestamp="2019-11-16T17:35:40Z" user="Arun Balaji" uid="3427745" lat="30.3338537" lon="78.0370615"/>
 <node id="6983101916" visible="true" version="1" changeset="77170732" timestamp="2019-11-16T17:35:40Z" user="Arun Balaji" uid="3427745" lat="30.3339354" lon="78.0370570"/>
 <node id="6983101917" visible="true" version="1" changeset="77170732" timestamp="2019-11-16T17:35:40Z" user="Arun Balaji" uid="3427745" lat="30.3338162" lon="78.0370462"/>
 <node id="6983101918" visible="true" version="1" changeset="77170732" timestamp="2019-11-16T17:35:40Z" user="Arun Balaji" uid="3427745" lat="30.3338213" lon="78.0369703"/>
 <node id="6983101919" visible="true" version="1" changeset="77170732" timestamp="2019-11-16T17:35:40Z" user="Arun Balaji" uid="3427745" lat="30.3339405" lon="78.0369810"/>
 <node id="6983101920" visible="true" version="1" changeset="77170732" timestamp="2019-11-16T17:35:40Z" user="Arun Balaji" uid="3427745" lat="30.3341090" lon="78.0370052"/>
 <node id="6983101921" visible="true" version="1" changeset="77170732" timestamp="2019-11-16T17:35:40Z" user="Arun Balaji" uid="3427745" lat="30.3340280" lon="78.0369817"/>
 <node id="6983101922" visible="true" version="1" changeset="77170732" timestamp="2019-11-16T17:35:40Z" user="Arun Balaji" uid="3427745" lat="30.3340510" lon="78.0368751"/>
 <node id="6983101923" visible="true" version="1" changeset="77170732" timestamp="2019-11-16T17:35:40Z" user="Arun Balaji" uid="3427745" lat="30.3341321" lon="78.0368985"/>
 <node id="6983101924" visible="true" version="1" changeset="77170732" timestamp="2019-11-16T17:35:40Z" user="Arun Balaji" uid="3427745" lat="30.3340056" lon="78.0370084"/>
 <node id="6983101925" visible="true" version="1" changeset="77170732" timestamp="2019-11-16T17:35:40Z" user="Arun Balaji" uid="3427745" lat="30.3339790" lon="78.0371344"/>
 <node id="6983101926" visible="true" version="1" changeset="77170732" timestamp="2019-11-16T17:35:40Z" user="Arun Balaji" uid="3427745" lat="30.3340834" lon="78.0371641"/>
 <node id="6983101927" visible="true" version="1" changeset="77170732" timestamp="2019-11-16T17:35:40Z" user="Arun Balaji" uid="3427745" lat="30.3341101" lon="78.0370380"/>
 <node id="6983101996" visible="true" version="1" changeset="77170732" timestamp="2019-11-16T17:35:40Z" user="Arun Balaji" uid="3427745" lat="30.3332868" lon="78.0381071"/>
 <node id="6983101997" visible="true" version="1" changeset="77170732" timestamp="2019-11-16T17:35:40Z" user="Arun Balaji" uid="3427745" lat="30.3332243" lon="78.0379381"/>
 <node id="6983101998" visible="true" version="1" changeset="77170732" timestamp="2019-11-16T17:35:40Z" user="Arun Balaji" uid="3427745" lat="30.3331505" lon="78.0379748"/>
 <node id="6983101999" visible="true" version="1" changeset="77170732" timestamp="2019-11-16T17:35:40Z" user="Arun Balaji" uid="3427745" lat="30.3332130" lon="78.0381437"/>
 <node id="6983102000" visible="true" version="1" changeset="77170732" timestamp="2019-11-16T17:35:40Z" user="Arun Balaji" uid="3427745" lat="30.3333916" lon="78.0382170"/>
 <node id="6983102001" visible="true" version="1" changeset="77170732" timestamp="2019-11-16T17:35:40Z" user="Arun Balaji" uid="3427745" lat="30.3333152" lon="78.0382699"/>
 <node id="6983102002" visible="true" version="1" changeset="77170732" timestamp="2019-11-16T17:35:40Z" user="Arun Balaji" uid="3427745" lat="30.3332906" lon="78.0382222"/>
 <node id="6983102003" visible="true" version="1" changeset="77170732" timestamp="2019-11-16T17:35:40Z" user="Arun Balaji" uid="3427745" lat="30.3333670" lon="78.0381692"/>
 <node id="6983102004" visible="true" version="1" changeset="77170732" timestamp="2019-11-16T17:35:40Z" user="Arun Balaji" uid="3427745" lat="30.3334207" lon="78.0381087"/>
 <node id="6983102005" visible="true" version="1" changeset="77170732" timestamp="2019-11-16T17:35:40Z" user="Arun Balaji" uid="3427745" lat="30.3333426" lon="78.0381650"/>
 <node id="6983102006" visible="true" version="1" changeset="77170732" timestamp="2019-11-16T17:35:40Z" user="Arun Balaji" uid="3427745" lat="30.3333056" lon="78.0380961"/>
 <node id="6983102007" visible="true" version="1" changeset="77170732" timestamp="2019-11-16T17:35:40Z" user="Arun Balaji" uid="3427745" lat="30.3333837" lon="78.0380398"/>
 <node id="6983102008" visible="true" version="1" changeset="77170732" timestamp="2019-11-16T17:35:40Z" user="Arun Balaji" uid="3427745" lat="30.3333204" lon="78.0378897"/>
 <node id="6983102009" visible="true" version="1" changeset="77170732" timestamp="2019-11-16T17:35:40Z" user="Arun Balaji" uid="3427745" lat="30.3333713" lon="78.0380298"/>
 <node id="6983102010" visible="true" version="1" changeset="77170732" timestamp="2019-11-16T17:35:40Z" user="Arun Balaji" uid="3427745" lat="30.3334086" lon="78.0380116"/>
 <node id="6983102011" visible="true" version="1" changeset="77170732" timestamp="2019-11-16T17:35:40Z" user="Arun Balaji" uid="3427745" lat="30.3333577" lon="78.0378715"/>
 <node id="6983102012" visible="true" version="1" changeset="77170732" timestamp="2019-11-16T17:35:40Z" user="Arun Balaji" uid="3427745" lat="30.3332742" lon="78.0377538"/>
 <node id="6983102013" visible="true" version="1" changeset="77170732" timestamp="2019-11-16T17:35:40Z" user="Arun Balaji" uid="3427745" lat="30.3332973" lon="78.0378389"/>
 <node id="6983102014" visible="true" version="1" changeset="77170732" timestamp="2019-11-16T17:35:40Z" user="Arun Balaji" uid="3427745" lat="30.3333386" lon="78.0378239"/>
 <node id="6983102015" visible="true" version="1" changeset="77170732" timestamp="2019-11-16T17:35:40Z" user="Arun Balaji" uid="3427745" lat="30.3333154" lon="78.0377387"/>
 <node id="6983102016" visible="true" version="1" changeset="77170732" timestamp="2019-11-16T17:35:40Z" user="Arun Balaji" uid="3427745" lat="30.3332872" lon="78.0376377"/>
 <node id="6983102017" visible="true" version="1" changeset="77170732" timestamp="2019-11-16T17:35:40Z" user="Arun Balaji" uid="3427745" lat="30.3333104" lon="78.0377121"/>
 <node id="6983102018" visible="true" version="1" changeset="77170732" timestamp="2019-11-16T17:35:40Z" user="Arun Balaji" uid="3427745" lat="30.3332628" lon="78.0377320"/>
 <node id="6983102019" visible="true" version="1" changeset="77170732" timestamp="2019-11-16T17:35:40Z" user="Arun Balaji" uid="3427745" lat="30.3332396" lon="78.0376576"/>
 <node id="6983102020" visible="true" version="1" changeset="77170732" timestamp="2019-11-16T17:35:40Z" user="Arun Balaji" uid="3427745" lat="30.3331355" lon="78.0375127"/>
 <node id="6983102021" visible="true" version="1" changeset="77170732" timestamp="2019-11-16T17:35:40Z" user="Arun Balaji" uid="3427745" lat="30.3331350" lon="78.0376267"/>
 <node id="6983102022" visible="true" version="1" changeset="77170732" timestamp="2019-11-16T17:35:40Z" user="Arun Balaji" uid="3427745" lat="30.3332333" lon="78.0376274"/>
 <node id="6983102023" visible="true" version="1" changeset="77170732" timestamp="2019-11-16T17:35:40Z" user="Arun Balaji" uid="3427745" lat="30.3332338" lon="78.0375134"/>
 <node id="6983102024" visible="true" version="1" changeset="77170732" timestamp="2019-11-16T17:35:40Z" user="Arun Balaji" uid="3427745" lat="30.3332369" lon="78.0377373"/>
 <node id="6983102025" visible="true" version="1" changeset="77170732" timestamp="2019-11-16T17:35:40Z" user="Arun Balaji" uid="3427745" lat="30.3331524" lon="78.0377635"/>
 <node id="6983102026" visible="true" version="1" changeset="77170732" timestamp="2019-11-16T17:35:40Z" user="Arun Balaji" uid="3427745" lat="30.3331337" lon="78.0376824"/>
 <node id="6983102027" visible="true" version="1" changeset="77170732" timestamp="2019-11-16T17:35:40Z" user="Arun Balaji" uid="3427745" lat="30.3332182" lon="78.0376562"/>
 <node id="6983102028" visible="true" version="1" changeset="77170732" timestamp="2019-11-16T17:35:40Z" user="Arun Balaji" uid="3427745" lat="30.3332823" lon="78.0378364"/>
 <node id="6983102029" visible="true" version="1" changeset="77170732" timestamp="2019-11-16T17:35:40Z" user="Arun Balaji" uid="3427745" lat="30.3331619" lon="78.0378692"/>
 <node id="6983102030" visible="true" version="1" changeset="77170732" timestamp="2019-11-16T17:35:40Z" user="Arun Balaji" uid="3427745" lat="30.3331441" lon="78.0377816"/>
 <node id="6983102031" visible="true" version="1" changeset="77170732" timestamp="2019-11-16T17:35:40Z" user="Arun Balaji" uid="3427745" lat="30.3332645" lon="78.0377488"/>
 <node id="6983102032" visible="true" version="1" changeset="77170732" timestamp="2019-11-16T17:35:40Z" user="Arun Balaji" uid="3427745" lat="30.3333747" lon="78.0373232"/>
 <node id="6983102033" visible="true" version="1" changeset="77170732" timestamp="2019-11-16T17:35:40Z" user="Arun Balaji" uid="3427745" lat="30.3332211" lon="78.0372787"/>
 <node id="6983102034" visible="true" version="1" changeset="77170732" timestamp="2019-11-16T17:35:40Z" user="Arun Balaji" uid="3427745" lat="30.3332336" lon="78.0372208"/>
 <node id="6983102035" visible="true" version="1" changeset="77170732" timestamp="2019-11-16T17:35:40Z" user="Arun Balaji" uid="3427745" lat="30.3333872" lon="78.0372653"/>
 <node id="6983102036" visible="true" version="1" changeset="77170732" timestamp="2019-11-16T17:35:40Z" user="Arun Balaji" uid="3427745" lat="30.3334971" lon="78.0368145"/>
 <node id="6983102037" visible="true" version="1" changeset="77170732" timestamp="2019-11-16T17:35:40Z" user="Arun Balaji" uid="3427745" lat="30.3333958" lon="78.0367703"/>
 <node id="6983102038" visible="true" version="1" changeset="77170732" timestamp="2019-11-16T17:35:40Z" user="Arun Balaji" uid="3427745" lat="30.3334150" lon="78.0367114"/>
 <node id="6983102039" visible="true" version="1" changeset="77170732" timestamp="2019-11-16T17:35:40Z" user="Arun Balaji" uid="3427745" lat="30.3335163" lon="78.0367557"/>
 <node id="6983102040" visible="true" version="1" changeset="77170732" timestamp="2019-11-16T17:35:40Z" user="Arun Balaji" uid="3427745" lat="30.3333258" lon="78.0373958"/>
 <node id="6983102041" visible="true" version="1" changeset="77170732" timestamp="2019-11-16T17:35:40Z" user="Arun Balaji" uid="3427745" lat="30.3333264" lon="78.0374762"/>
 <node id="6983102042" visible="true" version="1" changeset="77170732" timestamp="2019-11-16T17:35:40Z" user="Arun Balaji" uid="3427745" lat="30.3332946" lon="78.0374765"/>
 <node id="6983102043" visible="true" version="1" changeset="77170732" timestamp="2019-11-16T17:35:40Z" user="Arun Balaji" uid="3427745" lat="30.3332940" lon="78.0373961"/>
 <node id="6983102044" visible="true" version="1" changeset="77170732" timestamp="2019-11-16T17:35:40Z" user="Arun Balaji" uid="3427745" lat="30.3334411" lon="78.0373669"/>
 <node id="6983102045" visible="true" version="1" changeset="77170732" timestamp="2019-11-16T17:35:40Z" user="Arun Balaji" uid="3427745" lat="30.3334452" lon="78.0374461"/>
 <node id="6983102046" visible="true" version="1" changeset="77170732" timestamp="2019-11-16T17:35:40Z" user="Arun Balaji" uid="3427745" lat="30.3334115" lon="78.0374484"/>
 <node id="6983102047" visible="true" version="1" changeset="77170732" timestamp="2019-11-16T17:35:40Z" user="Arun Balaji" uid="3427745" lat="30.3334075" lon="78.0373693"/>
 <node id="6983102048" visible="true" version="1" changeset="77170732" timestamp="2019-11-16T17:35:40Z" user="Arun Balaji" uid="3427745" lat="30.3335646" lon="78.0374194"/>
 <node id="6983102049" visible="true" version="1" changeset="77170732" timestamp="2019-11-16T17:35:40Z" user="Arun Balaji" uid="3427745" lat="30.3334876" lon="78.0374355"/>
 <node id="6983102050" visible="true" version="1" changeset="77170732" timestamp="2019-11-16T17:35:40Z" user="Arun Balaji" uid="3427745" lat="30.3334723" lon="78.0373371"/>
 <node id="6983102051" visible="true" version="1" changeset="77170732" timestamp="2019-11-16T17:35:40Z" user="Arun Balaji" uid="3427745" lat="30.3335493" lon="78.0373210"/>
 <node id="6983102052" visible="true" version="1" changeset="77170732" timestamp="2019-11-16T17:35:40Z" user="Arun Balaji" uid="3427745" lat="30.3335073" lon="78.0373132"/>
 <node id="6983102053" visible="true" version="1" changeset="77170732" timestamp="2019-11-16T17:35:40Z" user="Arun Balaji" uid="3427745" lat="30.3334147" lon="78.0373045"/>
 <node id="6983102054" visible="true" version="1" changeset="77170732" timestamp="2019-11-16T17:35:40Z" user="Arun Balaji" uid="3427745" lat="30.3334225" lon="78.0371936"/>
 <node id="6983102055" visible="true" version="1" changeset="77170732" timestamp="2019-11-16T17:35:40Z" user="Arun Balaji" uid="3427745" lat="30.3335151" lon="78.0372023"/>
 <node id="6983106685" visible="true" version="1" changeset="77170809" timestamp="2019-11-16T17:38:53Z" user="Arun Balaji" uid="3427745" lat="30.3335649" lon="78.0379365"/>
 <node id="6983106686" visible="true" version="1" changeset="77170809" timestamp="2019-11-16T17:38:53Z" user="Arun Balaji" uid="3427745" lat="30.3336650" lon="78.0379318"/>
 <node id="6983106687" visible="true" version="1" changeset="77170809" timestamp="2019-11-16T17:38:53Z" user="Arun Balaji" uid="3427745" lat="30.3335301" lon="78.0380615"/>
 <node id="6983106688" visible="true" version="1" changeset="77170809" timestamp="2019-11-16T17:38:53Z" user="Arun Balaji" uid="3427745" lat="30.3334456" lon="78.0380581"/>
 <node id="6983106689" visible="true" version="1" changeset="77170809" timestamp="2019-11-16T17:38:53Z" user="Arun Balaji" uid="3427745" lat="30.3334474" lon="78.0379969"/>
 <node id="6983106690" visible="true" version="1" changeset="77170809" timestamp="2019-11-16T17:38:53Z" user="Arun Balaji" uid="3427745" lat="30.3335319" lon="78.0380002"/>
 <node id="6983106691" visible="true" version="1" changeset="77170809" timestamp="2019-11-16T17:38:53Z" user="Arun Balaji" uid="3427745" lat="30.3335398" lon="78.0378393"/>
 <node id="6983106692" visible="true" version="1" changeset="77170809" timestamp="2019-11-16T17:38:53Z" user="Arun Balaji" uid="3427745" lat="30.3335335" lon="78.0379794"/>
 <node id="6983106693" visible="true" version="1" changeset="77170809" timestamp="2019-11-16T17:38:53Z" user="Arun Balaji" uid="3427745" lat="30.3334786" lon="78.0379761"/>
 <node id="6983106694" visible="true" version="1" changeset="77170809" timestamp="2019-11-16T17:38:53Z" user="Arun Balaji" uid="3427745" lat="30.3334850" lon="78.0378360"/>
 <node id="6983106695" visible="true" version="1" changeset="77170809" timestamp="2019-11-16T17:38:53Z" user="Arun Balaji" uid="3427745" lat="30.3333939" lon="78.0378676"/>
 <node id="6983106696" visible="true" version="1" changeset="77170809" timestamp="2019-11-16T17:38:53Z" user="Arun Balaji" uid="3427745" lat="30.3334054" lon="78.0379742"/>
 <node id="6983106697" visible="true" version="1" changeset="77170809" timestamp="2019-11-16T17:38:53Z" user="Arun Balaji" uid="3427745" lat="30.3334613" lon="78.0379660"/>
 <node id="6983106698" visible="true" version="1" changeset="77170809" timestamp="2019-11-16T17:38:53Z" user="Arun Balaji" uid="3427745" lat="30.3334497" lon="78.0378594"/>
 <node id="6983106699" visible="true" version="1" changeset="77170809" timestamp="2019-11-16T17:38:53Z" user="Arun Balaji" uid="3427745" lat="30.3334559" lon="78.0377783"/>
 <node id="6983106700" visible="true" version="1" changeset="77170809" timestamp="2019-11-16T17:38:53Z" user="Arun Balaji" uid="3427745" lat="30.3333523" lon="78.0378131"/>
 <node id="6983106701" visible="true" version="1" changeset="77170809" timestamp="2019-11-16T17:38:53Z" user="Arun Balaji" uid="3427745" lat="30.3333351" lon="78.0377448"/>
 <node id="6983106702" visible="true" version="1" changeset="77170809" timestamp="2019-11-16T17:38:53Z" user="Arun Balaji" uid="3427745" lat="30.3334387" lon="78.0377099"/>
 <node id="6983106703" visible="true" version="1" changeset="77170809" timestamp="2019-11-16T17:38:53Z" user="Arun Balaji" uid="3427745" lat="30.3335736" lon="78.0377488"/>
 <node id="6983106704" visible="true" version="1" changeset="77170809" timestamp="2019-11-16T17:38:53Z" user="Arun Balaji" uid="3427745" lat="30.3334862" lon="78.0377904"/>
 <node id="6983106705" visible="true" version="1" changeset="77170809" timestamp="2019-11-16T17:38:53Z" user="Arun Balaji" uid="3427745" lat="30.3334555" lon="78.0377039"/>
 <node id="6983106706" visible="true" version="1" changeset="77170809" timestamp="2019-11-16T17:38:53Z" user="Arun Balaji" uid="3427745" lat="30.3335429" lon="78.0376623"/>
 <node id="6983106707" visible="true" version="1" changeset="77170809" timestamp="2019-11-16T17:38:53Z" user="Arun Balaji" uid="3427745" lat="30.3336915" lon="78.0377116"/>
 <node id="6983106708" visible="true" version="1" changeset="77170809" timestamp="2019-11-16T17:38:53Z" user="Arun Balaji" uid="3427745" lat="30.3336029" lon="78.0377478"/>
 <node id="6983106709" visible="true" version="1" changeset="77170809" timestamp="2019-11-16T17:38:53Z" user="Arun Balaji" uid="3427745" lat="30.3335903" lon="78.0377065"/>
 <node id="6983106710" visible="true" version="1" changeset="77170809" timestamp="2019-11-16T17:38:53Z" user="Arun Balaji" uid="3427745" lat="30.3336789" lon="78.0376703"/>
 <node id="6983106711" visible="true" version="1" changeset="77170809" timestamp="2019-11-16T17:38:53Z" user="Arun Balaji" uid="3427745" lat="30.3338565" lon="78.0379809"/>
 <node id="6983106712" visible="true" version="1" changeset="77170809" timestamp="2019-11-16T17:38:53Z" user="Arun Balaji" uid="3427745" lat="30.3338021" lon="78.0379494"/>
 <node id="6983106713" visible="true" version="1" changeset="77170809" timestamp="2019-11-16T17:38:53Z" user="Arun Balaji" uid="3427745" lat="30.3337787" lon="78.0380036"/>
 <node id="6983106714" visible="true" version="1" changeset="77170809" timestamp="2019-11-16T17:38:53Z" user="Arun Balaji" uid="3427745" lat="30.3338331" lon="78.0380351"/>
 <node id="6983106715" visible="true" version="1" changeset="77170809" timestamp="2019-11-16T17:38:53Z" user="Arun Balaji" uid="3427745" lat="30.3338047" lon="78.0378533"/>
 <node id="6983106716" visible="true" version="1" changeset="77170809" timestamp="2019-11-16T17:38:53Z" user="Arun Balaji" uid="3427745" lat="30.3338280" lon="78.0378404"/>
 <node id="6983106717" visible="true" version="1" changeset="77170809" timestamp="2019-11-16T17:38:53Z" user="Arun Balaji" uid="3427745" lat="30.3337898" lon="78.0378172"/>
 <node id="6983106718" visible="true" version="1" changeset="77170809" timestamp="2019-11-16T17:38:53Z" user="Arun Balaji" uid="3427745" lat="30.3337477" lon="78.0378405"/>
 <node id="6983106719" visible="true" version="1" changeset="77170809" timestamp="2019-11-16T17:38:53Z" user="Arun Balaji" uid="3427745" lat="30.3337796" lon="78.0379178"/>
 <node id="6983106720" visible="true" version="1" changeset="77170809" timestamp="2019-11-16T17:38:53Z" user="Arun Balaji" uid="3427745" lat="30.3338450" lon="78.0378816"/>
 <node id="6983106721" visible="true" version="2" changeset="180160477" timestamp="2026-03-20T13:43:12Z" user="googlenaut" uid="519916" lat="30.3339110" lon="78.0379393"/>
 <node id="6983106722" visible="true" version="2" changeset="180160477" timestamp="2026-03-20T13:43:12Z" user="googlenaut" uid="519916" lat="30.3338647" lon="78.0378695"/>
 <node id="6983106723" visible="true" version="2" changeset="180160477" timestamp="2026-03-20T13:43:12Z" user="googlenaut" uid="519916" lat="30.3338241" lon="78.0379057"/>
 <node id="6983106724" visible="true" version="2" changeset="180160477" timestamp="2026-03-20T13:43:12Z" user="googlenaut" uid="519916" lat="30.3338704" lon="78.0379754"/>
 <node id="6983106725" visible="true" version="1" changeset="77170809" timestamp="2019-11-16T17:38:53Z" user="Arun Balaji" uid="3427745" lat="30.3337785" lon="78.0377201"/>
 <node id="6983106726" visible="true" version="1" changeset="77170809" timestamp="2019-11-16T17:38:53Z" user="Arun Balaji" uid="3427745" lat="30.3336772" lon="78.0377624"/>
 <node id="6983106727" visible="true" version="1" changeset="77170809" timestamp="2019-11-16T17:38:53Z" user="Arun Balaji" uid="3427745" lat="30.3337009" lon="78.0378386"/>
 <node id="6983106728" visible="true" version="1" changeset="77170809" timestamp="2019-11-16T17:38:53Z" user="Arun Balaji" uid="3427745" lat="30.3338022" lon="78.0377964"/>
 <node id="6983106729" visible="true" version="1" changeset="77170809" timestamp="2019-11-16T17:38:53Z" user="Arun Balaji" uid="3427745" lat="30.3339132" lon="78.0377348"/>
 <node id="6983106730" visible="true" version="1" changeset="77170809" timestamp="2019-11-16T17:38:53Z" user="Arun Balaji" uid="3427745" lat="30.3338420" lon="78.0377643"/>
 <node id="6983106731" visible="true" version="1" changeset="77170809" timestamp="2019-11-16T17:38:53Z" user="Arun Balaji" uid="3427745" lat="30.3338271" lon="78.0377159"/>
 <node id="6983106732" visible="true" version="1" changeset="77170809" timestamp="2019-11-16T17:38:53Z" user="Arun Balaji" uid="3427745" lat="30.3338982" lon="78.0376864"/>
 <node id="6983106733" visible="true" version="1" changeset="77170809" timestamp="2019-11-16T17:38:53Z" user="Arun Balaji" uid="3427745" lat="30.3339922" lon="78.0378861"/>
 <node id="6983106734" visible="true" version="1" changeset="77170809" timestamp="2019-11-16T17:38:53Z" user="Arun Balaji" uid="3427745" lat="30.3339506" lon="78.0379310"/>
 <node id="6983106735" visible="true" version="1" changeset="77170809" timestamp="2019-11-16T17:38:53Z" user="Arun Balaji" uid="3427745" lat="30.3339087" lon="78.0378789"/>
 <node id="6983106736" visible="true" version="1" changeset="77170809" timestamp="2019-11-16T17:38:53Z" user="Arun Balaji" uid="3427745" lat="30.3339503" lon="78.0378339"/>
 <node id="6983106737" visible="true" version="1" changeset="77170809" timestamp="2019-11-16T17:38:53Z" user="Arun Balaji" uid="3427745" lat="30.3339247" lon="78.0377541"/>
 <node id="6983106738" visible="true" version="1" changeset="77170809" timestamp="2019-11-16T17:38:53Z" user="Arun Balaji" uid="3427745" lat="30.3338662" lon="78.0377862"/>
 <node id="6983106739" visible="true" version="1" changeset="77170809" timestamp="2019-11-16T17:38:53Z" user="Arun Balaji" uid="3427745" lat="30.3338907" lon="78.0378460"/>
 <node id="6983106740" visible="true" version="1" changeset="77170809" timestamp="2019-11-16T17:38:53Z" user="Arun Balaji" uid="3427745" lat="30.3339492" lon="78.0378138"/>
 <node id="6983106741" visible="true" version="1" changeset="77170809" timestamp="2019-11-16T17:38:53Z" user="Arun Balaji" uid="3427745" lat="30.3341748" lon="78.0382029"/>
 <node id="6983106742" visible="true" version="1" changeset="77170809" timestamp="2019-11-16T17:38:53Z" user="Arun Balaji" uid="3427745" lat="30.3340857" lon="78.0381412"/>
 <node id="6983106743" visible="true" version="1" changeset="77170809" timestamp="2019-11-16T17:38:53Z" user="Arun Balaji" uid="3427745" lat="30.3341106" lon="78.0380928"/>
 <node id="6983106744" visible="true" version="1" changeset="77170809" timestamp="2019-11-16T17:38:53Z" user="Arun Balaji" uid="3427745" lat="30.3341998" lon="78.0381545"/>
 <node id="6983106745" visible="true" version="1" changeset="77170809" timestamp="2019-11-16T17:38:53Z" user="Arun Balaji" uid="3427745" lat="30.3339800" lon="78.0379647"/>
 <node id="6983106746" visible="true" version="1" changeset="77170809" timestamp="2019-11-16T17:38:53Z" user="Arun Balaji" uid="3427745" lat="30.3339135" lon="78.0379399"/>
 <node id="6983106747" visible="true" version="1" changeset="77170809" timestamp="2019-11-16T17:38:53Z" user="Arun Balaji" uid="3427745" lat="30.3338919" lon="78.0380177"/>
 <node id="6983106748" visible="true" version="1" changeset="77170809" timestamp="2019-11-16T17:38:53Z" user="Arun Balaji" uid="3427745" lat="30.3339584" lon="78.0380425"/>
 <node id="6983106749" visible="true" version="1" changeset="77170809" timestamp="2019-11-16T17:38:53Z" user="Arun Balaji" uid="3427745" lat="30.3339797" lon="78.0380869"/>
 <node id="6983106750" visible="true" version="1" changeset="77170809" timestamp="2019-11-16T17:38:53Z" user="Arun Balaji" uid="3427745" lat="30.3339537" lon="78.0381982"/>
 <node id="6983106751" visible="true" version="1" changeset="77170809" timestamp="2019-11-16T17:38:53Z" user="Arun Balaji" uid="3427745" lat="30.3338722" lon="78.0381726"/>
 <node id="6983106752" visible="true" version="1" changeset="77170809" timestamp="2019-11-16T17:38:53Z" user="Arun Balaji" uid="3427745" lat="30.3338982" lon="78.0380613"/>
 <node id="6983106753" visible="true" version="1" changeset="77170809" timestamp="2019-11-16T17:38:53Z" user="Arun Balaji" uid="3427745" lat="30.3340110" lon="78.0381766"/>
 <node id="6983106754" visible="true" version="1" changeset="77170809" timestamp="2019-11-16T17:38:53Z" user="Arun Balaji" uid="3427745" lat="30.3340012" lon="78.0381996"/>
 <node id="6983106755" visible="true" version="1" changeset="77170809" timestamp="2019-11-16T17:38:53Z" user="Arun Balaji" uid="3427745" lat="30.3340523" lon="78.0382004"/>
 <node id="6983106756" visible="true" version="1" changeset="77170809" timestamp="2019-11-16T17:38:53Z" user="Arun Balaji" uid="3427745" lat="30.3339677" lon="78.0381803"/>
 <node id="6983106757" visible="true" version="1" changeset="77170809" timestamp="2019-11-16T17:38:53Z" user="Arun Balaji" uid="3427745" lat="30.3340138" lon="78.0380725"/>
 <node id="6983106758" visible="true" version="1" changeset="77170809" timestamp="2019-11-16T17:38:53Z" user="Arun Balaji" uid="3427745" lat="30.3340887" lon="78.0381156"/>
 <node id="6983106759" visible="true" version="1" changeset="77170809" timestamp="2019-11-16T17:38:53Z" user="Arun Balaji" uid="3427745" lat="30.3341371" lon="78.0382842"/>
 <node id="6983106760" visible="true" version="1" changeset="77170809" timestamp="2019-11-16T17:38:53Z" user="Arun Balaji" uid="3427745" lat="30.3340492" lon="78.0382688"/>
 <node id="6983106761" visible="true" version="1" changeset="77170809" timestamp="2019-11-16T17:38:53Z" user="Arun Balaji" uid="3427745" lat="30.3340377" lon="78.0383563"/>
 <node id="6983106762" visible="true" version="1" changeset="77170809" timestamp="2019-11-16T17:38:53Z" user="Arun Balaji" uid="3427745" lat="30.3341257" lon="78.0383717"/>
 <node id="6983106763" visible="true" version="1" changeset="77170809" timestamp="2019-11-16T17:38:53Z" user="Arun Balaji" uid="3427745" lat="30.3340059" lon="78.0384442"/>
 <node id="6983106764" visible="true" version="1" changeset="77170809" timestamp="2019-11-16T17:38:53Z" user="Arun Balaji" uid="3427745" lat="30.3339237" lon="78.0384274"/>
 <node id="6983106765" visible="true" version="1" changeset="77170809" timestamp="2019-11-16T17:38:53Z" user="Arun Balaji" uid="3427745" lat="30.3339376" lon="78.0383362"/>
 <node id="6983106766" visible="true" version="1" changeset="77170809" timestamp="2019-11-16T17:38:53Z" user="Arun Balaji" uid="3427745" lat="30.3340198" lon="78.0383530"/>
 <node id="6983106767" visible="true" version="1" changeset="77170809" timestamp="2019-11-16T17:38:53Z" user="Arun Balaji" uid="3427745" lat="30.3340338" lon="78.0382254"/>
 <node id="6983106768" visible="true" version="1" changeset="77170809" timestamp="2019-11-16T17:38:53Z" user="Arun Balaji" uid="3427745" lat="30.3340153" lon="78.0383253"/>
 <node id="6983106769" visible="true" version="1" changeset="77170809" timestamp="2019-11-16T17:38:53Z" user="Arun Balaji" uid="3427745" lat="30.3339486" lon="78.0383087"/>
 <node id="6983106770" visible="true" version="1" changeset="77170809" timestamp="2019-11-16T17:38:53Z" user="Arun Balaji" uid="3427745" lat="30.3339671" lon="78.0382088"/>
 <node id="6983106771" visible="true" version="1" changeset="77170809" timestamp="2019-11-16T17:38:53Z" user="Arun Balaji" uid="3427745" lat="30.3338376" lon="78.0381509"/>
 <node id="6983106772" visible="true" version="1" changeset="77170809" timestamp="2019-11-16T17:38:53Z" user="Arun Balaji" uid="3427745" lat="30.3337536" lon="78.0381120"/>
 <node id="6983106773" visible="true" version="1" changeset="77170809" timestamp="2019-11-16T17:38:53Z" user="Arun Balaji" uid="3427745" lat="30.3337837" lon="78.0380251"/>
 <node id="6983106774" visible="true" version="1" changeset="77170809" timestamp="2019-11-16T17:38:53Z" user="Arun Balaji" uid="3427745" lat="30.3338676" lon="78.0380639"/>
 <node id="6983106775" visible="true" version="1" changeset="77170809" timestamp="2019-11-16T17:38:53Z" user="Arun Balaji" uid="3427745" lat="30.3337509" lon="78.0380417"/>
 <node id="6983106776" visible="true" version="1" changeset="77170809" timestamp="2019-11-16T17:38:53Z" user="Arun Balaji" uid="3427745" lat="30.3336629" lon="78.0380082"/>
 <node id="6983106777" visible="true" version="1" changeset="77170809" timestamp="2019-11-16T17:38:53Z" user="Arun Balaji" uid="3427745" lat="30.3336934" lon="78.0379010"/>
 <node id="6983106778" visible="true" version="1" changeset="77170809" timestamp="2019-11-16T17:38:53Z" user="Arun Balaji" uid="3427745" lat="30.3337813" lon="78.0379345"/>
 <node id="6983106779" visible="true" version="1" changeset="77170809" timestamp="2019-11-16T17:38:53Z" user="Arun Balaji" uid="3427745" lat="30.3337304" lon="78.0381370"/>
 <node id="6983106780" visible="true" version="1" changeset="77170809" timestamp="2019-11-16T17:38:53Z" user="Arun Balaji" uid="3427745" lat="30.3336505" lon="78.0381129"/>
 <node id="6983106781" visible="true" version="1" changeset="77170809" timestamp="2019-11-16T17:38:53Z" user="Arun Balaji" uid="3427745" lat="30.3336685" lon="78.0380331"/>
 <node id="6983106782" visible="true" version="1" changeset="77170809" timestamp="2019-11-16T17:38:53Z" user="Arun Balaji" uid="3427745" lat="30.3337483" lon="78.0380572"/>
 <node id="6983106783" visible="true" version="1" changeset="77170809" timestamp="2019-11-16T17:38:53Z" user="Arun Balaji" uid="3427745" lat="30.3336195" lon="78.0382524"/>
 <node id="6983106784" visible="true" version="1" changeset="77170809" timestamp="2019-11-16T17:38:53Z" user="Arun Balaji" uid="3427745" lat="30.3335941" lon="78.0383744"/>
 <node id="6983106785" visible="true" version="1" changeset="77170809" timestamp="2019-11-16T17:38:53Z" user="Arun Balaji" uid="3427745" lat="30.3336731" lon="78.0383965"/>
 <node id="6983106786" visible="true" version="1" changeset="77170809" timestamp="2019-11-16T17:38:53Z" user="Arun Balaji" uid="3427745" lat="30.3336986" lon="78.0382745"/>
 <node id="6983106787" visible="true" version="1" changeset="77170809" timestamp="2019-11-16T17:38:53Z" user="Arun Balaji" uid="3427745" lat="30.3337080" lon="78.0382531"/>
 <node id="6983106788" visible="true" version="1" changeset="77170809" timestamp="2019-11-16T17:38:53Z" user="Arun Balaji" uid="3427745" lat="30.3336270" lon="78.0382310"/>
 <node id="6983106789" visible="true" version="1" changeset="77170809" timestamp="2019-11-16T17:38:53Z" user="Arun Balaji" uid="3427745" lat="30.3336465" lon="78.0381350"/>
 <node id="6983106790" visible="true" version="1" changeset="77170809" timestamp="2019-11-16T17:38:53Z" user="Arun Balaji" uid="3427745" lat="30.3337275" lon="78.0381571"/>
 <node id="6983106791" visible="true" version="1" changeset="77170809" timestamp="2019-11-16T17:38:53Z" user="Arun Balaji" uid="3427745" lat="30.3334548" lon="78.0382148"/>
 <node id="6983106792" visible="true" version="1" changeset="77170809" timestamp="2019-11-16T17:38:53Z" user="Arun Balaji" uid="3427745" lat="30.3334195" lon="78.0383348"/>
 <node id="6983106793" visible="true" version="1" changeset="77170809" timestamp="2019-11-16T17:38:53Z" user="Arun Balaji" uid="3427745" lat="30.3333704" lon="78.0383154"/>
 <node id="6983106794" visible="true" version="1" changeset="77170809" timestamp="2019-11-16T17:38:53Z" user="Arun Balaji" uid="3427745" lat="30.3334057" lon="78.0381954"/>
 <node id="6983106795" visible="true" version="1" changeset="77170809" timestamp="2019-11-16T17:38:53Z" user="Arun Balaji" uid="3427745" lat="30.3335070" lon="78.0381745"/>
 <node id="6983106796" visible="true" version="1" changeset="77170809" timestamp="2019-11-16T17:38:53Z" user="Arun Balaji" uid="3427745" lat="30.3334283" lon="78.0381631"/>
 <node id="6983106797" visible="true" version="1" changeset="77170809" timestamp="2019-11-16T17:38:53Z" user="Arun Balaji" uid="3427745" lat="30.3334376" lon="78.0380774"/>
 <node id="6983106798" visible="true" version="1" changeset="77170809" timestamp="2019-11-16T17:38:53Z" user="Arun Balaji" uid="3427745" lat="30.3335163" lon="78.0380888"/>
 <node id="6983106799" visible="true" version="1" changeset="77170809" timestamp="2019-11-16T17:38:53Z" user="Arun Balaji" uid="3427745" lat="30.3336079" lon="78.0382397"/>
 <node id="6983106800" visible="true" version="1" changeset="77170809" timestamp="2019-11-16T17:38:53Z" user="Arun Balaji" uid="3427745" lat="30.3335222" lon="78.0382196"/>
 <node id="6983106801" visible="true" version="1" changeset="77170809" timestamp="2019-11-16T17:38:53Z" user="Arun Balaji" uid="3427745" lat="30.3335423" lon="78.0381048"/>
 <node id="6983106802" visible="true" version="1" changeset="77170809" timestamp="2019-11-16T17:38:53Z" user="Arun Balaji" uid="3427745" lat="30.3336280" lon="78.0381250"/>
 <node id="6987837172" visible="true" version="1" changeset="77240440" timestamp="2019-11-18T17:29:49Z" user="Arun Balaji" uid="3427745" lat="30.3361145" lon="78.0386247"/>
 <node id="6987837173" visible="true" version="1" changeset="77240440" timestamp="2019-11-18T17:29:49Z" user="Arun Balaji" uid="3427745" lat="30.3360831" lon="78.0386908"/>
 <node id="6987837174" visible="true" version="1" changeset="77240440" timestamp="2019-11-18T17:29:49Z" user="Arun Balaji" uid="3427745" lat="30.3360994" lon="78.0384713"/>
 <node id="6987837175" visible="true" version="1" changeset="77240440" timestamp="2019-11-18T17:29:49Z" user="Arun Balaji" uid="3427745" lat="30.3360470" lon="78.0385816"/>
 <node id="6987837176" visible="true" version="1" changeset="77240440" timestamp="2019-11-18T17:29:49Z" user="Arun Balaji" uid="3427745" lat="30.3361756" lon="78.0387499"/>
 <node id="6987837177" visible="true" version="1" changeset="77240440" timestamp="2019-11-18T17:29:49Z" user="Arun Balaji" uid="3427745" lat="30.3362595" lon="78.0385736"/>
 <node id="6987837178" visible="true" version="1" changeset="77240440" timestamp="2019-11-18T17:29:49Z" user="Arun Balaji" uid="3427745" lat="30.3368000" lon="78.0383586"/>
 <node id="6987837179" visible="true" version="1" changeset="77240440" timestamp="2019-11-18T17:29:49Z" user="Arun Balaji" uid="3427745" lat="30.3367294" lon="78.0384827"/>
 <node id="6987837180" visible="true" version="1" changeset="77240440" timestamp="2019-11-18T17:29:49Z" user="Arun Balaji" uid="3427745" lat="30.3366675" lon="78.0384354"/>
 <node id="6987837181" visible="true" version="1" changeset="77240440" timestamp="2019-11-18T17:29:49Z" user="Arun Balaji" uid="3427745" lat="30.3367381" lon="78.0383114"/>
 <node id="6987837182" visible="true" version="1" changeset="77240440" timestamp="2019-11-18T17:29:49Z" user="Arun Balaji" uid="3427745" lat="30.3365508" lon="78.0381791"/>
 <node id="6987837183" visible="true" version="1" changeset="77240440" timestamp="2019-11-18T17:29:49Z" user="Arun Balaji" uid="3427745" lat="30.3365022" lon="78.0382703"/>
 <node id="6987837184" visible="true" version="1" changeset="77240440" timestamp="2019-11-18T17:29:49Z" user="Arun Balaji" uid="3427745" lat="30.3364696" lon="78.0382470"/>
 <node id="6987839285" visible="true" version="1" changeset="77240440" timestamp="2019-11-18T17:29:49Z" user="Arun Balaji" uid="3427745" lat="30.3365182" lon="78.0381558"/>
 <node id="6987839286" visible="true" version="1" changeset="77240440" timestamp="2019-11-18T17:29:49Z" user="Arun Balaji" uid="3427745" lat="30.3366048" lon="78.0382134"/>
 <node id="6987839287" visible="true" version="1" changeset="77240440" timestamp="2019-11-18T17:29:49Z" user="Arun Balaji" uid="3427745" lat="30.3365399" lon="78.0383375"/>
 <node id="6987839288" visible="true" version="1" changeset="77240440" timestamp="2019-11-18T17:29:49Z" user="Arun Balaji" uid="3427745" lat="30.3364980" lon="78.0383080"/>
 <node id="6987839289" visible="true" version="1" changeset="77240440" timestamp="2019-11-18T17:29:49Z" user="Arun Balaji" uid="3427745" lat="30.3365628" lon="78.0381840"/>
 <node id="6987839290" visible="true" version="1" changeset="77240440" timestamp="2019-11-18T17:29:49Z" user="Arun Balaji" uid="3427745" lat="30.3363953" lon="78.0380365"/>
 <node id="6987839291" visible="true" version="1" changeset="77240440" timestamp="2019-11-18T17:29:49Z" user="Arun Balaji" uid="3427745" lat="30.3363213" lon="78.0381706"/>
 <node id="6987839292" visible="true" version="1" changeset="77240440" timestamp="2019-11-18T17:29:49Z" user="Arun Balaji" uid="3427745" lat="30.3362561" lon="78.0381223"/>
 <node id="6987839293" visible="true" version="1" changeset="77240440" timestamp="2019-11-18T17:29:49Z" user="Arun Balaji" uid="3427745" lat="30.3363301" lon="78.0379882"/>
 <node id="6987839294" visible="true" version="1" changeset="77240440" timestamp="2019-11-18T17:29:49Z" user="Arun Balaji" uid="3427745" lat="30.3362554" lon="78.0380282"/>
 <node id="6987839295" visible="true" version="1" changeset="77240440" timestamp="2019-11-18T17:29:49Z" user="Arun Balaji" uid="3427745" lat="30.3362039" lon="78.0381026"/>
 <node id="6987839296" visible="true" version="1" changeset="77240440" timestamp="2019-11-18T17:29:49Z" user="Arun Balaji" uid="3427745" lat="30.3361478" lon="78.0380505"/>
 <node id="6987839297" visible="true" version="1" changeset="77240440" timestamp="2019-11-18T17:29:49Z" user="Arun Balaji" uid="3427745" lat="30.3361993" lon="78.0379761"/>
 <node id="6987839298" visible="true" version="1" changeset="77240440" timestamp="2019-11-18T17:29:49Z" user="Arun Balaji" uid="3427745" lat="30.3359768" lon="78.0377605"/>
 <node id="6987839299" visible="true" version="1" changeset="77240440" timestamp="2019-11-18T17:29:49Z" user="Arun Balaji" uid="3427745" lat="30.3359363" lon="78.0378075"/>
 <node id="6987839300" visible="true" version="1" changeset="77240440" timestamp="2019-11-18T17:29:49Z" user="Arun Balaji" uid="3427745" lat="30.3359864" lon="78.0378655"/>
 <node id="6987839301" visible="true" version="1" changeset="77240440" timestamp="2019-11-18T17:29:49Z" user="Arun Balaji" uid="3427745" lat="30.3360269" lon="78.0378185"/>
 <node id="6987839302" visible="true" version="1" changeset="77240440" timestamp="2019-11-18T17:29:49Z" user="Arun Balaji" uid="3427745" lat="30.3360684" lon="78.0377842"/>
 <node id="6987839303" visible="true" version="1" changeset="77240440" timestamp="2019-11-18T17:29:49Z" user="Arun Balaji" uid="3427745" lat="30.3359793" lon="78.0379391"/>
 <node id="6987839304" visible="true" version="1" changeset="77240440" timestamp="2019-11-18T17:29:49Z" user="Arun Balaji" uid="3427745" lat="30.3360280" lon="78.0379768"/>
 <node id="6987839305" visible="true" version="1" changeset="77240440" timestamp="2019-11-18T17:29:49Z" user="Arun Balaji" uid="3427745" lat="30.3361172" lon="78.0378219"/>
 <node id="6987839306" visible="true" version="1" changeset="77240440" timestamp="2019-11-18T17:29:49Z" user="Arun Balaji" uid="3427745" lat="30.3354884" lon="78.0385622"/>
 <node id="6987839307" visible="true" version="1" changeset="77240440" timestamp="2019-11-18T17:29:49Z" user="Arun Balaji" uid="3427745" lat="30.3354426" lon="78.0385045"/>
 <node id="6987839308" visible="true" version="1" changeset="77240440" timestamp="2019-11-18T17:29:49Z" user="Arun Balaji" uid="3427745" lat="30.3354093" lon="78.0385400"/>
 <node id="6987839309" visible="true" version="1" changeset="77240440" timestamp="2019-11-18T17:29:49Z" user="Arun Balaji" uid="3427745" lat="30.3354551" lon="78.0385977"/>
 <node id="6987839310" visible="true" version="1" changeset="77240440" timestamp="2019-11-18T17:29:49Z" user="Arun Balaji" uid="3427745" lat="30.3353584" lon="78.0385750"/>
 <node id="6987839311" visible="true" version="1" changeset="77240440" timestamp="2019-11-18T17:29:49Z" user="Arun Balaji" uid="3427745" lat="30.3353328" lon="78.0385429"/>
 <node id="6987839312" visible="true" version="1" changeset="77240440" timestamp="2019-11-18T17:29:49Z" user="Arun Balaji" uid="3427745" lat="30.3354190" lon="78.0386093"/>
 <node id="6987839313" visible="true" version="1" changeset="77240440" timestamp="2019-11-18T17:29:49Z" user="Arun Balaji" uid="3427745" lat="30.3353735" lon="78.0386640"/>
 <node id="6987839314" visible="true" version="1" changeset="77240440" timestamp="2019-11-18T17:29:49Z" user="Arun Balaji" uid="3427745" lat="30.3353373" lon="78.0386235"/>
 <node id="6987839315" visible="true" version="1" changeset="77240440" timestamp="2019-11-18T17:29:49Z" user="Arun Balaji" uid="3427745" lat="30.3353827" lon="78.0385689"/>
 <node id="6987839316" visible="true" version="1" changeset="77240440" timestamp="2019-11-18T17:29:49Z" user="Arun Balaji" uid="3427745" lat="30.3353502" lon="78.0385243"/>
 <node id="6987839317" visible="true" version="1" changeset="77240440" timestamp="2019-11-18T17:29:49Z" user="Arun Balaji" uid="3427745" lat="30.3353324" lon="78.0386027"/>
 <node id="6987839318" visible="true" version="1" changeset="77240440" timestamp="2019-11-18T17:29:49Z" user="Arun Balaji" uid="3427745" lat="30.3352658" lon="78.0385189"/>
 <node id="6987839319" visible="true" version="1" changeset="77240440" timestamp="2019-11-18T17:29:49Z" user="Arun Balaji" uid="3427745" lat="30.3353092" lon="78.0384726"/>
 <node id="6987839320" visible="true" version="1" changeset="77240440" timestamp="2019-11-18T17:29:49Z" user="Arun Balaji" uid="3427745" lat="30.3356307" lon="78.0381400"/>
 <node id="6987839321" visible="true" version="1" changeset="77240440" timestamp="2019-11-18T17:29:49Z" user="Arun Balaji" uid="3427745" lat="30.3355786" lon="78.0380817"/>
 <node id="6987839322" visible="true" version="1" changeset="77240440" timestamp="2019-11-18T17:29:49Z" user="Arun Balaji" uid="3427745" lat="30.3355436" lon="78.0381236"/>
 <node id="6987839323" visible="true" version="1" changeset="77240440" timestamp="2019-11-18T17:29:49Z" user="Arun Balaji" uid="3427745" lat="30.3355957" lon="78.0381820"/>
 <node id="6987839324" visible="true" version="1" changeset="77240440" timestamp="2019-11-18T17:29:49Z" user="Arun Balaji" uid="3427745" lat="30.3356083" lon="78.0383806"/>
 <node id="6987839325" visible="true" version="1" changeset="77240440" timestamp="2019-11-18T17:29:49Z" user="Arun Balaji" uid="3427745" lat="30.3355527" lon="78.0383216"/>
 <node id="6987839326" visible="true" version="1" changeset="77240440" timestamp="2019-11-18T17:29:49Z" user="Arun Balaji" uid="3427745" lat="30.3356032" lon="78.0382577"/>
 <node id="6987839327" visible="true" version="1" changeset="77240440" timestamp="2019-11-18T17:29:49Z" user="Arun Balaji" uid="3427745" lat="30.3356588" lon="78.0383167"/>
 <node id="6987839328" visible="true" version="1" changeset="77240440" timestamp="2019-11-18T17:29:49Z" user="Arun Balaji" uid="3427745" lat="30.3357193" lon="78.0382280"/>
 <node id="6987839329" visible="true" version="1" changeset="77240440" timestamp="2019-11-18T17:29:49Z" user="Arun Balaji" uid="3427745" lat="30.3356626" lon="78.0381663"/>
 <node id="6987839330" visible="true" version="1" changeset="77240440" timestamp="2019-11-18T17:29:49Z" user="Arun Balaji" uid="3427745" lat="30.3356293" lon="78.0382074"/>
 <node id="6987839331" visible="true" version="1" changeset="77240440" timestamp="2019-11-18T17:29:49Z" user="Arun Balaji" uid="3427745" lat="30.3356860" lon="78.0382691"/>
 <node id="6987839332" visible="true" version="1" changeset="77240440" timestamp="2019-11-18T17:29:49Z" user="Arun Balaji" uid="3427745" lat="30.3355323" lon="78.0382876"/>
 <node id="6987839333" visible="true" version="1" changeset="77240440" timestamp="2019-11-18T17:29:49Z" user="Arun Balaji" uid="3427745" lat="30.3354629" lon="78.0382219"/>
 <node id="6987839334" visible="true" version="1" changeset="77240440" timestamp="2019-11-18T17:29:49Z" user="Arun Balaji" uid="3427745" lat="30.3354991" lon="78.0381706"/>
 <node id="6987839335" visible="true" version="1" changeset="77240440" timestamp="2019-11-18T17:29:49Z" user="Arun Balaji" uid="3427745" lat="30.3355685" lon="78.0382363"/>
 <node id="6987839336" visible="true" version="1" changeset="77240440" timestamp="2019-11-18T17:29:49Z" user="Arun Balaji" uid="3427745" lat="30.3354723" lon="78.0381258"/>
 <node id="6987839337" visible="true" version="1" changeset="77240440" timestamp="2019-11-18T17:29:49Z" user="Arun Balaji" uid="3427745" lat="30.3354266" lon="78.0381754"/>
 <node id="6987839338" visible="true" version="1" changeset="77240440" timestamp="2019-11-18T17:29:49Z" user="Arun Balaji" uid="3427745" lat="30.3353972" lon="78.0381390"/>
 <node id="6987839339" visible="true" version="1" changeset="77240440" timestamp="2019-11-18T17:29:49Z" user="Arun Balaji" uid="3427745" lat="30.3354429" lon="78.0380894"/>
 <node id="6987839340" visible="true" version="1" changeset="77240440" timestamp="2019-11-18T17:29:49Z" user="Arun Balaji" uid="3427745" lat="30.3356133" lon="78.0379858"/>
 <node id="6987839341" visible="true" version="1" changeset="77240440" timestamp="2019-11-18T17:29:49Z" user="Arun Balaji" uid="3427745" lat="30.3355357" lon="78.0379114"/>
 <node id="6987839342" visible="true" version="1" changeset="77240440" timestamp="2019-11-18T17:29:49Z" user="Arun Balaji" uid="3427745" lat="30.3354962" lon="78.0379667"/>
 <node id="6987839343" visible="true" version="1" changeset="77240440" timestamp="2019-11-18T17:29:49Z" user="Arun Balaji" uid="3427745" lat="30.3355737" lon="78.0380411"/>
 <node id="6987839344" visible="true" version="1" changeset="77240440" timestamp="2019-11-18T17:29:49Z" user="Arun Balaji" uid="3427745" lat="30.3355116" lon="78.0381049"/>
 <node id="6987839345" visible="true" version="1" changeset="77240440" timestamp="2019-11-18T17:29:49Z" user="Arun Balaji" uid="3427745" lat="30.3354520" lon="78.0380499"/>
 <node id="6987839346" visible="true" version="1" changeset="77240440" timestamp="2019-11-18T17:29:49Z" user="Arun Balaji" uid="3427745" lat="30.3354875" lon="78.0379982"/>
 <node id="6987839347" visible="true" version="1" changeset="77240440" timestamp="2019-11-18T17:29:49Z" user="Arun Balaji" uid="3427745" lat="30.3355471" lon="78.0380532"/>
 <node id="6987839348" visible="true" version="1" changeset="77240440" timestamp="2019-11-18T17:29:49Z" user="Arun Balaji" uid="3427745" lat="30.3353769" lon="78.0380052"/>
 <node id="6987839349" visible="true" version="1" changeset="77240440" timestamp="2019-11-18T17:29:49Z" user="Arun Balaji" uid="3427745" lat="30.3353068" lon="78.0379375"/>
 <node id="6987839350" visible="true" version="1" changeset="77240440" timestamp="2019-11-18T17:29:49Z" user="Arun Balaji" uid="3427745" lat="30.3353544" lon="78.0378715"/>
 <node id="6987839351" visible="true" version="1" changeset="77240440" timestamp="2019-11-18T17:29:49Z" user="Arun Balaji" uid="3427745" lat="30.3354244" lon="78.0379392"/>
 <node id="6987839352" visible="true" version="1" changeset="77240440" timestamp="2019-11-18T17:29:49Z" user="Arun Balaji" uid="3427745" lat="30.3354452" lon="78.0379171"/>
 <node id="6987839353" visible="true" version="1" changeset="77240440" timestamp="2019-11-18T17:29:49Z" user="Arun Balaji" uid="3427745" lat="30.3353734" lon="78.0378514"/>
 <node id="6987839354" visible="true" version="1" changeset="77240440" timestamp="2019-11-18T17:29:49Z" user="Arun Balaji" uid="3427745" lat="30.3354169" lon="78.0377877"/>
 <node id="6987839355" visible="true" version="1" changeset="77240440" timestamp="2019-11-18T17:29:49Z" user="Arun Balaji" uid="3427745" lat="30.3354886" lon="78.0378534"/>
 <node id="6987839414" visible="true" version="1" changeset="77240440" timestamp="2019-11-18T17:29:49Z" user="Arun Balaji" uid="3427745" lat="30.3346666" lon="78.0381784"/>
 <node id="6987839415" visible="true" version="1" changeset="77240440" timestamp="2019-11-18T17:29:49Z" user="Arun Balaji" uid="3427745" lat="30.3345717" lon="78.0381952"/>
 <node id="6987839416" visible="true" version="1" changeset="77240440" timestamp="2019-11-18T17:29:49Z" user="Arun Balaji" uid="3427745" lat="30.3345621" lon="78.0381223"/>
 <node id="6987839417" visible="true" version="1" changeset="77240440" timestamp="2019-11-18T17:29:49Z" user="Arun Balaji" uid="3427745" lat="30.3346570" lon="78.0381055"/>
 <node id="7004482015" visible="true" version="1" changeset="77463928" timestamp="2019-11-23T17:00:17Z" user="Arun Balaji" uid="3427745" lat="30.3360944" lon="78.0362380"/>
 <node id="7004482016" visible="true" version="1" changeset="77463928" timestamp="2019-11-23T17:00:17Z" user="Arun Balaji" uid="3427745" lat="30.3360360" lon="78.0364050"/>
 <node id="7004482017" visible="true" version="1" changeset="77463928" timestamp="2019-11-23T17:00:17Z" user="Arun Balaji" uid="3427745" lat="30.3361044" lon="78.0364372"/>
 <node id="7004482018" visible="true" version="1" changeset="77463928" timestamp="2019-11-23T17:00:17Z" user="Arun Balaji" uid="3427745" lat="30.3361629" lon="78.0362702"/>
 <node id="7004482019" visible="true" version="1" changeset="77463928" timestamp="2019-11-23T17:00:17Z" user="Arun Balaji" uid="3427745" lat="30.3362252" lon="78.0357979"/>
 <node id="7004482020" visible="true" version="1" changeset="77463928" timestamp="2019-11-23T17:00:17Z" user="Arun Balaji" uid="3427745" lat="30.3361337" lon="78.0360701"/>
 <node id="7004482021" visible="true" version="1" changeset="77463928" timestamp="2019-11-23T17:00:17Z" user="Arun Balaji" uid="3427745" lat="30.3362161" lon="78.0361073"/>
 <node id="7004482022" visible="true" version="1" changeset="77463928" timestamp="2019-11-23T17:00:17Z" user="Arun Balaji" uid="3427745" lat="30.3363076" lon="78.0358350"/>
 <node id="7004482023" visible="true" version="1" changeset="77463928" timestamp="2019-11-23T17:00:17Z" user="Arun Balaji" uid="3427745" lat="30.3371295" lon="78.0355906"/>
 <node id="7004482024" visible="true" version="1" changeset="77463928" timestamp="2019-11-23T17:00:17Z" user="Arun Balaji" uid="3427745" lat="30.3369727" lon="78.0355255"/>
 <node id="7004482025" visible="true" version="1" changeset="77463928" timestamp="2019-11-23T17:00:17Z" user="Arun Balaji" uid="3427745" lat="30.3369436" lon="78.0356198"/>
 <node id="7004482026" visible="true" version="1" changeset="77463928" timestamp="2019-11-23T17:00:17Z" user="Arun Balaji" uid="3427745" lat="30.3371004" lon="78.0356848"/>
 <node id="7004482027" visible="true" version="1" changeset="77463928" timestamp="2019-11-23T17:00:17Z" user="Arun Balaji" uid="3427745" lat="30.3369509" lon="78.0355371"/>
 <node id="7004482028" visible="true" version="1" changeset="77463928" timestamp="2019-11-23T17:00:17Z" user="Arun Balaji" uid="3427745" lat="30.3368178" lon="78.0354908"/>
 <node id="7004482029" visible="true" version="1" changeset="77463928" timestamp="2019-11-23T17:00:17Z" user="Arun Balaji" uid="3427745" lat="30.3367977" lon="78.0355681"/>
 <node id="7004482030" visible="true" version="1" changeset="77463928" timestamp="2019-11-23T17:00:17Z" user="Arun Balaji" uid="3427745" lat="30.3369309" lon="78.0356144"/>
 <node id="7004482031" visible="true" version="1" changeset="77463928" timestamp="2019-11-23T17:00:17Z" user="Arun Balaji" uid="3427745" lat="30.3368088" lon="78.0354744"/>
 <node id="7004482032" visible="true" version="1" changeset="77463928" timestamp="2019-11-23T17:00:17Z" user="Arun Balaji" uid="3427745" lat="30.3366566" lon="78.0354141"/>
 <node id="7004482033" visible="true" version="1" changeset="77463928" timestamp="2019-11-23T17:00:17Z" user="Arun Balaji" uid="3427745" lat="30.3366311" lon="78.0355004"/>
 <node id="7004482034" visible="true" version="1" changeset="77463928" timestamp="2019-11-23T17:00:17Z" user="Arun Balaji" uid="3427745" lat="30.3367833" lon="78.0355608"/>
 <node id="7038210435" visible="true" version="1" changeset="78047873" timestamp="2019-12-06T11:53:50Z" user="Arun Balaji" uid="3427745" lat="30.3353277" lon="78.0370590"/>
 <node id="7038210436" visible="true" version="1" changeset="78047873" timestamp="2019-12-06T11:53:50Z" user="Arun Balaji" uid="3427745" lat="30.3352878" lon="78.0372334"/>
 <node id="7038210437" visible="true" version="1" changeset="78047873" timestamp="2019-12-06T11:53:50Z" user="Arun Balaji" uid="3427745" lat="30.3351975" lon="78.0372056"/>
 <node id="7038210438" visible="true" version="1" changeset="78047873" timestamp="2019-12-06T11:53:50Z" user="Arun Balaji" uid="3427745" lat="30.3352375" lon="78.0370313"/>
 <node id="7038210439" visible="true" version="1" changeset="78047873" timestamp="2019-12-06T11:53:50Z" user="Arun Balaji" uid="3427745" lat="30.3354168" lon="78.0366698"/>
 <node id="7038210440" visible="true" version="1" changeset="78047873" timestamp="2019-12-06T11:53:50Z" user="Arun Balaji" uid="3427745" lat="30.3353438" lon="78.0370098"/>
 <node id="7038210441" visible="true" version="1" changeset="78047873" timestamp="2019-12-06T11:53:50Z" user="Arun Balaji" uid="3427745" lat="30.3352531" lon="78.0369837"/>
 <node id="7038210442" visible="true" version="1" changeset="78047873" timestamp="2019-12-06T11:53:50Z" user="Arun Balaji" uid="3427745" lat="30.3353260" lon="78.0366437"/>
 <node id="7038210443" visible="true" version="1" changeset="78047873" timestamp="2019-12-06T11:53:50Z" user="Arun Balaji" uid="3427745" lat="30.3356187" lon="78.0360691"/>
 <node id="7038210444" visible="true" version="1" changeset="78047873" timestamp="2019-12-06T11:53:50Z" user="Arun Balaji" uid="3427745" lat="30.3355874" lon="78.0362482"/>
 <node id="7038210445" visible="true" version="1" changeset="78047873" timestamp="2019-12-06T11:53:50Z" user="Arun Balaji" uid="3427745" lat="30.3354956" lon="78.0362266"/>
 <node id="7038210446" visible="true" version="1" changeset="78047873" timestamp="2019-12-06T11:53:50Z" user="Arun Balaji" uid="3427745" lat="30.3355268" lon="78.0360476"/>
 <node id="7038210447" visible="true" version="1" changeset="78047873" timestamp="2019-12-06T11:53:50Z" user="Arun Balaji" uid="3427745" lat="30.3360748" lon="78.0372106"/>
 <node id="7038210448" visible="true" version="1" changeset="78047873" timestamp="2019-12-06T11:53:50Z" user="Arun Balaji" uid="3427745" lat="30.3359272" lon="78.0371013"/>
 <node id="7038210449" visible="true" version="1" changeset="78047873" timestamp="2019-12-06T11:53:50Z" user="Arun Balaji" uid="3427745" lat="30.3358741" lon="78.0371976"/>
 <node id="7038210450" visible="true" version="1" changeset="78047873" timestamp="2019-12-06T11:53:50Z" user="Arun Balaji" uid="3427745" lat="30.3360217" lon="78.0373069"/>
 <node id="7038210451" visible="true" version="1" changeset="78047873" timestamp="2019-12-06T11:53:50Z" user="Arun Balaji" uid="3427745" lat="30.3359746" lon="78.0367798"/>
 <node id="7038210452" visible="true" version="1" changeset="78047873" timestamp="2019-12-06T11:53:50Z" user="Arun Balaji" uid="3427745" lat="30.3358877" lon="78.0370111"/>
 <node id="7038210453" visible="true" version="1" changeset="78047873" timestamp="2019-12-06T11:53:50Z" user="Arun Balaji" uid="3427745" lat="30.3358133" lon="78.0369736"/>
 <node id="7038210454" visible="true" version="1" changeset="78047873" timestamp="2019-12-06T11:53:50Z" user="Arun Balaji" uid="3427745" lat="30.3359001" lon="78.0367423"/>
 <node id="7038210455" visible="true" version="1" changeset="78047873" timestamp="2019-12-06T11:53:50Z" user="Arun Balaji" uid="3427745" lat="30.3360671" lon="78.0365384"/>
 <node id="7038210456" visible="true" version="1" changeset="78047873" timestamp="2019-12-06T11:53:50Z" user="Arun Balaji" uid="3427745" lat="30.3359982" lon="78.0367174"/>
 <node id="7038210457" visible="true" version="1" changeset="78047873" timestamp="2019-12-06T11:53:50Z" user="Arun Balaji" uid="3427745" lat="30.3359360" lon="78.0366853"/>
 <node id="7038210458" visible="true" version="1" changeset="78047873" timestamp="2019-12-06T11:53:50Z" user="Arun Balaji" uid="3427745" lat="30.3360049" lon="78.0365062"/>
 <node id="7038210459" visible="true" version="1" changeset="78047873" timestamp="2019-12-06T11:53:50Z" user="Arun Balaji" uid="3427745" lat="30.3347284" lon="78.0364146"/>
 <node id="7038210460" visible="true" version="1" changeset="78047873" timestamp="2019-12-06T11:53:50Z" user="Arun Balaji" uid="3427745" lat="30.3346462" lon="78.0363764"/>
 <node id="7038210461" visible="true" version="1" changeset="78047873" timestamp="2019-12-06T11:53:50Z" user="Arun Balaji" uid="3427745" lat="30.3346697" lon="78.0363084"/>
 <node id="7038210462" visible="true" version="1" changeset="78047873" timestamp="2019-12-06T11:53:50Z" user="Arun Balaji" uid="3427745" lat="30.3347519" lon="78.0363467"/>
 <node id="7038210463" visible="true" version="1" changeset="78047873" timestamp="2019-12-06T11:53:50Z" user="Arun Balaji" uid="3427745" lat="30.3346632" lon="78.0359637"/>
 <node id="7038210464" visible="true" version="1" changeset="78047873" timestamp="2019-12-06T11:53:50Z" user="Arun Balaji" uid="3427745" lat="30.3345581" lon="78.0359680"/>
 <node id="7038210465" visible="true" version="1" changeset="78047873" timestamp="2019-12-06T11:53:50Z" user="Arun Balaji" uid="3427745" lat="30.3345554" lon="78.0358803"/>
 <node id="7038210466" visible="true" version="1" changeset="78047873" timestamp="2019-12-06T11:53:50Z" user="Arun Balaji" uid="3427745" lat="30.3346605" lon="78.0358759"/>
 <node id="7038210467" visible="true" version="1" changeset="78047873" timestamp="2019-12-06T11:53:50Z" user="Arun Balaji" uid="3427745" lat="30.3345396" lon="78.0357930"/>
 <node id="7038210468" visible="true" version="1" changeset="78047873" timestamp="2019-12-06T11:53:50Z" user="Arun Balaji" uid="3427745" lat="30.3344721" lon="78.0358252"/>
 <node id="7038210469" visible="true" version="1" changeset="78047873" timestamp="2019-12-06T11:53:50Z" user="Arun Balaji" uid="3427745" lat="30.3344434" lon="78.0357445"/>
 <node id="7038210470" visible="true" version="1" changeset="78047873" timestamp="2019-12-06T11:53:50Z" user="Arun Balaji" uid="3427745" lat="30.3345109" lon="78.0357123"/>
 <node id="7038210471" visible="true" version="1" changeset="78047873" timestamp="2019-12-06T11:53:50Z" user="Arun Balaji" uid="3427745" lat="30.3344701" lon="78.0358452"/>
 <node id="7038210472" visible="true" version="1" changeset="78047873" timestamp="2019-12-06T11:53:50Z" user="Arun Balaji" uid="3427745" lat="30.3344079" lon="78.0357584"/>
 <node id="7038210473" visible="true" version="1" changeset="78047873" timestamp="2019-12-06T11:53:50Z" user="Arun Balaji" uid="3427745" lat="30.3343372" lon="78.0358263"/>
 <node id="7038210474" visible="true" version="1" changeset="78047873" timestamp="2019-12-06T11:53:50Z" user="Arun Balaji" uid="3427745" lat="30.3343994" lon="78.0359131"/>
 <node id="7038210475" visible="true" version="1" changeset="78047873" timestamp="2019-12-06T11:53:50Z" user="Arun Balaji" uid="3427745" lat="30.3344088" lon="78.0359274"/>
 <node id="7038210476" visible="true" version="1" changeset="78047873" timestamp="2019-12-06T11:53:50Z" user="Arun Balaji" uid="3427745" lat="30.3344725" lon="78.0360176"/>
 <node id="7038210477" visible="true" version="1" changeset="78047873" timestamp="2019-12-06T11:53:50Z" user="Arun Balaji" uid="3427745" lat="30.3345265" lon="78.0359665"/>
 <node id="7038210478" visible="true" version="1" changeset="78047873" timestamp="2019-12-06T11:53:50Z" user="Arun Balaji" uid="3427745" lat="30.3344628" lon="78.0358763"/>
 <node id="7038210479" visible="true" version="1" changeset="78047873" timestamp="2019-12-06T11:53:50Z" user="Arun Balaji" uid="3427745" lat="30.3344634" lon="78.0358574"/>
 <node id="7038210480" visible="true" version="1" changeset="78047873" timestamp="2019-12-06T11:53:50Z" user="Arun Balaji" uid="3427745" lat="30.3345082" lon="78.0359246"/>
 <node id="7038210481" visible="true" version="1" changeset="78047873" timestamp="2019-12-06T11:53:50Z" user="Arun Balaji" uid="3427745" lat="30.3345459" lon="78.0358909"/>
 <node id="7038210482" visible="true" version="1" changeset="78047873" timestamp="2019-12-06T11:53:50Z" user="Arun Balaji" uid="3427745" lat="30.3345011" lon="78.0358237"/>
 <node id="7038210483" visible="true" version="1" changeset="78047873" timestamp="2019-12-06T11:53:50Z" user="Arun Balaji" uid="3427745" lat="30.3349592" lon="78.0353995"/>
 <node id="7038210484" visible="true" version="1" changeset="78047873" timestamp="2019-12-06T11:53:50Z" user="Arun Balaji" uid="3427745" lat="30.3348724" lon="78.0354421"/>
 <node id="7038210485" visible="true" version="1" changeset="78047873" timestamp="2019-12-06T11:53:50Z" user="Arun Balaji" uid="3427745" lat="30.3348297" lon="78.0353254"/>
 <node id="7038210486" visible="true" version="1" changeset="78047873" timestamp="2019-12-06T11:53:50Z" user="Arun Balaji" uid="3427745" lat="30.3349166" lon="78.0352828"/>
 <node id="7038210487" visible="true" version="1" changeset="78047873" timestamp="2019-12-06T11:53:50Z" user="Arun Balaji" uid="3427745" lat="30.3349179" lon="78.0352656"/>
 <node id="7038210488" visible="true" version="1" changeset="78047873" timestamp="2019-12-06T11:53:50Z" user="Arun Balaji" uid="3427745" lat="30.3348218" lon="78.0353132"/>
 <node id="7038210489" visible="true" version="1" changeset="78047873" timestamp="2019-12-06T11:53:50Z" user="Arun Balaji" uid="3427745" lat="30.3347991" lon="78.0352516"/>
 <node id="7038210490" visible="true" version="1" changeset="78047873" timestamp="2019-12-06T11:53:50Z" user="Arun Balaji" uid="3427745" lat="30.3348951" lon="78.0352040"/>
 <node id="7038210491" visible="true" version="1" changeset="78047873" timestamp="2019-12-06T11:53:50Z" user="Arun Balaji" uid="3427745" lat="30.3352766" lon="78.0350783"/>
 <node id="7038210492" visible="true" version="1" changeset="78047873" timestamp="2019-12-06T11:53:50Z" user="Arun Balaji" uid="3427745" lat="30.3352115" lon="78.0351235"/>
 <node id="7038210493" visible="true" version="1" changeset="78047873" timestamp="2019-12-06T11:53:50Z" user="Arun Balaji" uid="3427745" lat="30.3351738" lon="78.0350508"/>
 <node id="7038210494" visible="true" version="1" changeset="78047873" timestamp="2019-12-06T11:53:50Z" user="Arun Balaji" uid="3427745" lat="30.3352389" lon="78.0350056"/>
 <node id="7038210495" visible="true" version="1" changeset="78047873" timestamp="2019-12-06T11:53:50Z" user="Arun Balaji" uid="3427745" lat="30.3347837" lon="78.0359640"/>
 <node id="7038210496" visible="true" version="1" changeset="78047873" timestamp="2019-12-06T11:53:50Z" user="Arun Balaji" uid="3427745" lat="30.3347525" lon="78.0361323"/>
 <node id="7038210497" visible="true" version="1" changeset="78047873" timestamp="2019-12-06T11:53:50Z" user="Arun Balaji" uid="3427745" lat="30.3348080" lon="78.0361462"/>
 <node id="7038210498" visible="true" version="1" changeset="78047873" timestamp="2019-12-06T11:53:50Z" user="Arun Balaji" uid="3427745" lat="30.3348393" lon="78.0359779"/>
 <node id="7038210499" visible="true" version="1" changeset="78047873" timestamp="2019-12-06T11:53:50Z" user="Arun Balaji" uid="3427745" lat="30.3339069" lon="78.0376150"/>
 <node id="7038210500" visible="true" version="1" changeset="78047873" timestamp="2019-12-06T11:53:50Z" user="Arun Balaji" uid="3427745" lat="30.3338102" lon="78.0376452"/>
 <node id="7038210501" visible="true" version="1" changeset="78047873" timestamp="2019-12-06T11:53:50Z" user="Arun Balaji" uid="3427745" lat="30.3337958" lon="78.0375832"/>
 <node id="7038210502" visible="true" version="1" changeset="78047873" timestamp="2019-12-06T11:53:50Z" user="Arun Balaji" uid="3427745" lat="30.3338925" lon="78.0375530"/>
 <node id="7038210503" visible="true" version="1" changeset="78047873" timestamp="2019-12-06T11:53:50Z" user="Arun Balaji" uid="3427745" lat="30.3338925" lon="78.0375359"/>
 <node id="7038210504" visible="true" version="1" changeset="78047873" timestamp="2019-12-06T11:53:50Z" user="Arun Balaji" uid="3427745" lat="30.3337942" lon="78.0375675"/>
 <node id="7038210505" visible="true" version="1" changeset="78047873" timestamp="2019-12-06T11:53:50Z" user="Arun Balaji" uid="3427745" lat="30.3337715" lon="78.0374725"/>
 <node id="7038210506" visible="true" version="1" changeset="78047873" timestamp="2019-12-06T11:53:50Z" user="Arun Balaji" uid="3427745" lat="30.3338699" lon="78.0374410"/>
 <node id="7837486943" visible="true" version="1" changeset="89813212" timestamp="2020-08-23T15:47:23Z" user="mottiger" uid="7504544" lat="30.3010613" lon="78.0162978"/>
 <node id="7837486944" visible="true" version="1" changeset="89813212" timestamp="2020-08-23T15:47:23Z" user="mottiger" uid="7504544" lat="30.2988150" lon="78.0173385"/>
 <node id="7837486945" visible="true" version="1" changeset="89813212" timestamp="2020-08-23T15:47:23Z" user="mottiger" uid="7504544" lat="30.2983055" lon="78.0176067"/>
 <node id="7837486946" visible="true" version="1" changeset="89813212" timestamp="2020-08-23T15:47:23Z" user="mottiger" uid="7504544" lat="30.2980878" lon="78.0175155"/>
 <node id="7837486947" visible="true" version="1" changeset="89813212" timestamp="2020-08-23T15:47:23Z" user="mottiger" uid="7504544" lat="30.2974764" lon="78.0171990"/>
 <node id="7837486948" visible="true" version="1" changeset="89813212" timestamp="2020-08-23T15:47:23Z" user="mottiger" uid="7504544" lat="30.2968280" lon="78.0167162"/>
 <node id="7837486949" visible="true" version="1" changeset="89813212" timestamp="2020-08-23T15:47:23Z" user="mottiger" uid="7504544" lat="30.2962907" lon="78.0159008"/>
 <node id="7837486950" visible="true" version="1" changeset="89813212" timestamp="2020-08-23T15:47:23Z" user="mottiger" uid="7504544" lat="30.2951791" lon="78.0152732"/>
 <node id="7837486951" visible="true" version="1" changeset="89813212" timestamp="2020-08-23T15:47:23Z" user="mottiger" uid="7504544" lat="30.2945167" lon="78.0152518"/>
 <node id="7837486952" visible="true" version="2" changeset="150142792" timestamp="2024-04-17T17:55:13Z" user="josmougn" uid="522742" lat="30.2886656" lon="78.0171725"/>
 <node id="7837486953" visible="true" version="1" changeset="89813212" timestamp="2020-08-23T15:47:23Z" user="mottiger" uid="7504544" lat="30.2880041" lon="78.0171400"/>
 <node id="7837486954" visible="true" version="1" changeset="89813212" timestamp="2020-08-23T15:47:23Z" user="mottiger" uid="7504544" lat="30.2870498" lon="78.0169362"/>
 <node id="7837486955" visible="true" version="1" changeset="89813212" timestamp="2020-08-23T15:47:23Z" user="mottiger" uid="7504544" lat="30.2845623" lon="78.0160296"/>
 <node id="7837486956" visible="true" version="1" changeset="89813212" timestamp="2020-08-23T15:47:23Z" user="mottiger" uid="7504544" lat="30.2828205" lon="78.0159813"/>
 <node id="7837486957" visible="true" version="1" changeset="89813212" timestamp="2020-08-23T15:47:23Z" user="mottiger" uid="7504544" lat="30.2804950" lon="78.0149782"/>
 <node id="8343543619" visible="true" version="1" changeset="97864188" timestamp="2021-01-20T23:12:57Z" user="श्र" uid="12519778" lat="30.3343186" lon="78.0288899"/>
 <node id="8343543620" visible="true" version="1" changeset="97864188" timestamp="2021-01-20T23:12:57Z" user="श्र" uid="12519778" lat="30.3339884" lon="78.0288696"/>
 <node id="8343543621" visible="true" version="1" changeset="97864188" timestamp="2021-01-20T23:12:57Z" user="श्र" uid="12519778" lat="30.3339639" lon="78.0294393"/>
 <node id="8343543622" visible="true" version="1" changeset="97864188" timestamp="2021-01-20T23:12:57Z" user="श्र" uid="12519778" lat="30.3342940" lon="78.0294271"/>
 <node id="8343543631" visible="true" version="1" changeset="97864188" timestamp="2021-01-20T23:12:57Z" user="श्र" uid="12519778" lat="30.3341888" lon="78.0300282"/>
 <node id="8343543632" visible="true" version="1" changeset="97864188" timestamp="2021-01-20T23:12:57Z" user="श्र" uid="12519778" lat="30.3341240" lon="78.0301194"/>
 <node id="8343543633" visible="true" version="1" changeset="97864188" timestamp="2021-01-20T23:12:57Z" user="श्र" uid="12519778" lat="30.3344018" lon="78.0303849"/>
 <node id="8343543634" visible="true" version="1" changeset="97864188" timestamp="2021-01-20T23:12:57Z" user="श्र" uid="12519778" lat="30.3341981" lon="78.0306639"/>
 <node id="8343543635" visible="true" version="1" changeset="97864188" timestamp="2021-01-20T23:12:57Z" user="श्र" uid="12519778" lat="30.3343254" lon="78.0307738"/>
 <node id="8343543636" visible="true" version="1" changeset="97864188" timestamp="2021-01-20T23:12:57Z" user="श्र" uid="12519778" lat="30.3343833" lon="78.0306907"/>
 <node id="8343543637" visible="true" version="1" changeset="97864188" timestamp="2021-01-20T23:12:57Z" user="श्र" uid="12519778" lat="30.3343323" lon="78.0306397"/>
 <node id="8343543638" visible="true" version="1" changeset="97864188" timestamp="2021-01-20T23:12:57Z" user="श्र" uid="12519778" lat="30.3345347" lon="78.0303623"/>
 <node id="8343543639" visible="true" version="1" changeset="97864188" timestamp="2021-01-20T23:12:57Z" user="श्र" uid="12519778" lat="30.3338395" lon="78.0296991"/>
 <node id="8343543640" visible="true" version="1" changeset="97864188" timestamp="2021-01-20T23:12:57Z" user="श्र" uid="12519778" lat="30.3336337" lon="78.0299481"/>
 <node id="8343543641" visible="true" version="1" changeset="97864188" timestamp="2021-01-20T23:12:57Z" user="श्र" uid="12519778" lat="30.3336373" lon="78.0301050"/>
 <node id="8343543642" visible="true" version="1" changeset="97864188" timestamp="2021-01-20T23:12:57Z" user="श्र" uid="12519778" lat="30.3338341" lon="78.0298497"/>
 <node id="8343543643" visible="true" version="1" changeset="97864188" timestamp="2021-01-20T23:12:57Z" user="श्र" uid="12519778" lat="30.3335172" lon="78.0299962"/>
 <node id="8343543644" visible="true" version="1" changeset="97864188" timestamp="2021-01-20T23:12:57Z" user="श्र" uid="12519778" lat="30.3335854" lon="78.0299167"/>
 <node id="8343543645" visible="true" version="1" changeset="97864188" timestamp="2021-01-20T23:12:57Z" user="श्र" uid="12519778" lat="30.3343704" lon="78.0303832"/>
 <node id="8343543646" visible="true" version="1" changeset="97864188" timestamp="2021-01-20T23:12:57Z" user="श्र" uid="12519778" lat="30.3341916" lon="78.0306029"/>
 <node id="8343543647" visible="true" version="1" changeset="97864188" timestamp="2021-01-20T23:12:57Z" user="श्र" uid="12519778" lat="30.3336842" lon="78.0301175"/>
 <node id="8343543648" visible="true" version="1" changeset="97864188" timestamp="2021-01-20T23:12:57Z" user="श्र" uid="12519778" lat="30.3338558" lon="78.0298999"/>
 <node id="8343543661" visible="true" version="1" changeset="97864188" timestamp="2021-01-20T23:12:57Z" user="श्र" uid="12519778" lat="30.3319461" lon="78.0306195"/>
 <node id="8343543662" visible="true" version="1" changeset="97864188" timestamp="2021-01-20T23:12:57Z" user="श्र" uid="12519778" lat="30.3311409" lon="78.0298080"/>
 <node id="8343543663" visible="true" version="1" changeset="97864188" timestamp="2021-01-20T23:12:57Z" user="श्र" uid="12519778" lat="30.3324772" lon="78.0285191"/>
 <node id="8343543664" visible="true" version="1" changeset="97864188" timestamp="2021-01-20T23:12:57Z" user="श्र" uid="12519778" lat="30.3332194" lon="78.0292624"/>
 <node id="8343543665" visible="true" version="1" changeset="97864188" timestamp="2021-01-20T23:12:57Z" user="श्र" uid="12519778" lat="30.3324277" lon="78.0301797"/>
 <node id="8343543666" visible="true" version="1" changeset="97864188" timestamp="2021-01-20T23:12:57Z" user="श्र" uid="12519778" lat="30.3316275" lon="78.0293387"/>
 <node id="8343543667" visible="true" version="1" changeset="97864188" timestamp="2021-01-20T23:12:57Z" user="श्र" uid="12519778" lat="30.3344440" lon="78.0293348"/>
 <node id="8343543668" visible="true" version="1" changeset="97864188" timestamp="2021-01-20T23:12:57Z" user="श्र" uid="12519778" lat="30.3345667" lon="78.0294528"/>
 <node id="8343543669" visible="true" version="1" changeset="97864188" timestamp="2021-01-20T23:12:57Z" user="श्र" uid="12519778" lat="30.3344186" lon="78.0296432"/>
 <node id="8343543670" visible="true" version="1" changeset="97864188" timestamp="2021-01-20T23:12:57Z" user="श्र" uid="12519778" lat="30.3343028" lon="78.0295225"/>
 <node id="8343543671" visible="true" version="1" changeset="97864188" timestamp="2021-01-20T23:12:57Z" user="श्र" uid="12519778" lat="30.3346038" lon="78.0294877"/>
 <node id="8343543672" visible="true" version="1" changeset="97864188" timestamp="2021-01-20T23:12:57Z" user="श्र" uid="12519778" lat="30.3347126" lon="78.0295949"/>
 <node id="8343543673" visible="true" version="1" changeset="97864188" timestamp="2021-01-20T23:12:57Z" user="श्र" uid="12519778" lat="30.3345667" lon="78.0298015"/>
 <node id="8343543674" visible="true" version="1" changeset="97864188" timestamp="2021-01-20T23:12:57Z" user="श्र" uid="12519778" lat="30.3344579" lon="78.0296888"/>
 <node id="8343543675" visible="true" version="1" changeset="97864188" timestamp="2021-01-20T23:12:57Z" user="श्र" uid="12519778" lat="30.3359595" lon="78.0309121"/>
 <node id="8343543676" visible="true" version="1" changeset="97864188" timestamp="2021-01-20T23:12:57Z" user="श्र" uid="12519778" lat="30.3359417" lon="78.0309893"/>
 <node id="8343543677" visible="true" version="1" changeset="97864188" timestamp="2021-01-20T23:12:57Z" user="श्र" uid="12519778" lat="30.3355426" lon="78.0309043"/>
 <node id="8343543678" visible="true" version="1" changeset="97864188" timestamp="2021-01-20T23:12:57Z" user="श्र" uid="12519778" lat="30.3355495" lon="78.0308251"/>
 <node id="8343543679" visible="true" version="1" changeset="97864188" timestamp="2021-01-20T23:12:57Z" user="श्र" uid="12519778" lat="30.3359031" lon="78.0310556"/>
 <node id="8343543680" visible="true" version="1" changeset="97864188" timestamp="2021-01-20T23:12:57Z" user="श्र" uid="12519778" lat="30.3358481" lon="78.0311038"/>
 <node id="8343543681" visible="true" version="1" changeset="97864188" timestamp="2021-01-20T23:12:57Z" user="श्र" uid="12519778" lat="30.3357825" lon="78.0311286"/>
 <node id="8343543682" visible="true" version="1" changeset="97864188" timestamp="2021-01-20T23:12:57Z" user="श्र" uid="12519778" lat="30.3357135" lon="78.0311273"/>
 <node id="8343543683" visible="true" version="1" changeset="97864188" timestamp="2021-01-20T23:12:57Z" user="श्र" uid="12519778" lat="30.3356486" lon="78.0311001"/>
 <node id="8343543684" visible="true" version="1" changeset="97864188" timestamp="2021-01-20T23:12:57Z" user="श्र" uid="12519778" lat="30.3355949" lon="78.0310499"/>
 <node id="8343543685" visible="true" version="1" changeset="97864188" timestamp="2021-01-20T23:12:57Z" user="श्र" uid="12519778" lat="30.3355582" lon="78.0309822"/>
 <node id="8343543686" visible="true" version="1" changeset="97864188" timestamp="2021-01-20T23:12:57Z" user="श्र" uid="12519778" lat="30.3355783" lon="78.0307528"/>
 <node id="8343543687" visible="true" version="1" changeset="97864188" timestamp="2021-01-20T23:12:57Z" user="श्र" uid="12519778" lat="30.3356257" lon="78.0306952"/>
 <node id="8343543688" visible="true" version="1" changeset="97864188" timestamp="2021-01-20T23:12:57Z" user="श्र" uid="12519778" lat="30.3357296" lon="78.0307617"/>
 <node id="8343543689" visible="true" version="1" changeset="97864188" timestamp="2021-01-20T23:12:57Z" user="श्र" uid="12519778" lat="30.3357810" lon="78.0306781"/>
 <node id="8343543690" visible="true" version="1" changeset="97864188" timestamp="2021-01-20T23:12:57Z" user="श्र" uid="12519778" lat="30.3359038" lon="78.0307683"/>
 <node id="8343543691" visible="true" version="2" changeset="97878963" timestamp="2021-01-21T06:27:15Z" user="श्र" uid="12519778" lat="30.3349228" lon="78.0323844"/>
 <node id="8343543692" visible="true" version="2" changeset="97878963" timestamp="2021-01-21T06:27:15Z" user="श्र" uid="12519778" lat="30.3348380" lon="78.0323552"/>
 <node id="8343543693" visible="true" version="1" changeset="97864188" timestamp="2021-01-20T23:12:57Z" user="श्र" uid="12519778" lat="30.3334983" lon="78.0301346"/>
 <node id="8343543694" visible="true" version="1" changeset="97864188" timestamp="2021-01-20T23:12:57Z" user="श्र" uid="12519778" lat="30.3342992" lon="78.0309178"/>
 <node id="8343543695" visible="true" version="1" changeset="97864188" timestamp="2021-01-20T23:12:57Z" user="श्र" uid="12519778" lat="30.3333547" lon="78.0321409"/>
 <node id="8343543696" visible="true" version="1" changeset="97864188" timestamp="2021-01-20T23:12:57Z" user="श्र" uid="12519778" lat="30.3325537" lon="78.0312504"/>
 <node id="8343543697" visible="true" version="1" changeset="97864188" timestamp="2021-01-20T23:12:57Z" user="श्र" uid="12519778" lat="30.3329866" lon="78.0286567"/>
 <node id="8343543698" visible="true" version="1" changeset="97864188" timestamp="2021-01-20T23:12:57Z" user="श्र" uid="12519778" lat="30.3333304" lon="78.0289786"/>
 <node id="8343543699" visible="true" version="1" changeset="97864188" timestamp="2021-01-20T23:12:57Z" user="श्र" uid="12519778" lat="30.3335307" lon="78.0287452"/>
 <node id="8343543700" visible="true" version="1" changeset="97864188" timestamp="2021-01-20T23:12:57Z" user="श्र" uid="12519778" lat="30.3335677" lon="78.0286098"/>
 <node id="8343543701" visible="true" version="1" changeset="97864188" timestamp="2021-01-20T23:12:57Z" user="श्र" uid="12519778" lat="30.3334253" lon="78.0284368"/>
 <node id="8343543702" visible="true" version="1" changeset="97864188" timestamp="2021-01-20T23:12:57Z" user="श्र" uid="12519778" lat="30.3331522" lon="78.0286393"/>
 <node id="8343543703" visible="true" version="1" changeset="97864188" timestamp="2021-01-20T23:12:57Z" user="श्र" uid="12519778" lat="30.3330561" lon="78.0285709"/>
 <node id="8344241241" visible="true" version="1" changeset="97878963" timestamp="2021-01-21T06:27:15Z" user="श्र" uid="12519778" lat="30.3325479" lon="78.0319511"/>
 <node id="8344241242" visible="true" version="1" changeset="97878963" timestamp="2021-01-21T06:27:15Z" user="श्र" uid="12519778" lat="30.3325040" lon="78.0319940"/>
 <node id="8344241243" visible="true" version="1" changeset="97878963" timestamp="2021-01-21T06:27:15Z" user="श्र" uid="12519778" lat="30.3325479" lon="78.0320396"/>
 <node id="8344241244" visible="true" version="1" changeset="97878963" timestamp="2021-01-21T06:27:15Z" user="श्र" uid="12519778" lat="30.3324461" lon="78.0321764"/>
 <node id="8344241245" visible="true" version="1" changeset="97878963" timestamp="2021-01-21T06:27:15Z" user="श्र" uid="12519778" lat="30.3326174" lon="78.0323507"/>
 <node id="8344241246" visible="true" version="1" changeset="97878963" timestamp="2021-01-21T06:27:15Z" user="श्र" uid="12519778" lat="30.3327054" lon="78.0322032"/>
 <node id="8344241247" visible="true" version="1" changeset="97878963" timestamp="2021-01-21T06:27:15Z" user="श्र" uid="12519778" lat="30.3327470" lon="78.0322407"/>
 <node id="8344241248" visible="true" version="1" changeset="97878963" timestamp="2021-01-21T06:27:15Z" user="श्र" uid="12519778" lat="30.3328049" lon="78.0321764"/>
 <node id="8344241249" visible="true" version="1" changeset="97878963" timestamp="2021-01-21T06:27:15Z" user="श्र" uid="12519778" lat="30.3338513" lon="78.0319028"/>
 <node id="8344241250" visible="true" version="1" changeset="97878963" timestamp="2021-01-21T06:27:15Z" user="श्र" uid="12519778" lat="30.3337169" lon="78.0320899"/>
 <node id="8344241251" visible="true" version="1" changeset="97878963" timestamp="2021-01-21T06:27:15Z" user="श्र" uid="12519778" lat="30.3341612" lon="78.0323549"/>
 <node id="8344241252" visible="true" version="1" changeset="97878963" timestamp="2021-01-21T06:27:15Z" user="श्र" uid="12519778" lat="30.3341253" lon="78.0319018"/>
 <node id="8344241253" visible="true" version="1" changeset="97878963" timestamp="2021-01-21T06:27:15Z" user="श्र" uid="12519778" lat="30.3348541" lon="78.0319192"/>
 <node id="8344241254" visible="true" version="1" changeset="97878963" timestamp="2021-01-21T06:27:15Z" user="श्र" uid="12519778" lat="30.3349433" lon="78.0315767"/>
 <node id="8344241255" visible="true" version="1" changeset="97878963" timestamp="2021-01-21T06:27:15Z" user="श्र" uid="12519778" lat="30.3345820" lon="78.0314217"/>
 <node id="8344241256" visible="true" version="1" changeset="97878963" timestamp="2021-01-21T06:27:15Z" user="श्र" uid="12519778" lat="30.3344741" lon="78.0317724"/>
 <node id="8344241257" visible="true" version="1" changeset="97878963" timestamp="2021-01-21T06:27:15Z" user="श्र" uid="12519778" lat="30.3347439" lon="78.0323296"/>
 <node id="8344241258" visible="true" version="1" changeset="97878963" timestamp="2021-01-21T06:27:15Z" user="श्र" uid="12519778" lat="30.3348330" lon="78.0319871"/>
 <node id="8344241259" visible="true" version="1" changeset="97878963" timestamp="2021-01-21T06:27:15Z" user="श्र" uid="12519778" lat="30.3344553" lon="78.0318458"/>
 <node id="8344241260" visible="true" version="1" changeset="97878963" timestamp="2021-01-21T06:27:15Z" user="श्र" uid="12519778" lat="30.3343497" lon="78.0321828"/>
 <node id="8344241261" visible="true" version="1" changeset="97878963" timestamp="2021-01-21T06:27:15Z" user="श्र" uid="12519778" lat="30.3360037" lon="78.0323894"/>
 <node id="8344241262" visible="true" version="1" changeset="97878963" timestamp="2021-01-21T06:27:15Z" user="श्र" uid="12519778" lat="30.3358137" lon="78.0326640"/>
 <node id="8344241263" visible="true" version="1" changeset="97878963" timestamp="2021-01-21T06:27:15Z" user="श्र" uid="12519778" lat="30.3364237" lon="78.0331315"/>
 <node id="8344241264" visible="true" version="1" changeset="97878963" timestamp="2021-01-21T06:27:15Z" user="श्र" uid="12519778" lat="30.3365809" lon="78.0328434"/>
 <node id="8344241265" visible="true" version="1" changeset="97878963" timestamp="2021-01-21T06:27:15Z" user="श्र" uid="12519778" lat="30.3354771" lon="78.0319915"/>
 <node id="8344241266" visible="true" version="1" changeset="97878963" timestamp="2021-01-21T06:27:15Z" user="श्र" uid="12519778" lat="30.3352542" lon="78.0322694"/>
 <node id="8344241267" visible="true" version="1" changeset="97878963" timestamp="2021-01-21T06:27:15Z" user="श्र" uid="12519778" lat="30.3352993" lon="78.0323320"/>
 <node id="8344241268" visible="true" version="1" changeset="97878963" timestamp="2021-01-21T06:27:15Z" user="श्र" uid="12519778" lat="30.3354172" lon="78.0319335"/>
 <node id="8344241269" visible="true" version="1" changeset="97878963" timestamp="2021-01-21T06:27:15Z" user="श्र" uid="12519778" lat="30.3353347" lon="78.0319561"/>
 <node id="8344241270" visible="true" version="1" changeset="97878963" timestamp="2021-01-21T06:27:15Z" user="श्र" uid="12519778" lat="30.3352801" lon="78.0320281"/>
 <node id="8344241271" visible="true" version="1" changeset="97878963" timestamp="2021-01-21T06:27:15Z" user="श्र" uid="12519778" lat="30.3353856" lon="78.0323257"/>
 <node id="8344241272" visible="true" version="1" changeset="97878963" timestamp="2021-01-21T06:27:15Z" user="श्र" uid="12519778" lat="30.3354574" lon="78.0322560"/>
 <node id="8344241273" visible="true" version="1" changeset="97878963" timestamp="2021-01-21T06:27:15Z" user="श्र" uid="12519778" lat="30.3354944" lon="78.0321001"/>
 <node id="8344241274" visible="true" version="1" changeset="97878963" timestamp="2021-01-21T06:27:15Z" user="श्र" uid="12519778" lat="30.3352358" lon="78.0321838"/>
 <node id="8344241275" visible="true" version="2" changeset="97999688" timestamp="2021-01-22T22:55:47Z" user="श्र" uid="12519778" lat="30.3337282" lon="78.0322936"/>
 <node id="8344241276" visible="true" version="1" changeset="97878963" timestamp="2021-01-21T06:27:15Z" user="श्र" uid="12519778" lat="30.3327717" lon="78.0309171"/>
 <node id="8344241277" visible="true" version="1" changeset="97878963" timestamp="2021-01-21T06:27:15Z" user="श्र" uid="12519778" lat="30.3326814" lon="78.0308232"/>
 <node id="8344241278" visible="true" version="1" changeset="97878963" timestamp="2021-01-21T06:27:15Z" user="श्र" uid="12519778" lat="30.3327555" lon="78.0307239"/>
 <node id="8344241279" visible="true" version="1" changeset="97878963" timestamp="2021-01-21T06:27:15Z" user="श्र" uid="12519778" lat="30.3328597" lon="78.0308205"/>
 <node id="8344241280" visible="true" version="1" changeset="97878963" timestamp="2021-01-21T06:27:15Z" user="श्र" uid="12519778" lat="30.3340381" lon="78.0323709"/>
 <node id="8344241281" visible="true" version="2" changeset="97999688" timestamp="2021-01-22T22:55:47Z" user="श्र" uid="12519778" lat="30.3340202" lon="78.0322929"/>
 <node id="8344241282" visible="true" version="1" changeset="97878963" timestamp="2021-01-21T06:27:15Z" user="श्र" uid="12519778" lat="30.3344385" lon="78.0328241"/>
 <node id="8344241283" visible="true" version="1" changeset="97878963" timestamp="2021-01-21T06:27:15Z" user="श्र" uid="12519778" lat="30.3343853" lon="78.0330333"/>
 <node id="8344241284" visible="true" version="1" changeset="97878963" timestamp="2021-01-21T06:27:15Z" user="श्र" uid="12519778" lat="30.3341908" lon="78.0329582"/>
 <node id="8344241285" visible="true" version="1" changeset="97878963" timestamp="2021-01-21T06:27:15Z" user="श्र" uid="12519778" lat="30.3342556" lon="78.0327436"/>
 <node id="8344241286" visible="true" version="1" changeset="97878963" timestamp="2021-01-21T06:27:15Z" user="श्र" uid="12519778" lat="30.3345357" lon="78.0323762"/>
 <node id="8344241287" visible="true" version="1" changeset="97878963" timestamp="2021-01-21T06:27:15Z" user="श्र" uid="12519778" lat="30.3343783" lon="78.0323172"/>
 <node id="8344241288" visible="true" version="1" changeset="97878963" timestamp="2021-01-21T06:27:15Z" user="श्र" uid="12519778" lat="30.3343343" lon="78.0324566"/>
 <node id="8344241289" visible="true" version="1" changeset="97878963" timestamp="2021-01-21T06:27:15Z" user="श्र" uid="12519778" lat="30.3343922" lon="78.0324727"/>
 <node id="8344241290" visible="true" version="1" changeset="97878963" timestamp="2021-01-21T06:27:15Z" user="श्र" uid="12519778" lat="30.3343080" lon="78.0327667"/>
 <node id="8344241291" visible="true" version="1" changeset="97878963" timestamp="2021-01-21T06:27:15Z" user="श्र" uid="12519778" lat="30.3343650" lon="78.0327918"/>
 <node id="8344241292" visible="true" version="1" changeset="97878963" timestamp="2021-01-21T06:27:15Z" user="श्र" uid="12519778" lat="30.3344478" lon="78.0324888"/>
 <node id="8344241293" visible="true" version="1" changeset="97878963" timestamp="2021-01-21T06:27:15Z" user="श्र" uid="12519778" lat="30.3344941" lon="78.0325157"/>
 <node id="8344241294" visible="true" version="1" changeset="97878963" timestamp="2021-01-21T06:27:15Z" user="श्र" uid="12519778" lat="30.3346515" lon="78.0328885"/>
 <node id="8344241295" visible="true" version="1" changeset="97878963" timestamp="2021-01-21T06:27:15Z" user="श्र" uid="12519778" lat="30.3345589" lon="78.0328643"/>
 <node id="8344241296" visible="true" version="1" changeset="97878963" timestamp="2021-01-21T06:27:15Z" user="श्र" uid="12519778" lat="30.3344825" lon="78.0331674"/>
 <node id="8344241297" visible="true" version="1" changeset="97878963" timestamp="2021-01-21T06:27:15Z" user="श्र" uid="12519778" lat="30.3345797" lon="78.0331835"/>
 <node id="8344241298" visible="true" version="1" changeset="97878963" timestamp="2021-01-21T06:27:15Z" user="श्र" uid="12519778" lat="30.3349316" lon="78.0331433"/>
 <node id="8344241299" visible="true" version="1" changeset="97878963" timestamp="2021-01-21T06:27:15Z" user="श्र" uid="12519778" lat="30.3348321" lon="78.0331272"/>
 <node id="8344241300" visible="true" version="1" changeset="97878963" timestamp="2021-01-21T06:27:15Z" user="श्र" uid="12519778" lat="30.3348043" lon="78.0332425"/>
 <node id="8344241301" visible="true" version="1" changeset="97878963" timestamp="2021-01-21T06:27:15Z" user="श्र" uid="12519778" lat="30.3349085" lon="78.0332613"/>
 <node id="8344241302" visible="true" version="1" changeset="97878963" timestamp="2021-01-21T06:27:15Z" user="श्र" uid="12519778" lat="30.3354224" lon="78.0304530"/>
 <node id="8344241303" visible="true" version="1" changeset="97878963" timestamp="2021-01-21T06:27:15Z" user="श्र" uid="12519778" lat="30.3353761" lon="78.0306301"/>
 <node id="8344241304" visible="true" version="1" changeset="97878963" timestamp="2021-01-21T06:27:15Z" user="श्र" uid="12519778" lat="30.3352951" lon="78.0305979"/>
 <node id="8344241305" visible="true" version="1" changeset="97878963" timestamp="2021-01-21T06:27:15Z" user="श्र" uid="12519778" lat="30.3352881" lon="78.0306274"/>
 <node id="8344241306" visible="true" version="1" changeset="97878963" timestamp="2021-01-21T06:27:15Z" user="श्र" uid="12519778" lat="30.3352464" lon="78.0306193"/>
 <node id="8344241307" visible="true" version="1" changeset="97878963" timestamp="2021-01-21T06:27:15Z" user="श्र" uid="12519778" lat="30.3353066" lon="78.0303860"/>
 <node id="8344241308" visible="true" version="1" changeset="97878963" timestamp="2021-01-21T06:27:15Z" user="श्र" uid="12519778" lat="30.3353414" lon="78.0303913"/>
 <node id="8344241309" visible="true" version="1" changeset="97878963" timestamp="2021-01-21T06:27:15Z" user="श्र" uid="12519778" lat="30.3353460" lon="78.0304289"/>
 <node id="8344241310" visible="true" version="1" changeset="97878963" timestamp="2021-01-21T06:27:15Z" user="श्र" uid="12519778" lat="30.3353599" lon="78.0305335">
  <tag k="leisure" v="fitness_centre"/>
  <tag k="name" v="Yoga School"/>
  <tag k="sport" v="yoga"/>
 </node>
 <node id="8344241311" visible="true" version="1" changeset="97878963" timestamp="2021-01-21T06:27:15Z" user="श्र" uid="12519778" lat="30.3353182" lon="78.0305415">
  <tag k="name" v="General Store"/>
  <tag k="shop" v="general"/>
 </node>
 <node id="8344241312" visible="true" version="1" changeset="97878963" timestamp="2021-01-21T06:27:15Z" user="श्र" uid="12519778" lat="30.3354154" lon="78.0299166"/>
 <node id="8344241313" visible="true" version="1" changeset="97878963" timestamp="2021-01-21T06:27:15Z" user="श्र" uid="12519778" lat="30.3353321" lon="78.0299380"/>
 <node id="8344241314" visible="true" version="1" changeset="97878963" timestamp="2021-01-21T06:27:15Z" user="श्र" uid="12519778" lat="30.3353969" lon="78.0302304"/>
 <node id="8344241315" visible="true" version="1" changeset="97878963" timestamp="2021-01-21T06:27:15Z" user="श्र" uid="12519778" lat="30.3354687" lon="78.0302170"/>
 <node id="8344241316" visible="true" version="1" changeset="97878963" timestamp="2021-01-21T06:27:15Z" user="श्र" uid="12519778" lat="30.3353008" lon="78.0306757"/>
 <node id="8344261717" visible="true" version="1" changeset="97878963" timestamp="2021-01-21T06:27:15Z" user="श्र" uid="12519778" lat="30.3351619" lon="78.0306327"/>
 <node id="8344261718" visible="true" version="1" changeset="97878963" timestamp="2021-01-21T06:27:15Z" user="श्र" uid="12519778" lat="30.3351481" lon="78.0306891"/>
 <node id="8344261719" visible="true" version="1" changeset="97878963" timestamp="2021-01-21T06:27:15Z" user="श्र" uid="12519778" lat="30.3350902" lon="78.0306810"/>
 <node id="8344261720" visible="true" version="1" changeset="97878963" timestamp="2021-01-21T06:27:15Z" user="श्र" uid="12519778" lat="30.3350717" lon="78.0307481"/>
 <node id="8344261721" visible="true" version="1" changeset="97878963" timestamp="2021-01-21T06:27:15Z" user="श्र" uid="12519778" lat="30.3351203" lon="78.0307588"/>
 <node id="8344261722" visible="true" version="1" changeset="97878963" timestamp="2021-01-21T06:27:15Z" user="श्र" uid="12519778" lat="30.3351295" lon="78.0307910"/>
 <node id="8344261723" visible="true" version="1" changeset="97878963" timestamp="2021-01-21T06:27:15Z" user="श्र" uid="12519778" lat="30.3352707" lon="78.0308366"/>
 <node id="8344261724" visible="true" version="1" changeset="97878963" timestamp="2021-01-21T06:27:15Z" user="श्र" uid="12519778" lat="30.3351781" lon="78.0309251"/>
 <node id="8344261725" visible="true" version="1" changeset="97878963" timestamp="2021-01-21T06:27:15Z" user="श्र" uid="12519778" lat="30.3350717" lon="78.0308876"/>
 <node id="8344261726" visible="true" version="1" changeset="97878963" timestamp="2021-01-21T06:27:15Z" user="श्र" uid="12519778" lat="30.3350485" lon="78.0309707"/>
 <node id="8344261727" visible="true" version="1" changeset="97878963" timestamp="2021-01-21T06:27:15Z" user="श्र" uid="12519778" lat="30.3349513" lon="78.0309412"/>
 <node id="8344261728" visible="true" version="1" changeset="97878963" timestamp="2021-01-21T06:27:15Z" user="श्र" uid="12519778" lat="30.3349050" lon="78.0311075"/>
 <node id="8344261729" visible="true" version="1" changeset="97878963" timestamp="2021-01-21T06:27:15Z" user="श्र" uid="12519778" lat="30.3349929" lon="78.0311504"/>
 <node id="8344261730" visible="true" version="1" changeset="97878963" timestamp="2021-01-21T06:27:15Z" user="श्र" uid="12519778" lat="30.3349767" lon="78.0312389"/>
 <node id="8344261731" visible="true" version="1" changeset="97878963" timestamp="2021-01-21T06:27:15Z" user="श्र" uid="12519778" lat="30.3351018" lon="78.0312792"/>
 <node id="8344261732" visible="true" version="1" changeset="97878963" timestamp="2021-01-21T06:27:15Z" user="श्र" uid="12519778" lat="30.3333701" lon="78.0325237"/>
 <node id="8344261733" visible="true" version="1" changeset="97878963" timestamp="2021-01-21T06:27:15Z" user="श्र" uid="12519778" lat="30.3331826" lon="78.0323145"/>
 <node id="8344261734" visible="true" version="1" changeset="97878963" timestamp="2021-01-21T06:27:15Z" user="श्र" uid="12519778" lat="30.3329187" lon="78.0326283"/>
 <node id="8344261735" visible="true" version="1" changeset="97878963" timestamp="2021-01-21T06:27:15Z" user="श्र" uid="12519778" lat="30.3331109" lon="78.0327812"/>
 <node id="8344261736" visible="true" version="1" changeset="97878963" timestamp="2021-01-21T06:27:15Z" user="श्र" uid="12519778" lat="30.3331294" lon="78.0321911"/>
 <node id="8344261737" visible="true" version="1" changeset="97878963" timestamp="2021-01-21T06:27:15Z" user="श्र" uid="12519778" lat="30.3330252" lon="78.0320785"/>
 <node id="8344261738" visible="true" version="2" changeset="97999688" timestamp="2021-01-22T22:55:47Z" user="श्र" uid="12519778" lat="30.3328840" lon="78.0322555"/>
 <node id="8344261739" visible="true" version="2" changeset="97999688" timestamp="2021-01-22T22:55:47Z" user="श्र" uid="12519778" lat="30.3329835" lon="78.0323735"/>
 <node id="8344261740" visible="true" version="1" changeset="97878963" timestamp="2021-01-21T06:27:15Z" user="श्र" uid="12519778" lat="30.3351457" lon="78.0320677">
  <tag k="artwork_type" v="sculpture"/>
  <tag k="name" v="S. R. Das Sculpture"/>
  <tag k="tourism" v="artwork"/>
 </node>
 <node id="8344261741" visible="true" version="1" changeset="97878963" timestamp="2021-01-21T06:27:15Z" user="श्र" uid="12519778" lat="30.3360740" lon="78.0312979"/>
 <node id="8344261742" visible="true" version="1" changeset="97878963" timestamp="2021-01-21T06:27:15Z" user="श्र" uid="12519778" lat="30.3360069" lon="78.0314830"/>
 <node id="8344261743" visible="true" version="1" changeset="97878963" timestamp="2021-01-21T06:27:15Z" user="श्र" uid="12519778" lat="30.3360717" lon="78.0315849"/>
 <node id="8344261744" visible="true" version="1" changeset="97878963" timestamp="2021-01-21T06:27:15Z" user="श्र" uid="12519778" lat="30.3360185" lon="78.0316413"/>
 <node id="8344261745" visible="true" version="1" changeset="97878963" timestamp="2021-01-21T06:27:15Z" user="श्र" uid="12519778" lat="30.3359351" lon="78.0314910"/>
 <node id="8344261746" visible="true" version="1" changeset="97878963" timestamp="2021-01-21T06:27:15Z" user="श्र" uid="12519778" lat="30.3360879" lon="78.0320999"/>
 <node id="8344261747" visible="true" version="1" changeset="97878963" timestamp="2021-01-21T06:27:15Z" user="श्र" uid="12519778" lat="30.3361412" lon="78.0320329"/>
 <node id="8344261748" visible="true" version="1" changeset="97878963" timestamp="2021-01-21T06:27:15Z" user="श्र" uid="12519778" lat="30.3360463" lon="78.0319390"/>
 <node id="8344261749" visible="true" version="1" changeset="97878963" timestamp="2021-01-21T06:27:15Z" user="श्र" uid="12519778" lat="30.3361389" lon="78.0318156"/>
 <node id="8344261750" visible="true" version="1" changeset="97878963" timestamp="2021-01-21T06:27:15Z" user="श्र" uid="12519778" lat="30.3362407" lon="78.0319390"/>
 <node id="8344261751" visible="true" version="1" changeset="97878963" timestamp="2021-01-21T06:27:15Z" user="श्र" uid="12519778" lat="30.3362986" lon="78.0318531"/>
 <node id="8344261752" visible="true" version="1" changeset="97878963" timestamp="2021-01-21T06:27:15Z" user="श्र" uid="12519778" lat="30.3361227" lon="78.0316708"/>
 <node id="8344261753" visible="true" version="1" changeset="97878963" timestamp="2021-01-21T06:27:15Z" user="श्र" uid="12519778" lat="30.3359305" lon="78.0319282"/>
 <node id="8344261754" visible="true" version="1" changeset="97878963" timestamp="2021-01-21T06:27:15Z" user="श्र" uid="12519778" lat="30.3359884" lon="78.0319980"/>
 <node id="8344261755" visible="true" version="1" changeset="97878963" timestamp="2021-01-21T06:27:15Z" user="श्र" uid="12519778" lat="30.3361435" lon="78.0318505"/>
 <node id="8344261756" visible="true" version="1" changeset="97878963" timestamp="2021-01-21T06:27:15Z" user="श्र" uid="12519778" lat="30.3360810" lon="78.0319282"/>
 <node id="8344261757" visible="true" version="1" changeset="97878963" timestamp="2021-01-21T06:27:15Z" user="श्र" uid="12519778" lat="30.3361967" lon="78.0320570"/>
 <node id="8344261758" visible="true" version="1" changeset="97878963" timestamp="2021-01-21T06:27:15Z" user="श्र" uid="12519778" lat="30.3362592" lon="78.0319738"/>
 <node id="8344261759" visible="true" version="1" changeset="97878963" timestamp="2021-01-21T06:27:15Z" user="श्र" uid="12519778" lat="30.3354867" lon="78.0331267"/>
 <node id="8344261760" visible="true" version="1" changeset="97878963" timestamp="2021-01-21T06:27:15Z" user="श्र" uid="12519778" lat="30.3353709" lon="78.0330811"/>
 <node id="8344261761" visible="true" version="1" changeset="97878963" timestamp="2021-01-21T06:27:15Z" user="श्र" uid="12519778" lat="30.3352876" lon="78.0333735"/>
 <node id="8344261762" visible="true" version="1" changeset="97878963" timestamp="2021-01-21T06:27:15Z" user="श्र" uid="12519778" lat="30.3354219" lon="78.0334191"/>
 <node id="8344261763" visible="true" version="1" changeset="97878963" timestamp="2021-01-21T06:27:15Z" user="श्र" uid="12519778" lat="30.3330073" lon="78.0326305">
  <tag k="amenity" v="social_centre"/>
  <tag k="name" v="Teacher Center"/>
 </node>
 <node id="8344261764" visible="true" version="1" changeset="97878963" timestamp="2021-01-21T06:27:15Z" user="श्र" uid="12519778" lat="30.3339958" lon="78.0321075">
  <tag k="amenity" v="restaurant"/>
  <tag k="name" v="Masters' Dining Room"/>
 </node>
 <node id="8344261765" visible="true" version="1" changeset="97878963" timestamp="2021-01-21T06:27:15Z" user="श्र" uid="12519778" lat="30.3350839" lon="78.0320371">
  <tag k="name" v="Headmaster's Office"/>
  <tag k="office" v="yes"/>
 </node>
 <node id="8344261766" visible="true" version="1" changeset="97878963" timestamp="2021-01-21T06:27:15Z" user="श्र" uid="12519778" lat="30.3350295" lon="78.0324413"/>
 <node id="8344261767" visible="true" version="1" changeset="97878963" timestamp="2021-01-21T06:27:15Z" user="श्र" uid="12519778" lat="30.3348985" lon="78.0324884"/>
 <node id="8344261768" visible="true" version="1" changeset="97878963" timestamp="2021-01-21T06:27:15Z" user="श्र" uid="12519778" lat="30.3348940" lon="78.0325259"/>
 <node id="8344261769" visible="true" version="1" changeset="97878963" timestamp="2021-01-21T06:27:15Z" user="श्र" uid="12519778" lat="30.3360133" lon="78.0329938"/>
 <node id="8344261770" visible="true" version="1" changeset="97878963" timestamp="2021-01-21T06:27:15Z" user="श्र" uid="12519778" lat="30.3359150" lon="78.0329391"/>
 <node id="8344261771" visible="true" version="1" changeset="97878963" timestamp="2021-01-21T06:27:15Z" user="श्र" uid="12519778" lat="30.3358687" lon="78.0330216"/>
 <node id="8344261772" visible="true" version="1" changeset="97878963" timestamp="2021-01-21T06:27:15Z" user="श्र" uid="12519778" lat="30.3359545" lon="78.0330887"/>
 <node id="8344261773" visible="true" version="1" changeset="97878963" timestamp="2021-01-21T06:27:15Z" user="श्र" uid="12519778" lat="30.3363922" lon="78.0333243"/>
 <node id="8344261774" visible="true" version="1" changeset="97878963" timestamp="2021-01-21T06:27:15Z" user="श्र" uid="12519778" lat="30.3364830" lon="78.0333911"/>
 <node id="8344261775" visible="true" version="1" changeset="97878963" timestamp="2021-01-21T06:27:15Z" user="श्र" uid="12519778" lat="30.3364413" lon="78.0334883"/>
 <node id="8344261776" visible="true" version="1" changeset="97878963" timestamp="2021-01-21T06:27:15Z" user="श्र" uid="12519778" lat="30.3363324" lon="78.0334081"/>
 <node id="8344261777" visible="true" version="1" changeset="97878963" timestamp="2021-01-21T06:27:15Z" user="श्र" uid="12519778" lat="30.3332478" lon="78.0289840"/>
 <node id="8344261778" visible="true" version="1" changeset="97878963" timestamp="2021-01-21T06:27:15Z" user="श्र" uid="12519778" lat="30.3330071" lon="78.0287238"/>
 <node id="8344261779" visible="true" version="1" changeset="97878963" timestamp="2021-01-21T06:27:15Z" user="श्र" uid="12519778" lat="30.3329075" lon="78.0287292"/>
 <node id="8344261780" visible="true" version="1" changeset="97878963" timestamp="2021-01-21T06:27:15Z" user="श्र" uid="12519778" lat="30.3328960" lon="78.0288231"/>
 <node id="8344261781" visible="true" version="1" changeset="97878963" timestamp="2021-01-21T06:27:15Z" user="श्र" uid="12519778" lat="30.3331506" lon="78.0291074"/>
 <node id="8344261787" visible="true" version="1" changeset="97878963" timestamp="2021-01-21T06:27:15Z" user="श्र" uid="12519778" lat="30.3310349" lon="78.0299102">
  <tag k="barrier" v="gate"/>
  <tag k="name" v="Chakrata Gate"/>
 </node>
 <node id="8344261788" visible="true" version="1" changeset="97878963" timestamp="2021-01-21T06:27:15Z" user="श्र" uid="12519778" lat="30.3373172" lon="78.0327512">
  <tag k="barrier" v="gate"/>
 </node>
 <node id="8344261789" visible="true" version="1" changeset="97878963" timestamp="2021-01-21T06:27:15Z" user="श्र" uid="12519778" lat="30.3350037" lon="78.0335990">
  <tag k="barrier" v="gate"/>
  <tag k="name" v="Main Gate"/>
 </node>
 <node id="8344261790" visible="true" version="1" changeset="97878963" timestamp="2021-01-21T06:27:15Z" user="श्र" uid="12519778" lat="30.3346160" lon="78.0332273"/>
 <node id="8344261791" visible="true" version="1" changeset="97878963" timestamp="2021-01-21T06:27:15Z" user="श्र" uid="12519778" lat="30.3345419" lon="78.0332085"/>
 <node id="8344261792" visible="true" version="1" changeset="97878963" timestamp="2021-01-21T06:27:15Z" user="श्र" uid="12519778" lat="30.3344838" lon="78.0333996"/>
 <node id="8344261793" visible="true" version="1" changeset="97878963" timestamp="2021-01-21T06:27:15Z" user="श्र" uid="12519778" lat="30.3345742" lon="78.0334343"/>
 <node id="8344261794" visible="true" version="1" changeset="97878963" timestamp="2021-01-21T06:27:15Z" user="श्र" uid="12519778" lat="30.3342815" lon="78.0328236">
  <tag k="name" v="Careers Department"/>
  <tag k="office" v="yes"/>
 </node>
 <node id="8344261795" visible="true" version="1" changeset="97878963" timestamp="2021-01-21T06:27:15Z" user="श्र" uid="12519778" lat="30.3342572" lon="78.0329081">
  <tag k="amenity" v="toilets"/>
  <tag k="male" v="yes"/>
 </node>
 <node id="8344261796" visible="true" version="1" changeset="97878963" timestamp="2021-01-21T06:27:15Z" user="श्र" uid="12519778" lat="30.3342549" lon="78.0329269">
  <tag k="amenity" v="toilets"/>
  <tag k="female" v="yes"/>
 </node>
 <node id="8344261797" visible="true" version="1" changeset="97878963" timestamp="2021-01-21T06:27:15Z" user="श्र" uid="12519778" lat="30.3343473" lon="78.0326297"/>
 <node id="8345873093" visible="true" version="1" changeset="97917739" timestamp="2021-01-21T16:34:26Z" user="श्र" uid="12519778" lat="30.3353340" lon="78.0307862"/>
 <node id="8345873094" visible="true" version="1" changeset="97917739" timestamp="2021-01-21T16:34:26Z" user="श्र" uid="12519778" lat="30.3353989" lon="78.0312905"/>
 <node id="8345873095" visible="true" version="1" changeset="97917739" timestamp="2021-01-21T16:34:26Z" user="श्र" uid="12519778" lat="30.3353116" lon="78.0310628"/>
 <node id="8345873096" visible="true" version="1" changeset="97917739" timestamp="2021-01-21T16:34:26Z" user="श्र" uid="12519778" lat="30.3353413" lon="78.0311927"/>
 <node id="8345873097" visible="true" version="1" changeset="97917739" timestamp="2021-01-21T16:34:26Z" user="श्र" uid="12519778" lat="30.3352973" lon="78.0309111"/>
 <node id="8345873098" visible="true" version="1" changeset="97917739" timestamp="2021-01-21T16:34:26Z" user="श्र" uid="12519778" lat="30.3352854" lon="78.0305127">
  <tag k="name" v="Book Store"/>
  <tag k="shop" v="books"/>
 </node>
 <node id="8345873099" visible="true" version="1" changeset="97917739" timestamp="2021-01-21T16:34:26Z" user="श्र" uid="12519778" lat="30.3336441" lon="78.0287048"/>
 <node id="8345873100" visible="true" version="1" changeset="97917739" timestamp="2021-01-21T16:34:26Z" user="श्र" uid="12519778" lat="30.3333061" lon="78.0292279"/>
 <node id="8345873101" visible="true" version="1" changeset="97917739" timestamp="2021-01-21T16:34:26Z" user="श्र" uid="12519778" lat="30.3319164" lon="78.0308245"/>
 <node id="8345873102" visible="true" version="1" changeset="97917739" timestamp="2021-01-21T16:34:26Z" user="श्र" uid="12519778" lat="30.3334120" lon="78.0323354"/>
 <node id="8345873103" visible="true" version="2" changeset="171790345" timestamp="2025-09-11T15:19:01Z" user="mitochondria" uid="23281954" lat="30.3339364" lon="78.0318123"/>
 <node id="8345873104" visible="true" version="1" changeset="97917739" timestamp="2021-01-21T16:34:26Z" user="श्र" uid="12519778" lat="30.3350277" lon="78.0320078"/>
 <node id="8345873105" visible="true" version="1" changeset="97917739" timestamp="2021-01-21T16:34:26Z" user="श्र" uid="12519778" lat="30.3344169" lon="78.0317941"/>
 <node id="8345873106" visible="true" version="1" changeset="97917739" timestamp="2021-01-21T16:34:26Z" user="श्र" uid="12519778" lat="30.3356638" lon="78.0331531"/>
 <node id="8345873107" visible="true" version="1" changeset="97917739" timestamp="2021-01-21T16:34:26Z" user="श्र" uid="12519778" lat="30.3363225" lon="78.0317591"/>
 <node id="8345873108" visible="true" version="1" changeset="97917739" timestamp="2021-01-21T16:34:26Z" user="श्र" uid="12519778" lat="30.3364099" lon="78.0316383"/>
 <node id="8345873109" visible="true" version="1" changeset="97917739" timestamp="2021-01-21T16:34:26Z" user="श्र" uid="12519778" lat="30.3363662" lon="78.0315877"/>
 <node id="8345873110" visible="true" version="1" changeset="97917739" timestamp="2021-01-21T16:34:26Z" user="श्र" uid="12519778" lat="30.3363360" lon="78.0316267"/>
 <node id="8345873111" visible="true" version="1" changeset="97917739" timestamp="2021-01-21T16:34:26Z" user="श्र" uid="12519778" lat="30.3363091" lon="78.0315916"/>
 <node id="8345873112" visible="true" version="1" changeset="97917739" timestamp="2021-01-21T16:34:26Z" user="श्र" uid="12519778" lat="30.3363427" lon="78.0315605"/>
 <node id="8345873113" visible="true" version="1" changeset="97917739" timestamp="2021-01-21T16:34:26Z" user="श्र" uid="12519778" lat="30.3363091" lon="78.0315215"/>
 <node id="8345873114" visible="true" version="1" changeset="97917739" timestamp="2021-01-21T16:34:26Z" user="श्र" uid="12519778" lat="30.3362856" lon="78.0315488"/>
 <node id="8345873115" visible="true" version="1" changeset="97917739" timestamp="2021-01-21T16:34:26Z" user="श्र" uid="12519778" lat="30.3362553" lon="78.0315137"/>
 <node id="8345873116" visible="true" version="1" changeset="97917739" timestamp="2021-01-21T16:34:26Z" user="श्र" uid="12519778" lat="30.3362150" lon="78.0315605"/>
 <node id="8345885717" visible="true" version="1" changeset="97917739" timestamp="2021-01-21T16:34:26Z" user="श्र" uid="12519778" lat="30.3362352" lon="78.0315877"/>
 <node id="8345885718" visible="true" version="1" changeset="97917739" timestamp="2021-01-21T16:34:26Z" user="श्र" uid="12519778" lat="30.3361982" lon="78.0316267"/>
 <node id="8345885719" visible="true" version="1" changeset="97917739" timestamp="2021-01-21T16:34:26Z" user="श्र" uid="12519778" lat="30.3362452" lon="78.0316812"/>
 <node id="8345885720" visible="true" version="1" changeset="97917739" timestamp="2021-01-21T16:34:26Z" user="श्र" uid="12519778" lat="30.3362721" lon="78.0316383"/>
 <node id="8345885721" visible="true" version="1" changeset="97917739" timestamp="2021-01-21T16:34:26Z" user="श्र" uid="12519778" lat="30.3363057" lon="78.0316773"/>
 <node id="8345885722" visible="true" version="1" changeset="97917739" timestamp="2021-01-21T16:34:26Z" user="श्र" uid="12519778" lat="30.3362755" lon="78.0317123"/>
 <node id="8345885723" visible="true" version="1" changeset="97917739" timestamp="2021-01-21T16:34:26Z" user="श्र" uid="12519778" lat="30.3338691" lon="78.0328065"/>
 <node id="8345885724" visible="true" version="1" changeset="97917739" timestamp="2021-01-21T16:34:26Z" user="श्र" uid="12519778" lat="30.3338893" lon="78.0329506"/>
 <node id="8345885725" visible="true" version="1" changeset="97917739" timestamp="2021-01-21T16:34:26Z" user="श्र" uid="12519778" lat="30.3339901" lon="78.0329350"/>
 <node id="8345885726" visible="true" version="1" changeset="97917739" timestamp="2021-01-21T16:34:26Z" user="श्र" uid="12519778" lat="30.3339699" lon="78.0326936"/>
 <node id="8345885727" visible="true" version="1" changeset="97917739" timestamp="2021-01-21T16:34:26Z" user="श्र" uid="12519778" lat="30.3338960" lon="78.0326975"/>
 <node id="8345885728" visible="true" version="1" changeset="97917739" timestamp="2021-01-21T16:34:26Z" user="श्र" uid="12519778" lat="30.3339027" lon="78.0327988"/>
 <node id="8345885729" visible="true" version="1" changeset="97917739" timestamp="2021-01-21T16:34:26Z" user="श्र" uid="12519778" lat="30.3327667" lon="78.0308284">
  <tag k="leisure" v="pitch"/>
  <tag k="sport" v="table_tennis"/>
 </node>
 <node id="8345885730" visible="true" version="1" changeset="97917739" timestamp="2021-01-21T16:34:26Z" user="श्र" uid="12519778" lat="30.3327398" lon="78.0307972">
  <tag k="leisure" v="pitch"/>
  <tag k="sport" v="table_tennis"/>
 </node>
 <node id="8345885731" visible="true" version="1" changeset="97917739" timestamp="2021-01-21T16:34:26Z" user="श्र" uid="12519778" lat="30.3327365" lon="78.0308362">
  <tag k="name" v="Games Store"/>
  <tag k="shop" v="sports"/>
 </node>
 <node id="8345885732" visible="true" version="1" changeset="97917739" timestamp="2021-01-21T16:34:26Z" user="श्र" uid="12519778" lat="30.3371627" lon="78.0322263"/>
 <node id="8345885733" visible="true" version="1" changeset="97917739" timestamp="2021-01-21T16:34:26Z" user="श्र" uid="12519778" lat="30.3371157" lon="78.0323393"/>
 <node id="8345885734" visible="true" version="1" changeset="97917739" timestamp="2021-01-21T16:34:26Z" user="श्र" uid="12519778" lat="30.3369981" lon="78.0322653"/>
 <node id="8345885735" visible="true" version="1" changeset="97917739" timestamp="2021-01-21T16:34:26Z" user="श्र" uid="12519778" lat="30.3370955" lon="78.0321251"/>
 <node id="8345885736" visible="true" version="1" changeset="97917739" timestamp="2021-01-21T16:34:26Z" user="श्र" uid="12519778" lat="30.3371325" lon="78.0321562"/>
 <node id="8345885737" visible="true" version="1" changeset="97917739" timestamp="2021-01-21T16:34:26Z" user="श्र" uid="12519778" lat="30.3343822" lon="78.0286479"/>
 <node id="8345885738" visible="true" version="1" changeset="97917739" timestamp="2021-01-21T16:34:26Z" user="श्र" uid="12519778" lat="30.3342456" lon="78.0286309"/>
 <node id="8345885739" visible="true" version="1" changeset="97917739" timestamp="2021-01-21T16:34:26Z" user="श्र" uid="12519778" lat="30.3342164" lon="78.0288260"/>
 <node id="8345885740" visible="true" version="1" changeset="97917739" timestamp="2021-01-21T16:34:26Z" user="श्र" uid="12519778" lat="30.3343530" lon="78.0288429"/>
 <node id="8345885797" visible="true" version="1" changeset="97917739" timestamp="2021-01-21T16:34:26Z" user="श्र" uid="12519778" lat="30.3324573" lon="78.0322349"/>
 <node id="8345885798" visible="true" version="1" changeset="97917739" timestamp="2021-01-21T16:34:26Z" user="श्र" uid="12519778" lat="30.3324159" lon="78.0322858"/>
 <node id="8345885799" visible="true" version="1" changeset="97917739" timestamp="2021-01-21T16:34:26Z" user="श्र" uid="12519778" lat="30.3323866" lon="78.0322604"/>
 <node id="8345885800" visible="true" version="1" changeset="97917739" timestamp="2021-01-21T16:34:26Z" user="श्र" uid="12519778" lat="30.3323402" lon="78.0323310"/>
 <node id="8345885801" visible="true" version="1" changeset="97917739" timestamp="2021-01-21T16:34:26Z" user="श्र" uid="12519778" lat="30.3325013" lon="78.0324950"/>
 <node id="8345885802" visible="true" version="1" changeset="97917739" timestamp="2021-01-21T16:34:26Z" user="श्र" uid="12519778" lat="30.3325525" lon="78.0324243"/>
 <node id="8345885803" visible="true" version="1" changeset="97917739" timestamp="2021-01-21T16:34:26Z" user="श्र" uid="12519778" lat="30.3325354" lon="78.0323989"/>
 <node id="8345885804" visible="true" version="1" changeset="97917739" timestamp="2021-01-21T16:34:26Z" user="श्र" uid="12519778" lat="30.3325696" lon="78.0323480"/>
 <node id="8345885805" visible="true" version="1" changeset="97917739" timestamp="2021-01-21T16:34:26Z" user="श्र" uid="12519778" lat="30.3326110" lon="78.0309544"/>
 <node id="8345885806" visible="true" version="1" changeset="97917739" timestamp="2021-01-21T16:34:26Z" user="श्र" uid="12519778" lat="30.3325037" lon="78.0308555"/>
 <node id="8345885807" visible="true" version="1" changeset="97917739" timestamp="2021-01-21T16:34:26Z" user="श्र" uid="12519778" lat="30.3324329" lon="78.0309488"/>
 <node id="8345885808" visible="true" version="1" changeset="97917739" timestamp="2021-01-21T16:34:26Z" user="श्र" uid="12519778" lat="30.3325500" lon="78.0310647"/>
 <node id="8345885809" visible="true" version="1" changeset="97917739" timestamp="2021-01-21T16:34:26Z" user="श्र" uid="12519778" lat="30.3324232" lon="78.0309629"/>
 <node id="8345885810" visible="true" version="1" changeset="97917739" timestamp="2021-01-21T16:34:26Z" user="श्र" uid="12519778" lat="30.3323597" lon="78.0310421"/>
 <node id="8345885811" visible="true" version="1" changeset="97917739" timestamp="2021-01-21T16:34:26Z" user="श्र" uid="12519778" lat="30.3324671" lon="78.0311551"/>
 <node id="8345885812" visible="true" version="1" changeset="97917739" timestamp="2021-01-21T16:34:26Z" user="श्र" uid="12519778" lat="30.3325330" lon="78.0310760"/>
 <node id="8352143180" visible="true" version="1" changeset="97999688" timestamp="2021-01-22T22:55:47Z" user="श्र" uid="12519778" lat="30.3344277" lon="78.0306582"/>
 <node id="8352143181" visible="true" version="1" changeset="97999688" timestamp="2021-01-22T22:55:47Z" user="श्र" uid="12519778" lat="30.3342935" lon="78.0308272"/>
 <node id="8352143182" visible="true" version="1" changeset="97999688" timestamp="2021-01-22T22:55:47Z" user="श्र" uid="12519778" lat="30.3344185" lon="78.0309586"/>
 <node id="8352143183" visible="true" version="1" changeset="97999688" timestamp="2021-01-22T22:55:47Z" user="श्र" uid="12519778" lat="30.3345250" lon="78.0308353"/>
 <node id="8352143184" visible="true" version="1" changeset="97999688" timestamp="2021-01-22T22:55:47Z" user="श्र" uid="12519778" lat="30.3344486" lon="78.0307575"/>
 <node id="8352143185" visible="true" version="1" changeset="97999688" timestamp="2021-01-22T22:55:47Z" user="श्र" uid="12519778" lat="30.3344810" lon="78.0307199"/>
 <node id="8352143186" visible="true" version="1" changeset="97999688" timestamp="2021-01-22T22:55:47Z" user="श्र" uid="12519778" lat="30.3366339" lon="78.0323051"/>
 <node id="8352143187" visible="true" version="1" changeset="97999688" timestamp="2021-01-22T22:55:47Z" user="श्र" uid="12519778" lat="30.3365413" lon="78.0322997"/>
 <node id="8352143188" visible="true" version="1" changeset="97999688" timestamp="2021-01-22T22:55:47Z" user="श्र" uid="12519778" lat="30.3365344" lon="78.0324741"/>
 <node id="8352143189" visible="true" version="1" changeset="97999688" timestamp="2021-01-22T22:55:47Z" user="श्र" uid="12519778" lat="30.3365992" lon="78.0324741"/>
 <node id="8352143190" visible="true" version="1" changeset="97999688" timestamp="2021-01-22T22:55:47Z" user="श्र" uid="12519778" lat="30.3365992" lon="78.0324365"/>
 <node id="8352143191" visible="true" version="1" changeset="97999688" timestamp="2021-01-22T22:55:47Z" user="श्र" uid="12519778" lat="30.3366617" lon="78.0324419"/>
 <node id="8352143192" visible="true" version="1" changeset="97999688" timestamp="2021-01-22T22:55:47Z" user="श्र" uid="12519778" lat="30.3366686" lon="78.0323400"/>
 <node id="8352143193" visible="true" version="1" changeset="97999688" timestamp="2021-01-22T22:55:47Z" user="श्र" uid="12519778" lat="30.3366339" lon="78.0323319"/>
 <node id="8352143194" visible="true" version="1" changeset="97999688" timestamp="2021-01-22T22:55:47Z" user="श्र" uid="12519778" lat="30.3348745" lon="78.0319242"/>
 <node id="8352143195" visible="true" version="1" changeset="97999688" timestamp="2021-01-22T22:55:47Z" user="श्र" uid="12519778" lat="30.3349509" lon="78.0319537"/>
 <node id="8352143196" visible="true" version="1" changeset="97999688" timestamp="2021-01-22T22:55:47Z" user="श्र" uid="12519778" lat="30.3349532" lon="78.0316050"/>
 <node id="8352143197" visible="true" version="1" changeset="97999688" timestamp="2021-01-22T22:55:47Z" user="श्र" uid="12519778" lat="30.3348550" lon="78.0319952"/>
 <node id="8352143198" visible="true" version="1" changeset="97999688" timestamp="2021-01-22T22:55:47Z" user="श्र" uid="12519778" lat="30.3349329" lon="78.0320189"/>
 <node id="8352143199" visible="true" version="1" changeset="97999688" timestamp="2021-01-22T22:55:47Z" user="श्र" uid="12519778" lat="30.3347705" lon="78.0323124"/>
 <node id="8352143200" visible="true" version="1" changeset="97999688" timestamp="2021-01-22T22:55:47Z" user="श्र" uid="12519778" lat="30.3358931" lon="78.0334021"/>
 <node id="8352143201" visible="true" version="1" changeset="97999688" timestamp="2021-01-22T22:55:47Z" user="श्र" uid="12519778" lat="30.3359950" lon="78.0334987"/>
 <node id="8352143202" visible="true" version="1" changeset="97999688" timestamp="2021-01-22T22:55:47Z" user="श्र" uid="12519778" lat="30.3358931" lon="78.0336435"/>
 <node id="8352143203" visible="true" version="1" changeset="97999688" timestamp="2021-01-22T22:55:47Z" user="श्र" uid="12519778" lat="30.3357889" lon="78.0335362"/>
 <node id="8352143204" visible="true" version="1" changeset="97999688" timestamp="2021-01-22T22:55:47Z" user="श्र" uid="12519778" lat="30.3340990" lon="78.0330508"/>
 <node id="8352143205" visible="true" version="1" changeset="97999688" timestamp="2021-01-22T22:55:47Z" user="श्र" uid="12519778" lat="30.3340249" lon="78.0330266"/>
 <node id="8352143206" visible="true" version="1" changeset="97999688" timestamp="2021-01-22T22:55:47Z" user="श्र" uid="12519778" lat="30.3339740" lon="78.0331849"/>
 <node id="8352143207" visible="true" version="1" changeset="97999688" timestamp="2021-01-22T22:55:47Z" user="श्र" uid="12519778" lat="30.3340481" lon="78.0332090"/>
 <node id="8352357420" visible="true" version="1" changeset="97999688" timestamp="2021-01-22T22:55:47Z" user="श्र" uid="12519778" lat="30.3320271" lon="78.0314548"/>
 <node id="8352357421" visible="true" version="1" changeset="97999688" timestamp="2021-01-22T22:55:47Z" user="श्र" uid="12519778" lat="30.3321127" lon="78.0315299"/>
 <node id="8352357422" visible="true" version="1" changeset="97999688" timestamp="2021-01-22T22:55:47Z" user="श्र" uid="12519778" lat="30.3321683" lon="78.0314602"/>
 <node id="8352357423" visible="true" version="1" changeset="97999688" timestamp="2021-01-22T22:55:47Z" user="श्र" uid="12519778" lat="30.3320734" lon="78.0313797"/>
 <node id="8352357428" visible="true" version="1" changeset="97999688" timestamp="2021-01-22T22:55:47Z" user="श्र" uid="12519778" lat="30.3341083" lon="78.0313020"/>
 <node id="8352357429" visible="true" version="1" changeset="97999688" timestamp="2021-01-22T22:55:47Z" user="श्र" uid="12519778" lat="30.3340365" lon="78.0314066"/>
 <node id="8352357430" visible="true" version="1" changeset="97999688" timestamp="2021-01-22T22:55:47Z" user="श्र" uid="12519778" lat="30.3341685" lon="78.0315246"/>
 <node id="8352357431" visible="true" version="1" changeset="97999688" timestamp="2021-01-22T22:55:47Z" user="श्र" uid="12519778" lat="30.3342379" lon="78.0314146"/>
 <node id="8352357432" visible="true" version="1" changeset="97999688" timestamp="2021-01-22T22:55:47Z" user="श्र" uid="12519778" lat="30.3341916" lon="78.0311035"/>
 <node id="8352357433" visible="true" version="1" changeset="97999688" timestamp="2021-01-22T22:55:47Z" user="श्र" uid="12519778" lat="30.3343074" lon="78.0312242"/>
 <node id="8352357434" visible="true" version="1" changeset="97999688" timestamp="2021-01-22T22:55:47Z" user="श्र" uid="12519778" lat="30.3344602" lon="78.0310284"/>
 <node id="8352357435" visible="true" version="1" changeset="97999688" timestamp="2021-01-22T22:55:47Z" user="श्र" uid="12519778" lat="30.3343444" lon="78.0309104"/>
 <node id="8352357436" visible="true" version="1" changeset="97999688" timestamp="2021-01-22T22:55:47Z" user="श्र" uid="12519778" lat="30.3369291" lon="78.0327463"/>
 <node id="8352357437" visible="true" version="1" changeset="97999688" timestamp="2021-01-22T22:55:47Z" user="श्र" uid="12519778" lat="30.3368758" lon="78.0327061"/>
 <node id="8352357438" visible="true" version="1" changeset="97999688" timestamp="2021-01-22T22:55:47Z" user="श्र" uid="12519778" lat="30.3368017" lon="78.0328214"/>
 <node id="8352357439" visible="true" version="1" changeset="97999688" timestamp="2021-01-22T22:55:47Z" user="श्र" uid="12519778" lat="30.3368411" lon="78.0328456"/>
 <node id="8352357440" visible="true" version="1" changeset="97999688" timestamp="2021-01-22T22:55:47Z" user="श्र" uid="12519778" lat="30.3368064" lon="78.0330011"/>
 <node id="8352357441" visible="true" version="1" changeset="97999688" timestamp="2021-01-22T22:55:47Z" user="श्र" uid="12519778" lat="30.3368619" lon="78.0330494"/>
 <node id="8352357442" visible="true" version="1" changeset="97999688" timestamp="2021-01-22T22:55:47Z" user="श्र" uid="12519778" lat="30.3369453" lon="78.0330387"/>
 <node id="8352357443" visible="true" version="1" changeset="97999688" timestamp="2021-01-22T22:55:47Z" user="श्र" uid="12519778" lat="30.3369800" lon="78.0329877"/>
 <node id="8352357444" visible="true" version="1" changeset="97999688" timestamp="2021-01-22T22:55:47Z" user="श्र" uid="12519778" lat="30.3370518" lon="78.0330575"/>
 <node id="8352357445" visible="true" version="1" changeset="97999688" timestamp="2021-01-22T22:55:47Z" user="श्र" uid="12519778" lat="30.3371374" lon="78.0329529"/>
 <node id="8352357446" visible="true" version="1" changeset="97999688" timestamp="2021-01-22T22:55:47Z" user="श्र" uid="12519778" lat="30.3370772" lon="78.0328536"/>
 <node id="8352357447" visible="true" version="1" changeset="97999688" timestamp="2021-01-22T22:55:47Z" user="श्र" uid="12519778" lat="30.3371166" lon="78.0327410"/>
 <node id="8352357448" visible="true" version="1" changeset="97999688" timestamp="2021-01-22T22:55:47Z" user="श्र" uid="12519778" lat="30.3370610" lon="78.0326846"/>
 <node id="8352357449" visible="true" version="1" changeset="97999688" timestamp="2021-01-22T22:55:47Z" user="श्र" uid="12519778" lat="30.3366698" lon="78.0318585"/>
 <node id="8352357450" visible="true" version="1" changeset="97999688" timestamp="2021-01-22T22:55:47Z" user="श्र" uid="12519778" lat="30.3366142" lon="78.0319417"/>
 <node id="8352357451" visible="true" version="1" changeset="97999688" timestamp="2021-01-22T22:55:47Z" user="श्र" uid="12519778" lat="30.3365170" lon="78.0318558"/>
 <node id="8352357452" visible="true" version="1" changeset="97999688" timestamp="2021-01-22T22:55:47Z" user="श्र" uid="12519778" lat="30.3365749" lon="78.0317727"/>
 <node id="8352357469" visible="true" version="1" changeset="97999688" timestamp="2021-01-22T22:55:47Z" user="श्र" uid="12519778" lat="30.3324611" lon="78.0316734"/>
 <node id="8352357470" visible="true" version="1" changeset="97999688" timestamp="2021-01-22T22:55:47Z" user="श्र" uid="12519778" lat="30.3324635" lon="78.0318639"/>
 <node id="8352357471" visible="true" version="1" changeset="97999688" timestamp="2021-01-22T22:55:47Z" user="श्र" uid="12519778" lat="30.3325468" lon="78.0318666"/>
 <node id="8352357472" visible="true" version="1" changeset="97999688" timestamp="2021-01-22T22:55:47Z" user="श्र" uid="12519778" lat="30.3325468" lon="78.0316734"/>
 <node id="8352357473" visible="true" version="1" changeset="97999688" timestamp="2021-01-22T22:55:47Z" user="श्र" uid="12519778" lat="30.3333524" lon="78.0299220"/>
 <node id="8352357474" visible="true" version="1" changeset="97999688" timestamp="2021-01-22T22:55:47Z" user="श्र" uid="12519778" lat="30.3334751" lon="78.0300427"/>
 <node id="8352357475" visible="true" version="1" changeset="97999688" timestamp="2021-01-22T22:55:47Z" user="श्र" uid="12519778" lat="30.3336163" lon="78.0298710"/>
 <node id="8352357476" visible="true" version="1" changeset="97999688" timestamp="2021-01-22T22:55:47Z" user="श्र" uid="12519778" lat="30.3335723" lon="78.0298174"/>
 <node id="8352357477" visible="true" version="1" changeset="97999688" timestamp="2021-01-22T22:55:47Z" user="श्र" uid="12519778" lat="30.3335284" lon="78.0298576"/>
 <node id="8352357478" visible="true" version="1" changeset="97999688" timestamp="2021-01-22T22:55:47Z" user="श्र" uid="12519778" lat="30.3334427" lon="78.0297986"/>
 <node id="8352357479" visible="true" version="1" changeset="97999688" timestamp="2021-01-22T22:55:47Z" user="श्र" uid="12519778" lat="30.3329566" lon="78.0302143"/>
 <node id="8352357480" visible="true" version="1" changeset="97999688" timestamp="2021-01-22T22:55:47Z" user="श्र" uid="12519778" lat="30.3330978" lon="78.0303484"/>
 <node id="8352357481" visible="true" version="1" changeset="97999688" timestamp="2021-01-22T22:55:47Z" user="श्र" uid="12519778" lat="30.3331649" lon="78.0302572"/>
 <node id="8352357482" visible="true" version="1" changeset="97999688" timestamp="2021-01-22T22:55:47Z" user="श्र" uid="12519778" lat="30.3330214" lon="78.0301178"/>
 <node id="8352357483" visible="true" version="1" changeset="97999688" timestamp="2021-01-22T22:55:47Z" user="श्र" uid="12519778" lat="30.3330723" lon="78.0303672"/>
 <node id="8352357484" visible="true" version="1" changeset="97999688" timestamp="2021-01-22T22:55:47Z" user="श्र" uid="12519778" lat="30.3329288" lon="78.0302385"/>
 <node id="8352357485" visible="true" version="1" changeset="97999688" timestamp="2021-01-22T22:55:47Z" user="श्र" uid="12519778" lat="30.3328640" lon="78.0303243"/>
 <node id="8352357486" visible="true" version="1" changeset="97999688" timestamp="2021-01-22T22:55:47Z" user="श्र" uid="12519778" lat="30.3330052" lon="78.0304691"/>
 <node id="8352357487" visible="true" version="1" changeset="97999688" timestamp="2021-01-22T22:55:47Z" user="श्र" uid="12519778" lat="30.3329056" lon="78.0304048"/>
 <node id="8352357488" visible="true" version="1" changeset="97999688" timestamp="2021-01-22T22:55:47Z" user="श्र" uid="12519778" lat="30.3328431" lon="78.0303431"/>
 <node id="8352357489" visible="true" version="1" changeset="97999688" timestamp="2021-01-22T22:55:47Z" user="श्र" uid="12519778" lat="30.3328223" lon="78.0303779"/>
 <node id="8352357490" visible="true" version="1" changeset="97999688" timestamp="2021-01-22T22:55:47Z" user="श्र" uid="12519778" lat="30.3327528" lon="78.0303377"/>
 <node id="8352357491" visible="true" version="1" changeset="97999688" timestamp="2021-01-22T22:55:47Z" user="श्र" uid="12519778" lat="30.3327158" lon="78.0303806"/>
 <node id="8352357492" visible="true" version="1" changeset="97999688" timestamp="2021-01-22T22:55:47Z" user="श्र" uid="12519778" lat="30.3328431" lon="78.0305013"/>
 <node id="8352357493" visible="true" version="1" changeset="97999688" timestamp="2021-01-22T22:55:47Z" user="श्र" uid="12519778" lat="30.3327690" lon="78.0306113"/>
 <node id="8352357494" visible="true" version="1" changeset="97999688" timestamp="2021-01-22T22:55:47Z" user="श्र" uid="12519778" lat="30.3327042" lon="78.0305496"/>
 <node id="8352357495" visible="true" version="1" changeset="97999688" timestamp="2021-01-22T22:55:47Z" user="श्र" uid="12519778" lat="30.3327135" lon="78.0305255"/>
 <node id="8352357496" visible="true" version="1" changeset="97999688" timestamp="2021-01-22T22:55:47Z" user="श्र" uid="12519778" lat="30.3326394" lon="78.0304611"/>
 <node id="8352357497" visible="true" version="1" changeset="97999688" timestamp="2021-01-22T22:55:47Z" user="श्र" uid="12519778" lat="30.3327019" lon="78.0303994"/>
 <node id="8352357498" visible="true" version="1" changeset="97999688" timestamp="2021-01-22T22:55:47Z" user="श्र" uid="12519778" lat="30.3328362" lon="78.0305228"/>
 <node id="8352357499" visible="true" version="1" changeset="97999688" timestamp="2021-01-22T22:55:47Z" user="श्र" uid="12519778" lat="30.3339011" lon="78.0288759"/>
 <node id="8352357500" visible="true" version="1" changeset="97999688" timestamp="2021-01-22T22:55:47Z" user="श्र" uid="12519778" lat="30.3338640" lon="78.0294928"/>
 <node id="8352357501" visible="true" version="1" changeset="97999688" timestamp="2021-01-22T22:55:47Z" user="श्र" uid="12519778" lat="30.3334612" lon="78.0294660"/>
 <node id="8352357502" visible="true" version="1" changeset="97999688" timestamp="2021-01-22T22:55:47Z" user="श्र" uid="12519778" lat="30.3335122" lon="78.0289778"/>
 <node id="8352357503" visible="true" version="1" changeset="97999688" timestamp="2021-01-22T22:55:47Z" user="श्र" uid="12519778" lat="30.3336325" lon="78.0288330"/>
 <node id="8352357504" visible="true" version="1" changeset="97999688" timestamp="2021-01-22T22:55:47Z" user="श्र" uid="12519778" lat="30.3352716" lon="78.0299622"/>
 <node id="8352357505" visible="true" version="1" changeset="97999688" timestamp="2021-01-22T22:55:47Z" user="श्र" uid="12519778" lat="30.3353433" lon="78.0302948"/>
 <node id="8352357506" visible="true" version="1" changeset="97999688" timestamp="2021-01-22T22:55:47Z" user="श्र" uid="12519778" lat="30.3352692" lon="78.0303243"/>
 <node id="8352357507" visible="true" version="1" changeset="97999688" timestamp="2021-01-22T22:55:47Z" user="श्र" uid="12519778" lat="30.3352229" lon="78.0300641"/>
 <node id="8352357508" visible="true" version="1" changeset="97999688" timestamp="2021-01-22T22:55:47Z" user="श्र" uid="12519778" lat="30.3352553" lon="78.0300507"/>
 <node id="8352357509" visible="true" version="1" changeset="97999688" timestamp="2021-01-22T22:55:47Z" user="श्र" uid="12519778" lat="30.3352368" lon="78.0299595"/>
 <node id="8352357510" visible="true" version="1" changeset="97999688" timestamp="2021-01-22T22:55:47Z" user="श्र" uid="12519778" lat="30.3321162" lon="78.0319578"/>
 <node id="8352357511" visible="true" version="1" changeset="97999688" timestamp="2021-01-22T22:55:47Z" user="श्र" uid="12519778" lat="30.3321116" lon="78.0320945"/>
 <node id="8352357512" visible="true" version="1" changeset="97999688" timestamp="2021-01-22T22:55:47Z" user="श्र" uid="12519778" lat="30.3321532" lon="78.0320945"/>
 <node id="8352357513" visible="true" version="1" changeset="97999688" timestamp="2021-01-22T22:55:47Z" user="श्र" uid="12519778" lat="30.3321625" lon="78.0320758"/>
 <node id="8352357514" visible="true" version="1" changeset="97999688" timestamp="2021-01-22T22:55:47Z" user="श्र" uid="12519778" lat="30.3322065" lon="78.0320731"/>
 <node id="8352357515" visible="true" version="1" changeset="97999688" timestamp="2021-01-22T22:55:47Z" user="श्र" uid="12519778" lat="30.3322088" lon="78.0320007"/>
 <node id="8352357516" visible="true" version="1" changeset="97999688" timestamp="2021-01-22T22:55:47Z" user="श्र" uid="12519778" lat="30.3321880" lon="78.0319926"/>
 <node id="8352357517" visible="true" version="1" changeset="97999688" timestamp="2021-01-22T22:55:47Z" user="श्र" uid="12519778" lat="30.3321787" lon="78.0319551"/>
 <node id="8352357518" visible="true" version="1" changeset="97999688" timestamp="2021-01-22T22:55:47Z" user="श्र" uid="12519778" lat="30.3329535" lon="78.0324003"/>
 <node id="8352357519" visible="true" version="1" changeset="97999688" timestamp="2021-01-22T22:55:47Z" user="श्र" uid="12519778" lat="30.3328493" lon="78.0322877"/>
 <node id="8352357520" visible="true" version="1" changeset="97999688" timestamp="2021-01-22T22:55:47Z" user="श्र" uid="12519778" lat="30.3327080" lon="78.0324647"/>
 <node id="8352357521" visible="true" version="1" changeset="97999688" timestamp="2021-01-22T22:55:47Z" user="श्र" uid="12519778" lat="30.3328076" lon="78.0325828"/>
 <node id="8352357526" visible="true" version="1" changeset="97999688" timestamp="2021-01-22T22:55:47Z" user="श्र" uid="12519778" lat="30.3367115" lon="78.0320194"/>
 <node id="8352357527" visible="true" version="1" changeset="97999688" timestamp="2021-01-22T22:55:47Z" user="श्र" uid="12519778" lat="30.3368642" lon="78.0320865"/>
 <node id="8352357528" visible="true" version="1" changeset="97999688" timestamp="2021-01-22T22:55:47Z" user="श्र" uid="12519778" lat="30.3368943" lon="78.0320221"/>
 <node id="8352357529" visible="true" version="1" changeset="97999688" timestamp="2021-01-22T22:55:47Z" user="श्र" uid="12519778" lat="30.3367832" lon="78.0319041"/>
 <node id="8352357530" visible="true" version="1" changeset="97999688" timestamp="2021-01-22T22:55:47Z" user="श्र" uid="12519778" lat="30.3367994" lon="78.0320744"/>
 <node id="8352357531" visible="true" version="1" changeset="97999688" timestamp="2021-01-22T22:55:47Z" user="श्र" uid="12519778" lat="30.3367755" lon="78.0320886"/>
 <node id="8352357532" visible="true" version="1" changeset="97999688" timestamp="2021-01-22T22:55:47Z" user="श्र" uid="12519778" lat="30.3368398" lon="78.0320664"/>
 <node id="9170013296" visible="true" version="3" changeset="126410623" timestamp="2022-09-20T08:08:36Z" user="VLD252" uid="10979432" lat="30.3355540" lon="78.0287694"/>
 <node id="9170013297" visible="true" version="2" changeset="126410458" timestamp="2022-09-20T08:04:10Z" user="VLD252" uid="10979432" lat="30.3354567" lon="78.0288868"/>
 <node id="9170013298" visible="true" version="2" changeset="126410458" timestamp="2022-09-20T08:04:10Z" user="VLD252" uid="10979432" lat="30.3353931" lon="78.0289740"/>
 <node id="9170013299" visible="true" version="3" changeset="126410458" timestamp="2022-09-20T08:04:10Z" user="VLD252" uid="10979432" lat="30.3353734" lon="78.0290028"/>
 <node id="9170013300" visible="true" version="2" changeset="126410458" timestamp="2022-09-20T08:04:10Z" user="VLD252" uid="10979432" lat="30.3353677" lon="78.0290203"/>
 <node id="9170013301" visible="true" version="1" changeset="112468687" timestamp="2021-10-13T16:00:37Z" user="Hampanna G" uid="14214060" lat="30.3353711" lon="78.0290384"/>
 <node id="9170013302" visible="true" version="1" changeset="112468687" timestamp="2021-10-13T16:00:37Z" user="Hampanna G" uid="14214060" lat="30.3353850" lon="78.0290653"/>
 <node id="9170013303" visible="true" version="2" changeset="126409236" timestamp="2022-09-20T07:29:13Z" user="VLD252" uid="10979432" lat="30.3354266" lon="78.0291243"/>
 <node id="9170013304" visible="true" version="2" changeset="126409236" timestamp="2022-09-20T07:29:13Z" user="VLD252" uid="10979432" lat="30.3356719" lon="78.0294019"/>
 <node id="9170013305" visible="true" version="1" changeset="112468687" timestamp="2021-10-13T16:00:37Z" user="Hampanna G" uid="14214060" lat="30.3358152" lon="78.0295810"/>
 <node id="9170013306" visible="true" version="2" changeset="126409236" timestamp="2022-09-20T07:29:13Z" user="VLD252" uid="10979432" lat="30.3360514" lon="78.0298621"/>
 <node id="9170013307" visible="true" version="1" changeset="112468687" timestamp="2021-10-13T16:00:37Z" user="Hampanna G" uid="14214060" lat="30.3364354" lon="78.0302779"/>
 <node id="9170013308" visible="true" version="1" changeset="112468687" timestamp="2021-10-13T16:00:37Z" user="Hampanna G" uid="14214060" lat="30.3365141" lon="78.0303638"/>
 <node id="9170013309" visible="true" version="1" changeset="112468687" timestamp="2021-10-13T16:00:37Z" user="Hampanna G" uid="14214060" lat="30.3367984" lon="78.0306760"/>
 <node id="9170013310" visible="true" version="1" changeset="112468687" timestamp="2021-10-13T16:00:37Z" user="Hampanna G" uid="14214060" lat="30.3371249" lon="78.0303584"/>
 <node id="9170013311" visible="true" version="2" changeset="126409236" timestamp="2022-09-20T07:29:13Z" user="VLD252" uid="10979432" lat="30.3376508" lon="78.0298121"/>
 <node id="9170013312" visible="true" version="1" changeset="112468687" timestamp="2021-10-13T16:00:37Z" user="Hampanna G" uid="14214060" lat="30.3382170" lon="78.0320560"/>
 <node id="9170013313" visible="true" version="1" changeset="112468687" timestamp="2021-10-13T16:00:37Z" user="Hampanna G" uid="14214060" lat="30.3382170" lon="78.0319467"/>
 <node id="9170013314" visible="true" version="2" changeset="126409236" timestamp="2022-09-20T07:29:13Z" user="VLD252" uid="10979432" lat="30.3381902" lon="78.0318131"/>
 <node id="9170013315" visible="true" version="1" changeset="112468687" timestamp="2021-10-13T16:00:37Z" user="Hampanna G" uid="14214060" lat="30.3380782" lon="78.0314906"/>
 <node id="9170013316" visible="true" version="2" changeset="126409236" timestamp="2022-09-20T07:29:13Z" user="VLD252" uid="10979432" lat="30.3378997" lon="78.0311184"/>
 <node id="9170013317" visible="true" version="1" changeset="112468687" timestamp="2021-10-13T16:00:37Z" user="Hampanna G" uid="14214060" lat="30.3378885" lon="78.0307662"/>
 <node id="9170013318" visible="true" version="1" changeset="112468687" timestamp="2021-10-13T16:00:37Z" user="Hampanna G" uid="14214060" lat="30.3379625" lon="78.0304926"/>
 <node id="9170013319" visible="true" version="1" changeset="112468687" timestamp="2021-10-13T16:00:37Z" user="Hampanna G" uid="14214060" lat="30.3380042" lon="78.0302887"/>
 <node id="9170013320" visible="true" version="1" changeset="112468687" timestamp="2021-10-13T16:00:37Z" user="Hampanna G" uid="14214060" lat="30.3380042" lon="78.0302028"/>
 <node id="9170013321" visible="true" version="1" changeset="112468687" timestamp="2021-10-13T16:00:37Z" user="Hampanna G" uid="14214060" lat="30.3379718" lon="78.0301062"/>
 <node id="9170013322" visible="true" version="1" changeset="112468687" timestamp="2021-10-13T16:00:37Z" user="Hampanna G" uid="14214060" lat="30.3378052" lon="78.0299560"/>
 <node id="9170013323" visible="true" version="1" changeset="112468687" timestamp="2021-10-13T16:00:37Z" user="Hampanna G" uid="14214060" lat="30.3373054" lon="78.0294462"/>
 <node id="9170013324" visible="true" version="3" changeset="126410103" timestamp="2022-09-20T07:54:38Z" user="VLD252" uid="10979432" lat="30.3367816" lon="78.0288431"/>
 <node id="9170013325" visible="true" version="1" changeset="112468687" timestamp="2021-10-13T16:00:37Z" user="Hampanna G" uid="14214060" lat="30.3367131" lon="78.0287809"/>
 <node id="9170013326" visible="true" version="2" changeset="126409236" timestamp="2022-09-20T07:29:13Z" user="VLD252" uid="10979432" lat="30.3365929" lon="78.0287620"/>
 <node id="9170013327" visible="true" version="2" changeset="126410103" timestamp="2022-09-20T07:54:38Z" user="VLD252" uid="10979432" lat="30.3365292" lon="78.0287916"/>
 <node id="9170013328" visible="true" version="2" changeset="126409236" timestamp="2022-09-20T07:29:13Z" user="VLD252" uid="10979432" lat="30.3361693" lon="78.0291752"/>
 <node id="9170013329" visible="true" version="2" changeset="126410458" timestamp="2022-09-20T08:04:10Z" user="VLD252" uid="10979432" lat="30.3369376" lon="78.0298755"/>
 <node id="9170013332" visible="true" version="1" changeset="112468687" timestamp="2021-10-13T16:00:37Z" user="Hampanna G" uid="14214060" lat="30.3376340" lon="78.0323625"/>
 <node id="9170013339" visible="true" version="1" changeset="112468687" timestamp="2021-10-13T16:00:37Z" user="Hampanna G" uid="14214060" lat="30.3367489" lon="78.0306623"/>
 <node id="9170873222" visible="true" version="2" changeset="126410103" timestamp="2022-09-20T07:54:38Z" user="VLD252" uid="10979432" lat="30.3331630" lon="78.0351592"/>
 <node id="9170873223" visible="true" version="2" changeset="126410103" timestamp="2022-09-20T07:54:38Z" user="VLD252" uid="10979432" lat="30.3331335" lon="78.0353002"/>
 <node id="9170873224" visible="true" version="1" changeset="112485260" timestamp="2021-10-14T04:11:14Z" user="Hampanna G" uid="14214060" lat="30.3321482" lon="78.0364337"/>
 <node id="9170873225" visible="true" version="2" changeset="126448971" timestamp="2022-09-21T06:36:32Z" user="VLD252" uid="10979432" lat="30.3322667" lon="78.0360979"/>
 <node id="9170873226" visible="true" version="1" changeset="112485260" timestamp="2021-10-14T04:11:14Z" user="Hampanna G" uid="14214060" lat="30.3323333" lon="78.0358511"/>
 <node id="9170873227" visible="true" version="1" changeset="112485260" timestamp="2021-10-14T04:11:14Z" user="Hampanna G" uid="14214060" lat="30.3324629" lon="78.0355039"/>
 <node id="9170873229" visible="true" version="1" changeset="112485260" timestamp="2021-10-14T04:11:14Z" user="Hampanna G" uid="14214060" lat="30.3334859" lon="78.0362641"/>
 <node id="9170873230" visible="true" version="1" changeset="112485260" timestamp="2021-10-14T04:11:14Z" user="Hampanna G" uid="14214060" lat="30.3334998" lon="78.0361944"/>
 <node id="9170873231" visible="true" version="1" changeset="112485260" timestamp="2021-10-14T04:11:14Z" user="Hampanna G" uid="14214060" lat="30.3337312" lon="78.0355950"/>
 <node id="9170873232" visible="true" version="2" changeset="126410103" timestamp="2022-09-20T07:54:38Z" user="VLD252" uid="10979432" lat="30.3333337" lon="78.0383601"/>
 <node id="9170873233" visible="true" version="2" changeset="126415374" timestamp="2022-09-20T10:06:05Z" user="VLD252" uid="10979432" lat="30.3331561" lon="78.0390653"/>
 <node id="9170873234" visible="true" version="3" changeset="126415374" timestamp="2022-09-20T10:06:05Z" user="VLD252" uid="10979432" lat="30.3343045" lon="78.0379915"/>
 <node id="9170873239" visible="true" version="1" changeset="112485260" timestamp="2021-10-14T04:11:14Z" user="Hampanna G" uid="14214060" lat="30.3364678" lon="78.0347179"/>
 <node id="9170873240" visible="true" version="2" changeset="126409734" timestamp="2022-09-20T07:44:21Z" user="VLD252" uid="10979432" lat="30.3364968" lon="78.0348144"/>
 <node id="9170873241" visible="true" version="2" changeset="126409734" timestamp="2022-09-20T07:44:21Z" user="VLD252" uid="10979432" lat="30.3367943" lon="78.0349955"/>
 <node id="9170873242" visible="true" version="1" changeset="112485260" timestamp="2021-10-14T04:11:14Z" user="Hampanna G" uid="14214060" lat="30.3369398" lon="78.0351042"/>
 <node id="9170873243" visible="true" version="1" changeset="112485260" timestamp="2021-10-14T04:11:14Z" user="Hampanna G" uid="14214060" lat="30.3371620" lon="78.0353349"/>
 <node id="9170873244" visible="true" version="1" changeset="112485260" timestamp="2021-10-14T04:11:14Z" user="Hampanna G" uid="14214060" lat="30.3372499" lon="78.0354744"/>
 <node id="9170873245" visible="true" version="1" changeset="112485260" timestamp="2021-10-14T04:11:14Z" user="Hampanna G" uid="14214060" lat="30.3372823" lon="78.0356890"/>
 <node id="9170873246" visible="true" version="1" changeset="112485260" timestamp="2021-10-14T04:11:14Z" user="Hampanna G" uid="14214060" lat="30.3371064" lon="78.0360807"/>
 <node id="9170873274" visible="true" version="1" changeset="112485260" timestamp="2021-10-14T04:11:14Z" user="Hampanna G" uid="14214060" lat="30.3387723" lon="78.0358925"/>
 <node id="9170941573" visible="true" version="2" changeset="126409734" timestamp="2022-09-20T07:44:21Z" user="VLD252" uid="10979432" lat="30.3374513" lon="78.0389175"/>
 <node id="10017457767" visible="true" version="2" changeset="126410103" timestamp="2022-09-20T07:54:38Z" user="VLD252" uid="10979432" lat="30.3342559" lon="78.0385702"/>
 <node id="10017457768" visible="true" version="1" changeset="126072877" timestamp="2022-09-12T06:11:35Z" user="Hinokami Kagura" uid="14826250" lat="30.3342192" lon="78.0391116"/>
 <node id="10017457769" visible="true" version="1" changeset="126072877" timestamp="2022-09-12T06:11:35Z" user="Hinokami Kagura" uid="14826250" lat="30.3326783" lon="78.0415438"/>
 <node id="10017457770" visible="true" version="1" changeset="126072877" timestamp="2022-09-12T06:11:35Z" user="Hinokami Kagura" uid="14826250" lat="30.3328699" lon="78.0416142"/>
 <node id="10017457771" visible="true" version="1" changeset="126072877" timestamp="2022-09-12T06:11:35Z" user="Hinokami Kagura" uid="14826250" lat="30.3328075" lon="78.0416032"/>
 <node id="10017457772" visible="true" version="1" changeset="126072877" timestamp="2022-09-12T06:11:35Z" user="Hinokami Kagura" uid="14826250" lat="30.3329958" lon="78.0415918"/>
 <node id="10017457773" visible="true" version="1" changeset="126072877" timestamp="2022-09-12T06:11:35Z" user="Hinokami Kagura" uid="14826250" lat="30.3324039" lon="78.0415586"/>
 <node id="10017457774" visible="true" version="1" changeset="126072877" timestamp="2022-09-12T06:11:35Z" user="Hinokami Kagura" uid="14826250" lat="30.3323012" lon="78.0416320"/>
 <node id="10017457775" visible="true" version="1" changeset="126072877" timestamp="2022-09-12T06:11:35Z" user="Hinokami Kagura" uid="14826250" lat="30.3320583" lon="78.0419568"/>
 <node id="10017457776" visible="true" version="1" changeset="126072877" timestamp="2022-09-12T06:11:35Z" user="Hinokami Kagura" uid="14826250" lat="30.3319225" lon="78.0419857"/>
 <node id="10017457777" visible="true" version="1" changeset="126072877" timestamp="2022-09-12T06:11:35Z" user="Hinokami Kagura" uid="14826250" lat="30.3319762" lon="78.0419888"/>
 <node id="10017457778" visible="true" version="1" changeset="126072877" timestamp="2022-09-12T06:11:35Z" user="Hinokami Kagura" uid="14826250" lat="30.3314983" lon="78.0418666"/>
 <node id="10026276027" visible="true" version="1" changeset="126208612" timestamp="2022-09-15T07:00:48Z" user="VLD258" uid="10979442" lat="30.3336950" lon="78.0412118"/>
 <node id="10026276028" visible="true" version="1" changeset="126208612" timestamp="2022-09-15T07:00:48Z" user="VLD258" uid="10979442" lat="30.3335961" lon="78.0412762"/>
 <node id="10026276029" visible="true" version="1" changeset="126208612" timestamp="2022-09-15T07:00:48Z" user="VLD258" uid="10979442" lat="30.3334953" lon="78.0413439"/>
 <node id="10026276030" visible="true" version="1" changeset="126208612" timestamp="2022-09-15T07:00:48Z" user="VLD258" uid="10979442" lat="30.3332081" lon="78.0414921"/>
 <node id="10038599701" visible="true" version="1" changeset="126406013" timestamp="2022-09-20T06:04:04Z" user="VLD252" uid="10979432" lat="30.3383985" lon="78.0384220"/>
 <node id="10038599702" visible="true" version="1" changeset="126406013" timestamp="2022-09-20T06:04:04Z" user="VLD252" uid="10979432" lat="30.3383163" lon="78.0384488"/>
 <node id="10038599703" visible="true" version="1" changeset="126406013" timestamp="2022-09-20T06:04:04Z" user="VLD252" uid="10979432" lat="30.3380594" lon="78.0387707"/>
 <node id="10038599704" visible="true" version="2" changeset="126409734" timestamp="2022-09-20T07:44:21Z" user="VLD252" uid="10979432" lat="30.3376757" lon="78.0388103"/>
 <node id="10038662956" visible="true" version="1" changeset="126408032" timestamp="2022-09-20T06:57:17Z" user="VLD252" uid="10979432" lat="30.3331140" lon="78.0368187"/>
 <node id="10038662957" visible="true" version="1" changeset="126408032" timestamp="2022-09-20T06:57:17Z" user="VLD252" uid="10979432" lat="30.3330394" lon="78.0368301"/>
 <node id="10038674918" visible="true" version="1" changeset="126408414" timestamp="2022-09-20T07:07:06Z" user="VLD252" uid="10979432" lat="30.3352635" lon="78.0391576"/>
 <node id="10038674919" visible="true" version="1" changeset="126408414" timestamp="2022-09-20T07:07:06Z" user="VLD252" uid="10979432" lat="30.3352803" lon="78.0392327"/>
 <node id="10038674920" visible="true" version="1" changeset="126408414" timestamp="2022-09-20T07:07:06Z" user="VLD252" uid="10979432" lat="30.3349478" lon="78.0383754"/>
 <node id="10038674921" visible="true" version="1" changeset="126408414" timestamp="2022-09-20T07:07:06Z" user="VLD252" uid="10979432" lat="30.3349608" lon="78.0383821"/>
 <node id="10038720893" visible="true" version="1" changeset="126409236" timestamp="2022-09-20T07:29:13Z" user="VLD252" uid="10979432" lat="30.3390305" lon="78.0386701"/>
 <node id="10038720894" visible="true" version="1" changeset="126409236" timestamp="2022-09-20T07:29:13Z" user="VLD252" uid="10979432" lat="30.3380999" lon="78.0387439"/>
 <node id="10038720895" visible="true" version="1" changeset="126409236" timestamp="2022-09-20T07:29:13Z" user="VLD252" uid="10979432" lat="30.3365732" lon="78.0379446"/>
 <node id="10038720896" visible="true" version="1" changeset="126409236" timestamp="2022-09-20T07:29:13Z" user="VLD252" uid="10979432" lat="30.3357942" lon="78.0376334"/>
 <node id="10038720897" visible="true" version="1" changeset="126409236" timestamp="2022-09-20T07:29:13Z" user="VLD252" uid="10979432" lat="30.3356113" lon="78.0374216"/>
 <node id="10038720898" visible="true" version="1" changeset="126409236" timestamp="2022-09-20T07:29:13Z" user="VLD252" uid="10979432" lat="30.3355546" lon="78.0372016"/>
 <node id="10038720899" visible="true" version="1" changeset="126409236" timestamp="2022-09-20T07:29:13Z" user="VLD252" uid="10979432" lat="30.3355789" lon="78.0370715"/>
 <node id="10038720900" visible="true" version="2" changeset="126409734" timestamp="2022-09-20T07:44:21Z" user="VLD252" uid="10979432" lat="30.3357352" lon="78.0367376"/>
 <node id="10038720901" visible="true" version="1" changeset="126409236" timestamp="2022-09-20T07:29:13Z" user="VLD252" uid="10979432" lat="30.3358648" lon="78.0348694"/>
 <node id="10038720902" visible="true" version="1" changeset="126409236" timestamp="2022-09-20T07:29:13Z" user="VLD252" uid="10979432" lat="30.3358544" lon="78.0348292"/>
 <node id="10038720903" visible="true" version="1" changeset="126409236" timestamp="2022-09-20T07:29:13Z" user="VLD252" uid="10979432" lat="30.3360905" lon="78.0344617"/>
 <node id="10038720904" visible="true" version="1" changeset="126409236" timestamp="2022-09-20T07:29:13Z" user="VLD252" uid="10979432" lat="30.3360026" lon="78.0344939"/>
 <node id="10038721614" visible="true" version="1" changeset="126409734" timestamp="2022-09-20T07:44:21Z" user="VLD252" uid="10979432" lat="30.3414157" lon="78.0365497"/>
 <node id="10038721615" visible="true" version="1" changeset="126409734" timestamp="2022-09-20T07:44:21Z" user="VLD252" uid="10979432" lat="30.3372630" lon="78.0357539"/>
 <node id="10038721616" visible="true" version="1" changeset="126409734" timestamp="2022-09-20T07:44:21Z" user="VLD252" uid="10979432" lat="30.3355060" lon="78.0369481"/>
 <node id="10038731318" visible="true" version="1" changeset="126409236" timestamp="2022-09-20T07:29:13Z" user="VLD252" uid="10979432" lat="30.3379552" lon="78.0312176"/>
 <node id="10038731319" visible="true" version="1" changeset="126409236" timestamp="2022-09-20T07:29:13Z" user="VLD252" uid="10979432" lat="30.3378476" lon="78.0310473"/>
 <node id="10038731320" visible="true" version="1" changeset="126409236" timestamp="2022-09-20T07:29:13Z" user="VLD252" uid="10979432" lat="30.3378325" lon="78.0310030"/>
 <node id="10038731321" visible="true" version="1" changeset="126409236" timestamp="2022-09-20T07:29:13Z" user="VLD252" uid="10979432" lat="30.3378337" lon="78.0309521"/>
 <node id="10038731322" visible="true" version="1" changeset="126409236" timestamp="2022-09-20T07:29:13Z" user="VLD252" uid="10979432" lat="30.3379373" lon="78.0300616"/>
 <node id="10038731323" visible="true" version="1" changeset="126409236" timestamp="2022-09-20T07:29:13Z" user="VLD252" uid="10979432" lat="30.3366554" lon="78.0287573"/>
 <node id="10038731324" visible="true" version="1" changeset="126409236" timestamp="2022-09-20T07:29:13Z" user="VLD252" uid="10979432" lat="30.3368122" lon="78.0306691"/>
 <node id="10038731325" visible="true" version="1" changeset="126409236" timestamp="2022-09-20T07:29:13Z" user="VLD252" uid="10979432" lat="30.3367737" lon="78.0306751"/>
 <node id="10038774417" visible="true" version="1" changeset="126409734" timestamp="2022-09-20T07:44:21Z" user="VLD252" uid="10979432" lat="30.3354805" lon="78.0367792"/>
 <node id="10038774418" visible="true" version="1" changeset="126409734" timestamp="2022-09-20T07:44:21Z" user="VLD252" uid="10979432" lat="30.3354655" lon="78.0366008"/>
 <node id="10038774419" visible="true" version="1" changeset="126409734" timestamp="2022-09-20T07:44:21Z" user="VLD252" uid="10979432" lat="30.3354504" lon="78.0362065"/>
 <node id="10038774420" visible="true" version="1" changeset="126409734" timestamp="2022-09-20T07:44:21Z" user="VLD252" uid="10979432" lat="30.3375312" lon="78.0387232"/>
 <node id="10038774421" visible="true" version="1" changeset="126409734" timestamp="2022-09-20T07:44:21Z" user="VLD252" uid="10979432" lat="30.3361519" lon="78.0378601"/>
 <node id="10038774422" visible="true" version="1" changeset="126409734" timestamp="2022-09-20T07:44:21Z" user="VLD252" uid="10979432" lat="30.3360431" lon="78.0381002"/>
 <node id="10038774423" visible="true" version="1" changeset="126409734" timestamp="2022-09-20T07:44:21Z" user="VLD252" uid="10979432" lat="30.3360419" lon="78.0381230"/>
 <node id="10038774424" visible="true" version="1" changeset="126409734" timestamp="2022-09-20T07:44:21Z" user="VLD252" uid="10979432" lat="30.3360512" lon="78.0381511"/>
 <node id="10038774425" visible="true" version="1" changeset="126409734" timestamp="2022-09-20T07:44:21Z" user="VLD252" uid="10979432" lat="30.3363625" lon="78.0383804"/>
 <node id="10038774426" visible="true" version="1" changeset="126409734" timestamp="2022-09-20T07:44:21Z" user="VLD252" uid="10979432" lat="30.3370674" lon="78.0389021"/>
 <node id="10038774427" visible="true" version="1" changeset="126409734" timestamp="2022-09-20T07:44:21Z" user="VLD252" uid="10979432" lat="30.3372005" lon="78.0389759"/>
 <node id="10038774428" visible="true" version="1" changeset="126409734" timestamp="2022-09-20T07:44:21Z" user="VLD252" uid="10979432" lat="30.3372434" lon="78.0389839"/>
 <node id="10038774429" visible="true" version="1" changeset="126409734" timestamp="2022-09-20T07:44:21Z" user="VLD252" uid="10979432" lat="30.3373024" lon="78.0389759"/>
 <node id="10038774430" visible="true" version="1" changeset="126409734" timestamp="2022-09-20T07:44:21Z" user="VLD252" uid="10979432" lat="30.3372769" lon="78.0355681"/>
 <node id="10038774431" visible="true" version="1" changeset="126409734" timestamp="2022-09-20T07:44:21Z" user="VLD252" uid="10979432" lat="30.3365292" lon="78.0348453"/>
 <node id="10038774432" visible="true" version="1" changeset="126409734" timestamp="2022-09-20T07:44:21Z" user="VLD252" uid="10979432" lat="30.3364737" lon="78.0347662"/>
 <node id="10038789237" visible="true" version="1" changeset="126410103" timestamp="2022-09-20T07:54:38Z" user="VLD252" uid="10979432" lat="30.3393135" lon="78.0323884"/>
 <node id="10038789238" visible="true" version="1" changeset="126410103" timestamp="2022-09-20T07:54:38Z" user="VLD252" uid="10979432" lat="30.3392261" lon="78.0323938"/>
 <node id="10038789239" visible="true" version="1" changeset="126410103" timestamp="2022-09-20T07:54:38Z" user="VLD252" uid="10979432" lat="30.3343711" lon="78.0353348"/>
 <node id="10038789240" visible="true" version="1" changeset="126410103" timestamp="2022-09-20T07:54:38Z" user="VLD252" uid="10979432" lat="30.3332014" lon="78.0349773"/>
 <node id="10038789246" visible="true" version="1" changeset="126410103" timestamp="2022-09-20T07:54:38Z" user="VLD252" uid="10979432" lat="30.3345007" lon="78.0401976"/>
 <node id="10038789247" visible="true" version="1" changeset="126410103" timestamp="2022-09-20T07:54:38Z" user="VLD252" uid="10979432" lat="30.3345708" lon="78.0400240"/>
 <node id="10038789248" visible="true" version="1" changeset="126410103" timestamp="2022-09-20T07:54:38Z" user="VLD252" uid="10979432" lat="30.3345754" lon="78.0399194"/>
 <node id="10038789249" visible="true" version="1" changeset="126410103" timestamp="2022-09-20T07:54:38Z" user="VLD252" uid="10979432" lat="30.3343474" lon="78.0386956"/>
 <node id="10038789250" visible="true" version="1" changeset="126410103" timestamp="2022-09-20T07:54:38Z" user="VLD252" uid="10979432" lat="30.3333004" lon="78.0383489"/>
 <node id="10038789251" visible="true" version="1" changeset="126410103" timestamp="2022-09-20T07:54:38Z" user="VLD252" uid="10979432" lat="30.3332757" lon="78.0383307"/>
 <node id="10038789252" visible="true" version="1" changeset="126410103" timestamp="2022-09-20T07:54:38Z" user="VLD252" uid="10979432" lat="30.3330828" lon="78.0375278"/>
 <node id="10038789253" visible="true" version="1" changeset="126410103" timestamp="2022-09-20T07:54:38Z" user="VLD252" uid="10979432" lat="30.3330727" lon="78.0376066"/>
 <node id="10038815045" visible="true" version="1" changeset="126410623" timestamp="2022-09-20T08:08:36Z" user="VLD252" uid="10979432" lat="30.3355697" lon="78.0287379"/>
 <node id="10038815046" visible="true" version="1" changeset="126410623" timestamp="2022-09-20T08:08:36Z" user="VLD252" uid="10979432" lat="30.3355731" lon="78.0286668"/>
 <node id="10038815047" visible="true" version="1" changeset="126410623" timestamp="2022-09-20T08:08:36Z" user="VLD252" uid="10979432" lat="30.3353700" lon="78.0282906"/>
 <node id="10038815048" visible="true" version="1" changeset="126410623" timestamp="2022-09-20T08:08:36Z" user="VLD252" uid="10979432" lat="30.3353254" lon="78.0279788"/>
 <node id="10038815049" visible="true" version="1" changeset="126410623" timestamp="2022-09-20T08:08:36Z" user="VLD252" uid="10979432" lat="30.3353486" lon="78.0281934"/>
 <node id="10038815050" visible="true" version="1" changeset="126410623" timestamp="2022-09-20T08:08:36Z" user="VLD252" uid="10979432" lat="30.3353995" lon="78.0283798"/>
 <node id="10038815051" visible="true" version="1" changeset="126410623" timestamp="2022-09-20T08:08:36Z" user="VLD252" uid="10979432" lat="30.3354713" lon="78.0285180"/>
 <node id="10038815052" visible="true" version="1" changeset="126410623" timestamp="2022-09-20T08:08:36Z" user="VLD252" uid="10979432" lat="30.3355569" lon="78.0286366"/>
 <node id="10038815053" visible="true" version="1" changeset="126410623" timestamp="2022-09-20T08:08:36Z" user="VLD252" uid="10979432" lat="30.3355743" lon="78.0287030"/>
 <node id="10039011496" visible="true" version="1" changeset="126415374" timestamp="2022-09-20T10:06:05Z" user="VLD252" uid="10979432" lat="30.3342061" lon="78.0375570"/>
 <node id="10039011497" visible="true" version="1" changeset="126415374" timestamp="2022-09-20T10:06:05Z" user="VLD252" uid="10979432" lat="30.3342108" lon="78.0376764"/>
 <node id="10039011498" visible="true" version="1" changeset="126415374" timestamp="2022-09-20T10:06:05Z" user="VLD252" uid="10979432" lat="30.3342304" lon="78.0377689"/>
 <node id="10039138455" visible="true" version="1" changeset="126418523" timestamp="2022-09-20T11:27:29Z" user="sherry@22" uid="13599363" lat="30.3343140" lon="78.0326211"/>
 <node id="10039204275" visible="true" version="1" changeset="126418887" timestamp="2022-09-20T11:36:40Z" user="VLD252" uid="10979432" lat="30.3405692" lon="78.0317319"/>
 <node id="10039361317" visible="true" version="1" changeset="126419760" timestamp="2022-09-20T11:57:00Z" user="VLD252" uid="10979432" lat="30.3384427" lon="78.0320306"/>
 <node id="10039361318" visible="true" version="1" changeset="126419760" timestamp="2022-09-20T11:57:00Z" user="VLD252" uid="10979432" lat="30.3378988" lon="78.0321601"/>
 <node id="10039361319" visible="true" version="1" changeset="126419760" timestamp="2022-09-20T11:57:00Z" user="VLD252" uid="10979432" lat="30.3412333" lon="78.0311643"/>
 <node id="10041002592" visible="true" version="1" changeset="126444748" timestamp="2022-09-21T03:50:13Z" user="VLD135" uid="10352928" lat="30.3429426" lon="78.0368744"/>
 <node id="10041002593" visible="true" version="1" changeset="126444748" timestamp="2022-09-21T03:50:13Z" user="VLD135" uid="10352928" lat="30.3424761" lon="78.0366531"/>
 <node id="10041026155" visible="true" version="1" changeset="126444892" timestamp="2022-09-21T03:58:23Z" user="VLD135" uid="10352928" lat="30.3353937" lon="78.0312939"/>
 <node id="10041207999" visible="true" version="1" changeset="126448971" timestamp="2022-09-21T06:36:32Z" user="VLD252" uid="10979432" lat="30.3302833" lon="78.0316856"/>
 <node id="10041208007" visible="true" version="1" changeset="126448971" timestamp="2022-09-21T06:36:32Z" user="VLD252" uid="10979432" lat="30.3328935" lon="78.0358095"/>
 <node id="10041208008" visible="true" version="1" changeset="126448971" timestamp="2022-09-21T06:36:32Z" user="VLD252" uid="10979432" lat="30.3293011" lon="78.0364788"/>
 <node id="10041233029" visible="true" version="1" changeset="126448971" timestamp="2022-09-21T06:36:32Z" user="VLD252" uid="10979432" lat="30.3327772" lon="78.0351698"/>
 <node id="10041233030" visible="true" version="1" changeset="126448971" timestamp="2022-09-21T06:36:32Z" user="VLD252" uid="10979432" lat="30.3323512" lon="78.0357854"/>
 <node id="10041233031" visible="true" version="1" changeset="126448971" timestamp="2022-09-21T06:36:32Z" user="VLD252" uid="10979432" lat="30.3319993" lon="78.0356644"/>
 <node id="10041233032" visible="true" version="1" changeset="126448971" timestamp="2022-09-21T06:36:32Z" user="VLD252" uid="10979432" lat="30.3320268" lon="78.0355933"/>
 <node id="10042448784" visible="true" version="1" changeset="126461571" timestamp="2022-09-21T11:44:51Z" user="VLD252" uid="10979432" lat="30.3320246" lon="78.0324254"/>
 <node id="10225592986" visible="true" version="1" changeset="129520128" timestamp="2022-11-29T12:46:38Z" user="user_10603760" uid="10603760" lat="30.3340145" lon="78.0379266"/>
 <node id="10225592987" visible="true" version="1" changeset="129520128" timestamp="2022-11-29T12:46:38Z" user="user_10603760" uid="10603760" lat="30.3339799" lon="78.0380529"/>
 <node id="10225592988" visible="true" version="1" changeset="129520128" timestamp="2022-11-29T12:46:38Z" user="user_10603760" uid="10603760" lat="30.3339560" lon="78.0380745"/>
 <node id="10225592989" visible="true" version="1" changeset="129520128" timestamp="2022-11-29T12:46:38Z" user="user_10603760" uid="10603760" lat="30.3339320" lon="78.0380714"/>
 <node id="10225592990" visible="true" version="1" changeset="129520128" timestamp="2022-11-29T12:46:38Z" user="user_10603760" uid="10603760" lat="30.3338868" lon="78.0380621"/>
 <node id="10225592991" visible="true" version="1" changeset="129520128" timestamp="2022-11-29T12:46:38Z" user="user_10603760" uid="10603760" lat="30.3338682" lon="78.0380806"/>
 <node id="10225592992" visible="true" version="1" changeset="129520128" timestamp="2022-11-29T12:46:38Z" user="user_10603760" uid="10603760" lat="30.3337759" lon="78.0384486"/>
 <node id="10225592993" visible="true" version="1" changeset="129520128" timestamp="2022-11-29T12:46:38Z" user="user_10603760" uid="10603760" lat="30.3339610" lon="78.0378154"/>
 <node id="11037100498" visible="true" version="1" changeset="138330711" timestamp="2023-07-10T10:22:45Z" user="mglsj" uid="12250792" lat="30.2751665" lon="78.0132766"/>
 <node id="11037100499" visible="true" version="1" changeset="138330711" timestamp="2023-07-10T10:22:45Z" user="mglsj" uid="12250792" lat="30.2771057" lon="78.0129087"/>
 <node id="11037100500" visible="true" version="1" changeset="138330711" timestamp="2023-07-10T10:22:45Z" user="mglsj" uid="12250792" lat="30.2757174" lon="78.0129455"/>
 <node id="11037100501" visible="true" version="1" changeset="138330711" timestamp="2023-07-10T10:22:45Z" user="mglsj" uid="12250792" lat="30.2754099" lon="78.0173229"/>
 <node id="11037100502" visible="true" version="1" changeset="138330711" timestamp="2023-07-10T10:22:45Z" user="mglsj" uid="12250792" lat="30.2781876" lon="78.0136859"/>
 <node id="11825696521" visible="true" version="1" changeset="150142792" timestamp="2024-04-17T17:55:13Z" user="josmougn" uid="522742" lat="30.2889572" lon="78.0170621"/>
 <node id="13136532996" visible="true" version="1" changeset="171790345" timestamp="2025-09-11T15:19:01Z" user="mitochondria" uid="23281954" lat="30.3344574" lon="78.0326464"/>
 <node id="13136532997" visible="true" version="1" changeset="171790345" timestamp="2025-09-11T15:19:01Z" user="mitochondria" uid="23281954" lat="30.3345752" lon="78.0326893"/>
 <node id="13136532998" visible="true" version="1" changeset="171790345" timestamp="2025-09-11T15:19:01Z" user="mitochondria" uid="23281954" lat="30.3349925" lon="78.0314727"/>
 <node id="13136532999" visible="true" version="1" changeset="171790345" timestamp="2025-09-11T15:19:01Z" user="mitochondria" uid="23281954" lat="30.3349405" lon="78.0311922"/>
 <node id="13136533000" visible="true" version="1" changeset="171790345" timestamp="2025-09-11T15:19:01Z" user="mitochondria" uid="23281954" lat="30.3347635" lon="78.0310744"/>
 <node id="13136552101" visible="true" version="1" changeset="171790345" timestamp="2025-09-11T15:19:01Z" user="mitochondria" uid="23281954" lat="30.3346570" lon="78.0310199"/>
 <node id="13136552102" visible="true" version="1" changeset="171790345" timestamp="2025-09-11T15:19:01Z" user="mitochondria" uid="23281954" lat="30.3341984" lon="78.0316366"/>
 <node id="13136552103" visible="true" version="1" changeset="171790345" timestamp="2025-09-11T15:19:01Z" user="mitochondria" uid="23281954" lat="30.3348167" lon="78.0305952"/>
 <node id="13136552104" visible="true" version="1" changeset="171790345" timestamp="2025-09-11T15:19:01Z" user="mitochondria" uid="23281954" lat="30.3346365" lon="78.0299619"/>
 <node id="13136552105" visible="true" version="1" changeset="171790345" timestamp="2025-09-11T15:19:01Z" user="mitochondria" uid="23281954" lat="30.3341717" lon="78.0295942"/>
 <node id="13136552106" visible="true" version="1" changeset="171790345" timestamp="2025-09-11T15:19:01Z" user="mitochondria" uid="23281954" lat="30.3339629" lon="78.0295301"/>
 <node id="13136552107" visible="true" version="1" changeset="171790345" timestamp="2025-09-11T15:19:01Z" user="mitochondria" uid="23281954" lat="30.3331225" lon="78.0294388"/>
 <node id="13136552108" visible="true" version="1" changeset="171790345" timestamp="2025-09-11T15:19:01Z" user="mitochondria" uid="23281954" lat="30.3346445" lon="78.0325593"/>
 <node id="13136552109" visible="true" version="1" changeset="171790345" timestamp="2025-09-11T15:19:01Z" user="mitochondria" uid="23281954" lat="30.3346897" lon="78.0327255"/>
 <node id="13136552110" visible="true" version="1" changeset="171790345" timestamp="2025-09-11T15:19:01Z" user="mitochondria" uid="23281954" lat="30.3350951" lon="78.0329319"/>
 <node id="13136552111" visible="true" version="1" changeset="171790345" timestamp="2025-09-11T15:19:01Z" user="mitochondria" uid="23281954" lat="30.3350112" lon="78.0335107"/>
 <node id="13136552112" visible="true" version="1" changeset="171790345" timestamp="2025-09-11T15:19:01Z" user="mitochondria" uid="23281954" lat="30.3353142" lon="78.0324598"/>
 <node id="13136552113" visible="true" version="1" changeset="171790345" timestamp="2025-09-11T15:19:01Z" user="mitochondria" uid="23281954" lat="30.3351258" lon="78.0321158"/>
 <node id="13136552114" visible="true" version="1" changeset="171790345" timestamp="2025-09-11T15:19:01Z" user="mitochondria" uid="23281954" lat="30.3355067" lon="78.0322439"/>
 <node id="13136552115" visible="true" version="1" changeset="171790345" timestamp="2025-09-11T15:19:01Z" user="mitochondria" uid="23281954" lat="30.3355374" lon="78.0319166"/>
 <node id="13136552116" visible="true" version="1" changeset="171790345" timestamp="2025-09-11T15:19:01Z" user="mitochondria" uid="23281954" lat="30.3355026" lon="78.0315536"/>
 <node id="13136552117" visible="true" version="1" changeset="171790345" timestamp="2025-09-11T15:19:01Z" user="mitochondria" uid="23281954" lat="30.3351671" lon="78.0313111"/>
 <node id="13136552118" visible="true" version="1" changeset="171790345" timestamp="2025-09-11T15:19:01Z" user="mitochondria" uid="23281954" lat="30.3358322" lon="78.0313567"/>
 <node id="13136552119" visible="true" version="1" changeset="171790345" timestamp="2025-09-11T15:19:01Z" user="mitochondria" uid="23281954" lat="30.3349498" lon="78.0312423"/>
 <node id="13136552120" visible="true" version="1" changeset="171790345" timestamp="2025-09-11T15:19:01Z" user="mitochondria" uid="23281954" lat="30.3356738" lon="78.0314514"/>
 <node id="13136552121" visible="true" version="1" changeset="171790345" timestamp="2025-09-11T15:19:01Z" user="mitochondria" uid="23281954" lat="30.3354210" lon="78.0314820"/>
 <node id="13136552122" visible="true" version="1" changeset="171790345" timestamp="2025-09-11T15:19:01Z" user="mitochondria" uid="23281954" lat="30.3355165" lon="78.0321391"/>
 <node id="13136552123" visible="true" version="1" changeset="171790345" timestamp="2025-09-11T15:19:01Z" user="mitochondria" uid="23281954" lat="30.3349376" lon="78.0319763"/>
 <way id="27287353" visible="true" version="30" changeset="180587452" timestamp="2026-03-29T14:41:02Z" user="Yash Kalyan" uid="22143370">
  <nd ref="2355520481"/>
  <nd ref="2355520479"/>
  <nd ref="2355520482"/>
  <nd ref="2355520480"/>
  <nd ref="2355520475"/>
  <nd ref="2355520474"/>
  <nd ref="2355520473"/>
  <nd ref="2355520472"/>
  <nd ref="4047459192"/>
  <nd ref="2355520471"/>
  <nd ref="2355520470"/>
  <nd ref="2355520466"/>
  <nd ref="2355520461"/>
  <nd ref="2355520459"/>
  <nd ref="2355520458"/>
  <nd ref="2355520460"/>
  <nd ref="2355520463"/>
  <nd ref="2355520462"/>
  <nd ref="2355520464"/>
  <nd ref="2355520467"/>
  <nd ref="2355520469"/>
  <nd ref="2355520468"/>
  <nd ref="2355520465"/>
  <nd ref="2355520454"/>
  <nd ref="2355520453"/>
  <nd ref="2355520456"/>
  <nd ref="2355520457"/>
  <nd ref="2355520455"/>
  <nd ref="2355520452"/>
  <nd ref="2355520451"/>
  <nd ref="2355520450"/>
  <nd ref="2355520449"/>
  <nd ref="2355520448"/>
  <nd ref="2355520447"/>
  <nd ref="2355520446"/>
  <nd ref="2355520445"/>
  <nd ref="2355520444"/>
  <nd ref="2355520443"/>
  <nd ref="2355520442"/>
  <nd ref="2355520441"/>
  <nd ref="2355520440"/>
  <nd ref="2355520439"/>
  <nd ref="2355520438"/>
  <nd ref="2355520437"/>
  <nd ref="2355520434"/>
  <nd ref="2355520436"/>
  <nd ref="2355520435"/>
  <nd ref="2355520433"/>
  <nd ref="2355520432"/>
  <nd ref="2355520430"/>
  <nd ref="2355520429"/>
  <nd ref="2355520428"/>
  <nd ref="2355520427"/>
  <nd ref="2355520426"/>
  <nd ref="2355520425"/>
  <nd ref="2355520424"/>
  <nd ref="2355520423"/>
  <nd ref="2355520422"/>
  <nd ref="2355520421"/>
  <nd ref="2355520420"/>
  <nd ref="2355520419"/>
  <nd ref="2355520418"/>
  <nd ref="2355520417"/>
  <nd ref="2355520416"/>
  <nd ref="2355520414"/>
  <nd ref="2355520415"/>
  <nd ref="2355520409"/>
  <nd ref="2355520407"/>
  <nd ref="2355520406"/>
  <nd ref="2355520408"/>
  <nd ref="2355520410"/>
  <nd ref="2355520412"/>
  <nd ref="2355520413"/>
  <nd ref="2355520411"/>
  <nd ref="2355520405"/>
  <nd ref="2355520404"/>
  <nd ref="2355520403"/>
  <nd ref="2355520402"/>
  <nd ref="2355520401"/>
  <nd ref="2355520400"/>
  <nd ref="6673578436"/>
  <nd ref="6673578435"/>
  <nd ref="2355520399"/>
  <nd ref="2355520398"/>
  <nd ref="2357304013"/>
  <nd ref="2355520397"/>
  <nd ref="2355520396"/>
  <nd ref="1706276136"/>
  <nd ref="2355569043"/>
  <nd ref="2355569042"/>
  <nd ref="2355569040"/>
  <nd ref="2355520395"/>
  <nd ref="2355520394"/>
  <nd ref="2355520392"/>
  <nd ref="2355520393"/>
  <nd ref="2355520390"/>
  <nd ref="2355520391"/>
  <nd ref="2355520388"/>
  <nd ref="2355520389"/>
  <nd ref="1706276134"/>
  <nd ref="2355520387"/>
  <nd ref="2355520386"/>
  <nd ref="2355520385"/>
  <nd ref="2355520384"/>
  <nd ref="2355520383"/>
  <nd ref="2355520382"/>
  <nd ref="2355520381"/>
  <nd ref="1706276132"/>
  <nd ref="2355520380"/>
  <nd ref="2355520379"/>
  <nd ref="2355520378"/>
  <nd ref="2355520377"/>
  <nd ref="2355520376"/>
  <nd ref="2355520375"/>
  <nd ref="1706276129"/>
  <nd ref="2355520374"/>
  <nd ref="2355520373"/>
  <nd ref="1706276126"/>
  <nd ref="7837486943"/>
  <nd ref="2355520372"/>
  <nd ref="2355520371"/>
  <nd ref="7837486944"/>
  <nd ref="2355520370"/>
  <nd ref="7837486945"/>
  <nd ref="7837486946"/>
  <nd ref="7837486947"/>
  <nd ref="2355520369"/>
  <nd ref="7837486948"/>
  <nd ref="2355520368"/>
  <nd ref="7837486949"/>
  <nd ref="2355520367"/>
  <nd ref="7837486950"/>
  <nd ref="2355520366"/>
  <nd ref="7837486951"/>
  <nd ref="2355520365"/>
  <nd ref="2355520364"/>
  <nd ref="1706276122"/>
  <nd ref="2355520363"/>
  <nd ref="2355520361"/>
  <nd ref="2355520359"/>
  <nd ref="11825696521"/>
  <nd ref="7837486952"/>
  <nd ref="7837486953"/>
  <nd ref="7837486954"/>
  <nd ref="2355520357"/>
  <nd ref="2355520355"/>
  <nd ref="7837486955"/>
  <nd ref="2355520353"/>
  <nd ref="2355520351"/>
  <nd ref="7837486956"/>
  <nd ref="2355520349"/>
  <nd ref="2355520347"/>
  <nd ref="7837486957"/>
  <nd ref="11037100502"/>
  <nd ref="1706276118"/>
  <nd ref="11037100499"/>
  <nd ref="2355520345"/>
  <nd ref="11037100500"/>
  <nd ref="11037100498"/>
  <nd ref="2355520338"/>
  <nd ref="2355520336"/>
  <nd ref="2355520342"/>
  <nd ref="2355520343"/>
  <nd ref="11037100501"/>
  <nd ref="2355520340"/>
  <nd ref="2355520335"/>
  <nd ref="5921428485"/>
  <nd ref="5921428486"/>
  <nd ref="5921428487"/>
  <nd ref="5921428488"/>
  <nd ref="5921428489"/>
  <nd ref="5921428490"/>
  <nd ref="1706276115"/>
  <nd ref="5921428491"/>
  <nd ref="5921428492"/>
  <nd ref="5921428493"/>
  <nd ref="5921428494"/>
  <nd ref="5921428495"/>
  <nd ref="5921428496"/>
  <nd ref="5921428497"/>
  <nd ref="5921428498"/>
  <nd ref="2355520334"/>
  <nd ref="5921428499"/>
  <nd ref="5921428500"/>
  <nd ref="5921428501"/>
  <nd ref="5921428502"/>
  <nd ref="5921428503"/>
  <nd ref="5921428504"/>
  <nd ref="5921428505"/>
  <nd ref="2355520333"/>
  <nd ref="5921428506"/>
  <nd ref="5921428507"/>
  <nd ref="5921428508"/>
  <nd ref="5921428509"/>
  <nd ref="5921428510"/>
  <nd ref="5921428511"/>
  <nd ref="1706276110"/>
  <nd ref="5921428512"/>
  <nd ref="5921428513"/>
  <nd ref="5921428514"/>
  <nd ref="5921428635"/>
  <nd ref="2355550045"/>
  <nd ref="5921428583"/>
  <nd ref="5921428629"/>
  <nd ref="5921428515"/>
  <nd ref="5921428516"/>
  <nd ref="5921428517"/>
  <nd ref="5921428518"/>
  <nd ref="5921428519"/>
  <nd ref="5921428648"/>
  <nd ref="5921428520"/>
  <nd ref="5921428521"/>
  <nd ref="5921428522"/>
  <nd ref="2355550043"/>
  <nd ref="5921428523"/>
  <nd ref="1883467739"/>
  <tag k="boat" v="no"/>
  <tag k="intermittent" v="yes"/>
  <tag k="name" v="Bindal Nala"/>
  <tag k="name:en" v="Bindal Drain"/>
  <tag k="waterway" v="drain"/>
 </way>
 <way id="101677403" visible="true" version="14" changeset="153187028" timestamp="2024-06-26T07:01:55Z" user="nileshbarawkar" uid="16275544">
  <nd ref="1173919192"/>
  <nd ref="10041002592"/>
  <nd ref="10041002593"/>
  <nd ref="1173919193"/>
  <nd ref="6805030615"/>
  <nd ref="10038721614"/>
  <nd ref="6805030619"/>
  <nd ref="1173919194"/>
  <nd ref="1173919195"/>
  <nd ref="2142221039"/>
  <nd ref="9170873274"/>
  <nd ref="2142221040"/>
  <nd ref="2142221041"/>
  <nd ref="1173919196"/>
  <nd ref="3120297188"/>
  <nd ref="4467038143"/>
  <nd ref="1044518880"/>
  <nd ref="1173919190"/>
  <nd ref="1173919189"/>
  <nd ref="1044518761"/>
  <nd ref="1044518684"/>
  <nd ref="1173919188"/>
  <nd ref="1044518810"/>
  <nd ref="1173919187"/>
  <nd ref="1044518797"/>
  <nd ref="10042448784"/>
  <nd ref="1044518933"/>
  <nd ref="1044518726"/>
  <nd ref="1044518875"/>
  <nd ref="1173919185"/>
  <nd ref="10041207999"/>
  <nd ref="1044518687"/>
  <nd ref="1044518924"/>
  <nd ref="3120297187"/>
  <nd ref="1044518719"/>
  <nd ref="1044518801"/>
  <nd ref="1044518885"/>
  <nd ref="1044518855"/>
  <nd ref="6810637488"/>
  <nd ref="1044518872"/>
  <tag k="highway" v="tertiary"/>
  <tag k="maxspeed" v="30"/>
  <tag k="name" v="Mall Road"/>
 </way>
 <way id="101677404" visible="true" version="8" changeset="153187028" timestamp="2024-06-26T07:01:55Z" user="nileshbarawkar" uid="16275544">
  <nd ref="1044518880"/>
  <nd ref="1173919198"/>
  <nd ref="9170013332"/>
  <nd ref="1173919199"/>
  <nd ref="10039361318"/>
  <nd ref="9170013312"/>
  <nd ref="1173919200"/>
  <nd ref="10039361317"/>
  <nd ref="1173919201"/>
  <nd ref="1173919202"/>
  <nd ref="10038789238"/>
  <nd ref="10038789237"/>
  <nd ref="1173919203"/>
  <nd ref="1173919204"/>
  <nd ref="6805030626"/>
  <nd ref="1173919205"/>
  <nd ref="10039204275"/>
  <nd ref="1173919207"/>
  <nd ref="6805030642"/>
  <nd ref="1173919208"/>
  <nd ref="10039361319"/>
  <nd ref="1173919209"/>
  <nd ref="1173919210"/>
  <nd ref="1173919211"/>
  <tag k="highway" v="tertiary"/>
  <tag k="name" v="Young Road"/>
 </way>
 <way id="158385701" visible="true" version="6" changeset="107214252" timestamp="2021-06-30T15:03:07Z" user="arjunaraoc" uid="2742073">
  <nd ref="1705962965"/>
  <nd ref="1705962986"/>
  <nd ref="1705962962"/>
  <nd ref="1705962957"/>
  <nd ref="1705962982"/>
  <nd ref="1705962990"/>
  <nd ref="8344261788"/>
  <nd ref="1705962988"/>
  <nd ref="8344261789"/>
  <nd ref="8344261793"/>
  <nd ref="8344261792"/>
  <nd ref="1705962961"/>
  <nd ref="1705962995"/>
  <nd ref="1705962993"/>
  <nd ref="8344261787"/>
  <nd ref="8343543662"/>
  <nd ref="8343543666"/>
  <nd ref="8343543663"/>
  <nd ref="1705962965"/>
  <tag k="amenity" v="school"/>
  <tag k="grades" v="7-12"/>
  <tag k="name" v="The Doon School"/>
  <tag k="name:te" v="ది డూన్ స్కూల్"/>
  <tag k="religion" v="none"/>
  <tag k="website" v="https://www.doonschool.com"/>
  <tag k="wikidata" v="Q3087343"/>
 </way>
 <way id="158895259" visible="true" version="19" changeset="133692685" timestamp="2023-03-15T04:41:55Z" user="SLV_OSM" uid="2966528">
  <nd ref="1710193451"/>
  <nd ref="10017457767"/>
  <nd ref="6774621415"/>
  <nd ref="6805329103"/>
  <nd ref="10038789249"/>
  <nd ref="1710193443"/>
  <nd ref="5988710752"/>
  <nd ref="5988710751"/>
  <nd ref="10017457768"/>
  <nd ref="1710193448"/>
  <nd ref="5988710753"/>
  <nd ref="1710193470"/>
  <nd ref="10038789248"/>
  <nd ref="3639332138"/>
  <nd ref="10038789247"/>
  <nd ref="1710193446"/>
  <nd ref="10038789246"/>
  <nd ref="5988710757"/>
  <nd ref="6805329088"/>
  <nd ref="1710193418"/>
  <nd ref="2569073300"/>
  <nd ref="10026276027"/>
  <nd ref="10026276028"/>
  <nd ref="10026276029"/>
  <nd ref="1710193432"/>
  <nd ref="10026276030"/>
  <nd ref="10017457772"/>
  <nd ref="1710193437"/>
  <nd ref="10017457770"/>
  <nd ref="10017457771"/>
  <nd ref="10017457769"/>
  <nd ref="1710193424"/>
  <nd ref="2569073293"/>
  <nd ref="10017457773"/>
  <nd ref="1710193440"/>
  <nd ref="10017457774"/>
  <nd ref="10017457775"/>
  <nd ref="1710193415"/>
  <nd ref="10017457777"/>
  <nd ref="10017457776"/>
  <nd ref="1710193468"/>
  <nd ref="6810829935"/>
  <nd ref="10017457778"/>
  <nd ref="1710192189"/>
  <tag k="highway" v="tertiary"/>
  <tag k="name" v="Neshvilla Road"/>
  <tag k="oneway" v="no"/>
 </way>
 <way id="250475339" visible="true" version="4" changeset="126448971" timestamp="2022-09-21T06:36:32Z" user="VLD252" uid="10979432">
  <nd ref="2569073260"/>
  <nd ref="6669046329"/>
  <nd ref="2569073245"/>
  <nd ref="10041233031"/>
  <nd ref="2569073357"/>
  <nd ref="10041233032"/>
  <nd ref="2569073140"/>
  <tag k="highway" v="residential"/>
  <tag k="source" v="Bing"/>
  <tag k="surface" v="asphalt"/>
 </way>
 <way id="250475362" visible="true" version="2" changeset="74706605" timestamp="2019-09-20T06:52:39Z" user="Anas Lari" uid="9086392">
  <nd ref="2569073355"/>
  <nd ref="6810811892"/>
  <nd ref="6810811893"/>
  <nd ref="2569073246"/>
  <nd ref="6810790884"/>
  <nd ref="2569073232"/>
  <tag k="highway" v="residential"/>
  <tag k="source" v="Bing"/>
 </way>
 <way id="250475366" visible="true" version="1" changeset="19315021" timestamp="2013-12-06T23:58:22Z" user="SK53" uid="84681">
  <nd ref="2569073302"/>
  <nd ref="2569073284"/>
  <tag k="bridge" v="yes"/>
  <tag k="highway" v="residential"/>
  <tag k="layer" v="1"/>
  <tag k="source" v="Bing"/>
 </way>
 <way id="315596619" visible="true" version="5" changeset="126409734" timestamp="2022-09-20T07:44:21Z" user="VLD252" uid="10979432">
  <nd ref="4467038143"/>
  <nd ref="4467038142"/>
  <nd ref="4467038141"/>
  <nd ref="4467038140"/>
  <nd ref="4467038139"/>
  <nd ref="10038720903"/>
  <nd ref="4467038138"/>
  <nd ref="10038720904"/>
  <nd ref="4467038134"/>
  <nd ref="4467038131"/>
  <nd ref="10038720902"/>
  <nd ref="10038720901"/>
  <nd ref="4467038133"/>
  <nd ref="4467038135"/>
  <nd ref="4467038137"/>
  <nd ref="4467038136"/>
  <nd ref="4467038132"/>
  <nd ref="4467038130"/>
  <nd ref="10038720900"/>
  <nd ref="10038720899"/>
  <nd ref="4467038129"/>
  <nd ref="10038720898"/>
  <nd ref="3217205586"/>
  <nd ref="10038720897"/>
  <nd ref="3217205587"/>
  <nd ref="10038720896"/>
  <nd ref="3217205588"/>
  <nd ref="3217205589"/>
  <nd ref="3217205590"/>
  <nd ref="10038720895"/>
  <nd ref="3217205591"/>
  <nd ref="3217205592"/>
  <nd ref="3217205593"/>
  <nd ref="10038774420"/>
  <nd ref="3217205594"/>
  <nd ref="10038599704"/>
  <nd ref="3217205595"/>
  <nd ref="10038599703"/>
  <nd ref="10038720894"/>
  <nd ref="3217205596"/>
  <nd ref="3217205597"/>
  <nd ref="10038599702"/>
  <nd ref="10038599701"/>
  <nd ref="3217205598"/>
  <nd ref="3217205599"/>
  <nd ref="3217205600"/>
  <nd ref="10038720893"/>
  <nd ref="3217205601"/>
  <nd ref="3217205602"/>
  <nd ref="3217205603"/>
  <nd ref="3217205604"/>
  <nd ref="3217205605"/>
  <nd ref="3217205606"/>
  <tag k="highway" v="residential"/>
 </way>
 <way id="359175587" visible="true" version="8" changeset="133692685" timestamp="2023-03-15T04:41:55Z" user="SLV_OSM" uid="2966528">
  <nd ref="3639332118"/>
  <nd ref="3639332119"/>
  <nd ref="10041208008"/>
  <nd ref="3639332120"/>
  <nd ref="3639332121"/>
  <nd ref="2569073243"/>
  <nd ref="2569073174"/>
  <nd ref="6810811918"/>
  <nd ref="2569073251"/>
  <nd ref="2569073177"/>
  <nd ref="3639341295"/>
  <nd ref="2569073268"/>
  <nd ref="2569073147"/>
  <tag k="highway" v="tertiary"/>
  <tag k="source" v="Bing"/>
  <tag k="surface" v="asphalt"/>
 </way>
 <way id="385247297" visible="true" version="2" changeset="55522827" timestamp="2018-01-17T14:10:24Z" user="Oberaffe" uid="56597">
  <nd ref="3886020183"/>
  <nd ref="3886020186"/>
  <nd ref="3886020190"/>
  <nd ref="5344975411"/>
  <nd ref="5344975410"/>
  <nd ref="5344975409"/>
  <nd ref="5344975408"/>
  <nd ref="5344975407"/>
  <nd ref="5344975406"/>
  <nd ref="5344975404"/>
  <nd ref="5344975405"/>
  <nd ref="5344975403"/>
  <nd ref="3886020208"/>
  <nd ref="3886020212"/>
  <nd ref="3886020222"/>
  <nd ref="3886020228"/>
  <nd ref="3886020219"/>
  <nd ref="3886020227"/>
  <tag k="cables" v="6"/>
  <tag k="power" v="line"/>
  <tag k="voltage" v="132000"/>
 </way>
 <way id="385247305" visible="true" version="1" changeset="35865404" timestamp="2015-12-10T13:17:03Z" user="Oberaffe" uid="56597">
  <nd ref="3886020234"/>
  <nd ref="3886020232"/>
  <nd ref="3886020230"/>
  <nd ref="3886020229"/>
  <nd ref="3886020220"/>
  <nd ref="3886020221"/>
  <nd ref="3886020226"/>
  <nd ref="3886020233"/>
  <nd ref="3886020234"/>
  <tag k="name" v="Bindal"/>
  <tag k="power" v="substation"/>
 </way>
 <way id="421803563" visible="true" version="4" changeset="97917739" timestamp="2021-01-21T16:34:26Z" user="श्र" uid="12519778">
  <nd ref="4215414519"/>
  <nd ref="4215414516"/>
  <nd ref="4215414515"/>
  <nd ref="4215414508"/>
  <nd ref="8344261766"/>
  <nd ref="4215414505"/>
  <nd ref="8344261768"/>
  <nd ref="8344261767"/>
  <nd ref="4215414504"/>
  <nd ref="8343543692"/>
  <nd ref="8343543691"/>
  <nd ref="8345873104"/>
  <nd ref="4215414512"/>
  <nd ref="4215414510"/>
  <nd ref="4215414511"/>
  <nd ref="4215414513"/>
  <nd ref="4215414514"/>
  <nd ref="4215414519"/>
  <tag k="building" v="school"/>
  <tag k="building:levels" v="2"/>
  <tag k="name" v="Main Building"/>
 </way>
 <way id="421803569" visible="true" version="2" changeset="97917739" timestamp="2021-01-21T16:34:26Z" user="श्र" uid="12519778">
  <nd ref="4215414567"/>
  <nd ref="4215414564"/>
  <nd ref="4215414565"/>
  <nd ref="4215414568"/>
  <nd ref="4215414567"/>
  <tag k="building" v="house"/>
 </way>
 <way id="421803577" visible="true" version="1" changeset="39665360" timestamp="2016-05-30T13:10:36Z" user="manoharuss" uid="3769434">
  <nd ref="4215412680"/>
  <nd ref="4215412667"/>
  <nd ref="4215414570"/>
  <nd ref="4215414574"/>
  <nd ref="4215412680"/>
  <tag k="building" v="yes"/>
 </way>
 <way id="421803592" visible="true" version="2" changeset="97917739" timestamp="2021-01-21T16:34:26Z" user="श्र" uid="12519778">
  <nd ref="4215414575"/>
  <nd ref="4215414571"/>
  <nd ref="4215414572"/>
  <nd ref="4215414576"/>
  <nd ref="4215414575"/>
  <tag k="building" v="house"/>
 </way>
 <way id="421803599" visible="true" version="1" changeset="39665360" timestamp="2016-05-30T13:10:37Z" user="manoharuss" uid="3769434">
  <nd ref="4215414560"/>
  <nd ref="4215414562"/>
  <nd ref="4215414563"/>
  <nd ref="4215414561"/>
  <nd ref="4215414560"/>
  <tag k="building" v="yes"/>
 </way>
 <way id="421803627" visible="true" version="1" changeset="39665360" timestamp="2016-05-30T13:10:40Z" user="manoharuss" uid="3769434">
  <nd ref="4215414577"/>
  <nd ref="4215414569"/>
  <nd ref="4215414566"/>
  <nd ref="4215414573"/>
  <nd ref="4215414577"/>
  <tag k="building" v="yes"/>
 </way>
 <way id="421803662" visible="true" version="4" changeset="100010826" timestamp="2021-02-26T02:10:32Z" user="श्र" uid="12519778">
  <nd ref="4215414556"/>
  <nd ref="4215414559"/>
  <nd ref="8344261773"/>
  <nd ref="8344261774"/>
  <nd ref="8344261775"/>
  <nd ref="8344261776"/>
  <nd ref="4215414543"/>
  <nd ref="4215414520"/>
  <nd ref="8344261772"/>
  <nd ref="8344261771"/>
  <nd ref="8344261770"/>
  <nd ref="8344261769"/>
  <nd ref="4215414527"/>
  <nd ref="4215414535"/>
  <nd ref="4215414524"/>
  <nd ref="4215414539"/>
  <nd ref="4215414556"/>
  <tag k="building" v="dormitory"/>
  <tag k="building:levels" v="2"/>
  <tag k="name" v="Tata House"/>
 </way>
 <way id="421955847" visible="true" version="1" changeset="39682034" timestamp="2016-05-31T07:28:03Z" user="manoharuss" uid="3769434">
  <nd ref="4216894706"/>
  <nd ref="4216894704"/>
  <nd ref="4216894708"/>
  <nd ref="4216894710"/>
  <nd ref="4216894706"/>
  <tag k="building" v="yes"/>
 </way>
 <way id="421955858" visible="true" version="2" changeset="97878963" timestamp="2021-01-21T06:27:15Z" user="श्र" uid="12519778">
  <nd ref="4216894722"/>
  <nd ref="4216894720"/>
  <nd ref="4216894721"/>
  <nd ref="4216894723"/>
  <nd ref="4216894722"/>
  <tag k="amenity" v="theatre"/>
  <tag k="building" v="yes"/>
  <tag k="name" v="Music School Hall"/>
 </way>
 <way id="421955859" visible="true" version="1" changeset="39682034" timestamp="2016-05-31T07:28:04Z" user="manoharuss" uid="3769434">
  <nd ref="4216894724"/>
  <nd ref="4216894726"/>
  <nd ref="4216894728"/>
  <nd ref="4216894725"/>
  <nd ref="4216894724"/>
  <tag k="building" v="yes"/>
 </way>
 <way id="421955862" visible="true" version="1" changeset="39682034" timestamp="2016-05-31T07:28:04Z" user="manoharuss" uid="3769434">
  <nd ref="4216894714"/>
  <nd ref="4216894712"/>
  <nd ref="4216894715"/>
  <nd ref="4216894716"/>
  <nd ref="4216894714"/>
  <tag k="building" v="yes"/>
 </way>
 <way id="421955871" visible="true" version="1" changeset="39682034" timestamp="2016-05-31T07:28:05Z" user="manoharuss" uid="3769434">
  <nd ref="4216894730"/>
  <nd ref="4216894719"/>
  <nd ref="4216894717"/>
  <nd ref="4216894729"/>
  <nd ref="4216894727"/>
  <nd ref="4216894713"/>
  <nd ref="4216894718"/>
  <nd ref="4216894731"/>
  <nd ref="4216894730"/>
  <tag k="building" v="yes"/>
 </way>
 <way id="527433582" visible="true" version="5" changeset="126448971" timestamp="2022-09-21T06:36:32Z" user="VLD252" uid="10979432">
  <nd ref="2569073147"/>
  <nd ref="2569073209"/>
  <nd ref="10041233029"/>
  <nd ref="2569073354"/>
  <nd ref="9170873223"/>
  <nd ref="2569073191"/>
  <nd ref="9170873231"/>
  <nd ref="2569073279"/>
  <nd ref="2569073338"/>
  <nd ref="6669078097"/>
  <nd ref="2569073337"/>
  <nd ref="2569073265"/>
  <nd ref="2569073302"/>
  <tag k="highway" v="residential"/>
  <tag k="source" v="Bing"/>
  <tag k="surface" v="asphalt"/>
 </way>
 <way id="634670385" visible="true" version="10" changeset="133692685" timestamp="2023-03-15T04:41:55Z" user="SLV_OSM" uid="2966528">
  <nd ref="2569073147"/>
  <nd ref="1710194763"/>
  <nd ref="2569073140"/>
  <nd ref="9170873227"/>
  <nd ref="6669046334"/>
  <nd ref="1710194761"/>
  <nd ref="10041208007"/>
  <nd ref="1710194758"/>
  <nd ref="6669046337"/>
  <nd ref="5988710750"/>
  <nd ref="1710193421"/>
  <nd ref="10038789252"/>
  <nd ref="1710193426"/>
  <nd ref="10038789253"/>
  <nd ref="6805328483"/>
  <nd ref="1710193435"/>
  <nd ref="6805329085"/>
  <nd ref="10038789251"/>
  <nd ref="1710193457"/>
  <nd ref="10038789250"/>
  <nd ref="9170873232"/>
  <nd ref="10225592992"/>
  <nd ref="1710193451"/>
  <tag k="highway" v="tertiary"/>
  <tag k="name" v="Neshvilla Road"/>
  <tag k="oneway" v="no"/>
 </way>
 <way id="709516314" visible="true" version="3" changeset="126448551" timestamp="2022-09-21T06:25:57Z" user="VLD252" uid="10979432">
  <nd ref="6669046329"/>
  <nd ref="9170873224"/>
  <nd ref="6669046330"/>
  <nd ref="6669046331"/>
  <nd ref="6669046332"/>
  <nd ref="2569073355"/>
  <tag k="highway" v="residential"/>
 </way>
 <way id="709516315" visible="true" version="2" changeset="126448551" timestamp="2022-09-21T06:25:57Z" user="VLD252" uid="10979432">
  <nd ref="6669046332"/>
  <nd ref="2569073260"/>
  <tag k="highway" v="residential"/>
 </way>
 <way id="709516316" visible="true" version="2" changeset="126448551" timestamp="2022-09-21T06:25:57Z" user="VLD252" uid="10979432">
  <nd ref="6669046330"/>
  <nd ref="6669046333"/>
  <nd ref="6669046334"/>
  <tag k="highway" v="residential"/>
 </way>
 <way id="709516317" visible="true" version="2" changeset="126408032" timestamp="2022-09-20T06:57:17Z" user="VLD252" uid="10979432">
  <nd ref="6669046330"/>
  <nd ref="6669046335"/>
  <nd ref="10038662957"/>
  <nd ref="6669046336"/>
  <nd ref="10038662956"/>
  <nd ref="6669046337"/>
  <tag k="highway" v="residential"/>
 </way>
 <way id="709516318" visible="true" version="2" changeset="126448971" timestamp="2022-09-21T06:36:32Z" user="VLD252" uid="10979432">
  <nd ref="6669046338"/>
  <nd ref="6669046339"/>
  <nd ref="6669046340"/>
  <nd ref="2569073147"/>
  <tag k="highway" v="residential"/>
 </way>
 <way id="709520481" visible="true" version="2" changeset="126408032" timestamp="2022-09-20T06:57:17Z" user="VLD252" uid="10979432">
  <nd ref="6669078092"/>
  <nd ref="6669078093"/>
  <nd ref="6669078094"/>
  <nd ref="6669078095"/>
  <nd ref="6669078096"/>
  <nd ref="6669078097"/>
  <tag k="highway" v="residential"/>
 </way>
 <way id="709520482" visible="true" version="3" changeset="126410103" timestamp="2022-09-20T07:54:38Z" user="VLD252" uid="10979432">
  <nd ref="6669078096"/>
  <nd ref="10038789239"/>
  <nd ref="6669078098"/>
  <nd ref="6669078099"/>
  <nd ref="6669078100"/>
  <tag k="highway" v="residential"/>
 </way>
 <way id="725823520" visible="true" version="1" changeset="74620401" timestamp="2019-09-18T11:15:06Z" user="Anas Lari" uid="9086392">
  <nd ref="6805328481"/>
  <nd ref="6805328477"/>
  <nd ref="6805328476"/>
  <nd ref="6805328475"/>
  <nd ref="6805328474"/>
  <nd ref="6805328473"/>
  <nd ref="6805328472"/>
  <tag k="highway" v="residential"/>
 </way>
 <way id="725823521" visible="true" version="2" changeset="129520128" timestamp="2022-11-29T12:46:38Z" user="user_10603760" uid="10603760">
  <nd ref="6805328483"/>
  <nd ref="6805328482"/>
  <nd ref="6805328481"/>
  <nd ref="6805328480"/>
  <nd ref="10225592993"/>
  <nd ref="6805328479"/>
  <nd ref="6805328478"/>
  <nd ref="10225592986"/>
  <nd ref="10225592987"/>
  <nd ref="10225592988"/>
  <nd ref="10225592989"/>
  <nd ref="10225592990"/>
  <nd ref="10225592991"/>
  <nd ref="10225592992"/>
  <tag k="highway" v="residential"/>
 </way>
 <way id="725823522" visible="true" version="1" changeset="74620401" timestamp="2019-09-18T11:15:06Z" user="Anas Lari" uid="9086392">
  <nd ref="6805329085"/>
  <nd ref="6805328484"/>
  <tag k="highway" v="residential"/>
 </way>
 <way id="725823523" visible="true" version="1" changeset="74620401" timestamp="2019-09-18T11:15:06Z" user="Anas Lari" uid="9086392">
  <nd ref="1710193457"/>
  <nd ref="6805329086"/>
  <tag k="highway" v="residential"/>
 </way>
 <way id="725823528" visible="true" version="2" changeset="126408414" timestamp="2022-09-20T07:07:06Z" user="VLD252" uid="10979432">
  <nd ref="6805329103"/>
  <nd ref="6805329102"/>
  <nd ref="6805329101"/>
  <nd ref="10038674920"/>
  <nd ref="6805329100"/>
  <nd ref="10038674921"/>
  <nd ref="6805329099"/>
  <nd ref="6805329098"/>
  <nd ref="10038674918"/>
  <nd ref="6805329097"/>
  <nd ref="10038674919"/>
  <nd ref="6805329096"/>
  <tag k="highway" v="residential"/>
 </way>
 <way id="745794333" visible="true" version="3" changeset="77170732" timestamp="2019-11-16T17:35:40Z" user="Arun Balaji" uid="3427745">
  <nd ref="6980321291"/>
  <nd ref="6980321290"/>
  <nd ref="6980321289"/>
  <nd ref="6980321288"/>
  <nd ref="6980321287"/>
  <nd ref="6980320699"/>
  <nd ref="6980320700"/>
  <nd ref="6980320701"/>
  <nd ref="6980320702"/>
  <nd ref="6980320703"/>
  <nd ref="6980320704"/>
  <nd ref="6980321280"/>
  <nd ref="6980321279"/>
  <nd ref="6980321278"/>
  <nd ref="6980321277"/>
  <nd ref="6980321276"/>
  <nd ref="6980321275"/>
  <nd ref="6980321274"/>
  <nd ref="6980321273"/>
  <nd ref="6980321272"/>
  <nd ref="6980321271"/>
  <nd ref="6980321270"/>
  <nd ref="6980321269"/>
  <nd ref="6980321268"/>
  <nd ref="6980321267"/>
  <nd ref="6980321266"/>
  <nd ref="6980321265"/>
  <nd ref="6980321264"/>
  <nd ref="6980321263"/>
  <nd ref="6980321262"/>
  <nd ref="6980321261"/>
  <nd ref="6980321260"/>
  <nd ref="6980321259"/>
  <nd ref="6980321258"/>
  <nd ref="6980321257"/>
  <nd ref="6980321256"/>
  <nd ref="6980321255"/>
  <nd ref="6980321254"/>
  <nd ref="6980321253"/>
  <nd ref="6980321252"/>
  <nd ref="6980321251"/>
  <nd ref="6980321250"/>
  <nd ref="6980321249"/>
  <nd ref="6980321248"/>
  <nd ref="6980321247"/>
  <nd ref="6980321246"/>
  <nd ref="6980321245"/>
  <nd ref="6980321244"/>
  <nd ref="6980321243"/>
  <nd ref="6980321242"/>
  <nd ref="6980321241"/>
  <nd ref="6980321240"/>
  <nd ref="6980321239"/>
  <nd ref="6980321238"/>
  <nd ref="6980321237"/>
  <nd ref="6980321236"/>
  <nd ref="6980321235"/>
  <nd ref="6980321234"/>
  <nd ref="6980321233"/>
  <nd ref="6980321232"/>
  <nd ref="6980321231"/>
  <nd ref="6980321230"/>
  <nd ref="6980321229"/>
  <nd ref="6980321228"/>
  <nd ref="6980321227"/>
  <nd ref="6980321226"/>
  <nd ref="6980321225"/>
  <nd ref="6980321224"/>
  <nd ref="6980321223"/>
  <nd ref="6980321222"/>
  <nd ref="6980321221"/>
  <nd ref="6980321220"/>
  <nd ref="6980321219"/>
  <nd ref="6980321218"/>
  <nd ref="6980321217"/>
  <nd ref="6980321216"/>
  <nd ref="6980321215"/>
  <nd ref="6980321214"/>
  <nd ref="6980321213"/>
  <nd ref="6980321212"/>
  <nd ref="6980321211"/>
  <nd ref="6980321210"/>
  <nd ref="6980321209"/>
  <nd ref="6980321208"/>
  <nd ref="6980321207"/>
  <nd ref="6980321206"/>
  <nd ref="6980321205"/>
  <nd ref="6980321204"/>
  <nd ref="6980321203"/>
  <nd ref="6980321202"/>
  <nd ref="6980321201"/>
  <nd ref="6980321200"/>
  <nd ref="6980321199"/>
  <nd ref="6980321198"/>
  <nd ref="6980321197"/>
  <nd ref="6980321196"/>
  <nd ref="6980321195"/>
  <nd ref="6980321194"/>
  <nd ref="6980321193"/>
  <nd ref="6980321192"/>
  <nd ref="6980321191"/>
  <nd ref="6980321190"/>
  <nd ref="6980321189"/>
  <nd ref="6980321188"/>
  <nd ref="6980321187"/>
  <nd ref="6980321186"/>
  <nd ref="6980321185"/>
  <nd ref="6980321184"/>
  <nd ref="6980321183"/>
  <nd ref="6980321182"/>
  <nd ref="6980321181"/>
  <nd ref="6980321180"/>
  <nd ref="6980321179"/>
  <nd ref="6980321178"/>
  <nd ref="6980321177"/>
  <nd ref="6980321176"/>
  <nd ref="6980321175"/>
  <nd ref="6980321174"/>
  <nd ref="6980321173"/>
  <nd ref="6980321172"/>
  <nd ref="6980321171"/>
  <nd ref="6980321170"/>
  <nd ref="6980321169"/>
  <nd ref="6980321168"/>
  <nd ref="6980321167"/>
  <nd ref="6980321166"/>
  <nd ref="6980321165"/>
  <nd ref="6980321164"/>
  <nd ref="6980321163"/>
  <nd ref="6980321162"/>
  <nd ref="6980321161"/>
  <nd ref="6980321160"/>
  <nd ref="6980321159"/>
  <nd ref="6980321158"/>
  <nd ref="6980321157"/>
  <nd ref="6980321156"/>
  <nd ref="6980321155"/>
  <nd ref="6980321154"/>
  <nd ref="6980321153"/>
  <nd ref="6980321152"/>
  <nd ref="6980321151"/>
  <nd ref="6980321150"/>
  <nd ref="6980321149"/>
  <nd ref="6980321148"/>
  <nd ref="6980321147"/>
  <nd ref="6980321146"/>
  <nd ref="6980321145"/>
  <nd ref="6980321144"/>
  <nd ref="6980321143"/>
  <nd ref="6980321142"/>
  <nd ref="6980321141"/>
  <nd ref="6980321140"/>
  <nd ref="6980321139"/>
  <nd ref="6980321138"/>
  <nd ref="6980321137"/>
  <nd ref="6980321136"/>
  <nd ref="6980321135"/>
  <nd ref="6980321134"/>
  <nd ref="6980321133"/>
  <nd ref="6980321132"/>
  <nd ref="6980321131"/>
  <nd ref="6980321130"/>
  <nd ref="6980321129"/>
  <nd ref="6980321128"/>
  <nd ref="6980321127"/>
  <nd ref="6980321126"/>
  <nd ref="6980321125"/>
  <nd ref="6980321124"/>
  <nd ref="6980321123"/>
  <nd ref="6980321122"/>
  <nd ref="6980321121"/>
  <nd ref="6980321120"/>
  <nd ref="6980321119"/>
  <nd ref="6980321118"/>
  <nd ref="6980321117"/>
  <nd ref="6980321116"/>
  <nd ref="6980321115"/>
  <nd ref="6980321114"/>
  <nd ref="6980321113"/>
  <nd ref="6980321112"/>
  <nd ref="6980321111"/>
  <nd ref="6980321110"/>
  <nd ref="6980321109"/>
  <nd ref="6980321108"/>
  <nd ref="6980321107"/>
  <nd ref="6980321106"/>
  <nd ref="6980321105"/>
  <nd ref="6980320692"/>
  <nd ref="6980321291"/>
  <tag k="alt_name" v="14"/>
  <tag k="boundary" v="administrative"/>
  <tag k="name" v="Indira Colony"/>
 </way>
 <way id="745819331" visible="true" version="1" changeset="77139518" timestamp="2019-11-15T17:09:01Z" user="Arun Balaji" uid="3427745">
  <nd ref="6980452951"/>
  <nd ref="6980452948"/>
  <nd ref="6980452949"/>
  <nd ref="6980452950"/>
  <nd ref="6980452951"/>
  <tag k="building" v="yes"/>
 </way>
 <way id="745819332" visible="true" version="1" changeset="77139518" timestamp="2019-11-15T17:09:01Z" user="Arun Balaji" uid="3427745">
  <nd ref="6980452955"/>
  <nd ref="6980452952"/>
  <nd ref="6980452953"/>
  <nd ref="6980452954"/>
  <nd ref="6980452955"/>
  <tag k="building" v="yes"/>
 </way>
 <way id="745819333" visible="true" version="1" changeset="77139518" timestamp="2019-11-15T17:09:01Z" user="Arun Balaji" uid="3427745">
  <nd ref="6980452959"/>
  <nd ref="6980452956"/>
  <nd ref="6980452957"/>
  <nd ref="6980452958"/>
  <nd ref="6980452959"/>
  <tag k="building" v="yes"/>
 </way>
 <way id="745819334" visible="true" version="1" changeset="77139518" timestamp="2019-11-15T17:09:01Z" user="Arun Balaji" uid="3427745">
  <nd ref="6980452963"/>
  <nd ref="6980452960"/>
  <nd ref="6980452961"/>
  <nd ref="6980452962"/>
  <nd ref="6980452963"/>
  <tag k="building" v="yes"/>
 </way>
 <way id="745819335" visible="true" version="1" changeset="77139518" timestamp="2019-11-15T17:09:01Z" user="Arun Balaji" uid="3427745">
  <nd ref="6980452967"/>
  <nd ref="6980452964"/>
  <nd ref="6980452965"/>
  <nd ref="6980452966"/>
  <nd ref="6980452967"/>
  <tag k="building" v="yes"/>
 </way>
 <way id="745819336" visible="true" version="1" changeset="77139518" timestamp="2019-11-15T17:09:01Z" user="Arun Balaji" uid="3427745">
  <nd ref="6980452971"/>
  <nd ref="6980452968"/>
  <nd ref="6980452969"/>
  <nd ref="6980452970"/>
  <nd ref="6980452971"/>
  <tag k="building" v="yes"/>
 </way>
 <way id="745819337" visible="true" version="1" changeset="77139518" timestamp="2019-11-15T17:09:01Z" user="Arun Balaji" uid="3427745">
  <nd ref="6980452975"/>
  <nd ref="6980452974"/>
  <nd ref="6980452973"/>
  <nd ref="6980452972"/>
  <nd ref="6980452975"/>
  <tag k="building" v="yes"/>
 </way>
 <way id="745819338" visible="true" version="1" changeset="77139518" timestamp="2019-11-15T17:09:01Z" user="Arun Balaji" uid="3427745">
  <nd ref="6980452979"/>
  <nd ref="6980452978"/>
  <nd ref="6980452977"/>
  <nd ref="6980452976"/>
  <nd ref="6980452979"/>
  <tag k="building" v="yes"/>
 </way>
 <way id="745819353" visible="true" version="1" changeset="77139518" timestamp="2019-11-15T17:09:01Z" user="Arun Balaji" uid="3427745">
  <nd ref="6980454045"/>
  <nd ref="6980454042"/>
  <nd ref="6980454043"/>
  <nd ref="6980454044"/>
  <nd ref="6980454045"/>
  <tag k="building" v="yes"/>
 </way>
 <way id="745842225" visible="true" version="1" changeset="77139968" timestamp="2019-11-15T17:23:37Z" user="Arun Balaji" uid="3427745">
  <nd ref="6980560241"/>
  <nd ref="6980560240"/>
  <nd ref="6980560239"/>
  <nd ref="6980560238"/>
  <nd ref="6980560241"/>
  <tag k="building" v="yes"/>
 </way>
 <way id="745842250" visible="true" version="1" changeset="77139968" timestamp="2019-11-15T17:23:37Z" user="Arun Balaji" uid="3427745">
  <nd ref="6980572945"/>
  <nd ref="6980572944"/>
  <nd ref="6980572943"/>
  <nd ref="6980572942"/>
  <nd ref="6980572945"/>
  <tag k="building" v="yes"/>
 </way>
 <way id="745842253" visible="true" version="1" changeset="77139968" timestamp="2019-11-15T17:23:37Z" user="Arun Balaji" uid="3427745">
  <nd ref="6980572957"/>
  <nd ref="6980572954"/>
  <nd ref="6980572955"/>
  <nd ref="6980572956"/>
  <nd ref="6980572957"/>
  <tag k="building" v="yes"/>
 </way>
 <way id="745842254" visible="true" version="1" changeset="77139968" timestamp="2019-11-15T17:23:37Z" user="Arun Balaji" uid="3427745">
  <nd ref="6980572961"/>
  <nd ref="6980572958"/>
  <nd ref="6980572959"/>
  <nd ref="6980572960"/>
  <nd ref="6980572961"/>
  <tag k="building" v="yes"/>
 </way>
 <way id="745842255" visible="true" version="1" changeset="77139968" timestamp="2019-11-15T17:23:37Z" user="Arun Balaji" uid="3427745">
  <nd ref="6980572965"/>
  <nd ref="6980572962"/>
  <nd ref="6980572963"/>
  <nd ref="6980572964"/>
  <nd ref="6980572965"/>
  <tag k="building" v="yes"/>
 </way>
 <way id="745842256" visible="true" version="1" changeset="77139968" timestamp="2019-11-15T17:23:37Z" user="Arun Balaji" uid="3427745">
  <nd ref="6980572969"/>
  <nd ref="6980572968"/>
  <nd ref="6980572967"/>
  <nd ref="6980572966"/>
  <nd ref="6980572969"/>
  <tag k="building" v="yes"/>
 </way>
 <way id="745842257" visible="true" version="1" changeset="77139968" timestamp="2019-11-15T17:23:37Z" user="Arun Balaji" uid="3427745">
  <nd ref="6980572973"/>
  <nd ref="6980572970"/>
  <nd ref="6980572971"/>
  <nd ref="6980572972"/>
  <nd ref="6980572973"/>
  <tag k="building" v="yes"/>
 </way>
 <way id="745842266" visible="true" version="1" changeset="77139968" timestamp="2019-11-15T17:23:37Z" user="Arun Balaji" uid="3427745">
  <nd ref="6980573011"/>
  <nd ref="6980573008"/>
  <nd ref="6980573009"/>
  <nd ref="6980573010"/>
  <nd ref="6980573011"/>
  <tag k="building" v="yes"/>
 </way>
 <way id="745842267" visible="true" version="1" changeset="77139968" timestamp="2019-11-15T17:23:37Z" user="Arun Balaji" uid="3427745">
  <nd ref="6980573015"/>
  <nd ref="6980573014"/>
  <nd ref="6980573013"/>
  <nd ref="6980573012"/>
  <nd ref="6980573015"/>
  <tag k="building" v="yes"/>
 </way>
 <way id="745842268" visible="true" version="1" changeset="77139968" timestamp="2019-11-15T17:23:37Z" user="Arun Balaji" uid="3427745">
  <nd ref="6980573019"/>
  <nd ref="6980573016"/>
  <nd ref="6980573017"/>
  <nd ref="6980573018"/>
  <nd ref="6980573019"/>
  <tag k="building" v="yes"/>
 </way>
 <way id="745842269" visible="true" version="1" changeset="77139968" timestamp="2019-11-15T17:23:37Z" user="Arun Balaji" uid="3427745">
  <nd ref="6980573023"/>
  <nd ref="6980573020"/>
  <nd ref="6980573021"/>
  <nd ref="6980573022"/>
  <nd ref="6980573023"/>
  <tag k="building" v="yes"/>
 </way>
 <way id="745842270" visible="true" version="1" changeset="77139968" timestamp="2019-11-15T17:23:37Z" user="Arun Balaji" uid="3427745">
  <nd ref="6980573027"/>
  <nd ref="6980573026"/>
  <nd ref="6980573025"/>
  <nd ref="6980573024"/>
  <nd ref="6980573027"/>
  <tag k="building" v="yes"/>
 </way>
 <way id="745842271" visible="true" version="1" changeset="77139968" timestamp="2019-11-15T17:23:37Z" user="Arun Balaji" uid="3427745">
  <nd ref="6980573031"/>
  <nd ref="6980573028"/>
  <nd ref="6980573029"/>
  <nd ref="6980573030"/>
  <nd ref="6980573031"/>
  <tag k="building" v="yes"/>
 </way>
 <way id="745842272" visible="true" version="1" changeset="77139968" timestamp="2019-11-15T17:23:37Z" user="Arun Balaji" uid="3427745">
  <nd ref="6980573035"/>
  <nd ref="6980573032"/>
  <nd ref="6980573033"/>
  <nd ref="6980573034"/>
  <nd ref="6980573035"/>
  <tag k="building" v="yes"/>
 </way>
 <way id="745842273" visible="true" version="1" changeset="77139968" timestamp="2019-11-15T17:23:37Z" user="Arun Balaji" uid="3427745">
  <nd ref="6980573039"/>
  <nd ref="6980573038"/>
  <nd ref="6980573037"/>
  <nd ref="6980573036"/>
  <nd ref="6980573039"/>
  <tag k="building" v="yes"/>
 </way>
 <way id="745842274" visible="true" version="1" changeset="77139968" timestamp="2019-11-15T17:23:37Z" user="Arun Balaji" uid="3427745">
  <nd ref="6980573043"/>
  <nd ref="6980573042"/>
  <nd ref="6980573041"/>
  <nd ref="6980573040"/>
  <nd ref="6980573043"/>
  <tag k="building" v="yes"/>
 </way>
 <way id="745842275" visible="true" version="1" changeset="77139968" timestamp="2019-11-15T17:23:37Z" user="Arun Balaji" uid="3427745">
  <nd ref="6980573047"/>
  <nd ref="6980573044"/>
  <nd ref="6980573045"/>
  <nd ref="6980573046"/>
  <nd ref="6980573047"/>
  <tag k="building" v="yes"/>
 </way>
 <way id="745842276" visible="true" version="1" changeset="77139968" timestamp="2019-11-15T17:23:37Z" user="Arun Balaji" uid="3427745">
  <nd ref="6980573051"/>
  <nd ref="6980573048"/>
  <nd ref="6980573049"/>
  <nd ref="6980573050"/>
  <nd ref="6980573051"/>
  <tag k="building" v="yes"/>
 </way>
 <way id="745842277" visible="true" version="1" changeset="77139968" timestamp="2019-11-15T17:23:37Z" user="Arun Balaji" uid="3427745">
  <nd ref="6980573055"/>
  <nd ref="6980573054"/>
  <nd ref="6980573053"/>
  <nd ref="6980573052"/>
  <nd ref="6980573055"/>
  <tag k="building" v="yes"/>
 </way>
 <way id="745842278" visible="true" version="1" changeset="77139968" timestamp="2019-11-15T17:23:37Z" user="Arun Balaji" uid="3427745">
  <nd ref="6980573059"/>
  <nd ref="6980573056"/>
  <nd ref="6980573057"/>
  <nd ref="6980573058"/>
  <nd ref="6980573059"/>
  <tag k="building" v="yes"/>
 </way>
 <way id="745842279" visible="true" version="1" changeset="77139968" timestamp="2019-11-15T17:23:37Z" user="Arun Balaji" uid="3427745">
  <nd ref="6980573063"/>
  <nd ref="6980573060"/>
  <nd ref="6980573061"/>
  <nd ref="6980573062"/>
  <nd ref="6980573063"/>
  <tag k="building" v="yes"/>
 </way>
 <way id="745842280" visible="true" version="1" changeset="77139968" timestamp="2019-11-15T17:23:37Z" user="Arun Balaji" uid="3427745">
  <nd ref="6980573067"/>
  <nd ref="6980573064"/>
  <nd ref="6980573065"/>
  <nd ref="6980573066"/>
  <nd ref="6980573067"/>
  <tag k="building" v="yes"/>
 </way>
 <way id="745842281" visible="true" version="1" changeset="77139968" timestamp="2019-11-15T17:23:37Z" user="Arun Balaji" uid="3427745">
  <nd ref="6980573071"/>
  <nd ref="6980573068"/>
  <nd ref="6980573069"/>
  <nd ref="6980573070"/>
  <nd ref="6980573071"/>
  <tag k="building" v="yes"/>
 </way>
 <way id="745842282" visible="true" version="1" changeset="77139968" timestamp="2019-11-15T17:23:37Z" user="Arun Balaji" uid="3427745">
  <nd ref="6980573075"/>
  <nd ref="6980573072"/>
  <nd ref="6980573073"/>
  <nd ref="6980573074"/>
  <nd ref="6980573075"/>
  <tag k="building" v="yes"/>
 </way>
 <way id="745842283" visible="true" version="1" changeset="77139968" timestamp="2019-11-15T17:23:37Z" user="Arun Balaji" uid="3427745">
  <nd ref="6980573079"/>
  <nd ref="6980573076"/>
  <nd ref="6980573077"/>
  <nd ref="6980573078"/>
  <nd ref="6980573079"/>
  <tag k="building" v="yes"/>
 </way>
 <way id="745842284" visible="true" version="1" changeset="77139968" timestamp="2019-11-15T17:23:37Z" user="Arun Balaji" uid="3427745">
  <nd ref="6980573085"/>
  <nd ref="6980573082"/>
  <nd ref="6980573083"/>
  <nd ref="6980573080"/>
  <nd ref="6980573081"/>
  <nd ref="6980573084"/>
  <nd ref="6980573085"/>
  <tag k="building" v="yes"/>
 </way>
 <way id="745842285" visible="true" version="1" changeset="77139968" timestamp="2019-11-15T17:23:37Z" user="Arun Balaji" uid="3427745">
  <nd ref="6980573089"/>
  <nd ref="6980573088"/>
  <nd ref="6980573087"/>
  <nd ref="6980573086"/>
  <nd ref="6980573089"/>
  <tag k="building" v="yes"/>
 </way>
 <way id="745842286" visible="true" version="1" changeset="77139968" timestamp="2019-11-15T17:23:37Z" user="Arun Balaji" uid="3427745">
  <nd ref="6980573093"/>
  <nd ref="6980573090"/>
  <nd ref="6980573091"/>
  <nd ref="6980573092"/>
  <nd ref="6980573093"/>
  <tag k="building" v="yes"/>
 </way>
 <way id="745842287" visible="true" version="1" changeset="77139968" timestamp="2019-11-15T17:23:37Z" user="Arun Balaji" uid="3427745">
  <nd ref="6980573097"/>
  <nd ref="6980573094"/>
  <nd ref="6980573095"/>
  <nd ref="6980573096"/>
  <nd ref="6980573097"/>
  <tag k="building" v="yes"/>
 </way>
 <way id="745842288" visible="true" version="1" changeset="77139968" timestamp="2019-11-15T17:23:37Z" user="Arun Balaji" uid="3427745">
  <nd ref="6980573101"/>
  <nd ref="6980573098"/>
  <nd ref="6980573099"/>
  <nd ref="6980573100"/>
  <nd ref="6980573101"/>
  <tag k="building" v="yes"/>
 </way>
 <way id="745842289" visible="true" version="1" changeset="77139968" timestamp="2019-11-15T17:23:37Z" user="Arun Balaji" uid="3427745">
  <nd ref="6980573105"/>
  <nd ref="6980573102"/>
  <nd ref="6980573103"/>
  <nd ref="6980573104"/>
  <nd ref="6980573105"/>
  <tag k="building" v="yes"/>
 </way>
 <way id="745842290" visible="true" version="1" changeset="77139968" timestamp="2019-11-15T17:23:37Z" user="Arun Balaji" uid="3427745">
  <nd ref="6980573109"/>
  <nd ref="6980573106"/>
  <nd ref="6980573107"/>
  <nd ref="6980573108"/>
  <nd ref="6980573109"/>
  <tag k="building" v="yes"/>
 </way>
 <way id="745842291" visible="true" version="1" changeset="77139968" timestamp="2019-11-15T17:23:37Z" user="Arun Balaji" uid="3427745">
  <nd ref="6980573113"/>
  <nd ref="6980573110"/>
  <nd ref="6980573111"/>
  <nd ref="6980573112"/>
  <nd ref="6980573113"/>
  <tag k="building" v="yes"/>
 </way>
 <way id="745842292" visible="true" version="1" changeset="77139968" timestamp="2019-11-15T17:23:37Z" user="Arun Balaji" uid="3427745">
  <nd ref="6980573117"/>
  <nd ref="6980573114"/>
  <nd ref="6980573115"/>
  <nd ref="6980573116"/>
  <nd ref="6980573117"/>
  <tag k="building" v="yes"/>
 </way>
 <way id="745842293" visible="true" version="1" changeset="77139968" timestamp="2019-11-15T17:23:37Z" user="Arun Balaji" uid="3427745">
  <nd ref="6980573121"/>
  <nd ref="6980573118"/>
  <nd ref="6980573119"/>
  <nd ref="6980573120"/>
  <nd ref="6980573121"/>
  <tag k="building" v="yes"/>
 </way>
 <way id="745842297" visible="true" version="1" changeset="77139968" timestamp="2019-11-15T17:23:37Z" user="Arun Balaji" uid="3427745">
  <nd ref="6980573137"/>
  <nd ref="6980573134"/>
  <nd ref="6980573135"/>
  <nd ref="6980573136"/>
  <nd ref="6980573137"/>
  <tag k="building" v="yes"/>
 </way>
 <way id="745842302" visible="true" version="1" changeset="77139968" timestamp="2019-11-15T17:23:37Z" user="Arun Balaji" uid="3427745">
  <nd ref="6980573157"/>
  <nd ref="6980573154"/>
  <nd ref="6980573155"/>
  <nd ref="6980573156"/>
  <nd ref="6980573157"/>
  <tag k="building" v="yes"/>
 </way>
 <way id="745842303" visible="true" version="1" changeset="77139968" timestamp="2019-11-15T17:23:37Z" user="Arun Balaji" uid="3427745">
  <nd ref="6980573161"/>
  <nd ref="6980573158"/>
  <nd ref="6980573159"/>
  <nd ref="6980573160"/>
  <nd ref="6980573161"/>
  <tag k="building" v="yes"/>
 </way>
 <way id="745842304" visible="true" version="1" changeset="77139968" timestamp="2019-11-15T17:23:37Z" user="Arun Balaji" uid="3427745">
  <nd ref="6980573165"/>
  <nd ref="6980573162"/>
  <nd ref="6980573163"/>
  <nd ref="6980573164"/>
  <nd ref="6980573165"/>
  <tag k="building" v="yes"/>
 </way>
 <way id="746194438" visible="true" version="1" changeset="77170443" timestamp="2019-11-16T17:21:14Z" user="Arun Balaji" uid="3427745">
  <nd ref="6983078857"/>
  <nd ref="6983078856"/>
  <nd ref="6983078855"/>
  <nd ref="6983078854"/>
  <nd ref="6983078857"/>
  <tag k="building" v="yes"/>
 </way>
 <way id="746194439" visible="true" version="1" changeset="77170443" timestamp="2019-11-16T17:21:14Z" user="Arun Balaji" uid="3427745">
  <nd ref="6983078861"/>
  <nd ref="6983078860"/>
  <nd ref="6983078859"/>
  <nd ref="6983078858"/>
  <nd ref="6983078861"/>
  <tag k="building" v="yes"/>
 </way>
 <way id="746194440" visible="true" version="1" changeset="77170443" timestamp="2019-11-16T17:21:14Z" user="Arun Balaji" uid="3427745">
  <nd ref="6983078867"/>
  <nd ref="6983078863"/>
  <nd ref="6983078862"/>
  <nd ref="6983078864"/>
  <nd ref="6983078865"/>
  <nd ref="6983078866"/>
  <nd ref="6983078867"/>
  <tag k="building" v="yes"/>
 </way>
 <way id="746194441" visible="true" version="1" changeset="77170443" timestamp="2019-11-16T17:21:14Z" user="Arun Balaji" uid="3427745">
  <nd ref="6983078873"/>
  <nd ref="6983078870"/>
  <nd ref="6983078868"/>
  <nd ref="6983078869"/>
  <nd ref="6983078871"/>
  <nd ref="6983078872"/>
  <nd ref="6983078873"/>
  <tag k="building" v="yes"/>
 </way>
 <way id="746194442" visible="true" version="1" changeset="77170443" timestamp="2019-11-16T17:21:14Z" user="Arun Balaji" uid="3427745">
  <nd ref="6983078877"/>
  <nd ref="6983078874"/>
  <nd ref="6983078875"/>
  <nd ref="6983078876"/>
  <nd ref="6983078877"/>
  <tag k="building" v="yes"/>
 </way>
 <way id="746194443" visible="true" version="1" changeset="77170443" timestamp="2019-11-16T17:21:14Z" user="Arun Balaji" uid="3427745">
  <nd ref="6983078881"/>
  <nd ref="6983078878"/>
  <nd ref="6983078879"/>
  <nd ref="6983078880"/>
  <nd ref="6983078881"/>
  <tag k="building" v="yes"/>
 </way>
 <way id="746194444" visible="true" version="1" changeset="77170443" timestamp="2019-11-16T17:21:14Z" user="Arun Balaji" uid="3427745">
  <nd ref="6983086685"/>
  <nd ref="6983078882"/>
  <nd ref="6983078883"/>
  <nd ref="6983078884"/>
  <nd ref="6983086685"/>
  <tag k="building" v="yes"/>
 </way>
 <way id="746194445" visible="true" version="1" changeset="77170443" timestamp="2019-11-16T17:21:14Z" user="Arun Balaji" uid="3427745">
  <nd ref="6983086689"/>
  <nd ref="6983086688"/>
  <nd ref="6983086687"/>
  <nd ref="6983086686"/>
  <nd ref="6983086689"/>
  <tag k="building" v="yes"/>
 </way>
 <way id="746194446" visible="true" version="1" changeset="77170443" timestamp="2019-11-16T17:21:14Z" user="Arun Balaji" uid="3427745">
  <nd ref="6983086693"/>
  <nd ref="6983086690"/>
  <nd ref="6983086691"/>
  <nd ref="6983086692"/>
  <nd ref="6983086693"/>
  <tag k="building" v="yes"/>
 </way>
 <way id="746194447" visible="true" version="1" changeset="77170443" timestamp="2019-11-16T17:21:14Z" user="Arun Balaji" uid="3427745">
  <nd ref="6983086697"/>
  <nd ref="6983086694"/>
  <nd ref="6983086695"/>
  <nd ref="6983086696"/>
  <nd ref="6983086697"/>
  <tag k="building" v="yes"/>
 </way>
 <way id="746194448" visible="true" version="1" changeset="77170443" timestamp="2019-11-16T17:21:14Z" user="Arun Balaji" uid="3427745">
  <nd ref="6983086701"/>
  <nd ref="6983086698"/>
  <nd ref="6983086699"/>
  <nd ref="6983086700"/>
  <nd ref="6983086701"/>
  <tag k="building" v="yes"/>
 </way>
 <way id="746194449" visible="true" version="1" changeset="77170443" timestamp="2019-11-16T17:21:14Z" user="Arun Balaji" uid="3427745">
  <nd ref="6983086705"/>
  <nd ref="6983086702"/>
  <nd ref="6983086703"/>
  <nd ref="6983086704"/>
  <nd ref="6983086705"/>
  <tag k="building" v="yes"/>
 </way>
 <way id="746194450" visible="true" version="1" changeset="77170443" timestamp="2019-11-16T17:21:14Z" user="Arun Balaji" uid="3427745">
  <nd ref="6983086709"/>
  <nd ref="6983086706"/>
  <nd ref="6983086707"/>
  <nd ref="6983086708"/>
  <nd ref="6983086709"/>
  <tag k="building" v="yes"/>
 </way>
 <way id="746194451" visible="true" version="1" changeset="77170443" timestamp="2019-11-16T17:21:14Z" user="Arun Balaji" uid="3427745">
  <nd ref="6983086713"/>
  <nd ref="6983086712"/>
  <nd ref="6983086711"/>
  <nd ref="6983086710"/>
  <nd ref="6983086713"/>
  <tag k="building" v="yes"/>
 </way>
 <way id="746194452" visible="true" version="1" changeset="77170443" timestamp="2019-11-16T17:21:14Z" user="Arun Balaji" uid="3427745">
  <nd ref="6983086717"/>
  <nd ref="6983086714"/>
  <nd ref="6983086715"/>
  <nd ref="6983086716"/>
  <nd ref="6983086717"/>
  <tag k="building" v="yes"/>
 </way>
 <way id="746194454" visible="true" version="1" changeset="77170443" timestamp="2019-11-16T17:21:14Z" user="Arun Balaji" uid="3427745">
  <nd ref="6983086725"/>
  <nd ref="6983086722"/>
  <nd ref="6983086723"/>
  <nd ref="6983086724"/>
  <nd ref="6983086725"/>
  <tag k="building" v="yes"/>
 </way>
 <way id="746194455" visible="true" version="1" changeset="77170443" timestamp="2019-11-16T17:21:14Z" user="Arun Balaji" uid="3427745">
  <nd ref="6983086729"/>
  <nd ref="6983086726"/>
  <nd ref="6983086727"/>
  <nd ref="6983086728"/>
  <nd ref="6983086729"/>
  <tag k="building" v="yes"/>
 </way>
 <way id="746194456" visible="true" version="1" changeset="77170443" timestamp="2019-11-16T17:21:14Z" user="Arun Balaji" uid="3427745">
  <nd ref="6983086733"/>
  <nd ref="6983086730"/>
  <nd ref="6983086731"/>
  <nd ref="6983086732"/>
  <nd ref="6983086733"/>
  <tag k="building" v="yes"/>
 </way>
 <way id="746194457" visible="true" version="1" changeset="77170443" timestamp="2019-11-16T17:21:14Z" user="Arun Balaji" uid="3427745">
  <nd ref="6983086737"/>
  <nd ref="6983086734"/>
  <nd ref="6983086735"/>
  <nd ref="6983086736"/>
  <nd ref="6983086737"/>
  <tag k="building" v="yes"/>
 </way>
 <way id="746194458" visible="true" version="1" changeset="77170443" timestamp="2019-11-16T17:21:14Z" user="Arun Balaji" uid="3427745">
  <nd ref="6983086741"/>
  <nd ref="6983086738"/>
  <nd ref="6983086739"/>
  <nd ref="6983086740"/>
  <nd ref="6983086741"/>
  <tag k="building" v="yes"/>
 </way>
 <way id="746194459" visible="true" version="1" changeset="77170443" timestamp="2019-11-16T17:21:14Z" user="Arun Balaji" uid="3427745">
  <nd ref="6983086745"/>
  <nd ref="6983086744"/>
  <nd ref="6983086743"/>
  <nd ref="6983086742"/>
  <nd ref="6983086745"/>
  <tag k="building" v="yes"/>
 </way>
 <way id="746194460" visible="true" version="1" changeset="77170443" timestamp="2019-11-16T17:21:14Z" user="Arun Balaji" uid="3427745">
  <nd ref="6983086749"/>
  <nd ref="6983086746"/>
  <nd ref="6983086747"/>
  <nd ref="6983086748"/>
  <nd ref="6983086749"/>
  <tag k="building" v="yes"/>
 </way>
 <way id="746194461" visible="true" version="1" changeset="77170443" timestamp="2019-11-16T17:21:14Z" user="Arun Balaji" uid="3427745">
  <nd ref="6983086753"/>
  <nd ref="6983086750"/>
  <nd ref="6983086751"/>
  <nd ref="6983086752"/>
  <nd ref="6983086753"/>
  <tag k="building" v="yes"/>
 </way>
 <way id="746194462" visible="true" version="1" changeset="77170443" timestamp="2019-11-16T17:21:14Z" user="Arun Balaji" uid="3427745">
  <nd ref="6983086757"/>
  <nd ref="6983086754"/>
  <nd ref="6983086755"/>
  <nd ref="6983086756"/>
  <nd ref="6983086757"/>
  <tag k="building" v="yes"/>
 </way>
 <way id="746194463" visible="true" version="1" changeset="77170443" timestamp="2019-11-16T17:21:14Z" user="Arun Balaji" uid="3427745">
  <nd ref="6983086761"/>
  <nd ref="6983086758"/>
  <nd ref="6983086759"/>
  <nd ref="6983086760"/>
  <nd ref="6983086761"/>
  <tag k="building" v="yes"/>
 </way>
 <way id="746194464" visible="true" version="1" changeset="77170443" timestamp="2019-11-16T17:21:14Z" user="Arun Balaji" uid="3427745">
  <nd ref="6983086765"/>
  <nd ref="6983086762"/>
  <nd ref="6983086763"/>
  <nd ref="6983086764"/>
  <nd ref="6983086765"/>
  <tag k="building" v="yes"/>
 </way>
 <way id="746194465" visible="true" version="1" changeset="77170443" timestamp="2019-11-16T17:21:14Z" user="Arun Balaji" uid="3427745">
  <nd ref="6983086769"/>
  <nd ref="6983086768"/>
  <nd ref="6983086767"/>
  <nd ref="6983086766"/>
  <nd ref="6983086769"/>
  <tag k="building" v="yes"/>
 </way>
 <way id="746194466" visible="true" version="1" changeset="77170443" timestamp="2019-11-16T17:21:14Z" user="Arun Balaji" uid="3427745">
  <nd ref="6983086773"/>
  <nd ref="6983086772"/>
  <nd ref="6983086771"/>
  <nd ref="6983086770"/>
  <nd ref="6983086773"/>
  <tag k="building" v="yes"/>
 </way>
 <way id="746194467" visible="true" version="1" changeset="77170443" timestamp="2019-11-16T17:21:14Z" user="Arun Balaji" uid="3427745">
  <nd ref="6983086777"/>
  <nd ref="6983086776"/>
  <nd ref="6983086775"/>
  <nd ref="6983086774"/>
  <nd ref="6983086777"/>
  <tag k="building" v="yes"/>
 </way>
 <way id="746194468" visible="true" version="1" changeset="77170443" timestamp="2019-11-16T17:21:14Z" user="Arun Balaji" uid="3427745">
  <nd ref="6983086781"/>
  <nd ref="6983086780"/>
  <nd ref="6983086779"/>
  <nd ref="6983086778"/>
  <nd ref="6983086781"/>
  <tag k="building" v="yes"/>
 </way>
 <way id="746194469" visible="true" version="1" changeset="77170443" timestamp="2019-11-16T17:21:14Z" user="Arun Balaji" uid="3427745">
  <nd ref="6983086785"/>
  <nd ref="6983086784"/>
  <nd ref="6983086783"/>
  <nd ref="6983086782"/>
  <nd ref="6983086785"/>
  <tag k="building" v="yes"/>
 </way>
 <way id="746194470" visible="true" version="1" changeset="77170443" timestamp="2019-11-16T17:21:14Z" user="Arun Balaji" uid="3427745">
  <nd ref="6983086789"/>
  <nd ref="6983086788"/>
  <nd ref="6983086787"/>
  <nd ref="6983086786"/>
  <nd ref="6983086789"/>
  <tag k="building" v="yes"/>
 </way>
 <way id="746194471" visible="true" version="1" changeset="77170443" timestamp="2019-11-16T17:21:14Z" user="Arun Balaji" uid="3427745">
  <nd ref="6983086793"/>
  <nd ref="6983086792"/>
  <nd ref="6983086791"/>
  <nd ref="6983086790"/>
  <nd ref="6983086793"/>
  <tag k="building" v="yes"/>
 </way>
 <way id="746194472" visible="true" version="1" changeset="77170443" timestamp="2019-11-16T17:21:14Z" user="Arun Balaji" uid="3427745">
  <nd ref="6983086797"/>
  <nd ref="6983086794"/>
  <nd ref="6983086795"/>
  <nd ref="6983086796"/>
  <nd ref="6983086797"/>
  <tag k="building" v="yes"/>
 </way>
 <way id="746194473" visible="true" version="1" changeset="77170443" timestamp="2019-11-16T17:21:14Z" user="Arun Balaji" uid="3427745">
  <nd ref="6983086801"/>
  <nd ref="6983086800"/>
  <nd ref="6983086799"/>
  <nd ref="6983086798"/>
  <nd ref="6983086801"/>
  <tag k="building" v="yes"/>
 </way>
 <way id="746194474" visible="true" version="1" changeset="77170443" timestamp="2019-11-16T17:21:14Z" user="Arun Balaji" uid="3427745">
  <nd ref="6983086805"/>
  <nd ref="6983086804"/>
  <nd ref="6983086803"/>
  <nd ref="6983086802"/>
  <nd ref="6983086805"/>
  <tag k="building" v="yes"/>
 </way>
 <way id="746194475" visible="true" version="1" changeset="77170443" timestamp="2019-11-16T17:21:14Z" user="Arun Balaji" uid="3427745">
  <nd ref="6983086809"/>
  <nd ref="6983086806"/>
  <nd ref="6983086807"/>
  <nd ref="6983086808"/>
  <nd ref="6983086809"/>
  <tag k="building" v="yes"/>
 </way>
 <way id="746194476" visible="true" version="1" changeset="77170443" timestamp="2019-11-16T17:21:14Z" user="Arun Balaji" uid="3427745">
  <nd ref="6983086813"/>
  <nd ref="6983086810"/>
  <nd ref="6983086811"/>
  <nd ref="6983086812"/>
  <nd ref="6983086813"/>
  <tag k="building" v="yes"/>
 </way>
 <way id="746194477" visible="true" version="1" changeset="77170443" timestamp="2019-11-16T17:21:14Z" user="Arun Balaji" uid="3427745">
  <nd ref="6983086817"/>
  <nd ref="6983086814"/>
  <nd ref="6983086815"/>
  <nd ref="6983086816"/>
  <nd ref="6983086817"/>
  <tag k="building" v="yes"/>
 </way>
 <way id="746194478" visible="true" version="1" changeset="77170443" timestamp="2019-11-16T17:21:14Z" user="Arun Balaji" uid="3427745">
  <nd ref="6983086821"/>
  <nd ref="6983086818"/>
  <nd ref="6983086819"/>
  <nd ref="6983086820"/>
  <nd ref="6983086821"/>
  <tag k="building" v="yes"/>
 </way>
 <way id="746194479" visible="true" version="1" changeset="77170443" timestamp="2019-11-16T17:21:14Z" user="Arun Balaji" uid="3427745">
  <nd ref="6983086825"/>
  <nd ref="6983086822"/>
  <nd ref="6983086823"/>
  <nd ref="6983086824"/>
  <nd ref="6983086825"/>
  <tag k="building" v="yes"/>
 </way>
 <way id="746194480" visible="true" version="1" changeset="77170443" timestamp="2019-11-16T17:21:14Z" user="Arun Balaji" uid="3427745">
  <nd ref="6983086829"/>
  <nd ref="6983086826"/>
  <nd ref="6983086827"/>
  <nd ref="6983086828"/>
  <nd ref="6983086829"/>
  <tag k="building" v="yes"/>
 </way>
 <way id="746194481" visible="true" version="1" changeset="77170443" timestamp="2019-11-16T17:21:14Z" user="Arun Balaji" uid="3427745">
  <nd ref="6983086833"/>
  <nd ref="6983086832"/>
  <nd ref="6983086831"/>
  <nd ref="6983086830"/>
  <nd ref="6983086833"/>
  <tag k="building" v="yes"/>
 </way>
 <way id="746194482" visible="true" version="1" changeset="77170443" timestamp="2019-11-16T17:21:14Z" user="Arun Balaji" uid="3427745">
  <nd ref="6983086837"/>
  <nd ref="6983086834"/>
  <nd ref="6983086835"/>
  <nd ref="6983086836"/>
  <nd ref="6983086837"/>
  <tag k="building" v="yes"/>
 </way>
 <way id="746194483" visible="true" version="1" changeset="77170443" timestamp="2019-11-16T17:21:14Z" user="Arun Balaji" uid="3427745">
  <nd ref="6983086841"/>
  <nd ref="6983086840"/>
  <nd ref="6983086839"/>
  <nd ref="6983086838"/>
  <nd ref="6983086841"/>
  <tag k="building" v="yes"/>
 </way>
 <way id="746194484" visible="true" version="1" changeset="77170443" timestamp="2019-11-16T17:21:14Z" user="Arun Balaji" uid="3427745">
  <nd ref="6983086845"/>
  <nd ref="6983086842"/>
  <nd ref="6983086843"/>
  <nd ref="6983086844"/>
  <nd ref="6983086845"/>
  <tag k="building" v="yes"/>
 </way>
 <way id="746194485" visible="true" version="1" changeset="77170443" timestamp="2019-11-16T17:21:14Z" user="Arun Balaji" uid="3427745">
  <nd ref="6983086849"/>
  <nd ref="6983086846"/>
  <nd ref="6983086847"/>
  <nd ref="6983086848"/>
  <nd ref="6983086849"/>
  <tag k="building" v="yes"/>
 </way>
 <way id="746194486" visible="true" version="1" changeset="77170443" timestamp="2019-11-16T17:21:14Z" user="Arun Balaji" uid="3427745">
  <nd ref="6983086853"/>
  <nd ref="6983086850"/>
  <nd ref="6983086851"/>
  <nd ref="6983086852"/>
  <nd ref="6983086853"/>
  <tag k="building" v="yes"/>
 </way>
 <way id="746194487" visible="true" version="1" changeset="77170443" timestamp="2019-11-16T17:21:14Z" user="Arun Balaji" uid="3427745">
  <nd ref="6983086857"/>
  <nd ref="6983086856"/>
  <nd ref="6983086855"/>
  <nd ref="6983086854"/>
  <nd ref="6983086857"/>
  <tag k="building" v="yes"/>
 </way>
 <way id="746194488" visible="true" version="1" changeset="77170443" timestamp="2019-11-16T17:21:14Z" user="Arun Balaji" uid="3427745">
  <nd ref="6983086861"/>
  <nd ref="6983086858"/>
  <nd ref="6983086859"/>
  <nd ref="6983086860"/>
  <nd ref="6983086861"/>
  <tag k="building" v="yes"/>
 </way>
 <way id="746194489" visible="true" version="1" changeset="77170443" timestamp="2019-11-16T17:21:14Z" user="Arun Balaji" uid="3427745">
  <nd ref="6983086865"/>
  <nd ref="6983086864"/>
  <nd ref="6983086863"/>
  <nd ref="6983086862"/>
  <nd ref="6983086865"/>
  <tag k="building" v="yes"/>
 </way>
 <way id="746194490" visible="true" version="1" changeset="77170443" timestamp="2019-11-16T17:21:14Z" user="Arun Balaji" uid="3427745">
  <nd ref="6983086869"/>
  <nd ref="6983086866"/>
  <nd ref="6983086867"/>
  <nd ref="6983086868"/>
  <nd ref="6983086869"/>
  <tag k="building" v="yes"/>
 </way>
 <way id="746194491" visible="true" version="1" changeset="77170443" timestamp="2019-11-16T17:21:14Z" user="Arun Balaji" uid="3427745">
  <nd ref="6983086873"/>
  <nd ref="6983086870"/>
  <nd ref="6983086871"/>
  <nd ref="6983086872"/>
  <nd ref="6983086873"/>
  <tag k="building" v="yes"/>
 </way>
 <way id="746194492" visible="true" version="1" changeset="77170443" timestamp="2019-11-16T17:21:14Z" user="Arun Balaji" uid="3427745">
  <nd ref="6983086877"/>
  <nd ref="6983086874"/>
  <nd ref="6983086875"/>
  <nd ref="6983086876"/>
  <nd ref="6983086877"/>
  <tag k="building" v="yes"/>
 </way>
 <way id="746194493" visible="true" version="1" changeset="77170443" timestamp="2019-11-16T17:21:14Z" user="Arun Balaji" uid="3427745">
  <nd ref="6983086881"/>
  <nd ref="6983086878"/>
  <nd ref="6983086879"/>
  <nd ref="6983086880"/>
  <nd ref="6983086881"/>
  <tag k="building" v="yes"/>
 </way>
 <way id="746194532" visible="true" version="1" changeset="77170443" timestamp="2019-11-16T17:21:14Z" user="Arun Balaji" uid="3427745">
  <nd ref="6983087045"/>
  <nd ref="6983087044"/>
  <nd ref="6983087043"/>
  <nd ref="6983087042"/>
  <nd ref="6983087045"/>
  <tag k="building" v="yes"/>
 </way>
 <way id="746194533" visible="true" version="1" changeset="77170443" timestamp="2019-11-16T17:21:14Z" user="Arun Balaji" uid="3427745">
  <nd ref="6983087051"/>
  <nd ref="6983087050"/>
  <nd ref="6983087049"/>
  <nd ref="6983087048"/>
  <nd ref="6983087046"/>
  <nd ref="6983087047"/>
  <nd ref="6983087051"/>
  <tag k="building" v="yes"/>
 </way>
 <way id="746194550" visible="true" version="1" changeset="77170443" timestamp="2019-11-16T17:21:14Z" user="Arun Balaji" uid="3427745">
  <nd ref="6983087127"/>
  <nd ref="6983087126"/>
  <nd ref="6983087125"/>
  <nd ref="6983087124"/>
  <nd ref="6983087127"/>
  <tag k="building" v="yes"/>
 </way>
 <way id="746194551" visible="true" version="1" changeset="77170443" timestamp="2019-11-16T17:21:14Z" user="Arun Balaji" uid="3427745">
  <nd ref="6983087131"/>
  <nd ref="6983087128"/>
  <nd ref="6983087129"/>
  <nd ref="6983087130"/>
  <nd ref="6983087131"/>
  <tag k="building" v="yes"/>
 </way>
 <way id="746194552" visible="true" version="1" changeset="77170443" timestamp="2019-11-16T17:21:14Z" user="Arun Balaji" uid="3427745">
  <nd ref="6983087135"/>
  <nd ref="6983087132"/>
  <nd ref="6983087133"/>
  <nd ref="6983087134"/>
  <nd ref="6983087135"/>
  <tag k="building" v="yes"/>
 </way>
 <way id="746194553" visible="true" version="1" changeset="77170443" timestamp="2019-11-16T17:21:14Z" user="Arun Balaji" uid="3427745">
  <nd ref="6983087139"/>
  <nd ref="6983087138"/>
  <nd ref="6983087137"/>
  <nd ref="6983087136"/>
  <nd ref="6983087139"/>
  <tag k="building" v="yes"/>
 </way>
 <way id="746195510" visible="true" version="1" changeset="77170573" timestamp="2019-11-16T17:27:49Z" user="Arun Balaji" uid="3427745">
  <nd ref="6983058211"/>
  <nd ref="6983058208"/>
  <nd ref="6983058209"/>
  <nd ref="6983058210"/>
  <nd ref="6983058211"/>
  <tag k="building" v="yes"/>
 </way>
 <way id="746195511" visible="true" version="1" changeset="77170573" timestamp="2019-11-16T17:27:49Z" user="Arun Balaji" uid="3427745">
  <nd ref="6983058215"/>
  <nd ref="6983058212"/>
  <nd ref="6983058213"/>
  <nd ref="6983058214"/>
  <nd ref="6983058215"/>
  <tag k="building" v="yes"/>
 </way>
 <way id="746195512" visible="true" version="1" changeset="77170573" timestamp="2019-11-16T17:27:49Z" user="Arun Balaji" uid="3427745">
  <nd ref="6983058219"/>
  <nd ref="6983058218"/>
  <nd ref="6983058217"/>
  <nd ref="6983058216"/>
  <nd ref="6983058219"/>
  <tag k="building" v="yes"/>
 </way>
 <way id="746195513" visible="true" version="1" changeset="77170573" timestamp="2019-11-16T17:27:49Z" user="Arun Balaji" uid="3427745">
  <nd ref="6983058223"/>
  <nd ref="6983058222"/>
  <nd ref="6983058221"/>
  <nd ref="6983058220"/>
  <nd ref="6983058223"/>
  <tag k="building" v="yes"/>
 </way>
 <way id="746195514" visible="true" version="1" changeset="77170573" timestamp="2019-11-16T17:27:49Z" user="Arun Balaji" uid="3427745">
  <nd ref="6983058227"/>
  <nd ref="6983058226"/>
  <nd ref="6983058207"/>
  <nd ref="6983058206"/>
  <nd ref="6983058225"/>
  <nd ref="6983058224"/>
  <nd ref="6983058227"/>
  <tag k="building" v="yes"/>
 </way>
 <way id="746195515" visible="true" version="1" changeset="77170573" timestamp="2019-11-16T17:27:49Z" user="Arun Balaji" uid="3427745">
  <nd ref="6983058231"/>
  <nd ref="6983058230"/>
  <nd ref="6983058229"/>
  <nd ref="6983058228"/>
  <nd ref="6983058231"/>
  <tag k="building" v="yes"/>
 </way>
 <way id="746195516" visible="true" version="1" changeset="77170573" timestamp="2019-11-16T17:27:49Z" user="Arun Balaji" uid="3427745">
  <nd ref="6983058235"/>
  <nd ref="6983058234"/>
  <nd ref="6983058233"/>
  <nd ref="6983058232"/>
  <nd ref="6983058235"/>
  <tag k="building" v="yes"/>
 </way>
 <way id="746195517" visible="true" version="1" changeset="77170573" timestamp="2019-11-16T17:27:49Z" user="Arun Balaji" uid="3427745">
  <nd ref="6983058241"/>
  <nd ref="6983058237"/>
  <nd ref="6983058236"/>
  <nd ref="6983058238"/>
  <nd ref="6983058239"/>
  <nd ref="6983058240"/>
  <nd ref="6983058241"/>
  <tag k="building" v="yes"/>
 </way>
 <way id="746195518" visible="true" version="1" changeset="77170573" timestamp="2019-11-16T17:27:49Z" user="Arun Balaji" uid="3427745">
  <nd ref="6983058245"/>
  <nd ref="6983058242"/>
  <nd ref="6983058243"/>
  <nd ref="6983058244"/>
  <nd ref="6983058245"/>
  <tag k="building" v="yes"/>
 </way>
 <way id="746195519" visible="true" version="1" changeset="77170573" timestamp="2019-11-16T17:27:49Z" user="Arun Balaji" uid="3427745">
  <nd ref="6983058249"/>
  <nd ref="6983058248"/>
  <nd ref="6983058247"/>
  <nd ref="6983058246"/>
  <nd ref="6983058249"/>
  <tag k="building" v="yes"/>
 </way>
 <way id="746195520" visible="true" version="1" changeset="77170573" timestamp="2019-11-16T17:27:49Z" user="Arun Balaji" uid="3427745">
  <nd ref="6983058253"/>
  <nd ref="6983058250"/>
  <nd ref="6983058251"/>
  <nd ref="6983058252"/>
  <nd ref="6983058253"/>
  <tag k="building" v="yes"/>
 </way>
 <way id="746195521" visible="true" version="1" changeset="77170573" timestamp="2019-11-16T17:27:49Z" user="Arun Balaji" uid="3427745">
  <nd ref="6983058257"/>
  <nd ref="6983058254"/>
  <nd ref="6983058255"/>
  <nd ref="6983058256"/>
  <nd ref="6983058257"/>
  <tag k="building" v="yes"/>
 </way>
 <way id="746195522" visible="true" version="1" changeset="77170573" timestamp="2019-11-16T17:27:49Z" user="Arun Balaji" uid="3427745">
  <nd ref="6983058261"/>
  <nd ref="6983058258"/>
  <nd ref="6983058259"/>
  <nd ref="6983058260"/>
  <nd ref="6983058261"/>
  <tag k="building" v="yes"/>
 </way>
 <way id="746195523" visible="true" version="1" changeset="77170573" timestamp="2019-11-16T17:27:49Z" user="Arun Balaji" uid="3427745">
  <nd ref="6983058265"/>
  <nd ref="6983058262"/>
  <nd ref="6983058263"/>
  <nd ref="6983058264"/>
  <nd ref="6983058265"/>
  <tag k="building" v="yes"/>
 </way>
 <way id="746195524" visible="true" version="1" changeset="77170573" timestamp="2019-11-16T17:27:49Z" user="Arun Balaji" uid="3427745">
  <nd ref="6983058269"/>
  <nd ref="6983058268"/>
  <nd ref="6983058267"/>
  <nd ref="6983058266"/>
  <nd ref="6983058269"/>
  <tag k="building" v="yes"/>
 </way>
 <way id="746195525" visible="true" version="1" changeset="77170573" timestamp="2019-11-16T17:27:49Z" user="Arun Balaji" uid="3427745">
  <nd ref="6983058278"/>
  <nd ref="6983058275"/>
  <nd ref="6983058274"/>
  <nd ref="6983058273"/>
  <nd ref="6983058272"/>
  <nd ref="6983058276"/>
  <nd ref="6983058270"/>
  <nd ref="6983058271"/>
  <nd ref="6983058277"/>
  <nd ref="6983058278"/>
  <tag k="building" v="yes"/>
 </way>
 <way id="746195526" visible="true" version="1" changeset="77170573" timestamp="2019-11-16T17:27:49Z" user="Arun Balaji" uid="3427745">
  <nd ref="6983058284"/>
  <nd ref="6983058283"/>
  <nd ref="6983058282"/>
  <nd ref="6983058281"/>
  <nd ref="6983058279"/>
  <nd ref="6983058280"/>
  <nd ref="6983058284"/>
  <tag k="building" v="yes"/>
 </way>
 <way id="746195527" visible="true" version="1" changeset="77170573" timestamp="2019-11-16T17:27:49Z" user="Arun Balaji" uid="3427745">
  <nd ref="6983093088"/>
  <nd ref="6983093087"/>
  <nd ref="6983093086"/>
  <nd ref="6983093085"/>
  <nd ref="6983093088"/>
  <tag k="building" v="yes"/>
 </way>
 <way id="746195528" visible="true" version="1" changeset="77170573" timestamp="2019-11-16T17:27:49Z" user="Arun Balaji" uid="3427745">
  <nd ref="6983093092"/>
  <nd ref="6983093089"/>
  <nd ref="6983093090"/>
  <nd ref="6983093091"/>
  <nd ref="6983093092"/>
  <tag k="building" v="yes"/>
 </way>
 <way id="746195529" visible="true" version="1" changeset="77170573" timestamp="2019-11-16T17:27:49Z" user="Arun Balaji" uid="3427745">
  <nd ref="6983093096"/>
  <nd ref="6983093095"/>
  <nd ref="6983093094"/>
  <nd ref="6983093093"/>
  <nd ref="6983093096"/>
  <tag k="building" v="yes"/>
 </way>
 <way id="746195530" visible="true" version="1" changeset="77170573" timestamp="2019-11-16T17:27:49Z" user="Arun Balaji" uid="3427745">
  <nd ref="6983093100"/>
  <nd ref="6983093099"/>
  <nd ref="6983093098"/>
  <nd ref="6983093097"/>
  <nd ref="6983093100"/>
  <tag k="building" v="yes"/>
 </way>
 <way id="746195531" visible="true" version="1" changeset="77170573" timestamp="2019-11-16T17:27:49Z" user="Arun Balaji" uid="3427745">
  <nd ref="6983093104"/>
  <nd ref="6983093101"/>
  <nd ref="6983093102"/>
  <nd ref="6983093103"/>
  <nd ref="6983093104"/>
  <tag k="building" v="yes"/>
 </way>
 <way id="746195532" visible="true" version="1" changeset="77170573" timestamp="2019-11-16T17:27:49Z" user="Arun Balaji" uid="3427745">
  <nd ref="6983093108"/>
  <nd ref="6983093105"/>
  <nd ref="6983093106"/>
  <nd ref="6983093107"/>
  <nd ref="6983093108"/>
  <tag k="building" v="yes"/>
 </way>
 <way id="746195533" visible="true" version="1" changeset="77170573" timestamp="2019-11-16T17:27:49Z" user="Arun Balaji" uid="3427745">
  <nd ref="6983093112"/>
  <nd ref="6983093109"/>
  <nd ref="6983093110"/>
  <nd ref="6983093111"/>
  <nd ref="6983093112"/>
  <tag k="building" v="yes"/>
 </way>
 <way id="746195534" visible="true" version="1" changeset="77170573" timestamp="2019-11-16T17:27:49Z" user="Arun Balaji" uid="3427745">
  <nd ref="6983093116"/>
  <nd ref="6983093115"/>
  <nd ref="6983093114"/>
  <nd ref="6983093113"/>
  <nd ref="6983093116"/>
  <tag k="building" v="yes"/>
 </way>
 <way id="746195535" visible="true" version="1" changeset="77170573" timestamp="2019-11-16T17:27:49Z" user="Arun Balaji" uid="3427745">
  <nd ref="6983093120"/>
  <nd ref="6983093119"/>
  <nd ref="6983093118"/>
  <nd ref="6983093117"/>
  <nd ref="6983093120"/>
  <tag k="building" v="yes"/>
 </way>
 <way id="746195536" visible="true" version="1" changeset="77170573" timestamp="2019-11-16T17:27:49Z" user="Arun Balaji" uid="3427745">
  <nd ref="6983093124"/>
  <nd ref="6983093123"/>
  <nd ref="6983093122"/>
  <nd ref="6983093121"/>
  <nd ref="6983093124"/>
  <tag k="building" v="yes"/>
 </way>
 <way id="746195537" visible="true" version="1" changeset="77170573" timestamp="2019-11-16T17:27:49Z" user="Arun Balaji" uid="3427745">
  <nd ref="6983093128"/>
  <nd ref="6983093127"/>
  <nd ref="6983093126"/>
  <nd ref="6983093125"/>
  <nd ref="6983093128"/>
  <tag k="building" v="yes"/>
 </way>
 <way id="746195538" visible="true" version="1" changeset="77170573" timestamp="2019-11-16T17:27:49Z" user="Arun Balaji" uid="3427745">
  <nd ref="6983093132"/>
  <nd ref="6983093129"/>
  <nd ref="6983093130"/>
  <nd ref="6983093131"/>
  <nd ref="6983093132"/>
  <tag k="building" v="yes"/>
 </way>
 <way id="746195547" visible="true" version="1" changeset="77170573" timestamp="2019-11-16T17:27:49Z" user="Arun Balaji" uid="3427745">
  <nd ref="6983093168"/>
  <nd ref="6983093165"/>
  <nd ref="6983093166"/>
  <nd ref="6983093167"/>
  <nd ref="6983093168"/>
  <tag k="building" v="yes"/>
 </way>
 <way id="746195548" visible="true" version="1" changeset="77170573" timestamp="2019-11-16T17:27:49Z" user="Arun Balaji" uid="3427745">
  <nd ref="6983093172"/>
  <nd ref="6983093169"/>
  <nd ref="6983093170"/>
  <nd ref="6983093171"/>
  <nd ref="6983093172"/>
  <tag k="building" v="yes"/>
 </way>
 <way id="746195549" visible="true" version="1" changeset="77170573" timestamp="2019-11-16T17:27:49Z" user="Arun Balaji" uid="3427745">
  <nd ref="6983093176"/>
  <nd ref="6983093173"/>
  <nd ref="6983093174"/>
  <nd ref="6983093175"/>
  <nd ref="6983093176"/>
  <tag k="building" v="yes"/>
 </way>
 <way id="746195550" visible="true" version="1" changeset="77170573" timestamp="2019-11-16T17:27:49Z" user="Arun Balaji" uid="3427745">
  <nd ref="6983093180"/>
  <nd ref="6983093179"/>
  <nd ref="6983093178"/>
  <nd ref="6983093177"/>
  <nd ref="6983093180"/>
  <tag k="building" v="yes"/>
 </way>
 <way id="746195551" visible="true" version="1" changeset="77170573" timestamp="2019-11-16T17:27:49Z" user="Arun Balaji" uid="3427745">
  <nd ref="6983093184"/>
  <nd ref="6983093183"/>
  <nd ref="6983093182"/>
  <nd ref="6983093181"/>
  <nd ref="6983093184"/>
  <tag k="building" v="yes"/>
 </way>
 <way id="746195552" visible="true" version="1" changeset="77170573" timestamp="2019-11-16T17:27:49Z" user="Arun Balaji" uid="3427745">
  <nd ref="6983093188"/>
  <nd ref="6983093187"/>
  <nd ref="6983093186"/>
  <nd ref="6983093185"/>
  <nd ref="6983093188"/>
  <tag k="building" v="yes"/>
 </way>
 <way id="746195553" visible="true" version="1" changeset="77170573" timestamp="2019-11-16T17:27:49Z" user="Arun Balaji" uid="3427745">
  <nd ref="6983093194"/>
  <nd ref="6983093191"/>
  <nd ref="6983093189"/>
  <nd ref="6983093190"/>
  <nd ref="6983093192"/>
  <nd ref="6983093193"/>
  <nd ref="6983093194"/>
  <tag k="building" v="yes"/>
 </way>
 <way id="746195554" visible="true" version="1" changeset="77170573" timestamp="2019-11-16T17:27:49Z" user="Arun Balaji" uid="3427745">
  <nd ref="6983093198"/>
  <nd ref="6983093195"/>
  <nd ref="6983093196"/>
  <nd ref="6983093197"/>
  <nd ref="6983093198"/>
  <tag k="building" v="yes"/>
 </way>
 <way id="746195555" visible="true" version="1" changeset="77170573" timestamp="2019-11-16T17:27:49Z" user="Arun Balaji" uid="3427745">
  <nd ref="6983093202"/>
  <nd ref="6983093201"/>
  <nd ref="6983093200"/>
  <nd ref="6983093199"/>
  <nd ref="6983093202"/>
  <tag k="building" v="yes"/>
 </way>
 <way id="746195556" visible="true" version="1" changeset="77170573" timestamp="2019-11-16T17:27:49Z" user="Arun Balaji" uid="3427745">
  <nd ref="6983093206"/>
  <nd ref="6983093205"/>
  <nd ref="6983093204"/>
  <nd ref="6983093203"/>
  <nd ref="6983093206"/>
  <tag k="building" v="yes"/>
 </way>
 <way id="746195557" visible="true" version="1" changeset="77170573" timestamp="2019-11-16T17:27:49Z" user="Arun Balaji" uid="3427745">
  <nd ref="6983093212"/>
  <nd ref="6983093211"/>
  <nd ref="6983093210"/>
  <nd ref="6983093208"/>
  <nd ref="6983093207"/>
  <nd ref="6983093209"/>
  <nd ref="6983093212"/>
  <tag k="building" v="yes"/>
 </way>
 <way id="746195558" visible="true" version="1" changeset="77170573" timestamp="2019-11-16T17:27:49Z" user="Arun Balaji" uid="3427745">
  <nd ref="6983093216"/>
  <nd ref="6983093215"/>
  <nd ref="6983093214"/>
  <nd ref="6983093213"/>
  <nd ref="6983093216"/>
  <tag k="building" v="yes"/>
 </way>
 <way id="746195559" visible="true" version="1" changeset="77170573" timestamp="2019-11-16T17:27:49Z" user="Arun Balaji" uid="3427745">
  <nd ref="6983093220"/>
  <nd ref="6983093217"/>
  <nd ref="6983093218"/>
  <nd ref="6983093219"/>
  <nd ref="6983093220"/>
  <tag k="building" v="yes"/>
 </way>
 <way id="746195560" visible="true" version="1" changeset="77170573" timestamp="2019-11-16T17:27:49Z" user="Arun Balaji" uid="3427745">
  <nd ref="6983093224"/>
  <nd ref="6983093221"/>
  <nd ref="6983093222"/>
  <nd ref="6983093223"/>
  <nd ref="6983093224"/>
  <tag k="building" v="yes"/>
 </way>
 <way id="746195561" visible="true" version="1" changeset="77170573" timestamp="2019-11-16T17:27:49Z" user="Arun Balaji" uid="3427745">
  <nd ref="6983093228"/>
  <nd ref="6983093225"/>
  <nd ref="6983093226"/>
  <nd ref="6983093227"/>
  <nd ref="6983093228"/>
  <tag k="building" v="yes"/>
 </way>
 <way id="746195562" visible="true" version="1" changeset="77170573" timestamp="2019-11-16T17:27:49Z" user="Arun Balaji" uid="3427745">
  <nd ref="6983093232"/>
  <nd ref="6983093229"/>
  <nd ref="6983093230"/>
  <nd ref="6983093231"/>
  <nd ref="6983093232"/>
  <tag k="building" v="yes"/>
 </way>
 <way id="746195563" visible="true" version="1" changeset="77170573" timestamp="2019-11-16T17:27:49Z" user="Arun Balaji" uid="3427745">
  <nd ref="6983093236"/>
  <nd ref="6983093233"/>
  <nd ref="6983093234"/>
  <nd ref="6983093235"/>
  <nd ref="6983093236"/>
  <tag k="building" v="yes"/>
 </way>
 <way id="746195564" visible="true" version="1" changeset="77170573" timestamp="2019-11-16T17:27:49Z" user="Arun Balaji" uid="3427745">
  <nd ref="6983093242"/>
  <nd ref="6983093238"/>
  <nd ref="6983093237"/>
  <nd ref="6983093239"/>
  <nd ref="6983093240"/>
  <nd ref="6983093241"/>
  <nd ref="6983093242"/>
  <tag k="building" v="yes"/>
 </way>
 <way id="746195565" visible="true" version="1" changeset="77170573" timestamp="2019-11-16T17:27:49Z" user="Arun Balaji" uid="3427745">
  <nd ref="6983093250"/>
  <nd ref="6983093247"/>
  <nd ref="6983093245"/>
  <nd ref="6983093243"/>
  <nd ref="6983093244"/>
  <nd ref="6983093246"/>
  <nd ref="6983093248"/>
  <nd ref="6983093249"/>
  <nd ref="6983093250"/>
  <tag k="building" v="yes"/>
 </way>
 <way id="746195566" visible="true" version="1" changeset="77170573" timestamp="2019-11-16T17:27:49Z" user="Arun Balaji" uid="3427745">
  <nd ref="6983093254"/>
  <nd ref="6983093251"/>
  <nd ref="6983093252"/>
  <nd ref="6983093253"/>
  <nd ref="6983093254"/>
  <tag k="building" v="yes"/>
 </way>
 <way id="746195567" visible="true" version="1" changeset="77170573" timestamp="2019-11-16T17:27:49Z" user="Arun Balaji" uid="3427745">
  <nd ref="6983093258"/>
  <nd ref="6983093255"/>
  <nd ref="6983093256"/>
  <nd ref="6983093257"/>
  <nd ref="6983093258"/>
  <tag k="building" v="yes"/>
 </way>
 <way id="746195568" visible="true" version="1" changeset="77170573" timestamp="2019-11-16T17:27:49Z" user="Arun Balaji" uid="3427745">
  <nd ref="6983093262"/>
  <nd ref="6983093259"/>
  <nd ref="6983093260"/>
  <nd ref="6983093261"/>
  <nd ref="6983093262"/>
  <tag k="building" v="yes"/>
 </way>
 <way id="746195569" visible="true" version="1" changeset="77170573" timestamp="2019-11-16T17:27:49Z" user="Arun Balaji" uid="3427745">
  <nd ref="6983093266"/>
  <nd ref="6983093263"/>
  <nd ref="6983093264"/>
  <nd ref="6983093265"/>
  <nd ref="6983093266"/>
  <tag k="building" v="yes"/>
 </way>
 <way id="746195570" visible="true" version="1" changeset="77170573" timestamp="2019-11-16T17:27:49Z" user="Arun Balaji" uid="3427745">
  <nd ref="6983093270"/>
  <nd ref="6983093267"/>
  <nd ref="6983093268"/>
  <nd ref="6983093269"/>
  <nd ref="6983093270"/>
  <tag k="building" v="yes"/>
 </way>
 <way id="746195571" visible="true" version="1" changeset="77170573" timestamp="2019-11-16T17:27:49Z" user="Arun Balaji" uid="3427745">
  <nd ref="6983093274"/>
  <nd ref="6983093271"/>
  <nd ref="6983093272"/>
  <nd ref="6983093273"/>
  <nd ref="6983093274"/>
  <tag k="building" v="yes"/>
 </way>
 <way id="746195572" visible="true" version="1" changeset="77170573" timestamp="2019-11-16T17:27:49Z" user="Arun Balaji" uid="3427745">
  <nd ref="6983093278"/>
  <nd ref="6983093275"/>
  <nd ref="6983093276"/>
  <nd ref="6983093277"/>
  <nd ref="6983093278"/>
  <tag k="building" v="yes"/>
 </way>
 <way id="746195573" visible="true" version="1" changeset="77170573" timestamp="2019-11-16T17:27:49Z" user="Arun Balaji" uid="3427745">
  <nd ref="6983093282"/>
  <nd ref="6983093279"/>
  <nd ref="6983093280"/>
  <nd ref="6983093281"/>
  <nd ref="6983093282"/>
  <tag k="building" v="yes"/>
 </way>
 <way id="746195574" visible="true" version="1" changeset="77170573" timestamp="2019-11-16T17:27:49Z" user="Arun Balaji" uid="3427745">
  <nd ref="6983093286"/>
  <nd ref="6983093283"/>
  <nd ref="6983093284"/>
  <nd ref="6983093285"/>
  <nd ref="6983093286"/>
  <tag k="building" v="yes"/>
 </way>
 <way id="746195575" visible="true" version="1" changeset="77170573" timestamp="2019-11-16T17:27:49Z" user="Arun Balaji" uid="3427745">
  <nd ref="6983093290"/>
  <nd ref="6983093287"/>
  <nd ref="6983093288"/>
  <nd ref="6983093289"/>
  <nd ref="6983093290"/>
  <tag k="building" v="yes"/>
 </way>
 <way id="746195576" visible="true" version="1" changeset="77170573" timestamp="2019-11-16T17:27:49Z" user="Arun Balaji" uid="3427745">
  <nd ref="6983093294"/>
  <nd ref="6983093291"/>
  <nd ref="6983093292"/>
  <nd ref="6983093293"/>
  <nd ref="6983093294"/>
  <tag k="building" v="yes"/>
 </way>
 <way id="746195577" visible="true" version="1" changeset="77170573" timestamp="2019-11-16T17:27:49Z" user="Arun Balaji" uid="3427745">
  <nd ref="6983093298"/>
  <nd ref="6983093297"/>
  <nd ref="6983093296"/>
  <nd ref="6983093295"/>
  <nd ref="6983093298"/>
  <tag k="building" v="yes"/>
 </way>
 <way id="746195578" visible="true" version="1" changeset="77170573" timestamp="2019-11-16T17:27:49Z" user="Arun Balaji" uid="3427745">
  <nd ref="6983093302"/>
  <nd ref="6983093301"/>
  <nd ref="6983093300"/>
  <nd ref="6983093299"/>
  <nd ref="6983093302"/>
  <tag k="building" v="yes"/>
 </way>
 <way id="746195579" visible="true" version="1" changeset="77170573" timestamp="2019-11-16T17:27:49Z" user="Arun Balaji" uid="3427745">
  <nd ref="6983093306"/>
  <nd ref="6983093305"/>
  <nd ref="6983093304"/>
  <nd ref="6983093303"/>
  <nd ref="6983093306"/>
  <tag k="building" v="yes"/>
 </way>
 <way id="746195580" visible="true" version="1" changeset="77170573" timestamp="2019-11-16T17:27:49Z" user="Arun Balaji" uid="3427745">
  <nd ref="6983093310"/>
  <nd ref="6983093307"/>
  <nd ref="6983093308"/>
  <nd ref="6983093309"/>
  <nd ref="6983093310"/>
  <tag k="building" v="yes"/>
 </way>
 <way id="746195581" visible="true" version="1" changeset="77170573" timestamp="2019-11-16T17:27:49Z" user="Arun Balaji" uid="3427745">
  <nd ref="6983093314"/>
  <nd ref="6983093311"/>
  <nd ref="6983093312"/>
  <nd ref="6983093313"/>
  <nd ref="6983093314"/>
  <tag k="building" v="yes"/>
 </way>
 <way id="746195582" visible="true" version="1" changeset="77170573" timestamp="2019-11-16T17:27:49Z" user="Arun Balaji" uid="3427745">
  <nd ref="6983093318"/>
  <nd ref="6983093315"/>
  <nd ref="6983093316"/>
  <nd ref="6983093317"/>
  <nd ref="6983093318"/>
  <tag k="building" v="yes"/>
 </way>
 <way id="746195583" visible="true" version="1" changeset="77170573" timestamp="2019-11-16T17:27:49Z" user="Arun Balaji" uid="3427745">
  <nd ref="6983093324"/>
  <nd ref="6983093321"/>
  <nd ref="6983093319"/>
  <nd ref="6983093320"/>
  <nd ref="6983093322"/>
  <nd ref="6983093323"/>
  <nd ref="6983093324"/>
  <tag k="building" v="yes"/>
 </way>
 <way id="746195584" visible="true" version="1" changeset="77170573" timestamp="2019-11-16T17:27:49Z" user="Arun Balaji" uid="3427745">
  <nd ref="6983093328"/>
  <nd ref="6983093325"/>
  <nd ref="6983093326"/>
  <nd ref="6983093327"/>
  <nd ref="6983093328"/>
  <tag k="building" v="yes"/>
 </way>
 <way id="746195585" visible="true" version="1" changeset="77170573" timestamp="2019-11-16T17:27:49Z" user="Arun Balaji" uid="3427745">
  <nd ref="6983093332"/>
  <nd ref="6983093329"/>
  <nd ref="6983093330"/>
  <nd ref="6983093331"/>
  <nd ref="6983093332"/>
  <tag k="building" v="yes"/>
 </way>
 <way id="746195586" visible="true" version="1" changeset="77170573" timestamp="2019-11-16T17:27:49Z" user="Arun Balaji" uid="3427745">
  <nd ref="6983093336"/>
  <nd ref="6983093333"/>
  <nd ref="6983093334"/>
  <nd ref="6983093335"/>
  <nd ref="6983093336"/>
  <tag k="building" v="yes"/>
 </way>
 <way id="746195587" visible="true" version="1" changeset="77170573" timestamp="2019-11-16T17:27:49Z" user="Arun Balaji" uid="3427745">
  <nd ref="6983093340"/>
  <nd ref="6983093339"/>
  <nd ref="6983093338"/>
  <nd ref="6983093337"/>
  <nd ref="6983093340"/>
  <tag k="building" v="yes"/>
 </way>
 <way id="746196873" visible="true" version="1" changeset="77170732" timestamp="2019-11-16T17:35:40Z" user="Arun Balaji" uid="3427745">
  <nd ref="6983101911"/>
  <nd ref="6983101910"/>
  <nd ref="6983101909"/>
  <nd ref="6983101908"/>
  <nd ref="6983101911"/>
  <tag k="building" v="yes"/>
 </way>
 <way id="746196874" visible="true" version="1" changeset="77170732" timestamp="2019-11-16T17:35:40Z" user="Arun Balaji" uid="3427745">
  <nd ref="6983101915"/>
  <nd ref="6983101912"/>
  <nd ref="6983101913"/>
  <nd ref="6983101914"/>
  <nd ref="6983101915"/>
  <tag k="building" v="yes"/>
 </way>
 <way id="746196875" visible="true" version="1" changeset="77170732" timestamp="2019-11-16T17:35:40Z" user="Arun Balaji" uid="3427745">
  <nd ref="6983101919"/>
  <nd ref="6983101916"/>
  <nd ref="6983101917"/>
  <nd ref="6983101918"/>
  <nd ref="6983101919"/>
  <tag k="building" v="yes"/>
 </way>
 <way id="746196876" visible="true" version="1" changeset="77170732" timestamp="2019-11-16T17:35:40Z" user="Arun Balaji" uid="3427745">
  <nd ref="6983101923"/>
  <nd ref="6983101920"/>
  <nd ref="6983101921"/>
  <nd ref="6983101922"/>
  <nd ref="6983101923"/>
  <tag k="building" v="yes"/>
 </way>
 <way id="746196877" visible="true" version="1" changeset="77170732" timestamp="2019-11-16T17:35:40Z" user="Arun Balaji" uid="3427745">
  <nd ref="6983101927"/>
  <nd ref="6983101926"/>
  <nd ref="6983101925"/>
  <nd ref="6983101924"/>
  <nd ref="6983101927"/>
  <tag k="building" v="yes"/>
 </way>
 <way id="746196894" visible="true" version="1" changeset="77170732" timestamp="2019-11-16T17:35:40Z" user="Arun Balaji" uid="3427745">
  <nd ref="6983101999"/>
  <nd ref="6983101998"/>
  <nd ref="6983101997"/>
  <nd ref="6983101996"/>
  <nd ref="6983101999"/>
  <tag k="building" v="yes"/>
 </way>
 <way id="746196895" visible="true" version="1" changeset="77170732" timestamp="2019-11-16T17:35:40Z" user="Arun Balaji" uid="3427745">
  <nd ref="6983102003"/>
  <nd ref="6983102000"/>
  <nd ref="6983102001"/>
  <nd ref="6983102002"/>
  <nd ref="6983102003"/>
  <tag k="building" v="yes"/>
 </way>
 <way id="746196896" visible="true" version="1" changeset="77170732" timestamp="2019-11-16T17:35:40Z" user="Arun Balaji" uid="3427745">
  <nd ref="6983102007"/>
  <nd ref="6983102004"/>
  <nd ref="6983102005"/>
  <nd ref="6983102006"/>
  <nd ref="6983102007"/>
  <tag k="building" v="yes"/>
 </way>
 <way id="746196897" visible="true" version="1" changeset="77170732" timestamp="2019-11-16T17:35:40Z" user="Arun Balaji" uid="3427745">
  <nd ref="6983102011"/>
  <nd ref="6983102010"/>
  <nd ref="6983102009"/>
  <nd ref="6983102008"/>
  <nd ref="6983102011"/>
  <tag k="building" v="yes"/>
 </way>
 <way id="746196898" visible="true" version="1" changeset="77170732" timestamp="2019-11-16T17:35:40Z" user="Arun Balaji" uid="3427745">
  <nd ref="6983102015"/>
  <nd ref="6983102014"/>
  <nd ref="6983102013"/>
  <nd ref="6983102012"/>
  <nd ref="6983102015"/>
  <tag k="building" v="yes"/>
 </way>
 <way id="746196899" visible="true" version="1" changeset="77170732" timestamp="2019-11-16T17:35:40Z" user="Arun Balaji" uid="3427745">
  <nd ref="6983102019"/>
  <nd ref="6983102016"/>
  <nd ref="6983102017"/>
  <nd ref="6983102018"/>
  <nd ref="6983102019"/>
  <tag k="building" v="yes"/>
 </way>
 <way id="746196900" visible="true" version="1" changeset="77170732" timestamp="2019-11-16T17:35:40Z" user="Arun Balaji" uid="3427745">
  <nd ref="6983102023"/>
  <nd ref="6983102022"/>
  <nd ref="6983102021"/>
  <nd ref="6983102020"/>
  <nd ref="6983102023"/>
  <tag k="building" v="yes"/>
 </way>
 <way id="746196901" visible="true" version="1" changeset="77170732" timestamp="2019-11-16T17:35:40Z" user="Arun Balaji" uid="3427745">
  <nd ref="6983102027"/>
  <nd ref="6983102024"/>
  <nd ref="6983102025"/>
  <nd ref="6983102026"/>
  <nd ref="6983102027"/>
  <tag k="building" v="yes"/>
 </way>
 <way id="746196902" visible="true" version="1" changeset="77170732" timestamp="2019-11-16T17:35:40Z" user="Arun Balaji" uid="3427745">
  <nd ref="6983102031"/>
  <nd ref="6983102028"/>
  <nd ref="6983102029"/>
  <nd ref="6983102030"/>
  <nd ref="6983102031"/>
  <tag k="building" v="yes"/>
 </way>
 <way id="746196903" visible="true" version="1" changeset="77170732" timestamp="2019-11-16T17:35:40Z" user="Arun Balaji" uid="3427745">
  <nd ref="6983102035"/>
  <nd ref="6983102032"/>
  <nd ref="6983102033"/>
  <nd ref="6983102034"/>
  <nd ref="6983102035"/>
  <tag k="building" v="yes"/>
 </way>
 <way id="746196904" visible="true" version="1" changeset="77170732" timestamp="2019-11-16T17:35:40Z" user="Arun Balaji" uid="3427745">
  <nd ref="6983102039"/>
  <nd ref="6983102036"/>
  <nd ref="6983102037"/>
  <nd ref="6983102038"/>
  <nd ref="6983102039"/>
  <tag k="building" v="yes"/>
 </way>
 <way id="746196905" visible="true" version="1" changeset="77170732" timestamp="2019-11-16T17:35:40Z" user="Arun Balaji" uid="3427745">
  <nd ref="6983102043"/>
  <nd ref="6983102040"/>
  <nd ref="6983102041"/>
  <nd ref="6983102042"/>
  <nd ref="6983102043"/>
  <tag k="building" v="yes"/>
 </way>
 <way id="746196906" visible="true" version="1" changeset="77170732" timestamp="2019-11-16T17:35:40Z" user="Arun Balaji" uid="3427745">
  <nd ref="6983102047"/>
  <nd ref="6983102044"/>
  <nd ref="6983102045"/>
  <nd ref="6983102046"/>
  <nd ref="6983102047"/>
  <tag k="building" v="yes"/>
 </way>
 <way id="746196907" visible="true" version="1" changeset="77170732" timestamp="2019-11-16T17:35:40Z" user="Arun Balaji" uid="3427745">
  <nd ref="6983102051"/>
  <nd ref="6983102048"/>
  <nd ref="6983102049"/>
  <nd ref="6983102050"/>
  <nd ref="6983102051"/>
  <tag k="building" v="yes"/>
 </way>
 <way id="746196908" visible="true" version="1" changeset="77170732" timestamp="2019-11-16T17:35:40Z" user="Arun Balaji" uid="3427745">
  <nd ref="6983102055"/>
  <nd ref="6983102052"/>
  <nd ref="6983102053"/>
  <nd ref="6983102054"/>
  <nd ref="6983102055"/>
  <tag k="building" v="yes"/>
 </way>
 <way id="746197446" visible="true" version="1" changeset="77170809" timestamp="2019-11-16T17:38:53Z" user="Arun Balaji" uid="3427745">
  <nd ref="6983067122"/>
  <nd ref="6983067119"/>
  <nd ref="6983067120"/>
  <nd ref="6983067121"/>
  <nd ref="6983067122"/>
  <tag k="building" v="yes"/>
 </way>
 <way id="746197447" visible="true" version="1" changeset="77170809" timestamp="2019-11-16T17:38:53Z" user="Arun Balaji" uid="3427745">
  <nd ref="6983067126"/>
  <nd ref="6983067123"/>
  <nd ref="6983067124"/>
  <nd ref="6983067125"/>
  <nd ref="6983067126"/>
  <tag k="building" v="yes"/>
 </way>
 <way id="746197448" visible="true" version="1" changeset="77170809" timestamp="2019-11-16T17:38:53Z" user="Arun Balaji" uid="3427745">
  <nd ref="6983067130"/>
  <nd ref="6983067127"/>
  <nd ref="6983067128"/>
  <nd ref="6983067129"/>
  <nd ref="6983067130"/>
  <tag k="building" v="yes"/>
 </way>
 <way id="746197449" visible="true" version="1" changeset="77170809" timestamp="2019-11-16T17:38:53Z" user="Arun Balaji" uid="3427745">
  <nd ref="6983067134"/>
  <nd ref="6983067131"/>
  <nd ref="6983067132"/>
  <nd ref="6983067133"/>
  <nd ref="6983067134"/>
  <tag k="building" v="yes"/>
 </way>
 <way id="746197450" visible="true" version="1" changeset="77170809" timestamp="2019-11-16T17:38:53Z" user="Arun Balaji" uid="3427745">
  <nd ref="6983067138"/>
  <nd ref="6983067137"/>
  <nd ref="6983067136"/>
  <nd ref="6983067135"/>
  <nd ref="6983067138"/>
  <tag k="building" v="yes"/>
 </way>
 <way id="746197451" visible="true" version="1" changeset="77170809" timestamp="2019-11-16T17:38:53Z" user="Arun Balaji" uid="3427745">
  <nd ref="6983067142"/>
  <nd ref="6983067139"/>
  <nd ref="6983067140"/>
  <nd ref="6983067141"/>
  <nd ref="6983067142"/>
  <tag k="building" v="yes"/>
 </way>
 <way id="746197452" visible="true" version="1" changeset="77170809" timestamp="2019-11-16T17:38:53Z" user="Arun Balaji" uid="3427745">
  <nd ref="6983067146"/>
  <nd ref="6983067143"/>
  <nd ref="6983067144"/>
  <nd ref="6983067145"/>
  <nd ref="6983067146"/>
  <tag k="building" v="yes"/>
 </way>
 <way id="746197453" visible="true" version="1" changeset="77170809" timestamp="2019-11-16T17:38:53Z" user="Arun Balaji" uid="3427745">
  <nd ref="6983067150"/>
  <nd ref="6983067147"/>
  <nd ref="6983067148"/>
  <nd ref="6983067149"/>
  <nd ref="6983067150"/>
  <tag k="building" v="yes"/>
 </way>
 <way id="746197454" visible="true" version="1" changeset="77170809" timestamp="2019-11-16T17:38:53Z" user="Arun Balaji" uid="3427745">
  <nd ref="6983067154"/>
  <nd ref="6983067151"/>
  <nd ref="6983067152"/>
  <nd ref="6983067153"/>
  <nd ref="6983067154"/>
  <tag k="building" v="yes"/>
 </way>
 <way id="746197455" visible="true" version="1" changeset="77170809" timestamp="2019-11-16T17:38:53Z" user="Arun Balaji" uid="3427745">
  <nd ref="6983067158"/>
  <nd ref="6983067157"/>
  <nd ref="6983067156"/>
  <nd ref="6983067155"/>
  <nd ref="6983067158"/>
  <tag k="building" v="yes"/>
 </way>
 <way id="746197456" visible="true" version="1" changeset="77170809" timestamp="2019-11-16T17:38:53Z" user="Arun Balaji" uid="3427745">
  <nd ref="6983067162"/>
  <nd ref="6983067161"/>
  <nd ref="6983067160"/>
  <nd ref="6983067159"/>
  <nd ref="6983067162"/>
  <tag k="building" v="yes"/>
 </way>
 <way id="746197457" visible="true" version="1" changeset="77170809" timestamp="2019-11-16T17:38:53Z" user="Arun Balaji" uid="3427745">
  <nd ref="6983067166"/>
  <nd ref="6983067163"/>
  <nd ref="6983067164"/>
  <nd ref="6983067165"/>
  <nd ref="6983067166"/>
  <tag k="building" v="yes"/>
 </way>
 <way id="746197458" visible="true" version="1" changeset="77170809" timestamp="2019-11-16T17:38:53Z" user="Arun Balaji" uid="3427745">
  <nd ref="6983067170"/>
  <nd ref="6983067167"/>
  <nd ref="6983067168"/>
  <nd ref="6983067169"/>
  <nd ref="6983067170"/>
  <tag k="building" v="yes"/>
 </way>
 <way id="746197459" visible="true" version="1" changeset="77170809" timestamp="2019-11-16T17:38:53Z" user="Arun Balaji" uid="3427745">
  <nd ref="6983067174"/>
  <nd ref="6983067171"/>
  <nd ref="6983067172"/>
  <nd ref="6983067173"/>
  <nd ref="6983067174"/>
  <tag k="building" v="yes"/>
 </way>
 <way id="746197460" visible="true" version="1" changeset="77170809" timestamp="2019-11-16T17:38:53Z" user="Arun Balaji" uid="3427745">
  <nd ref="6983067178"/>
  <nd ref="6983067175"/>
  <nd ref="6983067176"/>
  <nd ref="6983067177"/>
  <nd ref="6983067178"/>
  <tag k="building" v="yes"/>
 </way>
 <way id="746197461" visible="true" version="1" changeset="77170809" timestamp="2019-11-16T17:38:53Z" user="Arun Balaji" uid="3427745">
  <nd ref="6983067182"/>
  <nd ref="6983067179"/>
  <nd ref="6983067180"/>
  <nd ref="6983067181"/>
  <nd ref="6983067182"/>
  <tag k="building" v="yes"/>
 </way>
 <way id="746197462" visible="true" version="1" changeset="77170809" timestamp="2019-11-16T17:38:53Z" user="Arun Balaji" uid="3427745">
  <nd ref="6983106686"/>
  <nd ref="6983106685"/>
  <nd ref="6983067184"/>
  <nd ref="6983067183"/>
  <nd ref="6983106686"/>
  <tag k="building" v="yes"/>
 </way>
 <way id="746197463" visible="true" version="1" changeset="77170809" timestamp="2019-11-16T17:38:53Z" user="Arun Balaji" uid="3427745">
  <nd ref="6983106690"/>
  <nd ref="6983106687"/>
  <nd ref="6983106688"/>
  <nd ref="6983106689"/>
  <nd ref="6983106690"/>
  <tag k="building" v="yes"/>
 </way>
 <way id="746197464" visible="true" version="1" changeset="77170809" timestamp="2019-11-16T17:38:53Z" user="Arun Balaji" uid="3427745">
  <nd ref="6983106694"/>
  <nd ref="6983106691"/>
  <nd ref="6983106692"/>
  <nd ref="6983106693"/>
  <nd ref="6983106694"/>
  <tag k="building" v="yes"/>
 </way>
 <way id="746197465" visible="true" version="1" changeset="77170809" timestamp="2019-11-16T17:38:53Z" user="Arun Balaji" uid="3427745">
  <nd ref="6983106698"/>
  <nd ref="6983106697"/>
  <nd ref="6983106696"/>
  <nd ref="6983106695"/>
  <nd ref="6983106698"/>
  <tag k="building" v="yes"/>
 </way>
 <way id="746197466" visible="true" version="1" changeset="77170809" timestamp="2019-11-16T17:38:53Z" user="Arun Balaji" uid="3427745">
  <nd ref="6983106702"/>
  <nd ref="6983106699"/>
  <nd ref="6983106700"/>
  <nd ref="6983106701"/>
  <nd ref="6983106702"/>
  <tag k="building" v="yes"/>
 </way>
 <way id="746197467" visible="true" version="1" changeset="77170809" timestamp="2019-11-16T17:38:53Z" user="Arun Balaji" uid="3427745">
  <nd ref="6983106706"/>
  <nd ref="6983106703"/>
  <nd ref="6983106704"/>
  <nd ref="6983106705"/>
  <nd ref="6983106706"/>
  <tag k="building" v="yes"/>
 </way>
 <way id="746197468" visible="true" version="1" changeset="77170809" timestamp="2019-11-16T17:38:53Z" user="Arun Balaji" uid="3427745">
  <nd ref="6983106710"/>
  <nd ref="6983106707"/>
  <nd ref="6983106708"/>
  <nd ref="6983106709"/>
  <nd ref="6983106710"/>
  <tag k="building" v="yes"/>
 </way>
 <way id="746197469" visible="true" version="1" changeset="77170809" timestamp="2019-11-16T17:38:53Z" user="Arun Balaji" uid="3427745">
  <nd ref="6983106714"/>
  <nd ref="6983106713"/>
  <nd ref="6983106712"/>
  <nd ref="6983106711"/>
  <nd ref="6983106714"/>
  <tag k="building" v="yes"/>
 </way>
 <way id="746197470" visible="true" version="1" changeset="77170809" timestamp="2019-11-16T17:38:53Z" user="Arun Balaji" uid="3427745">
  <nd ref="6983106720"/>
  <nd ref="6983106719"/>
  <nd ref="6983106718"/>
  <nd ref="6983106717"/>
  <nd ref="6983106715"/>
  <nd ref="6983106716"/>
  <nd ref="6983106720"/>
  <tag k="building" v="yes"/>
 </way>
 <way id="746197471" visible="true" version="1" changeset="77170809" timestamp="2019-11-16T17:38:53Z" user="Arun Balaji" uid="3427745">
  <nd ref="6983106724"/>
  <nd ref="6983106723"/>
  <nd ref="6983106722"/>
  <nd ref="6983106721"/>
  <nd ref="6983106724"/>
  <tag k="building" v="yes"/>
 </way>
 <way id="746197472" visible="true" version="1" changeset="77170809" timestamp="2019-11-16T17:38:53Z" user="Arun Balaji" uid="3427745">
  <nd ref="6983106728"/>
  <nd ref="6983106727"/>
  <nd ref="6983106726"/>
  <nd ref="6983106725"/>
  <nd ref="6983106728"/>
  <tag k="building" v="yes"/>
 </way>
 <way id="746197473" visible="true" version="1" changeset="77170809" timestamp="2019-11-16T17:38:53Z" user="Arun Balaji" uid="3427745">
  <nd ref="6983106732"/>
  <nd ref="6983106729"/>
  <nd ref="6983106730"/>
  <nd ref="6983106731"/>
  <nd ref="6983106732"/>
  <tag k="building" v="yes"/>
 </way>
 <way id="746197474" visible="true" version="1" changeset="77170809" timestamp="2019-11-16T17:38:53Z" user="Arun Balaji" uid="3427745">
  <nd ref="6983106736"/>
  <nd ref="6983106733"/>
  <nd ref="6983106734"/>
  <nd ref="6983106735"/>
  <nd ref="6983106736"/>
  <tag k="building" v="yes"/>
 </way>
 <way id="746197475" visible="true" version="1" changeset="77170809" timestamp="2019-11-16T17:38:53Z" user="Arun Balaji" uid="3427745">
  <nd ref="6983106740"/>
  <nd ref="6983106739"/>
  <nd ref="6983106738"/>
  <nd ref="6983106737"/>
  <nd ref="6983106740"/>
  <tag k="building" v="yes"/>
 </way>
 <way id="746197476" visible="true" version="1" changeset="77170809" timestamp="2019-11-16T17:38:53Z" user="Arun Balaji" uid="3427745">
  <nd ref="6983106744"/>
  <nd ref="6983106741"/>
  <nd ref="6983106742"/>
  <nd ref="6983106743"/>
  <nd ref="6983106744"/>
  <tag k="building" v="yes"/>
 </way>
 <way id="746197477" visible="true" version="1" changeset="77170809" timestamp="2019-11-16T17:38:53Z" user="Arun Balaji" uid="3427745">
  <nd ref="6983106748"/>
  <nd ref="6983106747"/>
  <nd ref="6983106746"/>
  <nd ref="6983106745"/>
  <nd ref="6983106748"/>
  <tag k="building" v="yes"/>
 </way>
 <way id="746197478" visible="true" version="1" changeset="77170809" timestamp="2019-11-16T17:38:53Z" user="Arun Balaji" uid="3427745">
  <nd ref="6983106752"/>
  <nd ref="6983106749"/>
  <nd ref="6983106750"/>
  <nd ref="6983106751"/>
  <nd ref="6983106752"/>
  <tag k="building" v="yes"/>
 </way>
 <way id="746197479" visible="true" version="1" changeset="77170809" timestamp="2019-11-16T17:38:53Z" user="Arun Balaji" uid="3427745">
  <nd ref="6983106758"/>
  <nd ref="6983106755"/>
  <nd ref="6983106753"/>
  <nd ref="6983106754"/>
  <nd ref="6983106756"/>
  <nd ref="6983106757"/>
  <nd ref="6983106758"/>
  <tag k="building" v="yes"/>
 </way>
 <way id="746197480" visible="true" version="1" changeset="77170809" timestamp="2019-11-16T17:38:53Z" user="Arun Balaji" uid="3427745">
  <nd ref="6983106762"/>
  <nd ref="6983106761"/>
  <nd ref="6983106760"/>
  <nd ref="6983106759"/>
  <nd ref="6983106762"/>
  <tag k="building" v="yes"/>
 </way>
 <way id="746197481" visible="true" version="1" changeset="77170809" timestamp="2019-11-16T17:38:53Z" user="Arun Balaji" uid="3427745">
  <nd ref="6983106766"/>
  <nd ref="6983106763"/>
  <nd ref="6983106764"/>
  <nd ref="6983106765"/>
  <nd ref="6983106766"/>
  <tag k="building" v="yes"/>
 </way>
 <way id="746197482" visible="true" version="1" changeset="77170809" timestamp="2019-11-16T17:38:53Z" user="Arun Balaji" uid="3427745">
  <nd ref="6983106770"/>
  <nd ref="6983106767"/>
  <nd ref="6983106768"/>
  <nd ref="6983106769"/>
  <nd ref="6983106770"/>
  <tag k="building" v="yes"/>
 </way>
 <way id="746197483" visible="true" version="1" changeset="77170809" timestamp="2019-11-16T17:38:53Z" user="Arun Balaji" uid="3427745">
  <nd ref="6983106774"/>
  <nd ref="6983106771"/>
  <nd ref="6983106772"/>
  <nd ref="6983106773"/>
  <nd ref="6983106774"/>
  <tag k="building" v="yes"/>
 </way>
 <way id="746197484" visible="true" version="1" changeset="77170809" timestamp="2019-11-16T17:38:53Z" user="Arun Balaji" uid="3427745">
  <nd ref="6983106778"/>
  <nd ref="6983106775"/>
  <nd ref="6983106776"/>
  <nd ref="6983106777"/>
  <nd ref="6983106778"/>
  <tag k="building" v="yes"/>
 </way>
 <way id="746197485" visible="true" version="1" changeset="77170809" timestamp="2019-11-16T17:38:53Z" user="Arun Balaji" uid="3427745">
  <nd ref="6983106782"/>
  <nd ref="6983106779"/>
  <nd ref="6983106780"/>
  <nd ref="6983106781"/>
  <nd ref="6983106782"/>
  <tag k="building" v="yes"/>
 </way>
 <way id="746197486" visible="true" version="1" changeset="77170809" timestamp="2019-11-16T17:38:53Z" user="Arun Balaji" uid="3427745">
  <nd ref="6983106786"/>
  <nd ref="6983106785"/>
  <nd ref="6983106784"/>
  <nd ref="6983106783"/>
  <nd ref="6983106786"/>
  <tag k="building" v="yes"/>
 </way>
 <way id="746197487" visible="true" version="1" changeset="77170809" timestamp="2019-11-16T17:38:53Z" user="Arun Balaji" uid="3427745">
  <nd ref="6983106790"/>
  <nd ref="6983106787"/>
  <nd ref="6983106788"/>
  <nd ref="6983106789"/>
  <nd ref="6983106790"/>
  <tag k="building" v="yes"/>
 </way>
 <way id="746197488" visible="true" version="1" changeset="77170809" timestamp="2019-11-16T17:38:53Z" user="Arun Balaji" uid="3427745">
  <nd ref="6983106794"/>
  <nd ref="6983106791"/>
  <nd ref="6983106792"/>
  <nd ref="6983106793"/>
  <nd ref="6983106794"/>
  <tag k="building" v="yes"/>
 </way>
 <way id="746197489" visible="true" version="1" changeset="77170809" timestamp="2019-11-16T17:38:53Z" user="Arun Balaji" uid="3427745">
  <nd ref="6983106798"/>
  <nd ref="6983106795"/>
  <nd ref="6983106796"/>
  <nd ref="6983106797"/>
  <nd ref="6983106798"/>
  <tag k="building" v="yes"/>
 </way>
 <way id="746197490" visible="true" version="1" changeset="77170809" timestamp="2019-11-16T17:38:53Z" user="Arun Balaji" uid="3427745">
  <nd ref="6983106802"/>
  <nd ref="6983106799"/>
  <nd ref="6983106800"/>
  <nd ref="6983106801"/>
  <nd ref="6983106802"/>
  <tag k="building" v="yes"/>
 </way>
 <way id="746723002" visible="true" version="1" changeset="77240440" timestamp="2019-11-18T17:29:49Z" user="Arun Balaji" uid="3427745">
  <nd ref="6987837177"/>
  <nd ref="6987837176"/>
  <nd ref="6987837173"/>
  <nd ref="6987837172"/>
  <nd ref="6987837175"/>
  <nd ref="6987837174"/>
  <nd ref="6987837177"/>
  <tag k="building" v="yes"/>
 </way>
 <way id="746723003" visible="true" version="1" changeset="77240440" timestamp="2019-11-18T17:29:49Z" user="Arun Balaji" uid="3427745">
  <nd ref="6987837181"/>
  <nd ref="6987837178"/>
  <nd ref="6987837179"/>
  <nd ref="6987837180"/>
  <nd ref="6987837181"/>
  <tag k="building" v="yes"/>
 </way>
 <way id="746723004" visible="true" version="1" changeset="77240440" timestamp="2019-11-18T17:29:49Z" user="Arun Balaji" uid="3427745">
  <nd ref="6987839285"/>
  <nd ref="6987837182"/>
  <nd ref="6987837183"/>
  <nd ref="6987837184"/>
  <nd ref="6987839285"/>
  <tag k="building" v="yes"/>
 </way>
 <way id="746723005" visible="true" version="1" changeset="77240440" timestamp="2019-11-18T17:29:49Z" user="Arun Balaji" uid="3427745">
  <nd ref="6987839289"/>
  <nd ref="6987839286"/>
  <nd ref="6987839287"/>
  <nd ref="6987839288"/>
  <nd ref="6987839289"/>
  <tag k="building" v="yes"/>
 </way>
 <way id="746723006" visible="true" version="1" changeset="77240440" timestamp="2019-11-18T17:29:49Z" user="Arun Balaji" uid="3427745">
  <nd ref="6987839293"/>
  <nd ref="6987839290"/>
  <nd ref="6987839291"/>
  <nd ref="6987839292"/>
  <nd ref="6987839293"/>
  <tag k="building" v="yes"/>
 </way>
 <way id="746723007" visible="true" version="1" changeset="77240440" timestamp="2019-11-18T17:29:49Z" user="Arun Balaji" uid="3427745">
  <nd ref="6987839297"/>
  <nd ref="6987839294"/>
  <nd ref="6987839295"/>
  <nd ref="6987839296"/>
  <nd ref="6987839297"/>
  <tag k="building" v="yes"/>
 </way>
 <way id="746723008" visible="true" version="1" changeset="77240440" timestamp="2019-11-18T17:29:49Z" user="Arun Balaji" uid="3427745">
  <nd ref="6987839301"/>
  <nd ref="6987839300"/>
  <nd ref="6987839299"/>
  <nd ref="6987839298"/>
  <nd ref="6987839301"/>
  <tag k="building" v="yes"/>
 </way>
 <way id="746723009" visible="true" version="1" changeset="77240440" timestamp="2019-11-18T17:29:49Z" user="Arun Balaji" uid="3427745">
  <nd ref="6987839305"/>
  <nd ref="6987839304"/>
  <nd ref="6987839303"/>
  <nd ref="6987839302"/>
  <nd ref="6987839305"/>
  <tag k="building" v="yes"/>
 </way>
 <way id="746723010" visible="true" version="1" changeset="77240440" timestamp="2019-11-18T17:29:49Z" user="Arun Balaji" uid="3427745">
  <nd ref="6987839309"/>
  <nd ref="6987839308"/>
  <nd ref="6987839307"/>
  <nd ref="6987839306"/>
  <nd ref="6987839309"/>
  <tag k="building" v="yes"/>
 </way>
 <way id="746723011" visible="true" version="1" changeset="77240440" timestamp="2019-11-18T17:29:49Z" user="Arun Balaji" uid="3427745">
  <nd ref="6987839315"/>
  <nd ref="6987839312"/>
  <nd ref="6987839313"/>
  <nd ref="6987839314"/>
  <nd ref="6987839315"/>
  <tag k="building" v="yes"/>
 </way>
 <way id="746723012" visible="true" version="1" changeset="77240440" timestamp="2019-11-18T17:29:49Z" user="Arun Balaji" uid="3427745">
  <nd ref="6987839319"/>
  <nd ref="6987839316"/>
  <nd ref="6987839311"/>
  <nd ref="6987839310"/>
  <nd ref="6987839317"/>
  <nd ref="6987839318"/>
  <nd ref="6987839319"/>
  <tag k="building" v="yes"/>
 </way>
 <way id="746723013" visible="true" version="1" changeset="77240440" timestamp="2019-11-18T17:29:49Z" user="Arun Balaji" uid="3427745">
  <nd ref="6987839323"/>
  <nd ref="6987839322"/>
  <nd ref="6987839321"/>
  <nd ref="6987839320"/>
  <nd ref="6987839323"/>
  <tag k="building" v="yes"/>
 </way>
 <way id="746723014" visible="true" version="1" changeset="77240440" timestamp="2019-11-18T17:29:49Z" user="Arun Balaji" uid="3427745">
  <nd ref="6987839327"/>
  <nd ref="6987839324"/>
  <nd ref="6987839325"/>
  <nd ref="6987839326"/>
  <nd ref="6987839327"/>
  <tag k="building" v="yes"/>
 </way>
 <way id="746723015" visible="true" version="1" changeset="77240440" timestamp="2019-11-18T17:29:49Z" user="Arun Balaji" uid="3427745">
  <nd ref="6987839331"/>
  <nd ref="6987839330"/>
  <nd ref="6987839329"/>
  <nd ref="6987839328"/>
  <nd ref="6987839331"/>
  <tag k="building" v="yes"/>
 </way>
 <way id="746723016" visible="true" version="1" changeset="77240440" timestamp="2019-11-18T17:29:49Z" user="Arun Balaji" uid="3427745">
  <nd ref="6987839335"/>
  <nd ref="6987839332"/>
  <nd ref="6987839333"/>
  <nd ref="6987839334"/>
  <nd ref="6987839335"/>
  <tag k="building" v="yes"/>
 </way>
 <way id="746723017" visible="true" version="1" changeset="77240440" timestamp="2019-11-18T17:29:49Z" user="Arun Balaji" uid="3427745">
  <nd ref="6987839339"/>
  <nd ref="6987839336"/>
  <nd ref="6987839337"/>
  <nd ref="6987839338"/>
  <nd ref="6987839339"/>
  <tag k="building" v="yes"/>
 </way>
 <way id="746723018" visible="true" version="1" changeset="77240440" timestamp="2019-11-18T17:29:49Z" user="Arun Balaji" uid="3427745">
  <nd ref="6987839343"/>
  <nd ref="6987839342"/>
  <nd ref="6987839341"/>
  <nd ref="6987839340"/>
  <nd ref="6987839343"/>
  <tag k="building" v="yes"/>
 </way>
 <way id="746723019" visible="true" version="1" changeset="77240440" timestamp="2019-11-18T17:29:49Z" user="Arun Balaji" uid="3427745">
  <nd ref="6987839347"/>
  <nd ref="6987839344"/>
  <nd ref="6987839345"/>
  <nd ref="6987839346"/>
  <nd ref="6987839347"/>
  <tag k="building" v="yes"/>
 </way>
 <way id="746723020" visible="true" version="1" changeset="77240440" timestamp="2019-11-18T17:29:49Z" user="Arun Balaji" uid="3427745">
  <nd ref="6987839351"/>
  <nd ref="6987839348"/>
  <nd ref="6987839349"/>
  <nd ref="6987839350"/>
  <nd ref="6987839351"/>
  <tag k="building" v="yes"/>
 </way>
 <way id="746723021" visible="true" version="1" changeset="77240440" timestamp="2019-11-18T17:29:49Z" user="Arun Balaji" uid="3427745">
  <nd ref="6987839355"/>
  <nd ref="6987839352"/>
  <nd ref="6987839353"/>
  <nd ref="6987839354"/>
  <nd ref="6987839355"/>
  <tag k="building" v="yes"/>
 </way>
 <way id="746723032" visible="true" version="1" changeset="77240440" timestamp="2019-11-18T17:29:49Z" user="Arun Balaji" uid="3427745">
  <nd ref="6987839417"/>
  <nd ref="6987839414"/>
  <nd ref="6987839415"/>
  <nd ref="6987839416"/>
  <nd ref="6987839417"/>
  <tag k="building" v="yes"/>
 </way>
 <way id="749019519" visible="true" version="1" changeset="77463928" timestamp="2019-11-23T17:00:17Z" user="Arun Balaji" uid="3427745">
  <nd ref="7004482018"/>
  <nd ref="7004482017"/>
  <nd ref="7004482016"/>
  <nd ref="7004482015"/>
  <nd ref="7004482018"/>
  <tag k="building" v="yes"/>
 </way>
 <way id="749019520" visible="true" version="1" changeset="77463928" timestamp="2019-11-23T17:00:17Z" user="Arun Balaji" uid="3427745">
  <nd ref="7004482022"/>
  <nd ref="7004482021"/>
  <nd ref="7004482020"/>
  <nd ref="7004482019"/>
  <nd ref="7004482022"/>
  <tag k="building" v="yes"/>
 </way>
 <way id="749019521" visible="true" version="1" changeset="77463928" timestamp="2019-11-23T17:00:17Z" user="Arun Balaji" uid="3427745">
  <nd ref="7004482026"/>
  <nd ref="7004482025"/>
  <nd ref="7004482024"/>
  <nd ref="7004482023"/>
  <nd ref="7004482026"/>
  <tag k="building" v="yes"/>
 </way>
 <way id="749019522" visible="true" version="1" changeset="77463928" timestamp="2019-11-23T17:00:17Z" user="Arun Balaji" uid="3427745">
  <nd ref="7004482030"/>
  <nd ref="7004482029"/>
  <nd ref="7004482028"/>
  <nd ref="7004482027"/>
  <nd ref="7004482030"/>
  <tag k="building" v="yes"/>
 </way>
 <way id="749019523" visible="true" version="1" changeset="77463928" timestamp="2019-11-23T17:00:17Z" user="Arun Balaji" uid="3427745">
  <nd ref="7004482034"/>
  <nd ref="7004482033"/>
  <nd ref="7004482032"/>
  <nd ref="7004482031"/>
  <nd ref="7004482034"/>
  <tag k="building" v="yes"/>
 </way>
 <way id="753263588" visible="true" version="1" changeset="78047873" timestamp="2019-12-06T11:53:50Z" user="Arun Balaji" uid="3427745">
  <nd ref="7038210438"/>
  <nd ref="7038210435"/>
  <nd ref="7038210436"/>
  <nd ref="7038210437"/>
  <nd ref="7038210438"/>
  <tag k="building" v="yes"/>
 </way>
 <way id="753263589" visible="true" version="1" changeset="78047873" timestamp="2019-12-06T11:53:50Z" user="Arun Balaji" uid="3427745">
  <nd ref="7038210442"/>
  <nd ref="7038210439"/>
  <nd ref="7038210440"/>
  <nd ref="7038210441"/>
  <nd ref="7038210442"/>
  <tag k="building" v="yes"/>
 </way>
 <way id="753263590" visible="true" version="1" changeset="78047873" timestamp="2019-12-06T11:53:50Z" user="Arun Balaji" uid="3427745">
  <nd ref="7038210446"/>
  <nd ref="7038210443"/>
  <nd ref="7038210444"/>
  <nd ref="7038210445"/>
  <nd ref="7038210446"/>
  <tag k="building" v="yes"/>
 </way>
 <way id="753263591" visible="true" version="1" changeset="78047873" timestamp="2019-12-06T11:53:50Z" user="Arun Balaji" uid="3427745">
  <nd ref="7038210450"/>
  <nd ref="7038210449"/>
  <nd ref="7038210448"/>
  <nd ref="7038210447"/>
  <nd ref="7038210450"/>
  <tag k="building" v="yes"/>
 </way>
 <way id="753263592" visible="true" version="1" changeset="78047873" timestamp="2019-12-06T11:53:50Z" user="Arun Balaji" uid="3427745">
  <nd ref="7038210454"/>
  <nd ref="7038210451"/>
  <nd ref="7038210452"/>
  <nd ref="7038210453"/>
  <nd ref="7038210454"/>
  <tag k="building" v="yes"/>
 </way>
 <way id="753263593" visible="true" version="1" changeset="78047873" timestamp="2019-12-06T11:53:50Z" user="Arun Balaji" uid="3427745">
  <nd ref="7038210458"/>
  <nd ref="7038210455"/>
  <nd ref="7038210456"/>
  <nd ref="7038210457"/>
  <nd ref="7038210458"/>
  <tag k="building" v="yes"/>
 </way>
 <way id="753263594" visible="true" version="1" changeset="78047873" timestamp="2019-12-06T11:53:50Z" user="Arun Balaji" uid="3427745">
  <nd ref="7038210462"/>
  <nd ref="7038210459"/>
  <nd ref="7038210460"/>
  <nd ref="7038210461"/>
  <nd ref="7038210462"/>
  <tag k="building" v="yes"/>
 </way>
 <way id="753263595" visible="true" version="1" changeset="78047873" timestamp="2019-12-06T11:53:50Z" user="Arun Balaji" uid="3427745">
  <nd ref="7038210466"/>
  <nd ref="7038210463"/>
  <nd ref="7038210464"/>
  <nd ref="7038210465"/>
  <nd ref="7038210466"/>
  <tag k="building" v="yes"/>
 </way>
 <way id="753263596" visible="true" version="1" changeset="78047873" timestamp="2019-12-06T11:53:50Z" user="Arun Balaji" uid="3427745">
  <nd ref="7038210470"/>
  <nd ref="7038210467"/>
  <nd ref="7038210468"/>
  <nd ref="7038210469"/>
  <nd ref="7038210470"/>
  <tag k="building" v="yes"/>
 </way>
 <way id="753263597" visible="true" version="1" changeset="78047873" timestamp="2019-12-06T11:53:50Z" user="Arun Balaji" uid="3427745">
  <nd ref="7038210474"/>
  <nd ref="7038210473"/>
  <nd ref="7038210472"/>
  <nd ref="7038210471"/>
  <nd ref="7038210474"/>
  <tag k="building" v="yes"/>
 </way>
 <way id="753263598" visible="true" version="1" changeset="78047873" timestamp="2019-12-06T11:53:50Z" user="Arun Balaji" uid="3427745">
  <nd ref="7038210478"/>
  <nd ref="7038210477"/>
  <nd ref="7038210476"/>
  <nd ref="7038210475"/>
  <nd ref="7038210478"/>
  <tag k="building" v="yes"/>
 </way>
 <way id="753263599" visible="true" version="1" changeset="78047873" timestamp="2019-12-06T11:53:50Z" user="Arun Balaji" uid="3427745">
  <nd ref="7038210482"/>
  <nd ref="7038210481"/>
  <nd ref="7038210480"/>
  <nd ref="7038210479"/>
  <nd ref="7038210482"/>
  <tag k="building" v="yes"/>
 </way>
 <way id="753263600" visible="true" version="1" changeset="78047873" timestamp="2019-12-06T11:53:50Z" user="Arun Balaji" uid="3427745">
  <nd ref="7038210486"/>
  <nd ref="7038210483"/>
  <nd ref="7038210484"/>
  <nd ref="7038210485"/>
  <nd ref="7038210486"/>
  <tag k="building" v="yes"/>
 </way>
 <way id="753263601" visible="true" version="1" changeset="78047873" timestamp="2019-12-06T11:53:50Z" user="Arun Balaji" uid="3427745">
  <nd ref="7038210490"/>
  <nd ref="7038210487"/>
  <nd ref="7038210488"/>
  <nd ref="7038210489"/>
  <nd ref="7038210490"/>
  <tag k="building" v="yes"/>
 </way>
 <way id="753263602" visible="true" version="1" changeset="78047873" timestamp="2019-12-06T11:53:50Z" user="Arun Balaji" uid="3427745">
  <nd ref="7038210494"/>
  <nd ref="7038210491"/>
  <nd ref="7038210492"/>
  <nd ref="7038210493"/>
  <nd ref="7038210494"/>
  <tag k="building" v="yes"/>
 </way>
 <way id="753263603" visible="true" version="1" changeset="78047873" timestamp="2019-12-06T11:53:50Z" user="Arun Balaji" uid="3427745">
  <nd ref="7038210498"/>
  <nd ref="7038210497"/>
  <nd ref="7038210496"/>
  <nd ref="7038210495"/>
  <nd ref="7038210498"/>
  <tag k="building" v="yes"/>
 </way>
 <way id="753263604" visible="true" version="1" changeset="78047873" timestamp="2019-12-06T11:53:50Z" user="Arun Balaji" uid="3427745">
  <nd ref="7038210502"/>
  <nd ref="7038210499"/>
  <nd ref="7038210500"/>
  <nd ref="7038210501"/>
  <nd ref="7038210502"/>
  <tag k="building" v="yes"/>
 </way>
 <way id="753263605" visible="true" version="1" changeset="78047873" timestamp="2019-12-06T11:53:50Z" user="Arun Balaji" uid="3427745">
  <nd ref="7038210506"/>
  <nd ref="7038210503"/>
  <nd ref="7038210504"/>
  <nd ref="7038210505"/>
  <nd ref="7038210506"/>
  <tag k="building" v="yes"/>
 </way>
 <way id="897744139" visible="true" version="2" changeset="97878963" timestamp="2021-01-21T06:27:15Z" user="श्र" uid="12519778">
  <nd ref="8343543619"/>
  <nd ref="8343543620"/>
  <nd ref="8343543621"/>
  <nd ref="8343543622"/>
  <nd ref="8343543619"/>
  <tag k="leisure" v="pitch"/>
  <tag k="name" v="Tennis Courts"/>
  <tag k="sport" v="tennis"/>
 </way>
 <way id="897744142" visible="true" version="1" changeset="97864188" timestamp="2021-01-20T23:12:57Z" user="श्र" uid="12519778">
  <nd ref="8343543631"/>
  <nd ref="8343543632"/>
  <nd ref="8343543633"/>
  <nd ref="8343543634"/>
  <nd ref="8343543635"/>
  <nd ref="8343543636"/>
  <nd ref="8343543637"/>
  <nd ref="8343543638"/>
  <nd ref="8343543631"/>
  <tag k="building" v="dormitory"/>
  <tag k="building:levels" v="2"/>
  <tag k="name" v="Hyderabad House"/>
 </way>
 <way id="897744143" visible="true" version="1" changeset="97864188" timestamp="2021-01-20T23:12:57Z" user="श्र" uid="12519778">
  <nd ref="8343543631"/>
  <nd ref="8343543639"/>
  <nd ref="8343543640"/>
  <nd ref="8343543644"/>
  <nd ref="8343543643"/>
  <nd ref="8343543641"/>
  <nd ref="8343543642"/>
  <nd ref="8343543632"/>
  <nd ref="8343543631"/>
  <tag k="building" v="dormitory"/>
  <tag k="building:levels" v="2"/>
  <tag k="name" v="Kashmir House"/>
 </way>
 <way id="897744144" visible="true" version="2" changeset="99199883" timestamp="2021-02-13T00:17:12Z" user="श्र" uid="12519778">
  <nd ref="8343543645"/>
  <nd ref="8343543646"/>
  <nd ref="8343543647"/>
  <nd ref="8343543648"/>
  <nd ref="8343543645"/>
  <tag k="leisure" v="pitch"/>
 </way>
 <way id="897744146" visible="true" version="1" changeset="97864188" timestamp="2021-01-20T23:12:57Z" user="श्र" uid="12519778">
  <nd ref="8343543666"/>
  <nd ref="8343543665"/>
  <nd ref="8343543661"/>
  <nd ref="8343543662"/>
  <nd ref="8343543666"/>
  <tag k="leisure" v="pitch"/>
  <tag k="name" v="Upper Skinners"/>
  <tag k="sport" v="soccer;cricket;hockey"/>
  <tag k="surface" v="ground"/>
 </way>
 <way id="897744147" visible="true" version="1" changeset="97864188" timestamp="2021-01-20T23:12:57Z" user="श्र" uid="12519778">
  <nd ref="8343543663"/>
  <nd ref="8343543664"/>
  <nd ref="8343543665"/>
  <nd ref="8343543666"/>
  <nd ref="8343543663"/>
  <tag k="leisure" v="pitch"/>
  <tag k="name" v="Lower Skinners"/>
  <tag k="sport" v="soccer;cricket;hockey;cricket_nets"/>
  <tag k="surface" v="ground"/>
 </way>
 <way id="897744148" visible="true" version="1" changeset="97864188" timestamp="2021-01-20T23:12:57Z" user="श्र" uid="12519778">
  <nd ref="8343543667"/>
  <nd ref="8343543668"/>
  <nd ref="8343543669"/>
  <nd ref="8343543670"/>
  <nd ref="8343543667"/>
  <tag k="hoops" v="2"/>
  <tag k="leisure" v="pitch"/>
  <tag k="sport" v="basketball"/>
 </way>
 <way id="897744149" visible="true" version="1" changeset="97864188" timestamp="2021-01-20T23:12:57Z" user="श्र" uid="12519778">
  <nd ref="8343543671"/>
  <nd ref="8343543672"/>
  <nd ref="8343543673"/>
  <nd ref="8343543674"/>
  <nd ref="8343543671"/>
  <tag k="hoops" v="2"/>
  <tag k="leisure" v="pitch"/>
  <tag k="sport" v="basketball"/>
 </way>
 <way id="897744150" visible="true" version="1" changeset="97864188" timestamp="2021-01-20T23:12:57Z" user="श्र" uid="12519778">
  <nd ref="8343543686"/>
  <nd ref="8343543687"/>
  <nd ref="8343543688"/>
  <nd ref="8343543689"/>
  <nd ref="8343543690"/>
  <nd ref="8343543675"/>
  <nd ref="8343543676"/>
  <nd ref="8343543679"/>
  <nd ref="8343543680"/>
  <nd ref="8343543681"/>
  <nd ref="8343543682"/>
  <nd ref="8343543683"/>
  <nd ref="8343543684"/>
  <nd ref="8343543685"/>
  <nd ref="8343543677"/>
  <nd ref="8343543678"/>
  <nd ref="8343543686"/>
  <tag k="amenity" v="theatre"/>
  <tag k="building" v="yes"/>
  <tag k="name" v="Rose Bowl"/>
 </way>
 <way id="897744151" visible="true" version="3" changeset="100010920" timestamp="2021-02-26T02:04:04Z" user="श्र" uid="12519778">
  <nd ref="8343543693"/>
  <nd ref="8343543694"/>
  <nd ref="8343543695"/>
  <nd ref="8343543696"/>
  <nd ref="8343543693"/>
  <tag k="leisure" v="pitch"/>
  <tag k="name" v="Main Field"/>
  <tag k="sport" v="soccer;hockey;cricket"/>
  <tag k="surface" v="grass"/>
 </way>
 <way id="897744152" visible="true" version="1" changeset="97864188" timestamp="2021-01-20T23:12:57Z" user="श्र" uid="12519778">
  <nd ref="8343543697"/>
  <nd ref="8343543698"/>
  <nd ref="8343543699"/>
  <nd ref="8343543700"/>
  <nd ref="8343543701"/>
  <nd ref="8343543702"/>
  <nd ref="8343543703"/>
  <nd ref="8343543697"/>
  <tag k="building" v="dormitory"/>
  <tag k="building:levels" v="2"/>
  <tag k="name" v="Oberoi House"/>
 </way>
 <way id="897844104" visible="true" version="1" changeset="97878963" timestamp="2021-01-21T06:27:15Z" user="श्र" uid="12519778">
  <nd ref="8344241241"/>
  <nd ref="8344241242"/>
  <nd ref="8344241243"/>
  <nd ref="8344241244"/>
  <nd ref="8344241245"/>
  <nd ref="8344241246"/>
  <nd ref="8344241247"/>
  <nd ref="8344241248"/>
  <nd ref="8344241241"/>
  <tag k="building" v="dormitory"/>
  <tag k="building:levels" v="2"/>
  <tag k="name" v="Foot Housse"/>
 </way>
 <way id="897844105" visible="true" version="1" changeset="97878963" timestamp="2021-01-21T06:27:15Z" user="श्र" uid="12519778">
  <nd ref="8344241249"/>
  <nd ref="8344241250"/>
  <nd ref="8344241275"/>
  <nd ref="8344241281"/>
  <nd ref="8344241280"/>
  <nd ref="8344241251"/>
  <nd ref="8344241252"/>
  <nd ref="8344241249"/>
  <tag k="amenity" v="food_court"/>
  <tag k="building" v="yes"/>
  <tag k="name" v="Central Dining Hall"/>
 </way>
 <way id="897844106" visible="true" version="1" changeset="97878963" timestamp="2021-01-21T06:27:15Z" user="श्र" uid="12519778">
  <nd ref="8344241253"/>
  <nd ref="8344241254"/>
  <nd ref="8344241255"/>
  <nd ref="8344241256"/>
  <nd ref="8344241253"/>
  <tag k="landuse" v="grass"/>
  <tag k="name" v="South Garden"/>
 </way>
 <way id="897844107" visible="true" version="1" changeset="97878963" timestamp="2021-01-21T06:27:15Z" user="श्र" uid="12519778">
  <nd ref="8344241257"/>
  <nd ref="8344241258"/>
  <nd ref="8344241259"/>
  <nd ref="8344241260"/>
  <nd ref="8344241257"/>
  <tag k="landuse" v="grass"/>
  <tag k="name" v="South Garden"/>
 </way>
 <way id="897844108" visible="true" version="3" changeset="100010920" timestamp="2021-02-26T02:07:39Z" user="श्र" uid="12519778">
  <nd ref="8344241261"/>
  <nd ref="8344241262"/>
  <nd ref="8344241263"/>
  <nd ref="8344241264"/>
  <nd ref="8344241261"/>
  <tag k="leisure" v="pitch"/>
  <tag k="name" v="Tata House field"/>
  <tag k="sport" v="multi"/>
  <tag k="surface" v="grass"/>
 </way>
 <way id="897844109" visible="true" version="1" changeset="97878963" timestamp="2021-01-21T06:27:15Z" user="श्र" uid="12519778">
  <nd ref="8344241271"/>
  <nd ref="8344241272"/>
  <nd ref="8344241273"/>
  <nd ref="8344241265"/>
  <nd ref="8344241268"/>
  <nd ref="8344241269"/>
  <nd ref="8344241270"/>
  <nd ref="8344241274"/>
  <nd ref="8344241266"/>
  <nd ref="8344241267"/>
  <nd ref="8344241271"/>
  <tag k="landuse" v="grass"/>
  <tag k="name" v="Circular Garden"/>
 </way>
 <way id="897844110" visible="true" version="2" changeset="97917739" timestamp="2021-01-21T16:34:26Z" user="श्र" uid="12519778">
  <nd ref="8344241276"/>
  <nd ref="8344241277"/>
  <nd ref="8344241278"/>
  <nd ref="8344241279"/>
  <nd ref="8344241276"/>
  <tag k="building" v="pavilion"/>
  <tag k="building:levels" v="2"/>
  <tag k="name" v="Pavilion"/>
 </way>
 <way id="897844111" visible="true" version="1" changeset="97878963" timestamp="2021-01-21T06:27:15Z" user="श्र" uid="12519778">
  <nd ref="8344241282"/>
  <nd ref="8344241283"/>
  <nd ref="8344241284"/>
  <nd ref="8344241285"/>
  <nd ref="8344241290"/>
  <nd ref="8344241291"/>
  <nd ref="8344241282"/>
  <tag k="amenity" v="theatre"/>
  <tag k="building" v="yes"/>
  <tag k="name" v="Art and Media Center"/>
 </way>
 <way id="897844112" visible="true" version="1" changeset="97878963" timestamp="2021-01-21T06:27:15Z" user="श्र" uid="12519778">
  <nd ref="8344241286"/>
  <nd ref="8344241287"/>
  <nd ref="8344241288"/>
  <nd ref="8344241289"/>
  <nd ref="8344261797"/>
  <nd ref="8344241290"/>
  <nd ref="8344241291"/>
  <nd ref="8344241292"/>
  <nd ref="8344241293"/>
  <nd ref="8344241286"/>
  <tag k="amenity" v="arts_centre"/>
  <tag k="building" v="yes"/>
  <tag k="name" v="Art School"/>
 </way>
 <way id="897844113" visible="true" version="1" changeset="97878963" timestamp="2021-01-21T06:27:15Z" user="श्र" uid="12519778">
  <nd ref="8344241294"/>
  <nd ref="8344241295"/>
  <nd ref="8344241296"/>
  <nd ref="8344241297"/>
  <nd ref="8344241294"/>
  <tag k="building" v="school"/>
  <tag k="name" v="General Block"/>
 </way>
 <way id="897844114" visible="true" version="1" changeset="97878963" timestamp="2021-01-21T06:27:15Z" user="श्र" uid="12519778">
  <nd ref="8344241298"/>
  <nd ref="8344241299"/>
  <nd ref="8344241300"/>
  <nd ref="8344241301"/>
  <nd ref="8344241298"/>
  <tag k="building" v="school"/>
  <tag k="building:levels" v="2"/>
  <tag k="name" v="Biology and Chemistry Block"/>
 </way>
 <way id="897844115" visible="true" version="1" changeset="97878963" timestamp="2021-01-21T06:27:15Z" user="श्र" uid="12519778">
  <nd ref="8344241302"/>
  <nd ref="8344241303"/>
  <nd ref="8344241304"/>
  <nd ref="8344241305"/>
  <nd ref="8344241306"/>
  <nd ref="8344241307"/>
  <nd ref="8344241308"/>
  <nd ref="8344241309"/>
  <nd ref="8344241302"/>
  <tag k="building" v="school"/>
  <tag k="building:levels" v="2"/>
 </way>
 <way id="897844116" visible="true" version="1" changeset="97878963" timestamp="2021-01-21T06:27:15Z" user="श्र" uid="12519778">
  <nd ref="8344241312"/>
  <nd ref="8344241313"/>
  <nd ref="8344241314"/>
  <nd ref="8344241315"/>
  <nd ref="8344241312"/>
  <tag k="building" v="yes"/>
  <tag k="name" v="Workshop"/>
 </way>
 <way id="897844117" visible="true" version="1" changeset="97878963" timestamp="2021-01-21T06:27:15Z" user="श्र" uid="12519778">
  <nd ref="8344241316"/>
  <nd ref="8344261717"/>
  <nd ref="8344261718"/>
  <nd ref="8344261719"/>
  <nd ref="8344261720"/>
  <nd ref="8344261721"/>
  <nd ref="8344261722"/>
  <nd ref="8344261723"/>
  <nd ref="8344241316"/>
  <tag k="building" v="yes"/>
  <tag k="name" v="Tuck Shop"/>
  <tag k="shop" v="supermarket"/>
 </way>
 <way id="897844118" visible="true" version="1" changeset="97878963" timestamp="2021-01-21T06:27:15Z" user="श्र" uid="12519778">
  <nd ref="8344261724"/>
  <nd ref="8344261725"/>
  <nd ref="8344261726"/>
  <nd ref="8344261727"/>
  <nd ref="8344261728"/>
  <nd ref="8344261729"/>
  <nd ref="8344261730"/>
  <nd ref="8344261731"/>
  <nd ref="8344261724"/>
  <tag k="building" v="hospital"/>
  <tag k="building:levels" v="1"/>
  <tag k="name" v="Wellness Center"/>
 </way>
 <way id="897844119" visible="true" version="1" changeset="97878963" timestamp="2021-01-21T06:27:15Z" user="श्र" uid="12519778">
  <nd ref="8344261732"/>
  <nd ref="8344261733"/>
  <nd ref="8344261734"/>
  <nd ref="8344261735"/>
  <nd ref="8344261732"/>
  <tag k="amenity" v="events_venue"/>
  <tag k="building" v="yes"/>
  <tag k="name" v="Multi-Purpose Hall (MPH)"/>
 </way>
 <way id="897844120" visible="true" version="3" changeset="100010920" timestamp="2021-02-26T02:09:28Z" user="श्र" uid="12519778">
  <nd ref="8344261736"/>
  <nd ref="8344261737"/>
  <nd ref="8344261738"/>
  <nd ref="8344261739"/>
  <nd ref="8344261736"/>
  <tag k="hoops" v="2"/>
  <tag k="leisure" v="pitch"/>
  <tag k="name" v="Old Basketball Court"/>
  <tag k="sport" v="basketball"/>
  <tag k="surface" v="concrete"/>
 </way>
 <way id="897844121" visible="true" version="1" changeset="97878963" timestamp="2021-01-21T06:27:15Z" user="श्र" uid="12519778">
  <nd ref="8344261741"/>
  <nd ref="4216894720"/>
  <nd ref="8344261742"/>
  <nd ref="8344261743"/>
  <nd ref="8344261744"/>
  <nd ref="8344261745"/>
  <nd ref="8344261741"/>
  <tag k="amenity" v="music_school"/>
  <tag k="building" v="yes"/>
  <tag k="name" v="Music School"/>
 </way>
 <way id="897844122" visible="true" version="1" changeset="97878963" timestamp="2021-01-21T06:27:15Z" user="श्र" uid="12519778">
  <nd ref="8344261746"/>
  <nd ref="8344261747"/>
  <nd ref="8344261748"/>
  <nd ref="8344261749"/>
  <nd ref="8344261750"/>
  <nd ref="8344261751"/>
  <nd ref="8344261752"/>
  <nd ref="8344261753"/>
  <nd ref="8344261754"/>
  <nd ref="8344261746"/>
  <tag k="building" v="dormitory"/>
  <tag k="building:levels" v="2"/>
  <tag k="name" v="Martin House"/>
 </way>
 <way id="897844123" visible="true" version="2" changeset="100010920" timestamp="2021-02-26T02:13:16Z" user="श्र" uid="12519778">
  <nd ref="8344261755"/>
  <nd ref="8344261756"/>
  <nd ref="8344261757"/>
  <nd ref="8344261758"/>
  <nd ref="8344261755"/>
  <tag k="leisure" v="pitch"/>
  <tag k="name" v="Badminton Court"/>
  <tag k="sport" v="badminton"/>
  <tag k="surface" v="concrete"/>
 </way>
 <way id="897844124" visible="true" version="2" changeset="97917739" timestamp="2021-01-21T16:34:26Z" user="श्र" uid="12519778">
  <nd ref="8344261759"/>
  <nd ref="8344261760"/>
  <nd ref="8344261761"/>
  <nd ref="8344261762"/>
  <nd ref="8344261759"/>
  <tag k="amenity" v="library"/>
  <tag k="building" v="yes"/>
  <tag k="internet_access" v="wlan"/>
  <tag k="name" v="Kilachand Library"/>
 </way>
 <way id="897844125" visible="true" version="1" changeset="97878963" timestamp="2021-01-21T06:27:15Z" user="श्र" uid="12519778">
  <nd ref="8344261777"/>
  <nd ref="8344261778"/>
  <nd ref="8344261779"/>
  <nd ref="8344261780"/>
  <nd ref="8344261781"/>
  <nd ref="8344261777"/>
  <tag k="leisure" v="park"/>
 </way>
 <way id="897844127" visible="true" version="1" changeset="97878963" timestamp="2021-01-21T06:27:15Z" user="श्र" uid="12519778">
  <nd ref="8344261790"/>
  <nd ref="8344261791"/>
  <nd ref="8344261792"/>
  <nd ref="8344261793"/>
  <nd ref="8344261790"/>
  <tag k="building" v="school"/>
  <tag k="building:levels" v="3"/>
  <tag k="name" v="Physics and IT Department"/>
 </way>
 <way id="898038173" visible="true" version="1" changeset="97917739" timestamp="2021-01-21T16:34:26Z" user="श्र" uid="12519778">
  <nd ref="8343543678"/>
  <nd ref="8345873093"/>
  <nd ref="8345873097"/>
  <nd ref="8345873095"/>
  <nd ref="8345873096"/>
  <nd ref="8345873094"/>
  <nd ref="8343543682"/>
  <nd ref="8343543683"/>
  <nd ref="8343543684"/>
  <nd ref="8343543685"/>
  <nd ref="8343543677"/>
  <nd ref="8343543678"/>
  <tag k="landuse" v="grass"/>
 </way>
 <way id="898038174" visible="true" version="3" changeset="171790345" timestamp="2025-09-11T15:19:01Z" user="mitochondria" uid="23281954">
  <nd ref="8345873099"/>
  <nd ref="8345873100"/>
  <nd ref="13136552107"/>
  <nd ref="8345873101"/>
  <nd ref="8344261787"/>
  <tag k="highway" v="service"/>
 </way>
 <way id="898038175" visible="true" version="3" changeset="126418523" timestamp="2022-09-20T11:27:29Z" user="sherry@22" uid="13599363">
  <nd ref="8345873101"/>
  <nd ref="8345873102"/>
  <nd ref="10039138455"/>
  <tag k="highway" v="service"/>
  <tag k="lit" v="yes"/>
  <tag k="surface" v="gravel"/>
 </way>
 <way id="898038176" visible="true" version="2" changeset="97999688" timestamp="2021-01-22T22:55:47Z" user="श्र" uid="12519778">
  <nd ref="8345873102"/>
  <nd ref="8345873103"/>
  <tag k="highway" v="service"/>
 </way>
 <way id="898038177" visible="true" version="2" changeset="171790345" timestamp="2025-09-11T15:19:01Z" user="mitochondria" uid="23281954">
  <nd ref="8345873104"/>
  <nd ref="13136552123"/>
  <nd ref="8345873105"/>
  <tag k="highway" v="path"/>
  <tag k="surface" v="gravel"/>
 </way>
 <way id="898038178" visible="true" version="3" changeset="171790345" timestamp="2025-09-11T15:19:01Z" user="mitochondria" uid="23281954">
  <nd ref="10041026155"/>
  <nd ref="13136552121"/>
  <nd ref="13136552122"/>
  <nd ref="8345873106"/>
  <nd ref="1173919190"/>
  <tag k="highway" v="path"/>
  <tag k="surface" v="gravel"/>
 </way>
 <way id="898038179" visible="true" version="1" changeset="97917739" timestamp="2021-01-21T16:34:26Z" user="श्र" uid="12519778">
  <nd ref="8345873107"/>
  <nd ref="8345873108"/>
  <nd ref="8345873109"/>
  <nd ref="8345873110"/>
  <nd ref="8345873111"/>
  <nd ref="8345873112"/>
  <nd ref="8345873113"/>
  <nd ref="8345873114"/>
  <nd ref="8345873115"/>
  <nd ref="8345873116"/>
  <nd ref="8345885717"/>
  <nd ref="8345885718"/>
  <nd ref="8345885719"/>
  <nd ref="8345885720"/>
  <nd ref="8345885721"/>
  <nd ref="8345885722"/>
  <nd ref="8345873107"/>
  <tag k="building" v="house"/>
 </way>
 <way id="898038180" visible="true" version="1" changeset="97917739" timestamp="2021-01-21T16:34:26Z" user="श्र" uid="12519778">
  <nd ref="8345885723"/>
  <nd ref="8345885724"/>
  <nd ref="8345885725"/>
  <nd ref="8345885726"/>
  <nd ref="8345885727"/>
  <nd ref="8345885728"/>
  <nd ref="8345885723"/>
  <tag k="building" v="house"/>
  <tag k="name" v="Headmaster's Residence"/>
 </way>
 <way id="898038181" visible="true" version="1" changeset="97917739" timestamp="2021-01-21T16:34:26Z" user="श्र" uid="12519778">
  <nd ref="8345885732"/>
  <nd ref="8345885733"/>
  <nd ref="8345885734"/>
  <nd ref="8345885735"/>
  <nd ref="8345885736"/>
  <nd ref="8345885732"/>
  <tag k="building" v="house"/>
 </way>
 <way id="898038182" visible="true" version="1" changeset="97917739" timestamp="2021-01-21T16:34:26Z" user="श्र" uid="12519778">
  <nd ref="8345885737"/>
  <nd ref="8345885738"/>
  <nd ref="8345885739"/>
  <nd ref="8345885740"/>
  <nd ref="8345885737"/>
  <tag k="building" v="house"/>
 </way>
 <way id="898038197" visible="true" version="1" changeset="97917739" timestamp="2021-01-21T16:34:26Z" user="श्र" uid="12519778">
  <nd ref="8345885797"/>
  <nd ref="8345885798"/>
  <nd ref="8345885799"/>
  <nd ref="8345885800"/>
  <nd ref="8345885801"/>
  <nd ref="8345885802"/>
  <nd ref="8345885803"/>
  <nd ref="8345885804"/>
  <nd ref="8345885797"/>
  <tag k="building" v="house"/>
 </way>
 <way id="898038198" visible="true" version="1" changeset="97917739" timestamp="2021-01-21T16:34:26Z" user="श्र" uid="12519778">
  <nd ref="8345885805"/>
  <nd ref="8345885806"/>
  <nd ref="8345885807"/>
  <nd ref="8345885808"/>
  <nd ref="8345885805"/>
  <tag k="building" v="house"/>
 </way>
 <way id="898038199" visible="true" version="1" changeset="97917739" timestamp="2021-01-21T16:34:26Z" user="श्र" uid="12519778">
  <nd ref="8345885809"/>
  <nd ref="8345885810"/>
  <nd ref="8345885811"/>
  <nd ref="8345885812"/>
  <nd ref="8345885809"/>
  <tag k="building" v="house"/>
 </way>
 <way id="898877733" visible="true" version="1" changeset="97999688" timestamp="2021-01-22T22:55:47Z" user="श्र" uid="12519778">
  <nd ref="8352143180"/>
  <nd ref="8352143181"/>
  <nd ref="8352143182"/>
  <nd ref="8352143183"/>
  <nd ref="8352143184"/>
  <nd ref="8352143185"/>
  <nd ref="8352143180"/>
  <tag k="building" v="house"/>
 </way>
 <way id="898877734" visible="true" version="1" changeset="97999688" timestamp="2021-01-22T22:55:47Z" user="श्र" uid="12519778">
  <nd ref="8352143186"/>
  <nd ref="8352143187"/>
  <nd ref="8352143188"/>
  <nd ref="8352143189"/>
  <nd ref="8352143190"/>
  <nd ref="8352143191"/>
  <nd ref="8352143192"/>
  <nd ref="8352143193"/>
  <nd ref="8352143186"/>
  <tag k="building" v="house"/>
 </way>
 <way id="898877735" visible="true" version="1" changeset="97999688" timestamp="2021-01-22T22:55:47Z" user="श्र" uid="12519778">
  <nd ref="8352143194"/>
  <nd ref="8352143195"/>
  <nd ref="8352143196"/>
  <nd ref="8352143194"/>
  <tag k="landuse" v="grass"/>
 </way>
 <way id="898877736" visible="true" version="1" changeset="97999688" timestamp="2021-01-22T22:55:47Z" user="श्र" uid="12519778">
  <nd ref="8352143197"/>
  <nd ref="8352143198"/>
  <nd ref="8352143199"/>
  <nd ref="8352143197"/>
  <tag k="landuse" v="grass"/>
 </way>
 <way id="898877737" visible="true" version="1" changeset="97999688" timestamp="2021-01-22T22:55:47Z" user="श्र" uid="12519778">
  <nd ref="8352143200"/>
  <nd ref="8352143201"/>
  <nd ref="8352143202"/>
  <nd ref="8352143203"/>
  <nd ref="8352143200"/>
  <tag k="building" v="house"/>
 </way>
 <way id="898877738" visible="true" version="1" changeset="97999688" timestamp="2021-01-22T22:55:47Z" user="श्र" uid="12519778">
  <nd ref="8352143204"/>
  <nd ref="8352143205"/>
  <nd ref="8352143206"/>
  <nd ref="8352143207"/>
  <nd ref="8352143204"/>
  <tag k="building" v="house"/>
 </way>
 <way id="898877742" visible="true" version="1" changeset="97999688" timestamp="2021-01-22T22:55:47Z" user="श्र" uid="12519778">
  <nd ref="8352357420"/>
  <nd ref="8352357421"/>
  <nd ref="8352357422"/>
  <nd ref="8352357423"/>
  <nd ref="8352357420"/>
  <tag k="building" v="house"/>
 </way>
 <way id="898877744" visible="true" version="1" changeset="97999688" timestamp="2021-01-22T22:55:47Z" user="श्र" uid="12519778">
  <nd ref="8352357428"/>
  <nd ref="8352357429"/>
  <nd ref="8352357430"/>
  <nd ref="8352357431"/>
  <nd ref="8352357428"/>
  <tag k="building" v="house"/>
 </way>
 <way id="898877745" visible="true" version="1" changeset="97999688" timestamp="2021-01-22T22:55:47Z" user="श्र" uid="12519778">
  <nd ref="8352357432"/>
  <nd ref="8352357433"/>
  <nd ref="8352357434"/>
  <nd ref="8352357435"/>
  <nd ref="8352357432"/>
  <tag k="building" v="house"/>
 </way>
 <way id="898877746" visible="true" version="2" changeset="99199883" timestamp="2021-02-13T00:17:12Z" user="श्र" uid="12519778">
  <nd ref="8352357436"/>
  <nd ref="8352357437"/>
  <nd ref="8352357438"/>
  <nd ref="8352357439"/>
  <nd ref="8352357440"/>
  <nd ref="8352357441"/>
  <nd ref="8352357442"/>
  <nd ref="8352357443"/>
  <nd ref="8352357444"/>
  <nd ref="8352357445"/>
  <nd ref="8352357446"/>
  <nd ref="8352357447"/>
  <nd ref="8352357448"/>
  <nd ref="8352357436"/>
  <tag k="building" v="terrace"/>
 </way>
 <way id="898877747" visible="true" version="1" changeset="97999688" timestamp="2021-01-22T22:55:47Z" user="श्र" uid="12519778">
  <nd ref="8352357449"/>
  <nd ref="8352357450"/>
  <nd ref="8352357451"/>
  <nd ref="8352357452"/>
  <nd ref="8352357449"/>
  <tag k="building" v="house"/>
 </way>
 <way id="898877750" visible="true" version="1" changeset="97999688" timestamp="2021-01-22T22:55:47Z" user="श्र" uid="12519778">
  <nd ref="8352357469"/>
  <nd ref="8352357470"/>
  <nd ref="8352357471"/>
  <nd ref="8352357472"/>
  <nd ref="8352357469"/>
  <tag k="building" v="house"/>
 </way>
 <way id="898877751" visible="true" version="1" changeset="97999688" timestamp="2021-01-22T22:55:47Z" user="श्र" uid="12519778">
  <nd ref="8352357473"/>
  <nd ref="8352357474"/>
  <nd ref="8352357475"/>
  <nd ref="8352357476"/>
  <nd ref="8352357477"/>
  <nd ref="8352357478"/>
  <nd ref="8352357473"/>
  <tag k="building" v="house"/>
 </way>
 <way id="898877752" visible="true" version="1" changeset="97999688" timestamp="2021-01-22T22:55:47Z" user="श्र" uid="12519778">
  <nd ref="8352357479"/>
  <nd ref="8352357480"/>
  <nd ref="8352357481"/>
  <nd ref="8352357482"/>
  <nd ref="8352357479"/>
  <tag k="building" v="house"/>
 </way>
 <way id="898877753" visible="true" version="1" changeset="97999688" timestamp="2021-01-22T22:55:47Z" user="श्र" uid="12519778">
  <nd ref="8352357483"/>
  <nd ref="8352357484"/>
  <nd ref="8352357485"/>
  <nd ref="8352357486"/>
  <nd ref="8352357483"/>
  <tag k="building" v="house"/>
 </way>
 <way id="898877754" visible="true" version="1" changeset="97999688" timestamp="2021-01-22T22:55:47Z" user="श्र" uid="12519778">
  <nd ref="8352357487"/>
  <nd ref="8352357488"/>
  <nd ref="8352357489"/>
  <nd ref="8352357490"/>
  <nd ref="8352357491"/>
  <nd ref="8352357492"/>
  <nd ref="8352357487"/>
  <tag k="building" v="house"/>
 </way>
 <way id="898877755" visible="true" version="1" changeset="97999688" timestamp="2021-01-22T22:55:47Z" user="श्र" uid="12519778">
  <nd ref="8352357493"/>
  <nd ref="8352357494"/>
  <nd ref="8352357495"/>
  <nd ref="8352357496"/>
  <nd ref="8352357497"/>
  <nd ref="8352357498"/>
  <nd ref="8352357493"/>
  <tag k="building" v="house"/>
 </way>
 <way id="898877756" visible="true" version="1" changeset="97999688" timestamp="2021-01-22T22:55:47Z" user="श्र" uid="12519778">
  <nd ref="8352357499"/>
  <nd ref="8352357500"/>
  <nd ref="8352357501"/>
  <nd ref="8352357502"/>
  <nd ref="8352357503"/>
  <nd ref="8352357499"/>
  <tag k="landuse" v="construction"/>
 </way>
 <way id="898877757" visible="true" version="1" changeset="97999688" timestamp="2021-01-22T22:55:47Z" user="श्र" uid="12519778">
  <nd ref="8352357504"/>
  <nd ref="8352357505"/>
  <nd ref="8352357506"/>
  <nd ref="8352357507"/>
  <nd ref="8352357508"/>
  <nd ref="8352357509"/>
  <nd ref="8352357504"/>
  <tag k="building" v="yes"/>
 </way>
 <way id="898877758" visible="true" version="1" changeset="97999688" timestamp="2021-01-22T22:55:47Z" user="श्र" uid="12519778">
  <nd ref="8352357510"/>
  <nd ref="8352357511"/>
  <nd ref="8352357512"/>
  <nd ref="8352357513"/>
  <nd ref="8352357514"/>
  <nd ref="8352357515"/>
  <nd ref="8352357516"/>
  <nd ref="8352357517"/>
  <nd ref="8352357510"/>
  <tag k="building" v="house"/>
 </way>
 <way id="898877759" visible="true" version="2" changeset="100010920" timestamp="2021-02-26T02:09:23Z" user="श्र" uid="12519778">
  <nd ref="8352357518"/>
  <nd ref="8352357519"/>
  <nd ref="8352357520"/>
  <nd ref="8352357521"/>
  <nd ref="8352357518"/>
  <tag k="hoops" v="2"/>
  <tag k="leisure" v="pitch"/>
  <tag k="name" v="Old Basketball Court"/>
  <tag k="sport" v="basketball"/>
  <tag k="surface" v="concrete"/>
 </way>
 <way id="898877761" visible="true" version="1" changeset="97999688" timestamp="2021-01-22T22:55:47Z" user="श्र" uid="12519778">
  <nd ref="8352357526"/>
  <nd ref="8352357531"/>
  <nd ref="8352357530"/>
  <nd ref="8352357532"/>
  <nd ref="8352357527"/>
  <nd ref="8352357528"/>
  <nd ref="8352357529"/>
  <nd ref="8352357526"/>
  <tag k="building" v="house"/>
 </way>
 <way id="992503797" visible="true" version="4" changeset="126410623" timestamp="2022-09-20T08:08:36Z" user="VLD252" uid="10979432">
  <nd ref="10038815048"/>
  <nd ref="10038815049"/>
  <nd ref="10038815047"/>
  <nd ref="10038815050"/>
  <nd ref="10038815051"/>
  <nd ref="10038815052"/>
  <nd ref="10038815046"/>
  <nd ref="10038815053"/>
  <nd ref="10038815045"/>
  <nd ref="9170013296"/>
  <nd ref="9170013297"/>
  <nd ref="9170013298"/>
  <nd ref="9170013299"/>
  <nd ref="9170013300"/>
  <nd ref="9170013301"/>
  <nd ref="9170013302"/>
  <nd ref="9170013303"/>
  <nd ref="9170013304"/>
  <nd ref="9170013305"/>
  <nd ref="9170013306"/>
  <nd ref="9170013307"/>
  <nd ref="9170013308"/>
  <nd ref="9170013339"/>
  <nd ref="10038731325"/>
  <nd ref="9170013309"/>
  <nd ref="10038731324"/>
  <nd ref="9170013310"/>
  <nd ref="9170013311"/>
  <tag k="highway" v="service"/>
  <tag k="source" v="maxar"/>
 </way>
 <way id="992503798" visible="true" version="3" changeset="126410458" timestamp="2022-09-20T08:04:10Z" user="VLD252" uid="10979432">
  <nd ref="9170013312"/>
  <nd ref="9170013313"/>
  <nd ref="9170013314"/>
  <nd ref="9170013315"/>
  <nd ref="10038731318"/>
  <nd ref="9170013316"/>
  <nd ref="10038731319"/>
  <nd ref="10038731320"/>
  <nd ref="10038731321"/>
  <nd ref="9170013317"/>
  <nd ref="9170013318"/>
  <nd ref="9170013319"/>
  <nd ref="9170013320"/>
  <nd ref="9170013321"/>
  <nd ref="10038731322"/>
  <nd ref="9170013322"/>
  <nd ref="9170013311"/>
  <nd ref="9170013323"/>
  <nd ref="9170013324"/>
  <nd ref="9170013325"/>
  <nd ref="10038731323"/>
  <nd ref="9170013326"/>
  <nd ref="9170013327"/>
  <nd ref="9170013328"/>
  <nd ref="9170013305"/>
  <tag k="highway" v="service"/>
  <tag k="source" v="maxar"/>
 </way>
 <way id="992503799" visible="true" version="2" changeset="126410458" timestamp="2022-09-20T08:04:10Z" user="VLD252" uid="10979432">
  <nd ref="9170013308"/>
  <nd ref="9170013329"/>
  <nd ref="9170013323"/>
  <tag k="highway" v="service"/>
  <tag k="source" v="maxar"/>
 </way>
 <way id="992606441" visible="true" version="2" changeset="126410103" timestamp="2022-09-20T07:54:38Z" user="VLD252" uid="10979432">
  <nd ref="10038789240"/>
  <nd ref="9170873222"/>
  <nd ref="9170873223"/>
  <tag k="highway" v="residential"/>
  <tag k="source" v="maxar"/>
 </way>
 <way id="992606442" visible="true" version="3" changeset="126448971" timestamp="2022-09-21T06:36:32Z" user="VLD252" uid="10979432">
  <nd ref="9170873224"/>
  <nd ref="9170873225"/>
  <nd ref="9170873226"/>
  <nd ref="10041233030"/>
  <nd ref="9170873227"/>
  <tag k="highway" v="residential"/>
  <tag k="source" v="maxar"/>
 </way>
 <way id="992606443" visible="true" version="1" changeset="112485260" timestamp="2021-10-14T04:11:14Z" user="Hampanna G" uid="14214060">
  <nd ref="1710194758"/>
  <nd ref="9170873229"/>
  <nd ref="9170873230"/>
  <nd ref="9170873231"/>
  <tag k="highway" v="residential"/>
  <tag k="source" v="maxar"/>
 </way>
 <way id="992606444" visible="true" version="1" changeset="112485260" timestamp="2021-10-14T04:11:14Z" user="Hampanna G" uid="14214060">
  <nd ref="9170873232"/>
  <nd ref="9170873233"/>
  <tag k="highway" v="residential"/>
  <tag k="source" v="maxar"/>
 </way>
 <way id="992606445" visible="true" version="2" changeset="126415374" timestamp="2022-09-20T10:06:05Z" user="VLD252" uid="10979432">
  <nd ref="6805329101"/>
  <nd ref="9170873234"/>
  <nd ref="10039011498"/>
  <nd ref="10039011497"/>
  <nd ref="10039011496"/>
  <tag k="highway" v="residential"/>
  <tag k="source" v="maxar"/>
 </way>
 <way id="992606447" visible="true" version="2" changeset="126409734" timestamp="2022-09-20T07:44:21Z" user="VLD252" uid="10979432">
  <nd ref="4467038141"/>
  <nd ref="9170873239"/>
  <nd ref="10038774432"/>
  <nd ref="9170873240"/>
  <nd ref="10038774431"/>
  <nd ref="9170873241"/>
  <nd ref="9170873242"/>
  <nd ref="9170873243"/>
  <nd ref="9170873244"/>
  <nd ref="10038774430"/>
  <nd ref="9170873245"/>
  <nd ref="10038721615"/>
  <nd ref="9170873246"/>
  <tag k="highway" v="service"/>
  <tag k="source" v="maxar"/>
 </way>
 <way id="992614439" visible="true" version="2" changeset="126409734" timestamp="2022-09-20T07:44:21Z" user="VLD252" uid="10979432">
  <nd ref="10038774421"/>
  <nd ref="10038774422"/>
  <nd ref="10038774423"/>
  <nd ref="10038774424"/>
  <nd ref="10038774425"/>
  <nd ref="10038774426"/>
  <nd ref="10038774427"/>
  <nd ref="10038774428"/>
  <nd ref="10038774429"/>
  <nd ref="9170941573"/>
  <nd ref="3217205594"/>
  <tag k="highway" v="service"/>
  <tag k="source" v="maxar"/>
 </way>
 <way id="1096212155" visible="true" version="1" changeset="126409734" timestamp="2022-09-20T07:44:21Z" user="VLD252" uid="10979432">
  <nd ref="10038720900"/>
  <nd ref="10038774418"/>
  <tag k="highway" v="service"/>
  <tag k="source" v="maxar"/>
 </way>
 <way id="1096212156" visible="true" version="1" changeset="126409734" timestamp="2022-09-20T07:44:21Z" user="VLD252" uid="10979432">
  <nd ref="10038774419"/>
  <nd ref="10038774418"/>
  <nd ref="10038774417"/>
  <nd ref="10038721616"/>
  <nd ref="4467038129"/>
  <tag k="highway" v="service"/>
  <tag k="source" v="maxar"/>
 </way>
 <way id="1429029774" visible="true" version="1" changeset="171790345" timestamp="2025-09-11T15:19:01Z" user="mitochondria" uid="23281954">
  <nd ref="13136532996"/>
  <nd ref="13136532997"/>
  <nd ref="13136552108"/>
  <nd ref="8352143198"/>
  <nd ref="13136552123"/>
  <nd ref="13136532998"/>
  <nd ref="13136552119"/>
  <nd ref="13136532999"/>
  <nd ref="13136533000"/>
  <nd ref="13136552101"/>
  <nd ref="13136552102"/>
  <nd ref="8345873103"/>
  <tag k="highway" v="path"/>
 </way>
 <way id="1429029775" visible="true" version="1" changeset="171790345" timestamp="2025-09-11T15:19:01Z" user="mitochondria" uid="23281954">
  <nd ref="13136552101"/>
  <nd ref="13136552103"/>
  <nd ref="13136552104"/>
  <nd ref="13136552105"/>
  <nd ref="13136552106"/>
  <nd ref="13136552107"/>
  <tag k="highway" v="path"/>
 </way>
 <way id="1429029776" visible="true" version="1" changeset="171790345" timestamp="2025-09-11T15:19:01Z" user="mitochondria" uid="23281954">
  <nd ref="13136552108"/>
  <nd ref="13136552109"/>
  <nd ref="13136552110"/>
  <nd ref="13136552111"/>
  <tag k="highway" v="path"/>
 </way>
 <way id="1429029777" visible="true" version="1" changeset="171790345" timestamp="2025-09-11T15:19:01Z" user="mitochondria" uid="23281954">
  <nd ref="13136552110"/>
  <nd ref="13136552112"/>
  <nd ref="13136552113"/>
  <tag k="highway" v="path"/>
 </way>
 <way id="1429029778" visible="true" version="1" changeset="171790345" timestamp="2025-09-11T15:19:01Z" user="mitochondria" uid="23281954">
  <nd ref="13136552112"/>
  <nd ref="13136552114"/>
  <nd ref="13136552122"/>
  <nd ref="13136552115"/>
  <nd ref="13136552116"/>
  <nd ref="13136552121"/>
  <nd ref="13136552117"/>
  <tag k="highway" v="path"/>
 </way>
 <way id="1429029779" visible="true" version="1" changeset="171790345" timestamp="2025-09-11T15:19:01Z" user="mitochondria" uid="23281954">
  <nd ref="13136552116"/>
  <nd ref="13136552120"/>
  <nd ref="13136552118"/>
  <tag k="highway" v="path"/>
 </way>
 <way id="1429029780" visible="true" version="1" changeset="171790345" timestamp="2025-09-11T15:19:01Z" user="mitochondria" uid="23281954">
  <nd ref="13136552117"/>
  <nd ref="13136552119"/>
  <tag k="highway" v="path"/>
 </way>
</osm>
