<?xml version="1.0" encoding="UTF-8"?>
<osm version="0.6" generator="openstreetmap-cgimap 2.1.0 (3558368 spike-08.openstreetmap.org)" copyright="OpenStreetMap and contributors" attribution="http://www.openstreetmap.org/copyright" license="http://opendatacommons.org/licenses/odbl/1-0/">
 <bounds minlat="30.3374100" minlon="78.0423050" maxlat="30.3417990" maxlon="78.0522820"/>
 <node id="1231993758" visible="true" version="3" changeset="126204059" timestamp="2022-09-15T04:22:26Z" user="VLD258" uid="10979442" lat="30.3392184" lon="78.0408738"/>
 <node id="1231993759" visible="true" version="3" changeset="126204059" timestamp="2022-09-15T04:22:26Z" user="VLD258" uid="10979442" lat="30.3388662" lon="78.0408923"/>
 <node id="1231993768" visible="true" version="2" changeset="126204059" timestamp="2022-09-15T04:22:26Z" user="VLD258" uid="10979442" lat="30.3380943" lon="78.0407493"/>
 <node id="1231993770" visible="true" version="1" changeset="7761931" timestamp="2011-04-04T07:57:25Z" user="nazgul5" uid="348852" lat="30.3378919" lon="78.0408318"/>
 <node id="1231993773" visible="true" version="2" changeset="126204059" timestamp="2022-09-15T04:22:26Z" user="VLD258" uid="10979442" lat="30.3376433" lon="78.0410841"/>
 <node id="1231993775" visible="true" version="2" changeset="126204059" timestamp="2022-09-15T04:22:26Z" user="VLD258" uid="10979442" lat="30.3374420" lon="78.0413963"/>
 <node id="1231993778" visible="true" version="4" changeset="126204959" timestamp="2022-09-15T05:03:06Z" user="VLD258" uid="10979442" lat="30.3373382" lon="78.0416607"/>
 <node id="1231993781" visible="true" version="3" changeset="126204059" timestamp="2022-09-15T04:22:26Z" user="VLD258" uid="10979442" lat="30.3373493" lon="78.0420553"/>
 <node id="1231993782" visible="true" version="3" changeset="126204006" timestamp="2022-09-15T04:19:22Z" user="VLD258" uid="10979442" lat="30.3402587" lon="78.0511551"/>
 <node id="1231993784" visible="true" version="3" changeset="126204059" timestamp="2022-09-15T04:22:26Z" user="VLD258" uid="10979442" lat="30.3390238" lon="78.0409189"/>
 <node id="1231998744" visible="true" version="2" changeset="126203169" timestamp="2022-09-15T03:18:31Z" user="VLD258" uid="10979442" lat="30.3400151" lon="78.0513967"/>
 <node id="1231998745" visible="true" version="2" changeset="126203169" timestamp="2022-09-15T03:18:31Z" user="VLD258" uid="10979442" lat="30.3397248" lon="78.0516286"/>
 <node id="1231998748" visible="true" version="4" changeset="126218408" timestamp="2022-09-15T10:50:36Z" user="VLD258" uid="10979442" lat="30.3385843" lon="78.0524009"/>
 <node id="1232271052" visible="true" version="1" changeset="7764021" timestamp="2011-04-04T12:24:38Z" user="nazgul5" uid="348852" lat="30.3397404" lon="78.0514396">
  <tag k="amenity" v="atm"/>
  <tag k="operator" v="Punjab National Bank"/>
 </node>
 <node id="1399999462" visible="true" version="2" changeset="126215749" timestamp="2022-09-15T09:53:03Z" user="VLD258" uid="10979442" lat="30.3414686" lon="78.0452150"/>
 <node id="1399999463" visible="true" version="3" changeset="126216738" timestamp="2022-09-15T10:16:53Z" user="VLD258" uid="10979442" lat="30.3410214" lon="78.0476217"/>
 <node id="1399999464" visible="true" version="3" changeset="29901989" timestamp="2015-04-01T11:17:54Z" user="ddinraj" uid="2799402" lat="30.3408801" lon="78.0441036"/>
 <node id="1399999465" visible="true" version="2" changeset="29901989" timestamp="2015-04-01T11:17:54Z" user="ddinraj" uid="2799402" lat="30.3408222" lon="78.0443047"/>
 <node id="1399999471" visible="true" version="2" changeset="126215749" timestamp="2022-09-15T09:53:03Z" user="VLD258" uid="10979442" lat="30.3409608" lon="78.0446906"/>
 <node id="1399999474" visible="true" version="2" changeset="126204234" timestamp="2022-09-15T04:29:51Z" user="VLD258" uid="10979442" lat="30.3408316" lon="78.0479629"/>
 <node id="1399999476" visible="true" version="4" changeset="126204234" timestamp="2022-09-15T04:29:51Z" user="VLD258" uid="10979442" lat="30.3398498" lon="78.0489530"/>
 <node id="1399999477" visible="true" version="3" changeset="126204234" timestamp="2022-09-15T04:29:51Z" user="VLD258" uid="10979442" lat="30.3393973" lon="78.0484047"/>
 <node id="1399999479" visible="true" version="3" changeset="126215749" timestamp="2022-09-15T09:53:03Z" user="VLD258" uid="10979442" lat="30.3414891" lon="78.0461638"/>
 <node id="1399999480" visible="true" version="2" changeset="29901989" timestamp="2015-04-01T11:17:54Z" user="ddinraj" uid="2799402" lat="30.3408535" lon="78.0444938"/>
 <node id="1399999482" visible="true" version="3" changeset="126216738" timestamp="2022-09-15T10:16:53Z" user="VLD258" uid="10979442" lat="30.3412694" lon="78.0470385"/>
 <node id="1399999483" visible="true" version="3" changeset="29901989" timestamp="2015-04-01T11:17:54Z" user="ddinraj" uid="2799402" lat="30.3409067" lon="78.0440365"/>
 <node id="1399999487" visible="true" version="4" changeset="63115115" timestamp="2018-10-02T07:14:30Z" user="Arun Balaji" uid="3427745" lat="30.3409935" lon="78.0438366"/>
 <node id="1399999488" visible="true" version="2" changeset="126204234" timestamp="2022-09-15T04:29:51Z" user="VLD258" uid="10979442" lat="30.3403705" lon="78.0483859"/>
 <node id="1399999493" visible="true" version="2" changeset="126215749" timestamp="2022-09-15T09:53:03Z" user="VLD258" uid="10979442" lat="30.3413637" lon="78.0450594"/>
 <node id="1399999494" visible="true" version="3" changeset="126216738" timestamp="2022-09-15T10:16:53Z" user="VLD258" uid="10979442" lat="30.3414062" lon="78.0465493"/>
 <node id="1399999495" visible="true" version="2" changeset="126205617" timestamp="2022-09-15T05:29:16Z" user="VLD258" uid="10979442" lat="30.3388150" lon="78.0492278"/>
 <node id="1966250367" visible="true" version="2" changeset="34604773" timestamp="2015-10-13T07:08:50Z" user="pratikyadav" uid="2905914" lat="30.3408958" lon="78.0478014">
  <tag k="barrier" v="gate"/>
 </node>
 <node id="1966250383" visible="true" version="2" changeset="29901989" timestamp="2015-04-01T11:17:54Z" user="ddinraj" uid="2799402" lat="30.3408442" lon="78.0442001"/>
 <node id="1966250400" visible="true" version="1" changeset="13501475" timestamp="2012-10-15T06:04:00Z" user="Chaitanya Kumar CH" uid="180306" lat="30.3414588" lon="78.0463772">
  <tag k="barrier" v="lift_gate"/>
 </node>
 <node id="2142227809" visible="true" version="2" changeset="126203169" timestamp="2022-09-15T03:18:31Z" user="VLD258" uid="10979442" lat="30.3455483" lon="78.0462418"/>
 <node id="2142227810" visible="true" version="2" changeset="126203169" timestamp="2022-09-15T03:18:31Z" user="VLD258" uid="10979442" lat="30.3466548" lon="78.0457663"/>
 <node id="2142227811" visible="true" version="2" changeset="126203169" timestamp="2022-09-15T03:18:31Z" user="VLD258" uid="10979442" lat="30.3456826" lon="78.0459573"/>
 <node id="2142227813" visible="true" version="2" changeset="126203169" timestamp="2022-09-15T03:18:31Z" user="VLD258" uid="10979442" lat="30.3443823" lon="78.0478756"/>
 <node id="2142227815" visible="true" version="2" changeset="126203169" timestamp="2022-09-15T03:18:31Z" user="VLD258" uid="10979442" lat="30.3438785" lon="78.0481756"/>
 <node id="2142227816" visible="true" version="1" changeset="14918355" timestamp="2013-02-05T06:52:35Z" user="Chaitanya Kumar CH" uid="180306" lat="30.3453429" lon="78.0474756"/>
 <node id="2142227818" visible="true" version="2" changeset="126203169" timestamp="2022-09-15T03:18:31Z" user="VLD258" uid="10979442" lat="30.3457503" lon="78.0470106"/>
 <node id="2142227820" visible="true" version="2" changeset="126203169" timestamp="2022-09-15T03:18:31Z" user="VLD258" uid="10979442" lat="30.3455801" lon="78.0465548"/>
 <node id="2142227827" visible="true" version="4" changeset="126203281" timestamp="2022-09-15T03:27:01Z" user="VLD258" uid="10979442" lat="30.3422159" lon="78.0494952"/>
 <node id="2142227828" visible="true" version="2" changeset="126203169" timestamp="2022-09-15T03:18:31Z" user="VLD258" uid="10979442" lat="30.3464470" lon="78.0457220"/>
 <node id="2142227831" visible="true" version="2" changeset="126203169" timestamp="2022-09-15T03:18:31Z" user="VLD258" uid="10979442" lat="30.3456619" lon="78.0467199"/>
 <node id="2142227833" visible="true" version="2" changeset="126203169" timestamp="2022-09-15T03:18:31Z" user="VLD258" uid="10979442" lat="30.3456406" lon="78.0473409"/>
 <node id="2142227834" visible="true" version="2" changeset="126203169" timestamp="2022-09-15T03:18:31Z" user="VLD258" uid="10979442" lat="30.3457093" lon="78.0472590"/>
 <node id="2142227835" visible="true" version="2" changeset="126203169" timestamp="2022-09-15T03:18:31Z" user="VLD258" uid="10979442" lat="30.3458992" lon="78.0457797"/>
 <node id="2142227838" visible="true" version="2" changeset="126203169" timestamp="2022-09-15T03:18:31Z" user="VLD258" uid="10979442" lat="30.3462664" lon="78.0457125"/>
 <node id="2142227840" visible="true" version="2" changeset="126203169" timestamp="2022-09-15T03:18:31Z" user="VLD258" uid="10979442" lat="30.3410471" lon="78.0504543"/>
 <node id="2142227842" visible="true" version="2" changeset="126203169" timestamp="2022-09-15T03:18:31Z" user="VLD258" uid="10979442" lat="30.3455971" lon="78.0460874"/>
 <node id="2142227843" visible="true" version="3" changeset="126203169" timestamp="2022-09-15T03:18:31Z" user="VLD258" uid="10979442" lat="30.3472693" lon="78.0460099"/>
 <node id="2378243004" visible="true" version="1" changeset="16877614" timestamp="2013-07-08T18:41:35Z" user="T_9er" uid="14850" lat="30.3405384" lon="78.0548056"/>
 <node id="2378243008" visible="true" version="3" changeset="126203169" timestamp="2022-09-15T03:18:31Z" user="VLD258" uid="10979442" lat="30.3389300" lon="78.0521251"/>
 <node id="2378243015" visible="true" version="2" changeset="126176131" timestamp="2022-09-14T11:12:25Z" user="VLD258" uid="10979442" lat="30.3389166" lon="78.0523214"/>
 <node id="2378243019" visible="true" version="2" changeset="126176131" timestamp="2022-09-14T11:12:25Z" user="VLD258" uid="10979442" lat="30.3389154" lon="78.0527004"/>
 <node id="2378243023" visible="true" version="2" changeset="126176131" timestamp="2022-09-14T11:12:25Z" user="VLD258" uid="10979442" lat="30.3389770" lon="78.0527362"/>
 <node id="2378243027" visible="true" version="1" changeset="16877614" timestamp="2013-07-08T18:41:35Z" user="T_9er" uid="14850" lat="30.3390673" lon="78.0527446"/>
 <node id="2378243030" visible="true" version="2" changeset="126176131" timestamp="2022-09-14T11:12:25Z" user="VLD258" uid="10979442" lat="30.3393232" lon="78.0527330"/>
 <node id="2378243035" visible="true" version="2" changeset="126176131" timestamp="2022-09-14T11:12:25Z" user="VLD258" uid="10979442" lat="30.3395174" lon="78.0527775"/>
 <node id="2378243038" visible="true" version="1" changeset="16877614" timestamp="2013-07-08T18:41:35Z" user="T_9er" uid="14850" lat="30.3396296" lon="78.0528847"/>
 <node id="2378243042" visible="true" version="2" changeset="126176131" timestamp="2022-09-14T11:12:25Z" user="VLD258" uid="10979442" lat="30.3399856" lon="78.0534498"/>
 <node id="2378243047" visible="true" version="2" changeset="126176131" timestamp="2022-09-14T11:12:25Z" user="VLD258" uid="10979442" lat="30.3403736" lon="78.0543652"/>
 <node id="2378243055" visible="true" version="3" changeset="126211592" timestamp="2022-09-15T08:16:41Z" user="VLD258" uid="10979442" lat="30.3409134" lon="78.0557033"/>
 <node id="2378243059" visible="true" version="3" changeset="126211592" timestamp="2022-09-15T08:16:41Z" user="VLD258" uid="10979442" lat="30.3409678" lon="78.0557735"/>
 <node id="2378243063" visible="true" version="4" changeset="126212216" timestamp="2022-09-15T08:30:29Z" user="VLD258" uid="10979442" lat="30.3415888" lon="78.0563353"/>
 <node id="2378243141" visible="true" version="3" changeset="126212216" timestamp="2022-09-15T08:30:29Z" user="VLD258" uid="10979442" lat="30.3401079" lon="78.0537543"/>
 <node id="2569073141" visible="true" version="2" changeset="126206814" timestamp="2022-09-15T06:11:04Z" user="VLD258" uid="10979442" lat="30.3374564" lon="78.0449174"/>
 <node id="2569073144" visible="true" version="2" changeset="126206814" timestamp="2022-09-15T06:11:04Z" user="VLD258" uid="10979442" lat="30.3346652" lon="78.0447044"/>
 <node id="2569073158" visible="true" version="2" changeset="126206972" timestamp="2022-09-15T06:15:24Z" user="VLD258" uid="10979442" lat="30.3359584" lon="78.0458643"/>
 <node id="2569073162" visible="true" version="3" changeset="126206972" timestamp="2022-09-15T06:15:24Z" user="VLD258" uid="10979442" lat="30.3359907" lon="78.0459035"/>
 <node id="2569073166" visible="true" version="3" changeset="126204059" timestamp="2022-09-15T04:22:26Z" user="VLD258" uid="10979442" lat="30.3373103" lon="78.0418423"/>
 <node id="2569073168" visible="true" version="4" changeset="126208168" timestamp="2022-09-15T06:49:50Z" user="VLD258" uid="10979442" lat="30.3343060" lon="78.0445857"/>
 <node id="2569073171" visible="true" version="2" changeset="126206814" timestamp="2022-09-15T06:11:04Z" user="VLD258" uid="10979442" lat="30.3348327" lon="78.0447392"/>
 <node id="2569073176" visible="true" version="2" changeset="126204006" timestamp="2022-09-15T04:19:22Z" user="VLD258" uid="10979442" lat="30.3380766" lon="78.0443046"/>
 <node id="2569073178" visible="true" version="3" changeset="126206972" timestamp="2022-09-15T06:15:24Z" user="VLD258" uid="10979442" lat="30.3356861" lon="78.0455368"/>
 <node id="2569073184" visible="true" version="2" changeset="126206814" timestamp="2022-09-15T06:11:04Z" user="VLD258" uid="10979442" lat="30.3344537" lon="78.0446704"/>
 <node id="2569073193" visible="true" version="2" changeset="126206814" timestamp="2022-09-15T06:11:04Z" user="VLD258" uid="10979442" lat="30.3376154" lon="78.0450271"/>
 <node id="2569073201" visible="true" version="2" changeset="126206814" timestamp="2022-09-15T06:11:04Z" user="VLD258" uid="10979442" lat="30.3374226" lon="78.0449247"/>
 <node id="2569073203" visible="true" version="3" changeset="126206814" timestamp="2022-09-15T06:11:04Z" user="VLD258" uid="10979442" lat="30.3376221" lon="78.0465577"/>
 <node id="2569073224" visible="true" version="4" changeset="126207882" timestamp="2022-09-15T06:40:57Z" user="VLD258" uid="10979442" lat="30.3340706" lon="78.0443722"/>
 <node id="2569073235" visible="true" version="2" changeset="126206814" timestamp="2022-09-15T06:11:04Z" user="VLD258" uid="10979442" lat="30.3367820" lon="78.0462495"/>
 <node id="2569073242" visible="true" version="2" changeset="126206814" timestamp="2022-09-15T06:11:04Z" user="VLD258" uid="10979442" lat="30.3376739" lon="78.0450135"/>
 <node id="2569073244" visible="true" version="2" changeset="126206814" timestamp="2022-09-15T06:11:04Z" user="VLD258" uid="10979442" lat="30.3356216" lon="78.0454704"/>
 <node id="2569073255" visible="true" version="3" changeset="126206972" timestamp="2022-09-15T06:15:24Z" user="VLD258" uid="10979442" lat="30.3370994" lon="78.0452525"/>
 <node id="2569073256" visible="true" version="2" changeset="126206972" timestamp="2022-09-15T06:15:24Z" user="VLD258" uid="10979442" lat="30.3358682" lon="78.0457282"/>
 <node id="2569073257" visible="true" version="2" changeset="126206814" timestamp="2022-09-15T06:11:04Z" user="VLD258" uid="10979442" lat="30.3372246" lon="78.0450895"/>
 <node id="2569073258" visible="true" version="2" changeset="126206814" timestamp="2022-09-15T06:11:04Z" user="VLD258" uid="10979442" lat="30.3369935" lon="78.0454678"/>
 <node id="2569073261" visible="true" version="2" changeset="126206814" timestamp="2022-09-15T06:11:04Z" user="VLD258" uid="10979442" lat="30.3370935" lon="78.0455761"/>
 <node id="2569073263" visible="true" version="2" changeset="126206814" timestamp="2022-09-15T06:11:04Z" user="VLD258" uid="10979442" lat="30.3368658" lon="78.0462578"/>
 <node id="2569073270" visible="true" version="2" changeset="126206814" timestamp="2022-09-15T06:11:04Z" user="VLD258" uid="10979442" lat="30.3369352" lon="78.0458798"/>
 <node id="2569073273" visible="true" version="3" changeset="126218408" timestamp="2022-09-15T10:50:36Z" user="VLD258" uid="10979442" lat="30.3334341" lon="78.0435501"/>
 <node id="2569073280" visible="true" version="2" changeset="126204059" timestamp="2022-09-15T04:22:26Z" user="VLD258" uid="10979442" lat="30.3375865" lon="78.0411695"/>
 <node id="2569073304" visible="true" version="3" changeset="126206972" timestamp="2022-09-15T06:15:24Z" user="VLD258" uid="10979442" lat="30.3362048" lon="78.0463449"/>
 <node id="2569073307" visible="true" version="3" changeset="126206972" timestamp="2022-09-15T06:15:24Z" user="VLD258" uid="10979442" lat="30.3366052" lon="78.0463244"/>
 <node id="2569073309" visible="true" version="3" changeset="126206814" timestamp="2022-09-15T06:11:04Z" user="VLD258" uid="10979442" lat="30.3335797" lon="78.0437565"/>
 <node id="2569073311" visible="true" version="2" changeset="126206972" timestamp="2022-09-15T06:15:24Z" user="VLD258" uid="10979442" lat="30.3361111" lon="78.0462213"/>
 <node id="2569073321" visible="true" version="3" changeset="126207882" timestamp="2022-09-15T06:40:57Z" user="VLD258" uid="10979442" lat="30.3350973" lon="78.0448847"/>
 <node id="2569073323" visible="true" version="2" changeset="126206972" timestamp="2022-09-15T06:15:24Z" user="VLD258" uid="10979442" lat="30.3363040" lon="78.0464002"/>
 <node id="2569073326" visible="true" version="2" changeset="126206814" timestamp="2022-09-15T06:11:04Z" user="VLD258" uid="10979442" lat="30.3378998" lon="78.0445156"/>
 <node id="2569073344" visible="true" version="2" changeset="126206814" timestamp="2022-09-15T06:11:04Z" user="VLD258" uid="10979442" lat="30.3372801" lon="78.0451137"/>
 <node id="2569073345" visible="true" version="2" changeset="126206814" timestamp="2022-09-15T06:11:04Z" user="VLD258" uid="10979442" lat="30.3364916" lon="78.0463478"/>
 <node id="2569073346" visible="true" version="2" changeset="126206814" timestamp="2022-09-15T06:11:04Z" user="VLD258" uid="10979442" lat="30.3373128" lon="78.0451088"/>
 <node id="2569073349" visible="true" version="3" changeset="126206972" timestamp="2022-09-15T06:15:24Z" user="VLD258" uid="10979442" lat="30.3360597" lon="78.0459657"/>
 <node id="2569073352" visible="true" version="2" changeset="126206814" timestamp="2022-09-15T06:11:04Z" user="VLD258" uid="10979442" lat="30.3378298" lon="78.0447137"/>
 <node id="3429876949" visible="true" version="2" changeset="63115115" timestamp="2018-10-02T07:14:30Z" user="Arun Balaji" uid="3427745" lat="30.3400020" lon="78.0437787"/>
 <node id="3429876950" visible="true" version="2" changeset="63115115" timestamp="2018-10-02T07:14:30Z" user="Arun Balaji" uid="3427745" lat="30.3400279" lon="78.0438274"/>
 <node id="3429876951" visible="true" version="2" changeset="63115115" timestamp="2018-10-02T07:14:30Z" user="Arun Balaji" uid="3427745" lat="30.3400554" lon="78.0438078"/>
 <node id="3429876953" visible="true" version="2" changeset="63115115" timestamp="2018-10-02T07:14:30Z" user="Arun Balaji" uid="3427745" lat="30.3400739" lon="78.0438425"/>
 <node id="3429876954" visible="true" version="2" changeset="63115115" timestamp="2018-10-02T07:14:30Z" user="Arun Balaji" uid="3427745" lat="30.3400045" lon="78.0438921"/>
 <node id="3429876955" visible="true" version="2" changeset="63115115" timestamp="2018-10-02T07:14:30Z" user="Arun Balaji" uid="3427745" lat="30.3400463" lon="78.0439706"/>
 <node id="3429876956" visible="true" version="2" changeset="63115115" timestamp="2018-10-02T07:14:30Z" user="Arun Balaji" uid="3427745" lat="30.3400962" lon="78.0439350"/>
 <node id="3429876957" visible="true" version="2" changeset="63115115" timestamp="2018-10-02T07:14:30Z" user="Arun Balaji" uid="3427745" lat="30.3401193" lon="78.0439185"/>
 <node id="3429876958" visible="true" version="2" changeset="63115115" timestamp="2018-10-02T07:14:30Z" user="Arun Balaji" uid="3427745" lat="30.3401233" lon="78.0439156"/>
 <node id="3429876959" visible="true" version="2" changeset="63115115" timestamp="2018-10-02T07:14:30Z" user="Arun Balaji" uid="3427745" lat="30.3401529" lon="78.0439713"/>
 <node id="3429876960" visible="true" version="2" changeset="63115115" timestamp="2018-10-02T07:14:30Z" user="Arun Balaji" uid="3427745" lat="30.3401253" lon="78.0439911"/>
 <node id="3429876961" visible="true" version="2" changeset="63115115" timestamp="2018-10-02T07:14:30Z" user="Arun Balaji" uid="3427745" lat="30.3401481" lon="78.0440338"/>
 <node id="3429876964" visible="true" version="2" changeset="63115115" timestamp="2018-10-02T07:14:30Z" user="Arun Balaji" uid="3427745" lat="30.3402401" lon="78.0439681"/>
 <node id="3429876965" visible="true" version="2" changeset="63115115" timestamp="2018-10-02T07:14:31Z" user="Arun Balaji" uid="3427745" lat="30.3400972" lon="78.0437107"/>
 <node id="3429896197" visible="true" version="4" changeset="63113422" timestamp="2018-10-02T05:48:54Z" user="Arun Balaji" uid="3427745" lat="30.3414416" lon="78.0455337"/>
 <node id="3429896201" visible="true" version="4" changeset="63113422" timestamp="2018-10-02T05:48:54Z" user="Arun Balaji" uid="3427745" lat="30.3412644" lon="78.0454806"/>
 <node id="3429896202" visible="true" version="4" changeset="63113422" timestamp="2018-10-02T05:48:54Z" user="Arun Balaji" uid="3427745" lat="30.3412390" lon="78.0455945"/>
 <node id="3429896204" visible="true" version="4" changeset="63113422" timestamp="2018-10-02T05:48:54Z" user="Arun Balaji" uid="3427745" lat="30.3414162" lon="78.0456476"/>
 <node id="3429896205" visible="true" version="2" changeset="63096759" timestamp="2018-10-01T14:40:39Z" user="Arun Balaji" uid="3427745" lat="30.3410873" lon="78.0460361"/>
 <node id="3429896206" visible="true" version="2" changeset="63096759" timestamp="2018-10-01T14:40:39Z" user="Arun Balaji" uid="3427745" lat="30.3410363" lon="78.0460147"/>
 <node id="3429896207" visible="true" version="2" changeset="63096759" timestamp="2018-10-01T14:40:39Z" user="Arun Balaji" uid="3427745" lat="30.3409530" lon="78.0462453"/>
 <node id="3429896208" visible="true" version="2" changeset="63096759" timestamp="2018-10-01T14:40:39Z" user="Arun Balaji" uid="3427745" lat="30.3410074" lon="78.0462641"/>
 <node id="3429903597" visible="true" version="4" changeset="63115115" timestamp="2018-10-02T07:14:31Z" user="Arun Balaji" uid="3427745" lat="30.3412872" lon="78.0458415"/>
 <node id="3429903598" visible="true" version="4" changeset="63115115" timestamp="2018-10-02T07:14:31Z" user="Arun Balaji" uid="3427745" lat="30.3412264" lon="78.0458321"/>
 <node id="3429903599" visible="true" version="4" changeset="63115115" timestamp="2018-10-02T07:14:31Z" user="Arun Balaji" uid="3427745" lat="30.3411863" lon="78.0458259"/>
 <node id="3429903600" visible="true" version="4" changeset="63115115" timestamp="2018-10-02T07:14:31Z" user="Arun Balaji" uid="3427745" lat="30.3411824" lon="78.0458597"/>
 <node id="3429903601" visible="true" version="4" changeset="63115115" timestamp="2018-10-02T07:14:31Z" user="Arun Balaji" uid="3427745" lat="30.3411513" lon="78.0458549"/>
 <node id="3429903602" visible="true" version="4" changeset="63115115" timestamp="2018-10-02T07:14:31Z" user="Arun Balaji" uid="3427745" lat="30.3411421" lon="78.0459348"/>
 <node id="3429903604" visible="true" version="4" changeset="63115115" timestamp="2018-10-02T07:14:31Z" user="Arun Balaji" uid="3427745" lat="30.3411798" lon="78.0459406"/>
 <node id="3429903605" visible="true" version="4" changeset="63115115" timestamp="2018-10-02T07:14:31Z" user="Arun Balaji" uid="3427745" lat="30.3411851" lon="78.0458948"/>
 <node id="3429903606" visible="true" version="4" changeset="63115115" timestamp="2018-10-02T07:14:31Z" user="Arun Balaji" uid="3427745" lat="30.3412209" lon="78.0459004"/>
 <node id="3429903607" visible="true" version="4" changeset="63115115" timestamp="2018-10-02T07:14:31Z" user="Arun Balaji" uid="3427745" lat="30.3412586" lon="78.0459062"/>
 <node id="3429903608" visible="true" version="4" changeset="63115115" timestamp="2018-10-02T07:14:31Z" user="Arun Balaji" uid="3427745" lat="30.3412431" lon="78.0460407"/>
 <node id="3429903609" visible="true" version="4" changeset="63115115" timestamp="2018-10-02T07:14:31Z" user="Arun Balaji" uid="3427745" lat="30.3413540" lon="78.0460579"/>
 <node id="3429903610" visible="true" version="4" changeset="63115115" timestamp="2018-10-02T07:14:31Z" user="Arun Balaji" uid="3427745" lat="30.3413605" lon="78.0460017"/>
 <node id="3429903611" visible="true" version="4" changeset="63115115" timestamp="2018-10-02T07:14:31Z" user="Arun Balaji" uid="3427745" lat="30.3413405" lon="78.0459986"/>
 <node id="3429903612" visible="true" version="4" changeset="63115115" timestamp="2018-10-02T07:14:31Z" user="Arun Balaji" uid="3427745" lat="30.3413297" lon="78.0459970"/>
 <node id="3429903613" visible="true" version="4" changeset="63115115" timestamp="2018-10-02T07:14:31Z" user="Arun Balaji" uid="3427745" lat="30.3413465" lon="78.0458506"/>
 <node id="3429903691" visible="true" version="3" changeset="63115115" timestamp="2018-10-02T07:14:31Z" user="Arun Balaji" uid="3427745" lat="30.3408824" lon="78.0454474"/>
 <node id="3429903692" visible="true" version="3" changeset="63115115" timestamp="2018-10-02T07:14:31Z" user="Arun Balaji" uid="3427745" lat="30.3409054" lon="78.0455944"/>
 <node id="3429907093" visible="true" version="3" changeset="63115115" timestamp="2018-10-02T07:14:31Z" user="Arun Balaji" uid="3427745" lat="30.3407322" lon="78.0455345"/>
 <node id="3429907094" visible="true" version="3" changeset="63115115" timestamp="2018-10-02T07:14:31Z" user="Arun Balaji" uid="3427745" lat="30.3407829" lon="78.0453380"/>
 <node id="3429909957" visible="true" version="2" changeset="63115115" timestamp="2018-10-02T07:14:31Z" user="Arun Balaji" uid="3427745" lat="30.3403674" lon="78.0447593"/>
 <node id="3429909958" visible="true" version="2" changeset="63115115" timestamp="2018-10-02T07:14:31Z" user="Arun Balaji" uid="3427745" lat="30.3403327" lon="78.0447942"/>
 <node id="3429909959" visible="true" version="2" changeset="63115115" timestamp="2018-10-02T07:14:31Z" user="Arun Balaji" uid="3427745" lat="30.3402991" lon="78.0448358"/>
 <node id="3429909960" visible="true" version="3" changeset="63115115" timestamp="2018-10-02T07:14:31Z" user="Arun Balaji" uid="3427745" lat="30.3402806" lon="78.0448587"/>
 <node id="3429909961" visible="true" version="2" changeset="63115115" timestamp="2018-10-02T07:14:31Z" user="Arun Balaji" uid="3427745" lat="30.3403095" lon="78.0448814"/>
 <node id="3429909962" visible="true" version="2" changeset="63115115" timestamp="2018-10-02T07:14:31Z" user="Arun Balaji" uid="3427745" lat="30.3403176" lon="78.0448881"/>
 <node id="3429909963" visible="true" version="3" changeset="63115115" timestamp="2018-10-02T07:14:31Z" user="Arun Balaji" uid="3427745" lat="30.3402910" lon="78.0449578"/>
 <node id="3429909964" visible="true" version="2" changeset="63115115" timestamp="2018-10-02T07:14:31Z" user="Arun Balaji" uid="3427745" lat="30.3403257" lon="78.0449833"/>
 <node id="3429909965" visible="true" version="2" changeset="63115115" timestamp="2018-10-02T07:14:31Z" user="Arun Balaji" uid="3427745" lat="30.3403338" lon="78.0449940"/>
 <node id="3429909966" visible="true" version="3" changeset="63115115" timestamp="2018-10-02T07:14:31Z" user="Arun Balaji" uid="3427745" lat="30.3403072" lon="78.0450316"/>
 <node id="3429909967" visible="true" version="3" changeset="63115115" timestamp="2018-10-02T07:14:31Z" user="Arun Balaji" uid="3427745" lat="30.3403708" lon="78.0451027"/>
 <node id="3429909968" visible="true" version="2" changeset="63115115" timestamp="2018-10-02T07:14:31Z" user="Arun Balaji" uid="3427745" lat="30.3404091" lon="78.0450557"/>
 <node id="3429909969" visible="true" version="3" changeset="63115115" timestamp="2018-10-02T07:14:31Z" user="Arun Balaji" uid="3427745" lat="30.3404461" lon="78.0450101"/>
 <node id="3429909970" visible="true" version="2" changeset="63115115" timestamp="2018-10-02T07:14:31Z" user="Arun Balaji" uid="3427745" lat="30.3403848" lon="78.0449364"/>
 <node id="3429909971" visible="true" version="2" changeset="63115115" timestamp="2018-10-02T07:14:31Z" user="Arun Balaji" uid="3427745" lat="30.3404253" lon="78.0448961"/>
 <node id="3429909972" visible="true" version="2" changeset="63115115" timestamp="2018-10-02T07:14:31Z" user="Arun Balaji" uid="3427745" lat="30.3404068" lon="78.0448680"/>
 <node id="3429909973" visible="true" version="2" changeset="63115115" timestamp="2018-10-02T07:14:31Z" user="Arun Balaji" uid="3427745" lat="30.3404276" lon="78.0448452"/>
 <node id="3429909974" visible="true" version="3" changeset="63115115" timestamp="2018-10-02T07:14:31Z" user="Arun Balaji" uid="3427745" lat="30.3413158" lon="78.0451221"/>
 <node id="3429909976" visible="true" version="2" changeset="29902260" timestamp="2015-04-01T11:32:22Z" user="ddinraj" uid="2799402" lat="30.3411612" lon="78.0449925"/>
 <node id="3429909977" visible="true" version="2" changeset="29902260" timestamp="2015-04-01T11:32:22Z" user="ddinraj" uid="2799402" lat="30.3411430" lon="78.0449879"/>
 <node id="3429909978" visible="true" version="3" changeset="63115115" timestamp="2018-10-02T07:14:31Z" user="Arun Balaji" uid="3427745" lat="30.3410893" lon="78.0452015"/>
 <node id="3429909979" visible="true" version="3" changeset="63115115" timestamp="2018-10-02T07:14:31Z" user="Arun Balaji" uid="3427745" lat="30.3412734" lon="78.0452676"/>
 <node id="3429917508" visible="true" version="4" changeset="63115115" timestamp="2018-10-02T07:14:31Z" user="Arun Balaji" uid="3427745" lat="30.3403828" lon="78.0438456"/>
 <node id="3429917509" visible="true" version="4" changeset="63115115" timestamp="2018-10-02T07:14:31Z" user="Arun Balaji" uid="3427745" lat="30.3403390" lon="78.0439390"/>
 <node id="3429917510" visible="true" version="4" changeset="63115115" timestamp="2018-10-02T07:14:31Z" user="Arun Balaji" uid="3427745" lat="30.3406016" lon="78.0440979"/>
 <node id="3429917511" visible="true" version="4" changeset="63115115" timestamp="2018-10-02T07:14:31Z" user="Arun Balaji" uid="3427745" lat="30.3406093" lon="78.0440854"/>
 <node id="3429917512" visible="true" version="4" changeset="63115115" timestamp="2018-10-02T07:14:31Z" user="Arun Balaji" uid="3427745" lat="30.3406436" lon="78.0441080"/>
 <node id="3429917513" visible="true" version="4" changeset="63115115" timestamp="2018-10-02T07:14:31Z" user="Arun Balaji" uid="3427745" lat="30.3404876" lon="78.0444252"/>
 <node id="3429917514" visible="true" version="4" changeset="63115115" timestamp="2018-10-02T07:14:31Z" user="Arun Balaji" uid="3427745" lat="30.3405737" lon="78.0444821"/>
 <node id="3429917515" visible="true" version="4" changeset="63115115" timestamp="2018-10-02T07:14:31Z" user="Arun Balaji" uid="3427745" lat="30.3409110" lon="78.0438015"/>
 <node id="3429917516" visible="true" version="4" changeset="63115115" timestamp="2018-10-02T07:14:31Z" user="Arun Balaji" uid="3427745" lat="30.3408102" lon="78.0437433"/>
 <node id="3429918486" visible="true" version="4" changeset="63568508" timestamp="2018-10-16T08:53:18Z" user="venkanna37" uid="5680733" lat="30.3413387" lon="78.0432761"/>
 <node id="3429918487" visible="true" version="4" changeset="63568508" timestamp="2018-10-16T08:53:19Z" user="venkanna37" uid="5680733" lat="30.3412456" lon="78.0432211"/>
 <node id="3429918488" visible="true" version="4" changeset="63568508" timestamp="2018-10-16T08:53:19Z" user="venkanna37" uid="5680733" lat="30.3410124" lon="78.0437508"/>
 <node id="3429918489" visible="true" version="4" changeset="63568508" timestamp="2018-10-16T08:53:19Z" user="venkanna37" uid="5680733" lat="30.3411055" lon="78.0438059"/>
 <node id="3429928626" visible="true" version="1" changeset="29901989" timestamp="2015-04-01T11:17:54Z" user="ddinraj" uid="2799402" lat="30.3408304" lon="78.0442497"/>
 <node id="3429928627" visible="true" version="1" changeset="29901989" timestamp="2015-04-01T11:17:54Z" user="ddinraj" uid="2799402" lat="30.3409542" lon="78.0439239"/>
 <node id="3429928628" visible="true" version="1" changeset="29901989" timestamp="2015-04-01T11:17:54Z" user="ddinraj" uid="2799402" lat="30.3408234" lon="78.0443570"/>
 <node id="3429928629" visible="true" version="1" changeset="29901989" timestamp="2015-04-01T11:17:54Z" user="ddinraj" uid="2799402" lat="30.3408338" lon="78.0444254"/>
 <node id="3429928630" visible="true" version="1" changeset="29901989" timestamp="2015-04-01T11:17:54Z" user="ddinraj" uid="2799402" lat="30.3408801" lon="78.0445662"/>
 <node id="3429928632" visible="true" version="2" changeset="126215749" timestamp="2022-09-15T09:53:03Z" user="VLD258" uid="10979442" lat="30.3411073" lon="78.0448422"/>
 <node id="3429928635" visible="true" version="2" changeset="126215749" timestamp="2022-09-15T09:53:03Z" user="VLD258" uid="10979442" lat="30.3414227" lon="78.0451101"/>
 <node id="3429928636" visible="true" version="2" changeset="126215749" timestamp="2022-09-15T09:53:03Z" user="VLD258" uid="10979442" lat="30.3414495" lon="78.0451504"/>
 <node id="3429929560" visible="true" version="4" changeset="73914486" timestamp="2019-08-30T10:16:43Z" user="Arun Balaji" uid="3427745" lat="30.3400824" lon="78.0439510"/>
 <node id="3429929561" visible="true" version="3" changeset="63115115" timestamp="2018-10-02T07:14:31Z" user="Arun Balaji" uid="3427745" lat="30.3401249" lon="78.0440278"/>
 <node id="3429929562" visible="true" version="3" changeset="63115115" timestamp="2018-10-02T07:14:31Z" user="Arun Balaji" uid="3427745" lat="30.3401480" lon="78.0440654"/>
 <node id="3429929563" visible="true" version="3" changeset="63115115" timestamp="2018-10-02T07:14:31Z" user="Arun Balaji" uid="3427745" lat="30.3401597" lon="78.0441244"/>
 <node id="3429929564" visible="true" version="2" changeset="63115115" timestamp="2018-10-02T07:14:31Z" user="Arun Balaji" uid="3427745" lat="30.3401654" lon="78.0441807"/>
 <node id="3429929565" visible="true" version="2" changeset="63115115" timestamp="2018-10-02T07:14:31Z" user="Arun Balaji" uid="3427745" lat="30.3401631" lon="78.0443175"/>
 <node id="3429929566" visible="true" version="3" changeset="126215749" timestamp="2022-09-15T09:53:03Z" user="VLD258" uid="10979442" lat="30.3401697" lon="78.0444317"/>
 <node id="3429929567" visible="true" version="3" changeset="126215749" timestamp="2022-09-15T09:53:03Z" user="VLD258" uid="10979442" lat="30.3401842" lon="78.0444574"/>
 <node id="3429929568" visible="true" version="3" changeset="126215749" timestamp="2022-09-15T09:53:03Z" user="VLD258" uid="10979442" lat="30.3402155" lon="78.0444753"/>
 <node id="3429929569" visible="true" version="3" changeset="126215749" timestamp="2022-09-15T09:53:03Z" user="VLD258" uid="10979442" lat="30.3402659" lon="78.0444914"/>
 <node id="3429929570" visible="true" version="3" changeset="126215749" timestamp="2022-09-15T09:53:03Z" user="VLD258" uid="10979442" lat="30.3403493" lon="78.0444842"/>
 <node id="3429929572" visible="true" version="3" changeset="126215749" timestamp="2022-09-15T09:53:03Z" user="VLD258" uid="10979442" lat="30.3405935" lon="78.0444885"/>
 <node id="3429929573" visible="true" version="3" changeset="126215749" timestamp="2022-09-15T09:53:03Z" user="VLD258" uid="10979442" lat="30.3406231" lon="78.0445006"/>
 <node id="3429932724" visible="true" version="4" changeset="126215749" timestamp="2022-09-15T09:53:03Z" user="VLD258" uid="10979442" lat="30.3408711" lon="78.0446534"/>
 <node id="3429932725" visible="true" version="4" changeset="126215749" timestamp="2022-09-15T09:53:03Z" user="VLD258" uid="10979442" lat="30.3409214" lon="78.0446774"/>
 <node id="3429932726" visible="true" version="5" changeset="126215749" timestamp="2022-09-15T09:53:03Z" user="VLD258" uid="10979442" lat="30.3408928" lon="78.0446664"/>
 <node id="3429944484" visible="true" version="3" changeset="126215749" timestamp="2022-09-15T09:53:03Z" user="VLD258" uid="10979442" lat="30.3405400" lon="78.0444775"/>
 <node id="3429947719" visible="true" version="3" changeset="63115115" timestamp="2018-10-02T07:14:32Z" user="Arun Balaji" uid="3427745" lat="30.3401942" lon="78.0442696"/>
 <node id="3429947720" visible="true" version="3" changeset="63115115" timestamp="2018-10-02T07:14:32Z" user="Arun Balaji" uid="3427745" lat="30.3401938" lon="78.0444362"/>
 <node id="3429947721" visible="true" version="3" changeset="63115115" timestamp="2018-10-02T07:14:32Z" user="Arun Balaji" uid="3427745" lat="30.3402190" lon="78.0444363"/>
 <node id="3429947723" visible="true" version="3" changeset="63115115" timestamp="2018-10-02T07:14:32Z" user="Arun Balaji" uid="3427745" lat="30.3402594" lon="78.0444364"/>
 <node id="3429947724" visible="true" version="3" changeset="63115115" timestamp="2018-10-02T07:14:32Z" user="Arun Balaji" uid="3427745" lat="30.3402849" lon="78.0444365"/>
 <node id="3429947725" visible="true" version="3" changeset="63115115" timestamp="2018-10-02T07:14:32Z" user="Arun Balaji" uid="3427745" lat="30.3403409" lon="78.0444366"/>
 <node id="3429947726" visible="true" version="3" changeset="63115115" timestamp="2018-10-02T07:14:32Z" user="Arun Balaji" uid="3427745" lat="30.3403412" lon="78.0442865"/>
 <node id="3429947727" visible="true" version="3" changeset="63115115" timestamp="2018-10-02T07:14:32Z" user="Arun Balaji" uid="3427745" lat="30.3403412" lon="78.0442637"/>
 <node id="3429947728" visible="true" version="3" changeset="63115115" timestamp="2018-10-02T07:14:32Z" user="Arun Balaji" uid="3427745" lat="30.3402865" lon="78.0442004"/>
 <node id="3429947729" visible="true" version="3" changeset="63115115" timestamp="2018-10-02T07:14:32Z" user="Arun Balaji" uid="3427745" lat="30.3402863" lon="78.0442636"/>
 <node id="3429947730" visible="true" version="3" changeset="63115115" timestamp="2018-10-02T07:14:32Z" user="Arun Balaji" uid="3427745" lat="30.3402479" lon="78.0442002"/>
 <node id="3429947731" visible="true" version="3" changeset="63115115" timestamp="2018-10-02T07:14:32Z" user="Arun Balaji" uid="3427745" lat="30.3402478" lon="78.0442697"/>
 <node id="3429964431" visible="true" version="2" changeset="63115115" timestamp="2018-10-02T07:14:32Z" user="Arun Balaji" uid="3427745" lat="30.3404560" lon="78.0440887"/>
 <node id="3450109549" visible="true" version="1" changeset="30137315" timestamp="2015-04-11T07:51:16Z" user="akshara" uid="2773531" lat="30.3403083" lon="78.0484428"/>
 <node id="3450109550" visible="true" version="2" changeset="126204234" timestamp="2022-09-15T04:29:51Z" user="VLD258" uid="10979442" lat="30.3407264" lon="78.0481060"/>
 <node id="3450109674" visible="true" version="1" changeset="30137272" timestamp="2015-04-11T07:46:49Z" user="akshara" uid="2773531" lat="30.3403754" lon="78.0510374">
  <tag k="name" v="Hathibarkala"/>
  <tag k="note" v="junction"/>
 </node>
 <node id="3450120365" visible="true" version="3" changeset="120371112" timestamp="2022-04-30T04:23:51Z" user="Kamal Pandey" uid="8598172" lat="30.3404713" lon="78.0470311"/>
 <node id="3450120366" visible="true" version="3" changeset="120371112" timestamp="2022-04-30T04:23:51Z" user="Kamal Pandey" uid="8598172" lat="30.3404120" lon="78.0471168"/>
 <node id="3450120367" visible="true" version="3" changeset="120371112" timestamp="2022-04-30T04:23:51Z" user="Kamal Pandey" uid="8598172" lat="30.3403626" lon="78.0471548"/>
 <node id="3450120368" visible="true" version="3" changeset="120371112" timestamp="2022-04-30T04:23:51Z" user="Kamal Pandey" uid="8598172" lat="30.3403246" lon="78.0471846"/>
 <node id="3450120369" visible="true" version="3" changeset="120371112" timestamp="2022-04-30T04:23:51Z" user="Kamal Pandey" uid="8598172" lat="30.3402875" lon="78.0471632"/>
 <node id="3450120370" visible="true" version="2" changeset="63115115" timestamp="2018-10-02T07:14:32Z" user="Arun Balaji" uid="3427745" lat="30.3402266" lon="78.0472303"/>
 <node id="3450120371" visible="true" version="2" changeset="63115115" timestamp="2018-10-02T07:14:32Z" user="Arun Balaji" uid="3427745" lat="30.3401919" lon="78.0471942"/>
 <node id="3450120372" visible="true" version="3" changeset="120371112" timestamp="2022-04-30T04:23:51Z" user="Kamal Pandey" uid="8598172" lat="30.3401304" lon="78.0470890"/>
 <node id="3450120373" visible="true" version="3" changeset="120371112" timestamp="2022-04-30T04:23:51Z" user="Kamal Pandey" uid="8598172" lat="30.3401540" lon="78.0470220"/>
 <node id="3450120374" visible="true" version="3" changeset="120371112" timestamp="2022-04-30T04:23:51Z" user="Kamal Pandey" uid="8598172" lat="30.3402142" lon="78.0469198"/>
 <node id="3450120376" visible="true" version="3" changeset="120371112" timestamp="2022-04-30T04:23:51Z" user="Kamal Pandey" uid="8598172" lat="30.3403032" lon="78.0468240"/>
 <node id="3450120377" visible="true" version="3" changeset="120371112" timestamp="2022-04-30T04:23:51Z" user="Kamal Pandey" uid="8598172" lat="30.3404118" lon="78.0469001"/>
 <node id="3450120378" visible="true" version="3" changeset="120371112" timestamp="2022-04-30T04:23:51Z" user="Kamal Pandey" uid="8598172" lat="30.3404559" lon="78.0469570"/>
 <node id="3451516376" visible="true" version="1" changeset="30156717" timestamp="2015-04-12T07:03:35Z" user="akshara" uid="2773531" lat="30.3399718" lon="78.0515413"/>
 <node id="3451516377" visible="true" version="1" changeset="30156717" timestamp="2015-04-12T07:03:35Z" user="akshara" uid="2773531" lat="30.3400057" lon="78.0516025"/>
 <node id="3451516378" visible="true" version="1" changeset="30156717" timestamp="2015-04-12T07:03:35Z" user="akshara" uid="2773531" lat="30.3400208" lon="78.0515967"/>
 <node id="3451516379" visible="true" version="1" changeset="30156717" timestamp="2015-04-12T07:03:35Z" user="akshara" uid="2773531" lat="30.3400271" lon="78.0516273"/>
 <node id="3451516380" visible="true" version="1" changeset="30156717" timestamp="2015-04-12T07:03:35Z" user="akshara" uid="2773531" lat="30.3400699" lon="78.0515938"/>
 <node id="3451516381" visible="true" version="1" changeset="30156717" timestamp="2015-04-12T07:03:35Z" user="akshara" uid="2773531" lat="30.3400510" lon="78.0515573"/>
 <node id="3451516382" visible="true" version="1" changeset="30156717" timestamp="2015-04-12T07:03:35Z" user="akshara" uid="2773531" lat="30.3400724" lon="78.0515457"/>
 <node id="3451516383" visible="true" version="1" changeset="30156717" timestamp="2015-04-12T07:03:35Z" user="akshara" uid="2773531" lat="30.3400963" lon="78.0515224"/>
 <node id="3451516384" visible="true" version="1" changeset="30156717" timestamp="2015-04-12T07:03:35Z" user="akshara" uid="2773531" lat="30.3400699" lon="78.0514801"/>
 <node id="3497011712" visible="true" version="5" changeset="157077557" timestamp="2024-09-25T11:29:58Z" user="Harish Karnatak" uid="106263" lat="30.3407429" lon="78.0456998"/>
 <node id="3497011713" visible="true" version="5" changeset="157077557" timestamp="2024-09-25T11:29:58Z" user="Harish Karnatak" uid="106263" lat="30.3408027" lon="78.0457904"/>
 <node id="3497011714" visible="true" version="5" changeset="157077557" timestamp="2024-09-25T11:29:58Z" user="Harish Karnatak" uid="106263" lat="30.3405681" lon="78.0457975"/>
 <node id="3497011715" visible="true" version="4" changeset="126571452" timestamp="2022-09-24T07:30:39Z" user="Blog_dash" uid="15458714" lat="30.3404714" lon="78.0457211"/>
 <node id="3497011716" visible="true" version="4" changeset="126571452" timestamp="2022-09-24T07:30:39Z" user="Blog_dash" uid="15458714" lat="30.3403765" lon="78.0456030"/>
 <node id="3497011717" visible="true" version="4" changeset="126571452" timestamp="2022-09-24T07:30:39Z" user="Blog_dash" uid="15458714" lat="30.3404506" lon="78.0455038"/>
 <node id="3497011718" visible="true" version="4" changeset="126571452" timestamp="2022-09-24T07:30:39Z" user="Blog_dash" uid="15458714" lat="30.3405490" lon="78.0456137"/>
 <node id="3497011719" visible="true" version="5" changeset="185041610" timestamp="2026-07-03T13:55:45Z" user="Bala1991" uid="18673267" lat="30.3406129" lon="78.0456483"/>
 <node id="3500358765" visible="true" version="3" changeset="63115115" timestamp="2018-10-02T07:14:32Z" user="Arun Balaji" uid="3427745" lat="30.3408181" lon="78.0472555"/>
 <node id="3500358766" visible="true" version="3" changeset="63115115" timestamp="2018-10-02T07:14:32Z" user="Arun Balaji" uid="3427745" lat="30.3407517" lon="78.0473516"/>
 <node id="3500358768" visible="true" version="3" changeset="63115115" timestamp="2018-10-02T07:14:32Z" user="Arun Balaji" uid="3427745" lat="30.3407114" lon="78.0471563"/>
 <node id="3500359500" visible="true" version="3" changeset="63113422" timestamp="2018-10-02T05:48:55Z" user="Arun Balaji" uid="3427745" lat="30.3406685" lon="78.0453551"/>
 <node id="3500359501" visible="true" version="3" changeset="63113422" timestamp="2018-10-02T05:48:55Z" user="Arun Balaji" uid="3427745" lat="30.3405928" lon="78.0452811"/>
 <node id="3500359502" visible="true" version="3" changeset="63113422" timestamp="2018-10-02T05:48:55Z" user="Arun Balaji" uid="3427745" lat="30.3405190" lon="78.0453824"/>
 <node id="3500359503" visible="true" version="3" changeset="63113422" timestamp="2018-10-02T05:48:55Z" user="Arun Balaji" uid="3427745" lat="30.3405948" lon="78.0454564"/>
 <node id="3500360438" visible="true" version="3" changeset="63115115" timestamp="2018-10-02T07:14:32Z" user="Arun Balaji" uid="3427745" lat="30.3413859" lon="78.0461636"/>
 <node id="3500360439" visible="true" version="3" changeset="63115115" timestamp="2018-10-02T07:14:32Z" user="Arun Balaji" uid="3427745" lat="30.3411243" lon="78.0460572"/>
 <node id="3500360440" visible="true" version="3" changeset="63115115" timestamp="2018-10-02T07:14:32Z" user="Arun Balaji" uid="3427745" lat="30.3410922" lon="78.0461632"/>
 <node id="3500360441" visible="true" version="3" changeset="63115115" timestamp="2018-10-02T07:14:32Z" user="Arun Balaji" uid="3427745" lat="30.3413537" lon="78.0462695"/>
 <node id="3500361926" visible="true" version="3" changeset="63113422" timestamp="2018-10-02T05:48:55Z" user="Arun Balaji" uid="3427745" lat="30.3410552" lon="78.0455664"/>
 <node id="3500361927" visible="true" version="3" changeset="63113422" timestamp="2018-10-02T05:48:55Z" user="Arun Balaji" uid="3427745" lat="30.3410326" lon="78.0456452"/>
 <node id="3500361928" visible="true" version="3" changeset="63113422" timestamp="2018-10-02T05:48:55Z" user="Arun Balaji" uid="3427745" lat="30.3409270" lon="78.0456044"/>
 <node id="3500361929" visible="true" version="3" changeset="63113422" timestamp="2018-10-02T05:48:55Z" user="Arun Balaji" uid="3427745" lat="30.3409497" lon="78.0455256"/>
 <node id="3500362947" visible="true" version="2" changeset="77193427" timestamp="2019-11-17T16:30:35Z" user="Arun Balaji" uid="3427745" lat="30.3402135" lon="78.0427462"/>
 <node id="3500362948" visible="true" version="2" changeset="77193427" timestamp="2019-11-17T16:30:35Z" user="Arun Balaji" uid="3427745" lat="30.3402795" lon="78.0427955"/>
 <node id="3500362949" visible="true" version="2" changeset="77193427" timestamp="2019-11-17T16:30:35Z" user="Arun Balaji" uid="3427745" lat="30.3402086" lon="78.0429229"/>
 <node id="3500362950" visible="true" version="2" changeset="77193427" timestamp="2019-11-17T16:30:35Z" user="Arun Balaji" uid="3427745" lat="30.3401426" lon="78.0428736"/>
 <node id="3500362951" visible="true" version="2" changeset="77193427" timestamp="2019-11-17T16:30:35Z" user="Arun Balaji" uid="3427745" lat="30.3403181" lon="78.0431635"/>
 <node id="3500362952" visible="true" version="2" changeset="77193427" timestamp="2019-11-17T16:30:35Z" user="Arun Balaji" uid="3427745" lat="30.3403763" lon="78.0432208"/>
 <node id="3500362953" visible="true" version="2" changeset="77193427" timestamp="2019-11-17T16:30:35Z" user="Arun Balaji" uid="3427745" lat="30.3403343" lon="78.0432781"/>
 <node id="3500362954" visible="true" version="2" changeset="77193427" timestamp="2019-11-17T16:30:35Z" user="Arun Balaji" uid="3427745" lat="30.3402761" lon="78.0432208"/>
 <node id="3500362955" visible="true" version="2" changeset="63115115" timestamp="2018-10-02T07:14:32Z" user="Arun Balaji" uid="3427745" lat="30.3401735" lon="78.0439164"/>
 <node id="3500362972" visible="true" version="2" changeset="63115115" timestamp="2018-10-02T07:14:32Z" user="Arun Balaji" uid="3427745" lat="30.3399054" lon="78.0447267"/>
 <node id="3500362973" visible="true" version="2" changeset="63115115" timestamp="2018-10-02T07:14:32Z" user="Arun Balaji" uid="3427745" lat="30.3398831" lon="78.0446447"/>
 <node id="3500362974" visible="true" version="2" changeset="63115115" timestamp="2018-10-02T07:14:32Z" user="Arun Balaji" uid="3427745" lat="30.3398814" lon="78.0445995"/>
 <node id="3500362975" visible="true" version="2" changeset="63115115" timestamp="2018-10-02T07:14:33Z" user="Arun Balaji" uid="3427745" lat="30.3399149" lon="78.0445978"/>
 <node id="3500362976" visible="true" version="2" changeset="63115115" timestamp="2018-10-02T07:14:33Z" user="Arun Balaji" uid="3427745" lat="30.3399134" lon="78.0445594"/>
 <node id="3500362977" visible="true" version="2" changeset="63115115" timestamp="2018-10-02T07:14:33Z" user="Arun Balaji" uid="3427745" lat="30.3399585" lon="78.0445571"/>
 <node id="3500362978" visible="true" version="2" changeset="63115115" timestamp="2018-10-02T07:14:33Z" user="Arun Balaji" uid="3427745" lat="30.3399569" lon="78.0445152"/>
 <node id="3500362979" visible="true" version="2" changeset="63115115" timestamp="2018-10-02T07:14:33Z" user="Arun Balaji" uid="3427745" lat="30.3400088" lon="78.0445126"/>
 <node id="3500362980" visible="true" version="2" changeset="63115115" timestamp="2018-10-02T07:14:33Z" user="Arun Balaji" uid="3427745" lat="30.3400098" lon="78.0445373"/>
 <node id="3500362981" visible="true" version="2" changeset="63115115" timestamp="2018-10-02T07:14:33Z" user="Arun Balaji" uid="3427745" lat="30.3400631" lon="78.0445346"/>
 <node id="3500362982" visible="true" version="2" changeset="63115115" timestamp="2018-10-02T07:14:33Z" user="Arun Balaji" uid="3427745" lat="30.3400642" lon="78.0445634"/>
 <node id="3500362987" visible="true" version="2" changeset="63115115" timestamp="2018-10-02T07:14:33Z" user="Arun Balaji" uid="3427745" lat="30.3401094" lon="78.0446502"/>
 <node id="3500362988" visible="true" version="2" changeset="63115115" timestamp="2018-10-02T07:14:33Z" user="Arun Balaji" uid="3427745" lat="30.3401250" lon="78.0446494"/>
 <node id="3500362989" visible="true" version="2" changeset="63115115" timestamp="2018-10-02T07:14:33Z" user="Arun Balaji" uid="3427745" lat="30.3401240" lon="78.0446235"/>
 <node id="3500362990" visible="true" version="2" changeset="63115115" timestamp="2018-10-02T07:14:33Z" user="Arun Balaji" uid="3427745" lat="30.3401532" lon="78.0446220"/>
 <node id="3500362991" visible="true" version="2" changeset="63115115" timestamp="2018-10-02T07:14:33Z" user="Arun Balaji" uid="3427745" lat="30.3401541" lon="78.0446445"/>
 <node id="3500362992" visible="true" version="2" changeset="63115115" timestamp="2018-10-02T07:14:33Z" user="Arun Balaji" uid="3427745" lat="30.3401768" lon="78.0446433"/>
 <node id="3500365587" visible="true" version="2" changeset="63115115" timestamp="2018-10-02T07:14:33Z" user="Arun Balaji" uid="3427745" lat="30.3409470" lon="78.0466121"/>
 <node id="3500365588" visible="true" version="2" changeset="63115115" timestamp="2018-10-02T07:14:33Z" user="Arun Balaji" uid="3427745" lat="30.3408945" lon="78.0468474"/>
 <node id="3500365589" visible="true" version="2" changeset="63115115" timestamp="2018-10-02T07:14:33Z" user="Arun Balaji" uid="3427745" lat="30.3408126" lon="78.0468228"/>
 <node id="3500365590" visible="true" version="2" changeset="63115115" timestamp="2018-10-02T07:14:33Z" user="Arun Balaji" uid="3427745" lat="30.3408652" lon="78.0465876"/>
 <node id="3500366257" visible="true" version="2" changeset="77193427" timestamp="2019-11-17T16:30:35Z" user="Arun Balaji" uid="3427745" lat="30.3402024" lon="78.0430915"/>
 <node id="3500366258" visible="true" version="2" changeset="77193427" timestamp="2019-11-17T16:30:35Z" user="Arun Balaji" uid="3427745" lat="30.3402528" lon="78.0431247"/>
 <node id="3500366259" visible="true" version="2" changeset="77193427" timestamp="2019-11-17T16:30:35Z" user="Arun Balaji" uid="3427745" lat="30.3402377" lon="78.0431554"/>
 <node id="3500366260" visible="true" version="2" changeset="77193427" timestamp="2019-11-17T16:30:35Z" user="Arun Balaji" uid="3427745" lat="30.3402673" lon="78.0431749"/>
 <node id="3500366261" visible="true" version="2" changeset="77193427" timestamp="2019-11-17T16:30:35Z" user="Arun Balaji" uid="3427745" lat="30.3402322" lon="78.0432465"/>
 <node id="3500366262" visible="true" version="2" changeset="77193427" timestamp="2019-11-17T16:30:35Z" user="Arun Balaji" uid="3427745" lat="30.3401523" lon="78.0431939"/>
 <node id="3500366995" visible="true" version="2" changeset="63115115" timestamp="2018-10-02T07:14:33Z" user="Arun Balaji" uid="3427745" lat="30.3401834" lon="78.0448190"/>
 <node id="3500366996" visible="true" version="2" changeset="63115115" timestamp="2018-10-02T07:14:33Z" user="Arun Balaji" uid="3427745" lat="30.3401542" lon="78.0448205"/>
 <node id="3500366997" visible="true" version="2" changeset="63115115" timestamp="2018-10-02T07:14:33Z" user="Arun Balaji" uid="3427745" lat="30.3401552" lon="78.0448485"/>
 <node id="3500367000" visible="true" version="2" changeset="63115115" timestamp="2018-10-02T07:14:33Z" user="Arun Balaji" uid="3427745" lat="30.3401293" lon="78.0448498"/>
 <node id="3500367001" visible="true" version="2" changeset="63115115" timestamp="2018-10-02T07:14:33Z" user="Arun Balaji" uid="3427745" lat="30.3401282" lon="78.0448210"/>
 <node id="3500367002" visible="true" version="2" changeset="63115115" timestamp="2018-10-02T07:14:33Z" user="Arun Balaji" uid="3427745" lat="30.3401087" lon="78.0448220"/>
 <node id="3500367003" visible="true" version="2" changeset="63115115" timestamp="2018-10-02T07:14:33Z" user="Arun Balaji" uid="3427745" lat="30.3401110" lon="78.0448816"/>
 <node id="3500367005" visible="true" version="2" changeset="63115115" timestamp="2018-10-02T07:14:33Z" user="Arun Balaji" uid="3427745" lat="30.3400805" lon="78.0448831"/>
 <node id="3500367006" visible="true" version="2" changeset="63115115" timestamp="2018-10-02T07:14:33Z" user="Arun Balaji" uid="3427745" lat="30.3400817" lon="78.0449173"/>
 <node id="3500367013" visible="true" version="2" changeset="63115115" timestamp="2018-10-02T07:14:33Z" user="Arun Balaji" uid="3427745" lat="30.3400100" lon="78.0449209"/>
 <node id="3500367014" visible="true" version="2" changeset="63115115" timestamp="2018-10-02T07:14:33Z" user="Arun Balaji" uid="3427745" lat="30.3400110" lon="78.0449467"/>
 <node id="3500367015" visible="true" version="2" changeset="63115115" timestamp="2018-10-02T07:14:33Z" user="Arun Balaji" uid="3427745" lat="30.3399696" lon="78.0449488"/>
 <node id="3500367021" visible="true" version="2" changeset="63115115" timestamp="2018-10-02T07:14:33Z" user="Arun Balaji" uid="3427745" lat="30.3399217" lon="78.0448900"/>
 <node id="3500367022" visible="true" version="2" changeset="63115115" timestamp="2018-10-02T07:14:33Z" user="Arun Balaji" uid="3427745" lat="30.3399207" lon="78.0448651"/>
 <node id="3500367025" visible="true" version="2" changeset="63115115" timestamp="2018-10-02T07:14:33Z" user="Arun Balaji" uid="3427745" lat="30.3398840" lon="78.0448669"/>
 <node id="3500367026" visible="true" version="2" changeset="63115115" timestamp="2018-10-02T07:14:33Z" user="Arun Balaji" uid="3427745" lat="30.3398823" lon="78.0448212"/>
 <node id="3500368771" visible="true" version="2" changeset="77193427" timestamp="2019-11-17T16:30:35Z" user="Arun Balaji" uid="3427745" lat="30.3401179" lon="78.0429261"/>
 <node id="3500368772" visible="true" version="2" changeset="77193427" timestamp="2019-11-17T16:30:35Z" user="Arun Balaji" uid="3427745" lat="30.3401806" lon="78.0429699"/>
 <node id="3500368773" visible="true" version="2" changeset="77193427" timestamp="2019-11-17T16:30:35Z" user="Arun Balaji" uid="3427745" lat="30.3401343" lon="78.0430588"/>
 <node id="3500368774" visible="true" version="2" changeset="77193427" timestamp="2019-11-17T16:30:35Z" user="Arun Balaji" uid="3427745" lat="30.3400717" lon="78.0430151"/>
 <node id="3500368775" visible="true" version="1" changeset="30830650" timestamp="2015-05-06T05:46:52Z" user="Nikita Agarwal" uid="2893945" lat="30.3398275" lon="78.0428775"/>
 <node id="3500368776" visible="true" version="1" changeset="30830650" timestamp="2015-05-06T05:46:52Z" user="Nikita Agarwal" uid="2893945" lat="30.3399120" lon="78.0429325"/>
 <node id="3500368777" visible="true" version="1" changeset="30830650" timestamp="2015-05-06T05:46:52Z" user="Nikita Agarwal" uid="2893945" lat="30.3398657" lon="78.0430411"/>
 <node id="3500368778" visible="true" version="1" changeset="30830650" timestamp="2015-05-06T05:46:53Z" user="Nikita Agarwal" uid="2893945" lat="30.3397824" lon="78.0429807"/>
 <node id="3500368779" visible="true" version="1" changeset="30830650" timestamp="2015-05-06T05:46:53Z" user="Nikita Agarwal" uid="2893945" lat="30.3398395" lon="78.0425093"/>
 <node id="3500368780" visible="true" version="1" changeset="30830650" timestamp="2015-05-06T05:46:53Z" user="Nikita Agarwal" uid="2893945" lat="30.3399242" lon="78.0425658"/>
 <node id="3500368781" visible="true" version="1" changeset="30830650" timestamp="2015-05-06T05:46:53Z" user="Nikita Agarwal" uid="2893945" lat="30.3398757" lon="78.0426634"/>
 <node id="3500368782" visible="true" version="1" changeset="30830650" timestamp="2015-05-06T05:46:53Z" user="Nikita Agarwal" uid="2893945" lat="30.3397911" lon="78.0426070"/>
 <node id="3500400699" visible="true" version="1" changeset="30830814" timestamp="2015-05-06T05:57:08Z" user="Sugandh2791" uid="2893916" lat="30.3394182" lon="78.0479201"/>
 <node id="3500400700" visible="true" version="1" changeset="30830814" timestamp="2015-05-06T05:57:08Z" user="Sugandh2791" uid="2893916" lat="30.3393534" lon="78.0480173"/>
 <node id="3500400701" visible="true" version="1" changeset="30830814" timestamp="2015-05-06T05:57:08Z" user="Sugandh2791" uid="2893916" lat="30.3393954" lon="78.0481189"/>
 <node id="3500400702" visible="true" version="1" changeset="30830814" timestamp="2015-05-06T05:57:08Z" user="Sugandh2791" uid="2893916" lat="30.3393687" lon="78.0481675"/>
 <node id="3500400703" visible="true" version="1" changeset="30830814" timestamp="2015-05-06T05:57:08Z" user="Sugandh2791" uid="2893916" lat="30.3394259" lon="78.0482868"/>
 <node id="3500400704" visible="true" version="1" changeset="30830814" timestamp="2015-05-06T05:57:08Z" user="Sugandh2791" uid="2893916" lat="30.3394945" lon="78.0482249"/>
 <node id="3500400705" visible="true" version="1" changeset="30830814" timestamp="2015-05-06T05:57:08Z" user="Sugandh2791" uid="2893916" lat="30.3394297" lon="78.0481233"/>
 <node id="3500400706" visible="true" version="1" changeset="30830814" timestamp="2015-05-06T05:57:08Z" user="Sugandh2791" uid="2893916" lat="30.3394945" lon="78.0480129"/>
 <node id="3500402227" visible="true" version="1" changeset="30830835" timestamp="2015-05-06T05:58:11Z" user="geohacker" uid="146675" lat="30.3404920" lon="78.0514654"/>
 <node id="3500402228" visible="true" version="1" changeset="30830835" timestamp="2015-05-06T05:58:11Z" user="geohacker" uid="146675" lat="30.3405325" lon="78.0515352"/>
 <node id="3500402229" visible="true" version="1" changeset="30830835" timestamp="2015-05-06T05:58:11Z" user="geohacker" uid="146675" lat="30.3404492" lon="78.0515982"/>
 <node id="3500402230" visible="true" version="1" changeset="30830835" timestamp="2015-05-06T05:58:11Z" user="geohacker" uid="146675" lat="30.3404086" lon="78.0515204"/>
 <node id="3500402231" visible="true" version="1" changeset="30830835" timestamp="2015-05-06T05:58:11Z" user="geohacker" uid="146675" lat="30.3403188" lon="78.0513858"/>
 <node id="3500402232" visible="true" version="1" changeset="30830835" timestamp="2015-05-06T05:58:11Z" user="geohacker" uid="146675" lat="30.3403830" lon="78.0515079"/>
 <node id="3500402233" visible="true" version="1" changeset="30830835" timestamp="2015-05-06T05:58:11Z" user="geohacker" uid="146675" lat="30.3404000" lon="78.0514959"/>
 <node id="3500402234" visible="true" version="1" changeset="30830835" timestamp="2015-05-06T05:58:11Z" user="geohacker" uid="146675" lat="30.3404050" lon="78.0515055"/>
 <node id="3500402235" visible="true" version="1" changeset="30830835" timestamp="2015-05-06T05:58:11Z" user="geohacker" uid="146675" lat="30.3404728" lon="78.0514577"/>
 <node id="3500402236" visible="true" version="1" changeset="30830835" timestamp="2015-05-06T05:58:11Z" user="geohacker" uid="146675" lat="30.3404035" lon="78.0513260"/>
 <node id="3500402237" visible="true" version="1" changeset="30830835" timestamp="2015-05-06T05:58:11Z" user="geohacker" uid="146675" lat="30.3404145" lon="78.0511602"/>
 <node id="3500402238" visible="true" version="1" changeset="30830835" timestamp="2015-05-06T05:58:11Z" user="geohacker" uid="146675" lat="30.3404588" lon="78.0512296"/>
 <node id="3500402239" visible="true" version="1" changeset="30830835" timestamp="2015-05-06T05:58:11Z" user="geohacker" uid="146675" lat="30.3403996" lon="78.0512803"/>
 <node id="3500402240" visible="true" version="1" changeset="30830835" timestamp="2015-05-06T05:58:11Z" user="geohacker" uid="146675" lat="30.3403553" lon="78.0512108"/>
 <node id="3500402241" visible="true" version="1" changeset="30830835" timestamp="2015-05-06T05:58:11Z" user="geohacker" uid="146675" lat="30.3403250" lon="78.0516835"/>
 <node id="3500402242" visible="true" version="1" changeset="30830835" timestamp="2015-05-06T05:58:11Z" user="geohacker" uid="146675" lat="30.3404044" lon="78.0518006"/>
 <node id="3500402243" visible="true" version="1" changeset="30830835" timestamp="2015-05-06T05:58:11Z" user="geohacker" uid="146675" lat="30.3403927" lon="78.0518112"/>
 <node id="3500402244" visible="true" version="1" changeset="30830835" timestamp="2015-05-06T05:58:11Z" user="geohacker" uid="146675" lat="30.3404339" lon="78.0518719"/>
 <node id="3500402245" visible="true" version="1" changeset="30830835" timestamp="2015-05-06T05:58:11Z" user="geohacker" uid="146675" lat="30.3403763" lon="78.0519243"/>
 <node id="3500402246" visible="true" version="1" changeset="30830835" timestamp="2015-05-06T05:58:11Z" user="geohacker" uid="146675" lat="30.3403090" lon="78.0518250"/>
 <node id="3500402247" visible="true" version="1" changeset="30830835" timestamp="2015-05-06T05:58:11Z" user="geohacker" uid="146675" lat="30.3402912" lon="78.0518412"/>
 <node id="3500402248" visible="true" version="1" changeset="30830835" timestamp="2015-05-06T05:58:11Z" user="geohacker" uid="146675" lat="30.3402599" lon="78.0517951"/>
 <node id="3500402249" visible="true" version="1" changeset="30830835" timestamp="2015-05-06T05:58:11Z" user="geohacker" uid="146675" lat="30.3402864" lon="78.0517710"/>
 <node id="3500402250" visible="true" version="1" changeset="30830835" timestamp="2015-05-06T05:58:11Z" user="geohacker" uid="146675" lat="30.3402644" lon="78.0517386"/>
 <node id="3500402251" visible="true" version="1" changeset="30830835" timestamp="2015-05-06T05:58:11Z" user="geohacker" uid="146675" lat="30.3401065" lon="78.0515354"/>
 <node id="3500402252" visible="true" version="1" changeset="30830835" timestamp="2015-05-06T05:58:11Z" user="geohacker" uid="146675" lat="30.3401326" lon="78.0515780"/>
 <node id="3500402253" visible="true" version="1" changeset="30830835" timestamp="2015-05-06T05:58:12Z" user="geohacker" uid="146675" lat="30.3402270" lon="78.0515005"/>
 <node id="3500402254" visible="true" version="1" changeset="30830835" timestamp="2015-05-06T05:58:12Z" user="geohacker" uid="146675" lat="30.3402169" lon="78.0514838"/>
 <node id="3500402255" visible="true" version="1" changeset="30830835" timestamp="2015-05-06T05:58:12Z" user="geohacker" uid="146675" lat="30.3402511" lon="78.0514557"/>
 <node id="3500402256" visible="true" version="1" changeset="30830835" timestamp="2015-05-06T05:58:12Z" user="geohacker" uid="146675" lat="30.3402352" lon="78.0514297"/>
 <node id="3500405702" visible="true" version="2" changeset="63115115" timestamp="2018-10-02T07:14:33Z" user="Arun Balaji" uid="3427745" lat="30.3399322" lon="78.0434500"/>
 <node id="3500405703" visible="true" version="2" changeset="63115115" timestamp="2018-10-02T07:14:33Z" user="Arun Balaji" uid="3427745" lat="30.3397997" lon="78.0435434"/>
 <node id="3500405704" visible="true" version="2" changeset="63115115" timestamp="2018-10-02T07:14:33Z" user="Arun Balaji" uid="3427745" lat="30.3398503" lon="78.0436397"/>
 <node id="3500405705" visible="true" version="2" changeset="63115115" timestamp="2018-10-02T07:14:33Z" user="Arun Balaji" uid="3427745" lat="30.3398731" lon="78.0436236"/>
 <node id="3500405706" visible="true" version="2" changeset="63115115" timestamp="2018-10-02T07:14:33Z" user="Arun Balaji" uid="3427745" lat="30.3398964" lon="78.0436680"/>
 <node id="3500405707" visible="true" version="2" changeset="63115115" timestamp="2018-10-02T07:14:33Z" user="Arun Balaji" uid="3427745" lat="30.3399348" lon="78.0436409"/>
 <node id="3500405708" visible="true" version="2" changeset="63115115" timestamp="2018-10-02T07:14:33Z" user="Arun Balaji" uid="3427745" lat="30.3399179" lon="78.0436086"/>
 <node id="3500405709" visible="true" version="2" changeset="63115115" timestamp="2018-10-02T07:14:33Z" user="Arun Balaji" uid="3427745" lat="30.3399891" lon="78.0435584"/>
 <node id="3500410411" visible="true" version="3" changeset="39662504" timestamp="2016-05-30T11:05:37Z" user="manoharuss" uid="3769434" lat="30.3387737" lon="78.0478880"/>
 <node id="3500410412" visible="true" version="3" changeset="39662504" timestamp="2016-05-30T11:05:37Z" user="manoharuss" uid="3769434" lat="30.3388243" lon="78.0479486"/>
 <node id="3500410413" visible="true" version="3" changeset="39662504" timestamp="2016-05-30T11:05:37Z" user="manoharuss" uid="3769434" lat="30.3388401" lon="78.0479309"/>
 <node id="3500410414" visible="true" version="3" changeset="39662504" timestamp="2016-05-30T11:05:37Z" user="manoharuss" uid="3769434" lat="30.3388590" lon="78.0479535"/>
 <node id="3500410415" visible="true" version="3" changeset="39662504" timestamp="2016-05-30T11:05:37Z" user="manoharuss" uid="3769434" lat="30.3388844" lon="78.0479252"/>
 <node id="3500410416" visible="true" version="3" changeset="39662504" timestamp="2016-05-30T11:05:37Z" user="manoharuss" uid="3769434" lat="30.3389369" lon="78.0479885"/>
 <node id="3500410417" visible="true" version="3" changeset="39662504" timestamp="2016-05-30T11:05:37Z" user="manoharuss" uid="3769434" lat="30.3389005" lon="78.0480290"/>
 <node id="3500410418" visible="true" version="3" changeset="39662504" timestamp="2016-05-30T11:05:37Z" user="manoharuss" uid="3769434" lat="30.3389339" lon="78.0480694"/>
 <node id="3500410419" visible="true" version="3" changeset="39662504" timestamp="2016-05-30T11:05:38Z" user="manoharuss" uid="3769434" lat="30.3389089" lon="78.0480973"/>
 <node id="3500410420" visible="true" version="3" changeset="39662504" timestamp="2016-05-30T11:05:38Z" user="manoharuss" uid="3769434" lat="30.3389563" lon="78.0481547"/>
 <node id="3500410421" visible="true" version="3" changeset="39662504" timestamp="2016-05-30T11:05:38Z" user="manoharuss" uid="3769434" lat="30.3388507" lon="78.0482718"/>
 <node id="3500410422" visible="true" version="3" changeset="39662504" timestamp="2016-05-30T11:05:38Z" user="manoharuss" uid="3769434" lat="30.3388344" lon="78.0482521"/>
 <node id="3500410423" visible="true" version="3" changeset="39662504" timestamp="2016-05-30T11:05:38Z" user="manoharuss" uid="3769434" lat="30.3387413" lon="78.0483551"/>
 <node id="3500410424" visible="true" version="3" changeset="39662504" timestamp="2016-05-30T11:05:38Z" user="manoharuss" uid="3769434" lat="30.3387143" lon="78.0483224"/>
 <node id="3500410425" visible="true" version="3" changeset="39662504" timestamp="2016-05-30T11:05:38Z" user="manoharuss" uid="3769434" lat="30.3386965" lon="78.0483420"/>
 <node id="3500410426" visible="true" version="2" changeset="39662504" timestamp="2016-05-30T11:05:38Z" user="manoharuss" uid="3769434" lat="30.3386587" lon="78.0482961"/>
 <node id="3500410427" visible="true" version="2" changeset="39662504" timestamp="2016-05-30T11:05:38Z" user="manoharuss" uid="3769434" lat="30.3386350" lon="78.0483053"/>
 <node id="3500410430" visible="true" version="3" changeset="39662504" timestamp="2016-05-30T11:05:38Z" user="manoharuss" uid="3769434" lat="30.3385438" lon="78.0482068"/>
 <node id="3500410431" visible="true" version="3" changeset="39662504" timestamp="2016-05-30T11:05:38Z" user="manoharuss" uid="3769434" lat="30.3385082" lon="78.0481662"/>
 <node id="3500410432" visible="true" version="3" changeset="39662504" timestamp="2016-05-30T11:05:38Z" user="manoharuss" uid="3769434" lat="30.3386444" lon="78.0480056"/>
 <node id="3500410433" visible="true" version="3" changeset="39662504" timestamp="2016-05-30T11:05:38Z" user="manoharuss" uid="3769434" lat="30.3387126" lon="78.0479284"/>
 <node id="3500410434" visible="true" version="3" changeset="39662504" timestamp="2016-05-30T11:05:38Z" user="manoharuss" uid="3769434" lat="30.3387248" lon="78.0479429"/>
 <node id="3500422193" visible="true" version="2" changeset="63115115" timestamp="2018-10-02T07:14:33Z" user="Arun Balaji" uid="3427745" lat="30.3411980" lon="78.0467434"/>
 <node id="3500422194" visible="true" version="2" changeset="63115115" timestamp="2018-10-02T07:14:33Z" user="Arun Balaji" uid="3427745" lat="30.3411188" lon="78.0468823"/>
 <node id="3500422195" visible="true" version="2" changeset="63115115" timestamp="2018-10-02T07:14:33Z" user="Arun Balaji" uid="3427745" lat="30.3410296" lon="78.0468565"/>
 <node id="3500422196" visible="true" version="2" changeset="63115115" timestamp="2018-10-02T07:14:34Z" user="Arun Balaji" uid="3427745" lat="30.3410625" lon="78.0467042"/>
 <node id="3500438328" visible="true" version="1" changeset="30831561" timestamp="2015-05-06T06:25:36Z" user="pruthvi gopal" uid="2893996" lat="30.3402520" lon="78.0476634"/>
 <node id="3500438329" visible="true" version="1" changeset="30831561" timestamp="2015-05-06T06:25:36Z" user="pruthvi gopal" uid="2893996" lat="30.3400324" lon="78.0479483"/>
 <node id="3500438330" visible="true" version="1" changeset="30831561" timestamp="2015-05-06T06:25:36Z" user="pruthvi gopal" uid="2893996" lat="30.3402117" lon="78.0481374"/>
 <node id="3500438331" visible="true" version="1" changeset="30831561" timestamp="2015-05-06T06:25:36Z" user="pruthvi gopal" uid="2893996" lat="30.3403729" lon="78.0479179"/>
 <node id="3500438332" visible="true" version="1" changeset="30831561" timestamp="2015-05-06T06:25:36Z" user="pruthvi gopal" uid="2893996" lat="30.3403326" lon="78.0478759"/>
 <node id="3500438333" visible="true" version="1" changeset="30831561" timestamp="2015-05-06T06:25:36Z" user="pruthvi gopal" uid="2893996" lat="30.3403105" lon="78.0479063"/>
 <node id="3500438334" visible="true" version="1" changeset="30831561" timestamp="2015-05-06T06:25:36Z" user="pruthvi gopal" uid="2893996" lat="30.3402238" lon="78.0478152"/>
 <node id="3500438335" visible="true" version="1" changeset="30831561" timestamp="2015-05-06T06:25:36Z" user="pruthvi gopal" uid="2893996" lat="30.3402984" lon="78.0477148"/>
 <node id="3500438607" visible="true" version="1" changeset="30831544" timestamp="2015-05-06T06:25:00Z" user="pruthvi gopal" uid="2893996" lat="30.3397482" lon="78.0480767"/>
 <node id="3500438608" visible="true" version="1" changeset="30831544" timestamp="2015-05-06T06:25:00Z" user="pruthvi gopal" uid="2893996" lat="30.3398470" lon="78.0481655"/>
 <node id="3500438609" visible="true" version="1" changeset="30831544" timestamp="2015-05-06T06:25:00Z" user="pruthvi gopal" uid="2893996" lat="30.3397724" lon="78.0482962"/>
 <node id="3500438610" visible="true" version="1" changeset="30831544" timestamp="2015-05-06T06:25:00Z" user="pruthvi gopal" uid="2893996" lat="30.3396737" lon="78.0481678"/>
 <node id="3500439443" visible="true" version="3" changeset="77139031" timestamp="2019-11-15T16:54:14Z" user="Arun Balaji" uid="3427745" lat="30.3395449" lon="78.0466260"/>
 <node id="3500439444" visible="true" version="3" changeset="77139031" timestamp="2019-11-15T16:54:14Z" user="Arun Balaji" uid="3427745" lat="30.3397386" lon="78.0468015"/>
 <node id="3500439445" visible="true" version="3" changeset="77139031" timestamp="2019-11-15T16:54:14Z" user="Arun Balaji" uid="3427745" lat="30.3396106" lon="78.0469912"/>
 <node id="3500439446" visible="true" version="3" changeset="77139031" timestamp="2019-11-15T16:54:14Z" user="Arun Balaji" uid="3427745" lat="30.3394169" lon="78.0468156"/>
 <node id="3500441789" visible="true" version="3" changeset="77139031" timestamp="2019-11-15T16:54:14Z" user="Arun Balaji" uid="3427745" lat="30.3396067" lon="78.0470033"/>
 <node id="3500441790" visible="true" version="3" changeset="77139031" timestamp="2019-11-15T16:54:14Z" user="Arun Balaji" uid="3427745" lat="30.3394553" lon="78.0472327"/>
 <node id="3500441791" visible="true" version="3" changeset="77139031" timestamp="2019-11-15T16:54:14Z" user="Arun Balaji" uid="3427745" lat="30.3392706" lon="78.0470691"/>
 <node id="3500441792" visible="true" version="3" changeset="77139031" timestamp="2019-11-15T16:54:14Z" user="Arun Balaji" uid="3427745" lat="30.3394220" lon="78.0468396"/>
 <node id="3500442109" visible="true" version="3" changeset="77139031" timestamp="2019-11-15T16:54:14Z" user="Arun Balaji" uid="3427745" lat="30.3394475" lon="78.0472498"/>
 <node id="3500442110" visible="true" version="3" changeset="77139031" timestamp="2019-11-15T16:54:14Z" user="Arun Balaji" uid="3427745" lat="30.3393328" lon="78.0474566"/>
 <node id="3500442111" visible="true" version="3" changeset="77139031" timestamp="2019-11-15T16:54:14Z" user="Arun Balaji" uid="3427745" lat="30.3392180" lon="78.0473712"/>
 <node id="3500442112" visible="true" version="3" changeset="77139031" timestamp="2019-11-15T16:54:14Z" user="Arun Balaji" uid="3427745" lat="30.3393328" lon="78.0471644"/>
 <node id="3502469050" visible="true" version="2" changeset="126205501" timestamp="2022-09-15T05:24:57Z" user="VLD258" uid="10979442" lat="30.3397453" lon="78.0500490"/>
 <node id="3502469051" visible="true" version="2" changeset="126205501" timestamp="2022-09-15T05:24:57Z" user="VLD258" uid="10979442" lat="30.3396393" lon="78.0501295"/>
 <node id="3502469052" visible="true" version="2" changeset="126205501" timestamp="2022-09-15T05:24:57Z" user="VLD258" uid="10979442" lat="30.3394244" lon="78.0499559"/>
 <node id="3502469053" visible="true" version="2" changeset="126205501" timestamp="2022-09-15T05:24:57Z" user="VLD258" uid="10979442" lat="30.3392645" lon="78.0501536"/>
 <node id="3502469054" visible="true" version="2" changeset="126205501" timestamp="2022-09-15T05:24:57Z" user="VLD258" uid="10979442" lat="30.3391034" lon="78.0503795"/>
 <node id="3502469055" visible="true" version="3" changeset="126205617" timestamp="2022-09-15T05:29:16Z" user="VLD258" uid="10979442" lat="30.3389488" lon="78.0498568"/>
 <node id="3502469057" visible="true" version="3" changeset="126205617" timestamp="2022-09-15T05:29:16Z" user="VLD258" uid="10979442" lat="30.3387067" lon="78.0501665"/>
 <node id="3527653086" visible="true" version="1" changeset="31274821" timestamp="2015-05-19T06:54:07Z" user="pratikyadav" uid="2905914" lat="30.3417404" lon="78.0430387"/>
 <node id="3527653087" visible="true" version="1" changeset="31274821" timestamp="2015-05-19T06:54:07Z" user="pratikyadav" uid="2905914" lat="30.3414441" lon="78.0427920"/>
 <node id="3527653088" visible="true" version="1" changeset="31274821" timestamp="2015-05-19T06:54:07Z" user="pratikyadav" uid="2905914" lat="30.3411941" lon="78.0427598"/>
 <node id="3527653089" visible="true" version="1" changeset="31274821" timestamp="2015-05-19T06:54:07Z" user="pratikyadav" uid="2905914" lat="30.3407774" lon="78.0431782"/>
 <node id="3527653090" visible="true" version="1" changeset="31274821" timestamp="2015-05-19T06:54:07Z" user="pratikyadav" uid="2905914" lat="30.3405274" lon="78.0434142"/>
 <node id="3527653091" visible="true" version="1" changeset="31274821" timestamp="2015-05-19T06:54:07Z" user="pratikyadav" uid="2905914" lat="30.3401756" lon="78.0432748"/>
 <node id="3527653092" visible="true" version="1" changeset="31274821" timestamp="2015-05-19T06:54:07Z" user="pratikyadav" uid="2905914" lat="30.3399348" lon="78.0431246"/>
 <node id="3527656293" visible="true" version="1" changeset="31274821" timestamp="2015-05-19T06:54:07Z" user="pratikyadav" uid="2905914" lat="30.3397867" lon="78.0433820"/>
 <node id="3527656294" visible="true" version="1" changeset="31274821" timestamp="2015-05-19T06:54:07Z" user="pratikyadav" uid="2905914" lat="30.3396756" lon="78.0437039"/>
 <node id="3527656295" visible="true" version="1" changeset="31274821" timestamp="2015-05-19T06:54:07Z" user="pratikyadav" uid="2905914" lat="30.3395459" lon="78.0439078"/>
 <node id="3527656296" visible="true" version="1" changeset="31274821" timestamp="2015-05-19T06:54:07Z" user="pratikyadav" uid="2905914" lat="30.3395182" lon="78.0443369"/>
 <node id="3527656297" visible="true" version="1" changeset="31274821" timestamp="2015-05-19T06:54:07Z" user="pratikyadav" uid="2905914" lat="30.3396015" lon="78.0446910"/>
 <node id="3527656298" visible="true" version="1" changeset="31274821" timestamp="2015-05-19T06:54:07Z" user="pratikyadav" uid="2905914" lat="30.3397589" lon="78.0450128"/>
 <node id="3527656299" visible="true" version="1" changeset="31274821" timestamp="2015-05-19T06:54:07Z" user="pratikyadav" uid="2905914" lat="30.3398978" lon="78.0452167"/>
 <node id="3527656300" visible="true" version="1" changeset="31274821" timestamp="2015-05-19T06:54:07Z" user="pratikyadav" uid="2905914" lat="30.3400830" lon="78.0455171"/>
 <node id="3527656301" visible="true" version="1" changeset="31274821" timestamp="2015-05-19T06:54:07Z" user="pratikyadav" uid="2905914" lat="30.3401385" lon="78.0456566"/>
 <node id="3527656302" visible="true" version="1" changeset="31274821" timestamp="2015-05-19T06:54:07Z" user="pratikyadav" uid="2905914" lat="30.3399256" lon="78.0459677"/>
 <node id="3527656303" visible="true" version="2" changeset="63166951" timestamp="2018-10-03T16:52:51Z" user="Arun Balaji" uid="3427745" lat="30.3397381" lon="78.0462038"/>
 <node id="3527656304" visible="true" version="3" changeset="63166951" timestamp="2018-10-03T16:52:51Z" user="Arun Balaji" uid="3427745" lat="30.3394959" lon="78.0465218"/>
 <node id="3527656305" visible="true" version="1" changeset="31274821" timestamp="2015-05-19T06:54:07Z" user="pratikyadav" uid="2905914" lat="30.3400552" lon="78.0470406"/>
 <node id="3527656306" visible="true" version="2" changeset="34604773" timestamp="2015-10-13T07:08:50Z" user="pratikyadav" uid="2905914" lat="30.3409525" lon="78.0478628"/>
 <node id="3527656307" visible="true" version="1" changeset="31274821" timestamp="2015-05-19T06:54:07Z" user="pratikyadav" uid="2905914" lat="30.3412219" lon="78.0473517"/>
 <node id="3527656308" visible="true" version="1" changeset="31274821" timestamp="2015-05-19T06:54:07Z" user="pratikyadav" uid="2905914" lat="30.3414904" lon="78.0465685"/>
 <node id="3527656309" visible="true" version="1" changeset="31274821" timestamp="2015-05-19T06:54:07Z" user="pratikyadav" uid="2905914" lat="30.3415830" lon="78.0457317"/>
 <node id="3527656310" visible="true" version="1" changeset="31274821" timestamp="2015-05-19T06:54:07Z" user="pratikyadav" uid="2905914" lat="30.3416108" lon="78.0450772"/>
 <node id="3527656311" visible="true" version="1" changeset="31274821" timestamp="2015-05-19T06:54:07Z" user="pratikyadav" uid="2905914" lat="30.3415923" lon="78.0447339"/>
 <node id="3527656312" visible="true" version="1" changeset="31274821" timestamp="2015-05-19T06:54:07Z" user="pratikyadav" uid="2905914" lat="30.3414904" lon="78.0445729"/>
 <node id="3527656313" visible="true" version="1" changeset="31274821" timestamp="2015-05-19T06:54:07Z" user="pratikyadav" uid="2905914" lat="30.3413423" lon="78.0445086"/>
 <node id="3527656314" visible="true" version="1" changeset="31274821" timestamp="2015-05-19T06:54:07Z" user="pratikyadav" uid="2905914" lat="30.3412404" lon="78.0444120"/>
 <node id="3527656315" visible="true" version="1" changeset="31274821" timestamp="2015-05-19T06:54:07Z" user="pratikyadav" uid="2905914" lat="30.3411849" lon="78.0442618"/>
 <node id="3527656316" visible="true" version="1" changeset="31274821" timestamp="2015-05-19T06:54:07Z" user="pratikyadav" uid="2905914" lat="30.3412867" lon="78.0440580"/>
 <node id="3527656317" visible="true" version="1" changeset="31274821" timestamp="2015-05-19T06:54:07Z" user="pratikyadav" uid="2905914" lat="30.3414349" lon="78.0439507"/>
 <node id="3527656318" visible="true" version="1" changeset="31274821" timestamp="2015-05-19T06:54:07Z" user="pratikyadav" uid="2905914" lat="30.3416200" lon="78.0438541"/>
 <node id="3527656319" visible="true" version="1" changeset="31274821" timestamp="2015-05-19T06:54:07Z" user="pratikyadav" uid="2905914" lat="30.3417034" lon="78.0434679"/>
 <node id="3633846795" visible="true" version="1" changeset="32403495" timestamp="2015-07-04T06:51:17Z" user="geohacker" uid="146675" lat="30.3399836" lon="78.0422173"/>
 <node id="3633846796" visible="true" version="1" changeset="32403495" timestamp="2015-07-04T06:51:17Z" user="geohacker" uid="146675" lat="30.3399081" lon="78.0424101"/>
 <node id="3633846797" visible="true" version="1" changeset="32403495" timestamp="2015-07-04T06:51:17Z" user="geohacker" uid="146675" lat="30.3399853" lon="78.0424578"/>
 <node id="3633846798" visible="true" version="1" changeset="32403495" timestamp="2015-07-04T06:51:17Z" user="geohacker" uid="146675" lat="30.3400248" lon="78.0423703"/>
 <node id="3633846799" visible="true" version="1" changeset="32403495" timestamp="2015-07-04T06:51:17Z" user="geohacker" uid="146675" lat="30.3401432" lon="78.0424319"/>
 <node id="3633846800" visible="true" version="1" changeset="32403495" timestamp="2015-07-04T06:51:17Z" user="geohacker" uid="146675" lat="30.3401860" lon="78.0423544"/>
 <node id="3633846801" visible="true" version="1" changeset="32403495" timestamp="2015-07-04T06:51:17Z" user="geohacker" uid="146675" lat="30.3400677" lon="78.0422789"/>
 <node id="3633846802" visible="true" version="1" changeset="32403495" timestamp="2015-07-04T06:51:17Z" user="geohacker" uid="146675" lat="30.3400780" lon="78.0422530"/>
 <node id="3633846803" visible="true" version="1" changeset="32403495" timestamp="2015-07-04T06:51:17Z" user="geohacker" uid="146675" lat="30.3400488" lon="78.0422332"/>
 <node id="3633846804" visible="true" version="1" changeset="32403495" timestamp="2015-07-04T06:51:17Z" user="geohacker" uid="146675" lat="30.3400334" lon="78.0422471"/>
 <node id="3633846805" visible="true" version="3" changeset="126205617" timestamp="2022-09-15T05:29:16Z" user="VLD258" uid="10979442" lat="30.3394358" lon="78.0485362"/>
 <node id="3633846807" visible="true" version="2" changeset="126205617" timestamp="2022-09-15T05:29:16Z" user="VLD258" uid="10979442" lat="30.3386913" lon="78.0492922"/>
 <node id="3633846808" visible="true" version="2" changeset="126205617" timestamp="2022-09-15T05:29:16Z" user="VLD258" uid="10979442" lat="30.3385182" lon="78.0492059"/>
 <node id="3633846811" visible="true" version="3" changeset="126205617" timestamp="2022-09-15T05:29:16Z" user="VLD258" uid="10979442" lat="30.3377366" lon="78.0501537"/>
 <node id="3633987477" visible="true" version="2" changeset="126204634" timestamp="2022-09-15T04:50:30Z" user="VLD258" uid="10979442" lat="30.3415234" lon="78.0427709"/>
 <node id="3633987478" visible="true" version="2" changeset="126204634" timestamp="2022-09-15T04:50:30Z" user="VLD258" uid="10979442" lat="30.3413263" lon="78.0426467"/>
 <node id="3633987479" visible="true" version="2" changeset="126204634" timestamp="2022-09-15T04:50:30Z" user="VLD258" uid="10979442" lat="30.3412624" lon="78.0426168"/>
 <node id="3633987480" visible="true" version="2" changeset="126204634" timestamp="2022-09-15T04:50:30Z" user="VLD258" uid="10979442" lat="30.3411907" lon="78.0426152"/>
 <node id="3633987481" visible="true" version="2" changeset="126204634" timestamp="2022-09-15T04:50:30Z" user="VLD258" uid="10979442" lat="30.3411052" lon="78.0426373"/>
 <node id="3633987482" visible="true" version="2" changeset="126204634" timestamp="2022-09-15T04:50:30Z" user="VLD258" uid="10979442" lat="30.3410104" lon="78.0427026"/>
 <node id="3633987483" visible="true" version="1" changeset="32404898" timestamp="2015-07-04T08:58:21Z" user="satabdi" uid="3033231" lat="30.3408617" lon="78.0428413"/>
 <node id="3633987484" visible="true" version="2" changeset="126204634" timestamp="2022-09-15T04:50:30Z" user="VLD258" uid="10979442" lat="30.3407446" lon="78.0429593"/>
 <node id="3633987485" visible="true" version="2" changeset="126204634" timestamp="2022-09-15T04:50:30Z" user="VLD258" uid="10979442" lat="30.3406773" lon="78.0429847"/>
 <node id="3633987486" visible="true" version="2" changeset="126204634" timestamp="2022-09-15T04:50:30Z" user="VLD258" uid="10979442" lat="30.3406105" lon="78.0429597"/>
 <node id="3633987487" visible="true" version="1" changeset="32404898" timestamp="2015-07-04T08:58:21Z" user="satabdi" uid="3033231" lat="30.3404070" lon="78.0428364"/>
 <node id="3633987489" visible="true" version="2" changeset="126204634" timestamp="2022-09-15T04:50:30Z" user="VLD258" uid="10979442" lat="30.3401106" lon="78.0426440"/>
 <node id="3633987492" visible="true" version="2" changeset="126204356" timestamp="2022-09-15T04:36:01Z" user="VLD258" uid="10979442" lat="30.3404201" lon="78.0420268"/>
 <node id="3633988194" visible="true" version="3" changeset="126204634" timestamp="2022-09-15T04:50:30Z" user="VLD258" uid="10979442" lat="30.3398184" lon="78.0424613"/>
 <node id="3633988195" visible="true" version="3" changeset="126204634" timestamp="2022-09-15T04:50:30Z" user="VLD258" uid="10979442" lat="30.3396625" lon="78.0423116"/>
 <node id="3633988196" visible="true" version="1" changeset="32404898" timestamp="2015-07-04T08:58:21Z" user="satabdi" uid="3033231" lat="30.3397436" lon="78.0421531"/>
 <node id="3633988197" visible="true" version="1" changeset="32404898" timestamp="2015-07-04T08:58:21Z" user="satabdi" uid="3033231" lat="30.3398142" lon="78.0420143"/>
 <node id="3633988198" visible="true" version="2" changeset="126204634" timestamp="2022-09-15T04:50:30Z" user="VLD258" uid="10979442" lat="30.3398330" lon="78.0419240"/>
 <node id="3633988201" visible="true" version="3" changeset="126204059" timestamp="2022-09-15T04:22:26Z" user="VLD258" uid="10979442" lat="30.3386875" lon="78.0408172"/>
 <node id="3633988209" visible="true" version="3" changeset="126204006" timestamp="2022-09-15T04:19:22Z" user="VLD258" uid="10979442" lat="30.3375857" lon="78.0427872"/>
 <node id="3633988213" visible="true" version="3" changeset="126219069" timestamp="2022-09-15T11:04:08Z" user="VLD258" uid="10979442" lat="30.3371728" lon="78.0433160"/>
 <node id="3633988214" visible="true" version="2" changeset="126207489" timestamp="2022-09-15T06:30:15Z" user="VLD258" uid="10979442" lat="30.3370400" lon="78.0434532"/>
 <node id="3633999537" visible="true" version="2" changeset="126209237" timestamp="2022-09-15T07:15:12Z" user="VLD258" uid="10979442" lat="30.3428334" lon="78.0511753"/>
 <node id="3633999538" visible="true" version="2" changeset="126209237" timestamp="2022-09-15T07:15:12Z" user="VLD258" uid="10979442" lat="30.3427255" lon="78.0511779"/>
 <node id="3633999539" visible="true" version="2" changeset="126209237" timestamp="2022-09-15T07:15:12Z" user="VLD258" uid="10979442" lat="30.3426638" lon="78.0512560"/>
 <node id="3633999540" visible="true" version="1" changeset="32405065" timestamp="2015-07-04T09:09:59Z" user="satabdi" uid="3033231" lat="30.3426116" lon="78.0513763"/>
 <node id="3633999541" visible="true" version="2" changeset="126209237" timestamp="2022-09-15T07:15:12Z" user="VLD258" uid="10979442" lat="30.3425485" lon="78.0515074"/>
 <node id="3633999542" visible="true" version="2" changeset="126209237" timestamp="2022-09-15T07:15:12Z" user="VLD258" uid="10979442" lat="30.3424478" lon="78.0516429"/>
 <node id="3633999543" visible="true" version="1" changeset="32405065" timestamp="2015-07-04T09:09:59Z" user="satabdi" uid="3033231" lat="30.3423688" lon="78.0516882"/>
 <node id="3633999544" visible="true" version="3" changeset="126209536" timestamp="2022-09-15T07:22:11Z" user="VLD258" uid="10979442" lat="30.3422976" lon="78.0517921"/>
 <node id="3633999545" visible="true" version="3" changeset="126209536" timestamp="2022-09-15T07:22:11Z" user="VLD258" uid="10979442" lat="30.3422691" lon="78.0518442"/>
 <node id="3633999546" visible="true" version="2" changeset="126209237" timestamp="2022-09-15T07:15:12Z" user="VLD258" uid="10979442" lat="30.3422244" lon="78.0519561"/>
 <node id="3633999547" visible="true" version="2" changeset="126209237" timestamp="2022-09-15T07:15:12Z" user="VLD258" uid="10979442" lat="30.3421903" lon="78.0520709"/>
 <node id="3633999548" visible="true" version="2" changeset="126209237" timestamp="2022-09-15T07:15:12Z" user="VLD258" uid="10979442" lat="30.3420641" lon="78.0522849"/>
 <node id="3633999549" visible="true" version="2" changeset="126209237" timestamp="2022-09-15T07:15:12Z" user="VLD258" uid="10979442" lat="30.3417506" lon="78.0526178"/>
 <node id="3634103363" visible="true" version="1" changeset="32406915" timestamp="2015-07-04T11:00:44Z" user="satyaakam" uid="81656" lat="30.3408282" lon="78.0494779"/>
 <node id="3634103364" visible="true" version="1" changeset="32406915" timestamp="2015-07-04T11:00:44Z" user="satyaakam" uid="81656" lat="30.3408658" lon="78.0495281"/>
 <node id="3634103365" visible="true" version="1" changeset="32406915" timestamp="2015-07-04T11:00:44Z" user="satyaakam" uid="81656" lat="30.3408976" lon="78.0495918"/>
 <node id="3634103366" visible="true" version="1" changeset="32406915" timestamp="2015-07-04T11:00:44Z" user="satyaakam" uid="81656" lat="30.3409323" lon="78.0493774"/>
 <node id="3634103367" visible="true" version="1" changeset="32406915" timestamp="2015-07-04T11:00:44Z" user="satyaakam" uid="81656" lat="30.3409641" lon="78.0494310"/>
 <node id="3634103368" visible="true" version="1" changeset="32406915" timestamp="2015-07-04T11:00:44Z" user="satyaakam" uid="81656" lat="30.3410017" lon="78.0494779"/>
 <node id="3634103369" visible="true" version="1" changeset="32406915" timestamp="2015-07-04T11:00:44Z" user="satyaakam" uid="81656" lat="30.3417013" lon="78.0488113"/>
 <node id="3634103370" visible="true" version="1" changeset="32406915" timestamp="2015-07-04T11:00:44Z" user="satyaakam" uid="81656" lat="30.3417128" lon="78.0487342"/>
 <node id="3634103371" visible="true" version="1" changeset="32406915" timestamp="2015-07-04T11:00:44Z" user="satyaakam" uid="81656" lat="30.3417389" lon="78.0488615"/>
 <node id="3634103372" visible="true" version="1" changeset="32406915" timestamp="2015-07-04T11:00:44Z" user="satyaakam" uid="81656" lat="30.3417620" lon="78.0487142"/>
 <node id="3634103373" visible="true" version="1" changeset="32406915" timestamp="2015-07-04T11:00:44Z" user="satyaakam" uid="81656" lat="30.3417822" lon="78.0488615"/>
 <node id="3634103374" visible="true" version="1" changeset="32406915" timestamp="2015-07-04T11:00:44Z" user="satyaakam" uid="81656" lat="30.3417967" lon="78.0487376"/>
 <node id="3634103375" visible="true" version="1" changeset="32406915" timestamp="2015-07-04T11:00:44Z" user="satyaakam" uid="81656" lat="30.3418082" lon="78.0488280"/>
 <node id="3634103376" visible="true" version="1" changeset="32406915" timestamp="2015-07-04T11:00:44Z" user="satyaakam" uid="81656" lat="30.3418256" lon="78.0487677"/>
 <node id="3634373442" visible="true" version="1" changeset="32410970" timestamp="2015-07-04T16:58:14Z" user="satyaakam" uid="81656" lat="30.3413534" lon="78.0523397"/>
 <node id="3634373443" visible="true" version="1" changeset="32410970" timestamp="2015-07-04T16:58:14Z" user="satyaakam" uid="81656" lat="30.3414011" lon="78.0524349"/>
 <node id="3634373444" visible="true" version="1" changeset="32410970" timestamp="2015-07-04T16:58:14Z" user="satyaakam" uid="81656" lat="30.3414584" lon="78.0522691"/>
 <node id="3634373445" visible="true" version="1" changeset="32410970" timestamp="2015-07-04T16:58:14Z" user="satyaakam" uid="81656" lat="30.3415061" lon="78.0523642"/>
 <node id="3634373446" visible="true" version="1" changeset="32410970" timestamp="2015-07-04T16:58:14Z" user="satyaakam" uid="81656" lat="30.3417207" lon="78.0521984"/>
 <node id="3634373450" visible="true" version="1" changeset="32410970" timestamp="2015-07-04T16:58:14Z" user="satyaakam" uid="81656" lat="30.3417591" lon="78.0522430"/>
 <node id="3634373453" visible="true" version="1" changeset="32410970" timestamp="2015-07-04T16:58:15Z" user="satyaakam" uid="81656" lat="30.3417859" lon="78.0522183"/>
 <node id="3634373454" visible="true" version="1" changeset="32410970" timestamp="2015-07-04T16:58:15Z" user="satyaakam" uid="81656" lat="30.3417896" lon="78.0521186"/>
 <node id="3634373456" visible="true" version="1" changeset="32410970" timestamp="2015-07-04T16:58:15Z" user="satyaakam" uid="81656" lat="30.3418280" lon="78.0521631"/>
 <node id="3634373457" visible="true" version="1" changeset="32410970" timestamp="2015-07-04T16:58:15Z" user="satyaakam" uid="81656" lat="30.3418322" lon="78.0522659"/>
 <node id="3634373461" visible="true" version="1" changeset="32410970" timestamp="2015-07-04T16:58:15Z" user="satyaakam" uid="81656" lat="30.3418744" lon="78.0522107"/>
 <node id="3639317465" visible="true" version="3" changeset="130248731" timestamp="2022-12-19T13:11:25Z" user="Kavithaptpm" uid="12266079" lat="30.3368090" lon="78.0482355"/>
 <node id="3639317467" visible="true" version="2" changeset="126216436" timestamp="2022-09-15T10:10:00Z" user="VLD258" uid="10979442" lat="30.3372239" lon="78.0489240"/>
 <node id="3639317468" visible="true" version="2" changeset="126216436" timestamp="2022-09-15T10:10:00Z" user="VLD258" uid="10979442" lat="30.3375890" lon="78.0494218"/>
 <node id="3639317470" visible="true" version="2" changeset="126205617" timestamp="2022-09-15T05:29:16Z" user="VLD258" uid="10979442" lat="30.3380417" lon="78.0497856"/>
 <node id="3639317473" visible="true" version="2" changeset="126204006" timestamp="2022-09-15T04:19:22Z" user="VLD258" uid="10979442" lat="30.3395906" lon="78.0490474"/>
 <node id="3639317474" visible="true" version="1" changeset="32472075" timestamp="2015-07-07T13:42:22Z" user="pratikyadav" uid="2905914" lat="30.3396414" lon="78.0471813"/>
 <node id="3639317475" visible="true" version="2" changeset="126204006" timestamp="2022-09-15T04:19:22Z" user="VLD258" uid="10979442" lat="30.3396706" lon="78.0492773"/>
 <node id="3639317477" visible="true" version="2" changeset="126204234" timestamp="2022-09-15T04:29:51Z" user="VLD258" uid="10979442" lat="30.3397743" lon="78.0490901"/>
 <node id="3639317479" visible="true" version="3" changeset="126204234" timestamp="2022-09-15T04:29:51Z" user="VLD258" uid="10979442" lat="30.3399039" lon="78.0500249"/>
 <node id="3639317480" visible="true" version="3" changeset="126204234" timestamp="2022-09-15T04:29:51Z" user="VLD258" uid="10979442" lat="30.3399444" lon="78.0501570"/>
 <node id="3639317481" visible="true" version="2" changeset="126204234" timestamp="2022-09-15T04:29:51Z" user="VLD258" uid="10979442" lat="30.3399639" lon="78.0475094"/>
 <node id="3639317482" visible="true" version="2" changeset="126204234" timestamp="2022-09-15T04:29:51Z" user="VLD258" uid="10979442" lat="30.3400975" lon="78.0486592"/>
 <node id="3639317483" visible="true" version="2" changeset="126204234" timestamp="2022-09-15T04:29:51Z" user="VLD258" uid="10979442" lat="30.3401185" lon="78.0506829"/>
 <node id="3639317484" visible="true" version="2" changeset="126204234" timestamp="2022-09-15T04:29:51Z" user="VLD258" uid="10979442" lat="30.3403216" lon="78.0496822"/>
 <node id="3639317485" visible="true" version="2" changeset="126204234" timestamp="2022-09-15T04:29:51Z" user="VLD258" uid="10979442" lat="30.3405914" lon="78.0491993"/>
 <node id="3639317486" visible="true" version="2" changeset="126204234" timestamp="2022-09-15T04:29:51Z" user="VLD258" uid="10979442" lat="30.3406846" lon="78.0500088"/>
 <node id="3639317487" visible="true" version="2" changeset="126204234" timestamp="2022-09-15T04:29:51Z" user="VLD258" uid="10979442" lat="30.3408676" lon="78.0478919"/>
 <node id="3639317488" visible="true" version="2" changeset="126204234" timestamp="2022-09-15T04:29:51Z" user="VLD258" uid="10979442" lat="30.3412011" lon="78.0481651"/>
 <node id="3639317489" visible="true" version="1" changeset="32472075" timestamp="2015-07-07T13:42:22Z" user="pratikyadav" uid="2905914" lat="30.3412772" lon="78.0476185"/>
 <node id="3639317490" visible="true" version="2" changeset="126204234" timestamp="2022-09-15T04:29:51Z" user="VLD258" uid="10979442" lat="30.3414719" lon="78.0477896"/>
 <node id="3639332126" visible="true" version="2" changeset="126206814" timestamp="2022-09-15T06:11:04Z" user="VLD258" uid="10979442" lat="30.3336671" lon="78.0438531"/>
 <node id="3784274342" visible="true" version="1" changeset="34604773" timestamp="2015-10-13T07:08:48Z" user="pratikyadav" uid="2905914" lat="30.3404465" lon="78.0475174"/>
 <node id="3784274343" visible="true" version="1" changeset="34604773" timestamp="2015-10-13T07:08:48Z" user="pratikyadav" uid="2905914" lat="30.3407945" lon="78.0477926"/>
 <node id="3784277849" visible="true" version="2" changeset="60408693" timestamp="2018-07-04T12:59:50Z" user="Arun Balaji" uid="3427745" lat="30.3397629" lon="78.0465215"/>
 <node id="3784277850" visible="true" version="2" changeset="60408693" timestamp="2018-07-04T12:59:50Z" user="Arun Balaji" uid="3427745" lat="30.3399160" lon="78.0463016"/>
 <node id="3784277851" visible="true" version="2" changeset="60408693" timestamp="2018-07-04T12:59:50Z" user="Arun Balaji" uid="3427745" lat="30.3399397" lon="78.0466868"/>
 <node id="3784277852" visible="true" version="2" changeset="60408693" timestamp="2018-07-04T12:59:50Z" user="Arun Balaji" uid="3427745" lat="30.3400929" lon="78.0464669"/>
 <node id="4047503010" visible="true" version="3" changeset="126203281" timestamp="2022-09-15T03:27:01Z" user="VLD258" uid="10979442" lat="30.3468875" lon="78.0458361"/>
 <node id="4214909600" visible="true" version="1" changeset="39657745" timestamp="2016-05-30T07:18:22Z" user="manoharuss" uid="3769434" lat="30.3374138" lon="78.0519291"/>
 <node id="4214909601" visible="true" version="1" changeset="39657745" timestamp="2016-05-30T07:18:22Z" user="manoharuss" uid="3769434" lat="30.3374519" lon="78.0519697"/>
 <node id="4214909602" visible="true" version="1" changeset="39657745" timestamp="2016-05-30T07:18:23Z" user="manoharuss" uid="3769434" lat="30.3374738" lon="78.0519422"/>
 <node id="4214909604" visible="true" version="1" changeset="39657745" timestamp="2016-05-30T07:18:23Z" user="manoharuss" uid="3769434" lat="30.3375223" lon="78.0519940"/>
 <node id="4214910081" visible="true" version="2" changeset="72880067" timestamp="2019-08-01T04:29:53Z" user="BubbleGuppies" uid="1426091" lat="30.3373098" lon="78.0520263"/>
 <node id="4214910084" visible="true" version="2" changeset="72880067" timestamp="2019-08-01T04:29:53Z" user="BubbleGuppies" uid="1426091" lat="30.3373758" lon="78.0519428"/>
 <node id="4214910087" visible="true" version="1" changeset="39657745" timestamp="2016-05-30T07:18:22Z" user="manoharuss" uid="3769434" lat="30.3373949" lon="78.0519529"/>
 <node id="4214910088" visible="true" version="1" changeset="39657745" timestamp="2016-05-30T07:18:22Z" user="manoharuss" uid="3769434" lat="30.3374116" lon="78.0521333"/>
 <node id="4215009601" visible="true" version="1" changeset="39659402" timestamp="2016-05-30T08:37:18Z" user="manoharuss" uid="3769434" lat="30.3395580" lon="78.0521205"/>
 <node id="4215009603" visible="true" version="1" changeset="39659402" timestamp="2016-05-30T08:37:18Z" user="manoharuss" uid="3769434" lat="30.3396009" lon="78.0518114"/>
 <node id="4215009605" visible="true" version="1" changeset="39659402" timestamp="2016-05-30T08:37:18Z" user="manoharuss" uid="3769434" lat="30.3396153" lon="78.0522456"/>
 <node id="4215009607" visible="true" version="1" changeset="39659402" timestamp="2016-05-30T08:37:18Z" user="manoharuss" uid="3769434" lat="30.3396650" lon="78.0519345"/>
 <node id="4215009608" visible="true" version="1" changeset="39659402" timestamp="2016-05-30T08:37:18Z" user="manoharuss" uid="3769434" lat="30.3396681" lon="78.0517645"/>
 <node id="4215009610" visible="true" version="1" changeset="39659402" timestamp="2016-05-30T08:37:18Z" user="manoharuss" uid="3769434" lat="30.3397113" lon="78.0517602"/>
 <node id="4215009611" visible="true" version="1" changeset="39659402" timestamp="2016-05-30T08:37:18Z" user="manoharuss" uid="3769434" lat="30.3397322" lon="78.0518876"/>
 <node id="4215009612" visible="true" version="1" changeset="39659402" timestamp="2016-05-30T08:37:18Z" user="manoharuss" uid="3769434" lat="30.3397895" lon="78.0519783"/>
 <node id="4215009613" visible="true" version="1" changeset="39659402" timestamp="2016-05-30T08:37:18Z" user="manoharuss" uid="3769434" lat="30.3398259" lon="78.0519694"/>
 <node id="4215009614" visible="true" version="1" changeset="39659402" timestamp="2016-05-30T08:37:18Z" user="manoharuss" uid="3769434" lat="30.3398453" lon="78.0516617"/>
 <node id="4215009615" visible="true" version="1" changeset="39659402" timestamp="2016-05-30T08:37:18Z" user="manoharuss" uid="3769434" lat="30.3398467" lon="78.0521035"/>
 <node id="4215009619" visible="true" version="1" changeset="39659402" timestamp="2016-05-30T08:37:18Z" user="manoharuss" uid="3769434" lat="30.3399598" lon="78.0518709"/>
 <node id="4215181571" visible="true" version="1" changeset="39662080" timestamp="2016-05-30T10:40:54Z" user="manoharuss" uid="3769434" lat="30.3415903" lon="78.0472586"/>
 <node id="4215181572" visible="true" version="1" changeset="39662080" timestamp="2016-05-30T10:40:54Z" user="manoharuss" uid="3769434" lat="30.3415913" lon="78.0473819"/>
 <node id="4215181573" visible="true" version="1" changeset="39662080" timestamp="2016-05-30T10:40:54Z" user="manoharuss" uid="3769434" lat="30.3415973" lon="78.0503750"/>
 <node id="4215181574" visible="true" version="1" changeset="39662080" timestamp="2016-05-30T10:40:54Z" user="manoharuss" uid="3769434" lat="30.3416011" lon="78.0477166"/>
 <node id="4215181575" visible="true" version="1" changeset="39662080" timestamp="2016-05-30T10:40:54Z" user="manoharuss" uid="3769434" lat="30.3416078" lon="78.0503763"/>
 <node id="4215181576" visible="true" version="1" changeset="39662080" timestamp="2016-05-30T10:40:54Z" user="manoharuss" uid="3769434" lat="30.3416105" lon="78.0476611"/>
 <node id="4215181577" visible="true" version="1" changeset="39662080" timestamp="2016-05-30T10:40:54Z" user="manoharuss" uid="3769434" lat="30.3416112" lon="78.0504930"/>
 <node id="4215181578" visible="true" version="1" changeset="39662080" timestamp="2016-05-30T10:40:54Z" user="manoharuss" uid="3769434" lat="30.3416124" lon="78.0500698"/>
 <node id="4215181579" visible="true" version="1" changeset="39662080" timestamp="2016-05-30T10:40:54Z" user="manoharuss" uid="3769434" lat="30.3416214" lon="78.0501572"/>
 <node id="4215181580" visible="true" version="1" changeset="39662080" timestamp="2016-05-30T10:40:54Z" user="manoharuss" uid="3769434" lat="30.3416287" lon="78.0476789"/>
 <node id="4215181581" visible="true" version="1" changeset="39662080" timestamp="2016-05-30T10:40:54Z" user="manoharuss" uid="3769434" lat="30.3416374" lon="78.0500860"/>
 <node id="4215181582" visible="true" version="1" changeset="39662080" timestamp="2016-05-30T10:40:54Z" user="manoharuss" uid="3769434" lat="30.3416398" lon="78.0478213"/>
 <node id="4215181583" visible="true" version="1" changeset="39662080" timestamp="2016-05-30T10:40:54Z" user="manoharuss" uid="3769434" lat="30.3416436" lon="78.0473122"/>
 <node id="4215181584" visible="true" version="1" changeset="39662080" timestamp="2016-05-30T10:40:54Z" user="manoharuss" uid="3769434" lat="30.3416478" lon="78.0478103"/>
 <node id="4215181585" visible="true" version="1" changeset="39662080" timestamp="2016-05-30T10:40:54Z" user="manoharuss" uid="3769434" lat="30.3416536" lon="78.0501251"/>
 <node id="4215181586" visible="true" version="1" changeset="39662080" timestamp="2016-05-30T10:40:54Z" user="manoharuss" uid="3769434" lat="30.3416593" lon="78.0504434"/>
 <node id="4215181587" visible="true" version="1" changeset="39662080" timestamp="2016-05-30T10:40:54Z" user="manoharuss" uid="3769434" lat="30.3416626" lon="78.0476323"/>
 <node id="4215181588" visible="true" version="1" changeset="39662080" timestamp="2016-05-30T10:40:54Z" user="manoharuss" uid="3769434" lat="30.3416684" lon="78.0476783"/>
 <node id="4215182305" visible="true" version="1" changeset="39662080" timestamp="2016-05-30T10:40:47Z" user="manoharuss" uid="3769434" lat="30.3382960" lon="78.0474510"/>
 <node id="4215182306" visible="true" version="1" changeset="39662080" timestamp="2016-05-30T10:40:47Z" user="manoharuss" uid="3769434" lat="30.3383634" lon="78.0473465"/>
 <node id="4215182307" visible="true" version="1" changeset="39662080" timestamp="2016-05-30T10:40:47Z" user="manoharuss" uid="3769434" lat="30.3383880" lon="78.0472606"/>
 <node id="4215182308" visible="true" version="1" changeset="39662080" timestamp="2016-05-30T10:40:47Z" user="manoharuss" uid="3769434" lat="30.3383920" lon="78.0475342"/>
 <node id="4215182309" visible="true" version="1" changeset="39662080" timestamp="2016-05-30T10:40:47Z" user="manoharuss" uid="3769434" lat="30.3384497" lon="78.0471608"/>
 <node id="4215182310" visible="true" version="1" changeset="39662080" timestamp="2016-05-30T10:40:47Z" user="manoharuss" uid="3769434" lat="30.3384594" lon="78.0474296"/>
 <node id="4215182311" visible="true" version="1" changeset="39662080" timestamp="2016-05-30T10:40:47Z" user="manoharuss" uid="3769434" lat="30.3384823" lon="78.0470715"/>
 <node id="4215182312" visible="true" version="1" changeset="39662080" timestamp="2016-05-30T10:40:47Z" user="manoharuss" uid="3769434" lat="30.3384922" lon="78.0473471"/>
 <node id="4215182313" visible="true" version="1" changeset="39662080" timestamp="2016-05-30T10:40:47Z" user="manoharuss" uid="3769434" lat="30.3385539" lon="78.0472473"/>
 <node id="4215182314" visible="true" version="1" changeset="39662080" timestamp="2016-05-30T10:40:47Z" user="manoharuss" uid="3769434" lat="30.3385639" lon="78.0469709"/>
 <node id="4215182315" visible="true" version="1" changeset="39662080" timestamp="2016-05-30T10:40:47Z" user="manoharuss" uid="3769434" lat="30.3386525" lon="78.0472566"/>
 <node id="4215182316" visible="true" version="1" changeset="39662080" timestamp="2016-05-30T10:40:47Z" user="manoharuss" uid="3769434" lat="30.3387340" lon="78.0471559"/>
 <node id="4215182317" visible="true" version="2" changeset="126206210" timestamp="2022-09-15T05:51:36Z" user="VLD258" uid="10979442" lat="30.3387749" lon="78.0477655"/>
 <node id="4215182318" visible="true" version="2" changeset="126206210" timestamp="2022-09-15T05:51:36Z" user="VLD258" uid="10979442" lat="30.3388362" lon="78.0478507"/>
 <node id="4215182319" visible="true" version="1" changeset="39662080" timestamp="2016-05-30T10:40:47Z" user="manoharuss" uid="3769434" lat="30.3389158" lon="78.0492226"/>
 <node id="4215182320" visible="true" version="2" changeset="126206210" timestamp="2022-09-15T05:51:36Z" user="VLD258" uid="10979442" lat="30.3389270" lon="78.0476184"/>
 <node id="4215182321" visible="true" version="1" changeset="39662080" timestamp="2016-05-30T10:40:47Z" user="manoharuss" uid="3769434" lat="30.3389829" lon="78.0491470"/>
 <node id="4215182322" visible="true" version="2" changeset="126206210" timestamp="2022-09-15T05:51:36Z" user="VLD258" uid="10979442" lat="30.3389883" lon="78.0477036"/>
 <node id="4215182323" visible="true" version="1" changeset="39662080" timestamp="2016-05-30T10:40:47Z" user="manoharuss" uid="3769434" lat="30.3390003" lon="78.0493232"/>
 <node id="4215182324" visible="true" version="1" changeset="39662080" timestamp="2016-05-30T10:40:47Z" user="manoharuss" uid="3769434" lat="30.3390251" lon="78.0492261"/>
 <node id="4215182325" visible="true" version="1" changeset="39662080" timestamp="2016-05-30T10:40:47Z" user="manoharuss" uid="3769434" lat="30.3390375" lon="78.0492121"/>
 <node id="4215182326" visible="true" version="1" changeset="39662080" timestamp="2016-05-30T10:40:47Z" user="manoharuss" uid="3769434" lat="30.3390549" lon="78.0492616"/>
 <node id="4215182327" visible="true" version="1" changeset="39662080" timestamp="2016-05-30T10:40:47Z" user="manoharuss" uid="3769434" lat="30.3390697" lon="78.0490282"/>
 <node id="4215182328" visible="true" version="1" changeset="39662080" timestamp="2016-05-30T10:40:47Z" user="manoharuss" uid="3769434" lat="30.3391232" lon="78.0490888"/>
 <node id="4215182329" visible="true" version="1" changeset="39662080" timestamp="2016-05-30T10:40:47Z" user="manoharuss" uid="3769434" lat="30.3391268" lon="78.0489606"/>
 <node id="4215182330" visible="true" version="1" changeset="39662080" timestamp="2016-05-30T10:40:47Z" user="manoharuss" uid="3769434" lat="30.3391461" lon="78.0490617"/>
 <node id="4215182331" visible="true" version="1" changeset="39662080" timestamp="2016-05-30T10:40:47Z" user="manoharuss" uid="3769434" lat="30.3391606" lon="78.0489435"/>
 <node id="4215182332" visible="true" version="1" changeset="39662080" timestamp="2016-05-30T10:40:47Z" user="manoharuss" uid="3769434" lat="30.3391790" lon="78.0490990"/>
 <node id="4215182333" visible="true" version="1" changeset="39662080" timestamp="2016-05-30T10:40:47Z" user="manoharuss" uid="3769434" lat="30.3392132" lon="78.0490586"/>
 <node id="4215182334" visible="true" version="1" changeset="39662080" timestamp="2016-05-30T10:40:47Z" user="manoharuss" uid="3769434" lat="30.3392171" lon="78.0488736"/>
 <node id="4215182335" visible="true" version="1" changeset="39662080" timestamp="2016-05-30T10:40:47Z" user="manoharuss" uid="3769434" lat="30.3392345" lon="78.0490238"/>
 <node id="4215182336" visible="true" version="1" changeset="39662080" timestamp="2016-05-30T10:40:47Z" user="manoharuss" uid="3769434" lat="30.3392376" lon="78.0488192"/>
 <node id="4215182337" visible="true" version="1" changeset="39662080" timestamp="2016-05-30T10:40:47Z" user="manoharuss" uid="3769434" lat="30.3392911" lon="78.0489539"/>
 <node id="4215182338" visible="true" version="1" changeset="39662080" timestamp="2016-05-30T10:40:47Z" user="manoharuss" uid="3769434" lat="30.3392989" lon="78.0487157"/>
 <node id="4215182339" visible="true" version="1" changeset="39662080" timestamp="2016-05-30T10:40:47Z" user="manoharuss" uid="3769434" lat="30.3392999" lon="78.0487440"/>
 <node id="4215182340" visible="true" version="1" changeset="39662080" timestamp="2016-05-30T10:40:47Z" user="manoharuss" uid="3769434" lat="30.3393292" lon="78.0489212"/>
 <node id="4215182341" visible="true" version="1" changeset="39662080" timestamp="2016-05-30T10:40:47Z" user="manoharuss" uid="3769434" lat="30.3393521" lon="78.0477710"/>
 <node id="4215182342" visible="true" version="1" changeset="39662080" timestamp="2016-05-30T10:40:47Z" user="manoharuss" uid="3769434" lat="30.3393533" lon="78.0487801"/>
 <node id="4215182343" visible="true" version="1" changeset="39662080" timestamp="2016-05-30T10:40:47Z" user="manoharuss" uid="3769434" lat="30.3393710" lon="78.0486339"/>
 <node id="4215182344" visible="true" version="1" changeset="39662080" timestamp="2016-05-30T10:40:47Z" user="manoharuss" uid="3769434" lat="30.3393916" lon="78.0488460"/>
 <node id="4215182345" visible="true" version="1" changeset="39662080" timestamp="2016-05-30T10:40:47Z" user="manoharuss" uid="3769434" lat="30.3394254" lon="78.0486983"/>
 <node id="4215182346" visible="true" version="1" changeset="39662080" timestamp="2016-05-30T10:40:47Z" user="manoharuss" uid="3769434" lat="30.3394309" lon="78.0478427"/>
 <node id="4215182347" visible="true" version="1" changeset="39662080" timestamp="2016-05-30T10:40:47Z" user="manoharuss" uid="3769434" lat="30.3394528" lon="78.0476224"/>
 <node id="4215182348" visible="true" version="1" changeset="39662080" timestamp="2016-05-30T10:40:47Z" user="manoharuss" uid="3769434" lat="30.3395216" lon="78.0478043"/>
 <node id="4215182349" visible="true" version="1" changeset="39662080" timestamp="2016-05-30T10:40:47Z" user="manoharuss" uid="3769434" lat="30.3395316" lon="78.0476942"/>
 <node id="4215182350" visible="true" version="1" changeset="39662080" timestamp="2016-05-30T10:40:47Z" user="manoharuss" uid="3769434" lat="30.3395548" lon="78.0474834"/>
 <node id="4215182351" visible="true" version="1" changeset="39662080" timestamp="2016-05-30T10:40:47Z" user="manoharuss" uid="3769434" lat="30.3395893" lon="78.0477225"/>
 <node id="4215182352" visible="true" version="1" changeset="39662080" timestamp="2016-05-30T10:40:48Z" user="manoharuss" uid="3769434" lat="30.3395977" lon="78.0475229"/>
 <node id="4215182353" visible="true" version="1" changeset="39662080" timestamp="2016-05-30T10:40:48Z" user="manoharuss" uid="3769434" lat="30.3396077" lon="78.0475084"/>
 <node id="4215182354" visible="true" version="1" changeset="39662080" timestamp="2016-05-30T10:40:48Z" user="manoharuss" uid="3769434" lat="30.3396080" lon="78.0488033"/>
 <node id="4215182355" visible="true" version="1" changeset="39662080" timestamp="2016-05-30T10:40:48Z" user="manoharuss" uid="3769434" lat="30.3396208" lon="78.0473871"/>
 <node id="4215182356" visible="true" version="1" changeset="39662080" timestamp="2016-05-30T10:40:48Z" user="manoharuss" uid="3769434" lat="30.3396341" lon="78.0475676"/>
 <node id="4215182357" visible="true" version="1" changeset="39662080" timestamp="2016-05-30T10:40:48Z" user="manoharuss" uid="3769434" lat="30.3396351" lon="78.0479305"/>
 <node id="4215182358" visible="true" version="1" changeset="39662080" timestamp="2016-05-30T10:40:48Z" user="manoharuss" uid="3769434" lat="30.3396488" lon="78.0475463"/>
 <node id="4215182359" visible="true" version="1" changeset="39662080" timestamp="2016-05-30T10:40:48Z" user="manoharuss" uid="3769434" lat="30.3396554" lon="78.0477105"/>
 <node id="4215182360" visible="true" version="1" changeset="39662080" timestamp="2016-05-30T10:40:48Z" user="manoharuss" uid="3769434" lat="30.3396720" lon="78.0476024"/>
 <node id="4215182361" visible="true" version="1" changeset="39662080" timestamp="2016-05-30T10:40:48Z" user="manoharuss" uid="3769434" lat="30.3396735" lon="78.0487174"/>
 <node id="4215182362" visible="true" version="1" changeset="39662080" timestamp="2016-05-30T10:40:48Z" user="manoharuss" uid="3769434" lat="30.3397029" lon="78.0478487"/>
 <node id="4215182363" visible="true" version="1" changeset="39662080" timestamp="2016-05-30T10:40:48Z" user="manoharuss" uid="3769434" lat="30.3397214" lon="78.0477749"/>
 <node id="4215182364" visible="true" version="1" changeset="39662080" timestamp="2016-05-30T10:40:48Z" user="manoharuss" uid="3769434" lat="30.3397377" lon="78.0489360"/>
 <node id="4215182365" visible="true" version="1" changeset="39662080" timestamp="2016-05-30T10:40:48Z" user="manoharuss" uid="3769434" lat="30.3397427" lon="78.0474994"/>
 <node id="4215182366" visible="true" version="1" changeset="39662080" timestamp="2016-05-30T10:40:48Z" user="manoharuss" uid="3769434" lat="30.3397632" lon="78.0475621"/>
 <node id="4215182367" visible="true" version="1" changeset="39662080" timestamp="2016-05-30T10:40:48Z" user="manoharuss" uid="3769434" lat="30.3398032" lon="78.0488502"/>
 <node id="4215182368" visible="true" version="1" changeset="39662080" timestamp="2016-05-30T10:40:48Z" user="manoharuss" uid="3769434" lat="30.3398033" lon="78.0470149"/>
 <node id="4215182369" visible="true" version="1" changeset="39662080" timestamp="2016-05-30T10:40:48Z" user="manoharuss" uid="3769434" lat="30.3398070" lon="78.0470641"/>
 <node id="4215182370" visible="true" version="1" changeset="39662080" timestamp="2016-05-30T10:40:48Z" user="manoharuss" uid="3769434" lat="30.3398087" lon="78.0484907"/>
 <node id="4215182371" visible="true" version="1" changeset="39662080" timestamp="2016-05-30T10:40:48Z" user="manoharuss" uid="3769434" lat="30.3398262" lon="78.0470359"/>
 <node id="4215182372" visible="true" version="1" changeset="39662080" timestamp="2016-05-30T10:40:48Z" user="manoharuss" uid="3769434" lat="30.3398292" lon="78.0476265"/>
 <node id="4215182373" visible="true" version="1" changeset="39662080" timestamp="2016-05-30T10:40:48Z" user="manoharuss" uid="3769434" lat="30.3398360" lon="78.0472181"/>
 <node id="4215182374" visible="true" version="1" changeset="39662080" timestamp="2016-05-30T10:40:48Z" user="manoharuss" uid="3769434" lat="30.3398620" lon="78.0471144"/>
 <node id="4215182375" visible="true" version="1" changeset="39662080" timestamp="2016-05-30T10:40:48Z" user="manoharuss" uid="3769434" lat="30.3398644" lon="78.0469252"/>
 <node id="4215182376" visible="true" version="1" changeset="39662080" timestamp="2016-05-30T10:40:48Z" user="manoharuss" uid="3769434" lat="30.3398664" lon="78.0484032"/>
 <node id="4215182377" visible="true" version="1" changeset="39662080" timestamp="2016-05-30T10:40:48Z" user="manoharuss" uid="3769434" lat="30.3398750" lon="78.0470306"/>
 <node id="4215182378" visible="true" version="1" changeset="39662080" timestamp="2016-05-30T10:40:48Z" user="manoharuss" uid="3769434" lat="30.3398849" lon="78.0485581"/>
 <node id="4215182379" visible="true" version="1" changeset="39662080" timestamp="2016-05-30T10:40:48Z" user="manoharuss" uid="3769434" lat="30.3398962" lon="78.0469542"/>
 <node id="4215182380" visible="true" version="1" changeset="39662080" timestamp="2016-05-30T10:40:48Z" user="manoharuss" uid="3769434" lat="30.3398971" lon="78.0469982"/>
 <node id="4215182381" visible="true" version="1" changeset="39662080" timestamp="2016-05-30T10:40:48Z" user="manoharuss" uid="3769434" lat="30.3399022" lon="78.0470554"/>
 <node id="4215182382" visible="true" version="1" changeset="39662080" timestamp="2016-05-30T10:40:48Z" user="manoharuss" uid="3769434" lat="30.3399035" lon="78.0472788"/>
 <node id="4215182383" visible="true" version="1" changeset="39662080" timestamp="2016-05-30T10:40:48Z" user="manoharuss" uid="3769434" lat="30.3399081" lon="78.0469367"/>
 <node id="4215182384" visible="true" version="1" changeset="39662080" timestamp="2016-05-30T10:40:48Z" user="manoharuss" uid="3769434" lat="30.3399084" lon="78.0471101"/>
 <node id="4215182385" visible="true" version="1" changeset="39662080" timestamp="2016-05-30T10:40:48Z" user="manoharuss" uid="3769434" lat="30.3399199" lon="78.0497841"/>
 <node id="4215182386" visible="true" version="1" changeset="39662080" timestamp="2016-05-30T10:40:48Z" user="manoharuss" uid="3769434" lat="30.3399248" lon="78.0470236"/>
 <node id="4215182387" visible="true" version="1" changeset="39662080" timestamp="2016-05-30T10:40:48Z" user="manoharuss" uid="3769434" lat="30.3399426" lon="78.0484706"/>
 <node id="4215182388" visible="true" version="1" changeset="39662080" timestamp="2016-05-30T10:40:48Z" user="manoharuss" uid="3769434" lat="30.3399520" lon="78.0473297"/>
 <node id="4215182389" visible="true" version="1" changeset="39662080" timestamp="2016-05-30T10:40:48Z" user="manoharuss" uid="3769434" lat="30.3399549" lon="78.0469795"/>
 <node id="4215182390" visible="true" version="1" changeset="39662080" timestamp="2016-05-30T10:40:48Z" user="manoharuss" uid="3769434" lat="30.3399759" lon="78.0471709"/>
 <node id="4215182391" visible="true" version="1" changeset="39662080" timestamp="2016-05-30T10:40:48Z" user="manoharuss" uid="3769434" lat="30.3400157" lon="78.0472170"/>
 <node id="4215182392" visible="true" version="1" changeset="39662080" timestamp="2016-05-30T10:40:48Z" user="manoharuss" uid="3769434" lat="30.3400165" lon="78.0473786"/>
 <node id="4215182393" visible="true" version="1" changeset="39662080" timestamp="2016-05-30T10:40:48Z" user="manoharuss" uid="3769434" lat="30.3400249" lon="78.0496426"/>
 <node id="4215182394" visible="true" version="1" changeset="39662080" timestamp="2016-05-30T10:40:48Z" user="manoharuss" uid="3769434" lat="30.3400399" lon="78.0499036"/>
 <node id="4215182395" visible="true" version="1" changeset="39662080" timestamp="2016-05-30T10:40:48Z" user="manoharuss" uid="3769434" lat="30.3400728" lon="78.0496188"/>
 <node id="4215182396" visible="true" version="1" changeset="39662080" timestamp="2016-05-30T10:40:48Z" user="manoharuss" uid="3769434" lat="30.3400802" lon="78.0472659"/>
 <node id="4215182397" visible="true" version="1" changeset="39662080" timestamp="2016-05-30T10:40:48Z" user="manoharuss" uid="3769434" lat="30.3401289" lon="78.0495446"/>
 <node id="4215182398" visible="true" version="1" changeset="39662080" timestamp="2016-05-30T10:40:48Z" user="manoharuss" uid="3769434" lat="30.3401383" lon="78.0503294"/>
 <node id="4215182399" visible="true" version="1" changeset="39662080" timestamp="2016-05-30T10:40:48Z" user="manoharuss" uid="3769434" lat="30.3401438" lon="78.0494702"/>
 <node id="4215182400" visible="true" version="1" changeset="39662080" timestamp="2016-05-30T10:40:48Z" user="manoharuss" uid="3769434" lat="30.3401449" lon="78.0497622"/>
 <node id="4215182401" visible="true" version="1" changeset="39662080" timestamp="2016-05-30T10:40:48Z" user="manoharuss" uid="3769434" lat="30.3401865" lon="78.0497341"/>
 <node id="4215182402" visible="true" version="1" changeset="39662080" timestamp="2016-05-30T10:40:48Z" user="manoharuss" uid="3769434" lat="30.3401911" lon="78.0506482"/>
 <node id="4215182403" visible="true" version="1" changeset="39662080" timestamp="2016-05-30T10:40:48Z" user="manoharuss" uid="3769434" lat="30.3402033" lon="78.0502584"/>
 <node id="4215182404" visible="true" version="1" changeset="39662080" timestamp="2016-05-30T10:40:48Z" user="manoharuss" uid="3769434" lat="30.3402058" lon="78.0495403"/>
 <node id="4215182405" visible="true" version="1" changeset="39662080" timestamp="2016-05-30T10:40:49Z" user="manoharuss" uid="3769434" lat="30.3402136" lon="78.0504219"/>
 <node id="4215182406" visible="true" version="1" changeset="39662080" timestamp="2016-05-30T10:40:49Z" user="manoharuss" uid="3769434" lat="30.3402178" lon="78.0493822"/>
 <node id="4215182407" visible="true" version="1" changeset="39662080" timestamp="2016-05-30T10:40:49Z" user="manoharuss" uid="3769434" lat="30.3402425" lon="78.0496599"/>
 <node id="4215182408" visible="true" version="1" changeset="39662080" timestamp="2016-05-30T10:40:49Z" user="manoharuss" uid="3769434" lat="30.3402476" lon="78.0505786"/>
 <node id="4215182409" visible="true" version="1" changeset="39662080" timestamp="2016-05-30T10:40:49Z" user="manoharuss" uid="3769434" lat="30.3402604" lon="78.0493423"/>
 <node id="4215182410" visible="true" version="1" changeset="39662080" timestamp="2016-05-30T10:40:49Z" user="manoharuss" uid="3769434" lat="30.3402703" lon="78.0500799"/>
 <node id="4215182411" visible="true" version="1" changeset="39662080" timestamp="2016-05-30T10:40:49Z" user="manoharuss" uid="3769434" lat="30.3402783" lon="78.0505838"/>
 <node id="4215182412" visible="true" version="1" changeset="39662080" timestamp="2016-05-30T10:40:49Z" user="manoharuss" uid="3769434" lat="30.3402784" lon="78.0486610"/>
 <node id="4215182413" visible="true" version="1" changeset="39662080" timestamp="2016-05-30T10:40:49Z" user="manoharuss" uid="3769434" lat="30.3402785" lon="78.0503510"/>
 <node id="4215182414" visible="true" version="1" changeset="39662080" timestamp="2016-05-30T10:40:49Z" user="manoharuss" uid="3769434" lat="30.3402799" lon="78.0494522"/>
 <node id="4215182415" visible="true" version="1" changeset="39662080" timestamp="2016-05-30T10:40:49Z" user="manoharuss" uid="3769434" lat="30.3402954" lon="78.0507619"/>
 <node id="4215182416" visible="true" version="1" changeset="39662080" timestamp="2016-05-30T10:40:49Z" user="manoharuss" uid="3769434" lat="30.3403070" lon="78.0505478"/>
 <node id="4215182417" visible="true" version="1" changeset="39662080" timestamp="2016-05-30T10:40:49Z" user="manoharuss" uid="3769434" lat="30.3403298" lon="78.0492611"/>
 <node id="4215182418" visible="true" version="1" changeset="39662080" timestamp="2016-05-30T10:40:49Z" user="manoharuss" uid="3769434" lat="30.3403363" lon="78.0506459"/>
 <node id="4215182419" visible="true" version="1" changeset="39662080" timestamp="2016-05-30T10:40:49Z" user="manoharuss" uid="3769434" lat="30.3403384" lon="78.0500056"/>
 <node id="4215182420" visible="true" version="1" changeset="39662080" timestamp="2016-05-30T10:40:49Z" user="manoharuss" uid="3769434" lat="30.3403422" lon="78.0505855"/>
 <node id="4215182421" visible="true" version="1" changeset="39662080" timestamp="2016-05-30T10:40:49Z" user="manoharuss" uid="3769434" lat="30.3403519" lon="78.0506924"/>
 <node id="4215182422" visible="true" version="1" changeset="39662080" timestamp="2016-05-30T10:40:49Z" user="manoharuss" uid="3769434" lat="30.3403526" lon="78.0485670"/>
 <node id="4215182423" visible="true" version="1" changeset="39662080" timestamp="2016-05-30T10:40:49Z" user="manoharuss" uid="3769434" lat="30.3403571" lon="78.0492324"/>
 <node id="4215182424" visible="true" version="1" changeset="39662080" timestamp="2016-05-30T10:40:49Z" user="manoharuss" uid="3769434" lat="30.3403594" lon="78.0487469"/>
 <node id="4215182425" visible="true" version="1" changeset="39662080" timestamp="2016-05-30T10:40:49Z" user="manoharuss" uid="3769434" lat="30.3403646" lon="78.0494617"/>
 <node id="4215182426" visible="true" version="1" changeset="39662080" timestamp="2016-05-30T10:40:49Z" user="manoharuss" uid="3769434" lat="30.3403702" lon="78.0505504"/>
 <node id="4215182427" visible="true" version="1" changeset="39662080" timestamp="2016-05-30T10:40:49Z" user="manoharuss" uid="3769434" lat="30.3403716" lon="78.0492732"/>
 <node id="4215182428" visible="true" version="1" changeset="39662080" timestamp="2016-05-30T10:40:49Z" user="manoharuss" uid="3769434" lat="30.3403759" lon="78.0487259"/>
 <node id="4215182429" visible="true" version="1" changeset="39662080" timestamp="2016-05-30T10:40:49Z" user="manoharuss" uid="3769434" lat="30.3403825" lon="78.0492597"/>
 <node id="4215182430" visible="true" version="1" changeset="39662080" timestamp="2016-05-30T10:40:49Z" user="manoharuss" uid="3769434" lat="30.3403826" lon="78.0502181"/>
 <node id="4215182431" visible="true" version="1" changeset="39662080" timestamp="2016-05-30T10:40:50Z" user="manoharuss" uid="3769434" lat="30.3403850" lon="78.0486013"/>
 <node id="4215182432" visible="true" version="1" changeset="39662080" timestamp="2016-05-30T10:40:50Z" user="manoharuss" uid="3769434" lat="30.3403895" lon="78.0497044"/>
 <node id="4215182433" visible="true" version="1" changeset="39662080" timestamp="2016-05-30T10:40:50Z" user="manoharuss" uid="3769434" lat="30.3403930" lon="78.0505748"/>
 <node id="4215182434" visible="true" version="1" changeset="39662080" timestamp="2016-05-30T10:40:50Z" user="manoharuss" uid="3769434" lat="30.3403961" lon="78.0485872"/>
 <node id="4215182435" visible="true" version="1" changeset="39662080" timestamp="2016-05-30T10:40:50Z" user="manoharuss" uid="3769434" lat="30.3404201" lon="78.0491539"/>
 <node id="4215182436" visible="true" version="1" changeset="39662080" timestamp="2016-05-30T10:40:50Z" user="manoharuss" uid="3769434" lat="30.3404206" lon="78.0487732"/>
 <node id="4215182437" visible="true" version="1" changeset="39662080" timestamp="2016-05-30T10:40:50Z" user="manoharuss" uid="3769434" lat="30.3404300" lon="78.0497514"/>
 <node id="4215182438" visible="true" version="1" changeset="39662080" timestamp="2016-05-30T10:40:50Z" user="manoharuss" uid="3769434" lat="30.3404340" lon="78.0493804"/>
 <node id="4215182439" visible="true" version="1" changeset="39662080" timestamp="2016-05-30T10:40:50Z" user="manoharuss" uid="3769434" lat="30.3404445" lon="78.0493517"/>
 <node id="4215182440" visible="true" version="1" changeset="39662080" timestamp="2016-05-30T10:40:50Z" user="manoharuss" uid="3769434" lat="30.3404481" lon="78.0491841"/>
 <node id="4215182441" visible="true" version="1" changeset="39662080" timestamp="2016-05-30T10:40:50Z" user="manoharuss" uid="3769434" lat="30.3404507" lon="78.0501437"/>
 <node id="4215182442" visible="true" version="1" changeset="39662080" timestamp="2016-05-30T10:40:50Z" user="manoharuss" uid="3769434" lat="30.3404508" lon="78.0496333"/>
 <node id="4215182443" visible="true" version="1" changeset="39662080" timestamp="2016-05-30T10:40:50Z" user="manoharuss" uid="3769434" lat="30.3404518" lon="78.0491794"/>
 <node id="4215182444" visible="true" version="1" changeset="39662080" timestamp="2016-05-30T10:40:50Z" user="manoharuss" uid="3769434" lat="30.3404792" lon="78.0488208"/>
 <node id="4215182445" visible="true" version="1" changeset="39662080" timestamp="2016-05-30T10:40:50Z" user="manoharuss" uid="3769434" lat="30.3404854" lon="78.0487840"/>
 <node id="4215182446" visible="true" version="1" changeset="39662080" timestamp="2016-05-30T10:40:50Z" user="manoharuss" uid="3769434" lat="30.3404879" lon="78.0488654"/>
 <node id="4215182447" visible="true" version="1" changeset="39662080" timestamp="2016-05-30T10:40:50Z" user="manoharuss" uid="3769434" lat="30.3404894" lon="78.0486860"/>
 <node id="4215182448" visible="true" version="1" changeset="39662080" timestamp="2016-05-30T10:40:50Z" user="manoharuss" uid="3769434" lat="30.3404914" lon="78.0496803"/>
 <node id="4215182449" visible="true" version="1" changeset="39662080" timestamp="2016-05-30T10:40:50Z" user="manoharuss" uid="3769434" lat="30.3404979" lon="78.0487971"/>
 <node id="4215182450" visible="true" version="1" changeset="39662080" timestamp="2016-05-30T10:40:50Z" user="manoharuss" uid="3769434" lat="30.3404993" lon="78.0487468"/>
 <node id="4215182451" visible="true" version="1" changeset="39662080" timestamp="2016-05-30T10:40:50Z" user="manoharuss" uid="3769434" lat="30.3405031" lon="78.0488461"/>
 <node id="4215182452" visible="true" version="1" changeset="39662080" timestamp="2016-05-30T10:40:50Z" user="manoharuss" uid="3769434" lat="30.3405077" lon="78.0487556"/>
 <node id="4215182453" visible="true" version="1" changeset="39662080" timestamp="2016-05-30T10:40:50Z" user="manoharuss" uid="3769434" lat="30.3405117" lon="78.0503881"/>
 <node id="4215182454" visible="true" version="1" changeset="39662080" timestamp="2016-05-30T10:40:50Z" user="manoharuss" uid="3769434" lat="30.3405220" lon="78.0492551"/>
 <node id="4215182455" visible="true" version="1" changeset="39662080" timestamp="2016-05-30T10:40:50Z" user="manoharuss" uid="3769434" lat="30.3405255" lon="78.0489051"/>
 <node id="4215182456" visible="true" version="1" changeset="39662080" timestamp="2016-05-30T10:40:50Z" user="manoharuss" uid="3769434" lat="30.3405317" lon="78.0494173"/>
 <node id="4215182457" visible="true" version="1" changeset="39662080" timestamp="2016-05-30T10:40:50Z" user="manoharuss" uid="3769434" lat="30.3405325" lon="78.0494561"/>
 <node id="4215182458" visible="true" version="1" changeset="39662080" timestamp="2016-05-30T10:40:50Z" user="manoharuss" uid="3769434" lat="30.3405332" lon="78.0487037"/>
 <node id="4215182459" visible="true" version="1" changeset="39662080" timestamp="2016-05-30T10:40:50Z" user="manoharuss" uid="3769434" lat="30.3405422" lon="78.0503501"/>
 <node id="4215182460" visible="true" version="1" changeset="39662080" timestamp="2016-05-30T10:40:50Z" user="manoharuss" uid="3769434" lat="30.3405489" lon="78.0494359"/>
 <node id="4215182461" visible="true" version="1" changeset="39662080" timestamp="2016-05-30T10:40:50Z" user="manoharuss" uid="3769434" lat="30.3405523" lon="78.0489311"/>
 <node id="4215182462" visible="true" version="1" changeset="39662080" timestamp="2016-05-30T10:40:50Z" user="manoharuss" uid="3769434" lat="30.3405558" lon="78.0488947"/>
 <node id="4215182463" visible="true" version="1" changeset="39662080" timestamp="2016-05-30T10:40:50Z" user="manoharuss" uid="3769434" lat="30.3405647" lon="78.0503743"/>
 <node id="4215182464" visible="true" version="1" changeset="39662080" timestamp="2016-05-30T10:40:50Z" user="manoharuss" uid="3769434" lat="30.3405694" lon="78.0489084"/>
 <node id="4215182465" visible="true" version="1" changeset="39662080" timestamp="2016-05-30T10:40:50Z" user="manoharuss" uid="3769434" lat="30.3405788" lon="78.0504605"/>
 <node id="4215182466" visible="true" version="1" changeset="39662080" timestamp="2016-05-30T10:40:50Z" user="manoharuss" uid="3769434" lat="30.3405834" lon="78.0487871"/>
 <node id="4215182467" visible="true" version="1" changeset="39662080" timestamp="2016-05-30T10:40:50Z" user="manoharuss" uid="3769434" lat="30.3405965" lon="78.0487705"/>
 <node id="4215182468" visible="true" version="1" changeset="39662080" timestamp="2016-05-30T10:40:50Z" user="manoharuss" uid="3769434" lat="30.3405971" lon="78.0503340"/>
 <node id="4215182469" visible="true" version="1" changeset="39662080" timestamp="2016-05-30T10:40:50Z" user="manoharuss" uid="3769434" lat="30.3406025" lon="78.0488072"/>
 <node id="4215182470" visible="true" version="1" changeset="39662080" timestamp="2016-05-30T10:40:50Z" user="manoharuss" uid="3769434" lat="30.3406036" lon="78.0495333"/>
 <node id="4215182471" visible="true" version="1" changeset="39662080" timestamp="2016-05-30T10:40:50Z" user="manoharuss" uid="3769434" lat="30.3406055" lon="78.0489848"/>
 <node id="4215182472" visible="true" version="1" changeset="39662080" timestamp="2016-05-30T10:40:50Z" user="manoharuss" uid="3769434" lat="30.3406062" lon="78.0491878"/>
 <node id="4215182473" visible="true" version="1" changeset="39662080" timestamp="2016-05-30T10:40:50Z" user="manoharuss" uid="3769434" lat="30.3406181" lon="78.0493105"/>
 <node id="4215182474" visible="true" version="1" changeset="39662080" timestamp="2016-05-30T10:40:50Z" user="manoharuss" uid="3769434" lat="30.3406237" lon="78.0494582"/>
 <node id="4215182475" visible="true" version="1" changeset="39662080" timestamp="2016-05-30T10:40:50Z" user="manoharuss" uid="3769434" lat="30.3406278" lon="78.0489551"/>
 <node id="4215182476" visible="true" version="1" changeset="39662080" timestamp="2016-05-30T10:40:50Z" user="manoharuss" uid="3769434" lat="30.3406309" lon="78.0487948"/>
 <node id="4215182477" visible="true" version="1" changeset="39662080" timestamp="2016-05-30T10:40:50Z" user="manoharuss" uid="3769434" lat="30.3406335" lon="78.0489609"/>
 <node id="4215182478" visible="true" version="1" changeset="39662080" timestamp="2016-05-30T10:40:50Z" user="manoharuss" uid="3769434" lat="30.3406418" lon="78.0503822"/>
 <node id="4215182479" visible="true" version="1" changeset="39662080" timestamp="2016-05-30T10:40:50Z" user="manoharuss" uid="3769434" lat="30.3406453" lon="78.0494817"/>
 <node id="4215182480" visible="true" version="1" changeset="39662080" timestamp="2016-05-30T10:40:50Z" user="manoharuss" uid="3769434" lat="30.3406557" lon="78.0491294"/>
 <node id="4215182481" visible="true" version="1" changeset="39662080" timestamp="2016-05-30T10:40:50Z" user="manoharuss" uid="3769434" lat="30.3406735" lon="78.0488943"/>
 <node id="4215182482" visible="true" version="1" changeset="39662080" timestamp="2016-05-30T10:40:50Z" user="manoharuss" uid="3769434" lat="30.3406757" lon="78.0492669"/>
 <node id="4215182483" visible="true" version="1" changeset="39662080" timestamp="2016-05-30T10:40:50Z" user="manoharuss" uid="3769434" lat="30.3406792" lon="78.0489000"/>
 <node id="4215182484" visible="true" version="1" changeset="39662080" timestamp="2016-05-30T10:40:50Z" user="manoharuss" uid="3769434" lat="30.3406847" lon="78.0493828"/>
 <node id="4215182485" visible="true" version="1" changeset="39662080" timestamp="2016-05-30T10:40:50Z" user="manoharuss" uid="3769434" lat="30.3406976" lon="78.0488622"/>
 <node id="4215182486" visible="true" version="1" changeset="39662080" timestamp="2016-05-30T10:40:50Z" user="manoharuss" uid="3769434" lat="30.3407252" lon="78.0492085"/>
 <node id="4215182487" visible="true" version="1" changeset="39662080" timestamp="2016-05-30T10:40:50Z" user="manoharuss" uid="3769434" lat="30.3407810" lon="78.0492387"/>
 <node id="4215182488" visible="true" version="1" changeset="39662080" timestamp="2016-05-30T10:40:50Z" user="manoharuss" uid="3769434" lat="30.3408446" lon="78.0506783"/>
 <node id="4215182489" visible="true" version="1" changeset="39662080" timestamp="2016-05-30T10:40:50Z" user="manoharuss" uid="3769434" lat="30.3408447" lon="78.0493138"/>
 <node id="4215182490" visible="true" version="1" changeset="39662080" timestamp="2016-05-30T10:40:50Z" user="manoharuss" uid="3769434" lat="30.3408580" lon="78.0480805"/>
 <node id="4215182491" visible="true" version="1" changeset="39662080" timestamp="2016-05-30T10:40:50Z" user="manoharuss" uid="3769434" lat="30.3408957" lon="78.0491082"/>
 <node id="4215182492" visible="true" version="1" changeset="39662080" timestamp="2016-05-30T10:40:50Z" user="manoharuss" uid="3769434" lat="30.3408969" lon="78.0507635"/>
 <node id="4215182493" visible="true" version="2" changeset="39708950" timestamp="2016-06-01T11:59:28Z" user="manoharuss" uid="3769434" lat="30.3407840" lon="78.0482879"/>
 <node id="4215182494" visible="true" version="1" changeset="39662080" timestamp="2016-05-30T10:40:50Z" user="manoharuss" uid="3769434" lat="30.3409233" lon="78.0479950"/>
 <node id="4215182495" visible="true" version="1" changeset="39662080" timestamp="2016-05-30T10:40:50Z" user="manoharuss" uid="3769434" lat="30.3409385" lon="78.0500377"/>
 <node id="4215182496" visible="true" version="2" changeset="39708950" timestamp="2016-06-01T11:59:28Z" user="manoharuss" uid="3769434" lat="30.3409852" lon="78.0483913"/>
 <node id="4215182497" visible="true" version="1" changeset="39662080" timestamp="2016-05-30T10:40:51Z" user="manoharuss" uid="3769434" lat="30.3409513" lon="78.0480238"/>
 <node id="4215182498" visible="true" version="2" changeset="39708950" timestamp="2016-06-01T11:59:28Z" user="manoharuss" uid="3769434" lat="30.3409934" lon="78.0484739"/>
 <node id="4215182499" visible="true" version="1" changeset="39662080" timestamp="2016-05-30T10:40:51Z" user="manoharuss" uid="3769434" lat="30.3409541" lon="78.0505880"/>
 <node id="4215182500" visible="true" version="1" changeset="39662080" timestamp="2016-05-30T10:40:51Z" user="manoharuss" uid="3769434" lat="30.3409589" lon="78.0501299"/>
 <node id="4215182501" visible="true" version="1" changeset="39662080" timestamp="2016-05-30T10:40:51Z" user="manoharuss" uid="3769434" lat="30.3409593" lon="78.0491833"/>
 <node id="4215182502" visible="true" version="1" changeset="39662080" timestamp="2016-05-30T10:40:51Z" user="manoharuss" uid="3769434" lat="30.3409678" lon="78.0480021"/>
 <node id="4215182503" visible="true" version="1" changeset="39662080" timestamp="2016-05-30T10:40:51Z" user="manoharuss" uid="3769434" lat="30.3409695" lon="78.0481947"/>
 <node id="4215182504" visible="true" version="1" changeset="39662080" timestamp="2016-05-30T10:40:51Z" user="manoharuss" uid="3769434" lat="30.3409838" lon="78.0501085"/>
 <node id="4215182505" visible="true" version="1" changeset="39662080" timestamp="2016-05-30T10:40:52Z" user="manoharuss" uid="3769434" lat="30.3409870" lon="78.0505849"/>
 <node id="4215182506" visible="true" version="2" changeset="39708950" timestamp="2016-06-01T11:59:28Z" user="manoharuss" uid="3769434" lat="30.3410249" lon="78.0484381"/>
 <node id="4215182507" visible="true" version="1" changeset="39662080" timestamp="2016-05-30T10:40:52Z" user="manoharuss" uid="3769434" lat="30.3409971" lon="78.0499874"/>
 <node id="4215182508" visible="true" version="1" changeset="39662080" timestamp="2016-05-30T10:40:52Z" user="manoharuss" uid="3769434" lat="30.3410064" lon="78.0506732"/>
 <node id="4215182509" visible="true" version="1" changeset="39662080" timestamp="2016-05-30T10:40:52Z" user="manoharuss" uid="3769434" lat="30.3410131" lon="78.0502147"/>
 <node id="4215182510" visible="true" version="1" changeset="39662080" timestamp="2016-05-30T10:40:52Z" user="manoharuss" uid="3769434" lat="30.3410258" lon="78.0482866"/>
 <node id="4215182511" visible="true" version="1" changeset="39662080" timestamp="2016-05-30T10:40:52Z" user="manoharuss" uid="3769434" lat="30.3410367" lon="78.0506561"/>
 <node id="4215182512" visible="true" version="1" changeset="39662080" timestamp="2016-05-30T10:40:52Z" user="manoharuss" uid="3769434" lat="30.3410377" lon="78.0499901"/>
 <node id="4215182513" visible="true" version="1" changeset="39662080" timestamp="2016-05-30T10:40:52Z" user="manoharuss" uid="3769434" lat="30.3410432" lon="78.0499573"/>
 <node id="4215182514" visible="true" version="1" changeset="39662080" timestamp="2016-05-30T10:40:52Z" user="manoharuss" uid="3769434" lat="30.3410512" lon="78.0480875"/>
 <node id="4215182515" visible="true" version="1" changeset="39662080" timestamp="2016-05-30T10:40:52Z" user="manoharuss" uid="3769434" lat="30.3410546" lon="78.0499766"/>
 <node id="4215182516" visible="true" version="1" changeset="39662080" timestamp="2016-05-30T10:40:52Z" user="manoharuss" uid="3769434" lat="30.3410654" lon="78.0482313"/>
 <node id="4215182517" visible="true" version="1" changeset="39662080" timestamp="2016-05-30T10:40:52Z" user="manoharuss" uid="3769434" lat="30.3410763" lon="78.0505012"/>
 <node id="4215182518" visible="true" version="1" changeset="39662080" timestamp="2016-05-30T10:40:52Z" user="manoharuss" uid="3769434" lat="30.3410812" lon="78.0506144"/>
 <node id="4215182519" visible="true" version="1" changeset="39662080" timestamp="2016-05-30T10:40:52Z" user="manoharuss" uid="3769434" lat="30.3410882" lon="78.0478835"/>
 <node id="4215182520" visible="true" version="1" changeset="39662080" timestamp="2016-05-30T10:40:52Z" user="manoharuss" uid="3769434" lat="30.3410884" lon="78.0482534"/>
 <node id="4215182521" visible="true" version="1" changeset="39662080" timestamp="2016-05-30T10:40:52Z" user="manoharuss" uid="3769434" lat="30.3410925" lon="78.0483506"/>
 <node id="4215182522" visible="true" version="1" changeset="39662080" timestamp="2016-05-30T10:40:52Z" user="manoharuss" uid="3769434" lat="30.3410926" lon="78.0499181"/>
 <node id="4215182523" visible="true" version="1" changeset="39662080" timestamp="2016-05-30T10:40:52Z" user="manoharuss" uid="3769434" lat="30.3410967" lon="78.0501430"/>
 <node id="4215182524" visible="true" version="1" changeset="39662080" timestamp="2016-05-30T10:40:52Z" user="manoharuss" uid="3769434" lat="30.3410969" lon="78.0506370"/>
 <node id="4215182525" visible="true" version="1" changeset="39662080" timestamp="2016-05-30T10:40:52Z" user="manoharuss" uid="3769434" lat="30.3410971" lon="78.0506869"/>
 <node id="4215182526" visible="true" version="1" changeset="39662080" timestamp="2016-05-30T10:40:52Z" user="manoharuss" uid="3769434" lat="30.3411019" lon="78.0500987"/>
 <node id="4215182527" visible="true" version="1" changeset="39662080" timestamp="2016-05-30T10:40:52Z" user="manoharuss" uid="3769434" lat="30.3411040" lon="78.0499374"/>
 <node id="4215182528" visible="true" version="1" changeset="39662080" timestamp="2016-05-30T10:40:52Z" user="manoharuss" uid="3769434" lat="30.3411122" lon="78.0499309"/>
 <node id="4215182529" visible="true" version="1" changeset="39662080" timestamp="2016-05-30T10:40:52Z" user="manoharuss" uid="3769434" lat="30.3411178" lon="78.0483985"/>
 <node id="4215182530" visible="true" version="1" changeset="39662080" timestamp="2016-05-30T10:40:52Z" user="manoharuss" uid="3769434" lat="30.3411182" lon="78.0479113"/>
 <node id="4215182531" visible="true" version="1" changeset="39662080" timestamp="2016-05-30T10:40:52Z" user="manoharuss" uid="3769434" lat="30.3411292" lon="78.0480070"/>
 <node id="4215182532" visible="true" version="1" changeset="39662080" timestamp="2016-05-30T10:40:52Z" user="manoharuss" uid="3769434" lat="30.3411324" lon="78.0481918"/>
 <node id="4215182533" visible="true" version="1" changeset="39662080" timestamp="2016-05-30T10:40:52Z" user="manoharuss" uid="3769434" lat="30.3411368" lon="78.0478844"/>
 <node id="4215182534" visible="true" version="1" changeset="39662080" timestamp="2016-05-30T10:40:52Z" user="manoharuss" uid="3769434" lat="30.3411417" lon="78.0505950"/>
 <node id="4215182535" visible="true" version="1" changeset="39662080" timestamp="2016-05-30T10:40:52Z" user="manoharuss" uid="3769434" lat="30.3411482" lon="78.0477967"/>
 <node id="4215182536" visible="true" version="1" changeset="39662080" timestamp="2016-05-30T10:40:52Z" user="manoharuss" uid="3769434" lat="30.3411548" lon="78.0506364"/>
 <node id="4215182537" visible="true" version="1" changeset="39662080" timestamp="2016-05-30T10:40:52Z" user="manoharuss" uid="3769434" lat="30.3411705" lon="78.0479156"/>
 <node id="4215182538" visible="true" version="1" changeset="39662080" timestamp="2016-05-30T10:40:52Z" user="manoharuss" uid="3769434" lat="30.3411761" lon="78.0482337"/>
 <node id="4215182539" visible="true" version="1" changeset="39662080" timestamp="2016-05-30T10:40:52Z" user="manoharuss" uid="3769434" lat="30.3411765" lon="78.0500395"/>
 <node id="4215182540" visible="true" version="1" changeset="39662080" timestamp="2016-05-30T10:40:52Z" user="manoharuss" uid="3769434" lat="30.3411872" lon="78.0483147"/>
 <node id="4215182541" visible="true" version="1" changeset="39662080" timestamp="2016-05-30T10:40:52Z" user="manoharuss" uid="3769434" lat="30.3411888" lon="78.0508276"/>
 <node id="4215182542" visible="true" version="1" changeset="39662080" timestamp="2016-05-30T10:40:52Z" user="manoharuss" uid="3769434" lat="30.3412072" lon="78.0480797"/>
 <node id="4215182543" visible="true" version="1" changeset="39662080" timestamp="2016-05-30T10:40:52Z" user="manoharuss" uid="3769434" lat="30.3412118" lon="78.0478557"/>
 <node id="4215182544" visible="true" version="1" changeset="39662080" timestamp="2016-05-30T10:40:52Z" user="manoharuss" uid="3769434" lat="30.3412158" lon="78.0483465"/>
 <node id="4215182545" visible="true" version="1" changeset="39662080" timestamp="2016-05-30T10:40:52Z" user="manoharuss" uid="3769434" lat="30.3412191" lon="78.0485112"/>
 <node id="4215182546" visible="true" version="1" changeset="39662080" timestamp="2016-05-30T10:40:52Z" user="manoharuss" uid="3769434" lat="30.3412241" lon="78.0478702"/>
 <node id="4215182547" visible="true" version="1" changeset="39662080" timestamp="2016-05-30T10:40:52Z" user="manoharuss" uid="3769434" lat="30.3412253" lon="78.0483350"/>
 <node id="4215182548" visible="true" version="1" changeset="39662080" timestamp="2016-05-30T10:40:52Z" user="manoharuss" uid="3769434" lat="30.3412398" lon="78.0507440"/>
 <node id="4215182549" visible="true" version="1" changeset="39662080" timestamp="2016-05-30T10:40:52Z" user="manoharuss" uid="3769434" lat="30.3412465" lon="78.0507771"/>
 <node id="4215182550" visible="true" version="1" changeset="39662080" timestamp="2016-05-30T10:40:52Z" user="manoharuss" uid="3769434" lat="30.3412541" lon="78.0482621"/>
 <node id="4215182551" visible="true" version="1" changeset="39662080" timestamp="2016-05-30T10:40:52Z" user="manoharuss" uid="3769434" lat="30.3412619" lon="78.0506810"/>
 <node id="4215182552" visible="true" version="1" changeset="39662080" timestamp="2016-05-30T10:40:52Z" user="manoharuss" uid="3769434" lat="30.3412652" lon="78.0478051"/>
 <node id="4215182553" visible="true" version="1" changeset="39662080" timestamp="2016-05-30T10:40:52Z" user="manoharuss" uid="3769434" lat="30.3412710" lon="78.0507854"/>
 <node id="4215182554" visible="true" version="1" changeset="39662080" timestamp="2016-05-30T10:40:52Z" user="manoharuss" uid="3769434" lat="30.3412792" lon="78.0507040"/>
 <node id="4215182555" visible="true" version="1" changeset="39662080" timestamp="2016-05-30T10:40:52Z" user="manoharuss" uid="3769434" lat="30.3412980" lon="78.0484159"/>
 <node id="4215182556" visible="true" version="1" changeset="39662080" timestamp="2016-05-30T10:40:52Z" user="manoharuss" uid="3769434" lat="30.3413010" lon="78.0477474"/>
 <node id="4215182557" visible="true" version="1" changeset="39662080" timestamp="2016-05-30T10:40:52Z" user="manoharuss" uid="3769434" lat="30.3413021" lon="78.0479429"/>
 <node id="4215182558" visible="true" version="1" changeset="39662080" timestamp="2016-05-30T10:40:52Z" user="manoharuss" uid="3769434" lat="30.3413068" lon="78.0504011"/>
 <node id="4215182559" visible="true" version="1" changeset="39662080" timestamp="2016-05-30T10:40:52Z" user="manoharuss" uid="3769434" lat="30.3413068" lon="78.0506355"/>
 <node id="4215182560" visible="true" version="1" changeset="39662080" timestamp="2016-05-30T10:40:52Z" user="manoharuss" uid="3769434" lat="30.3413193" lon="78.0481754"/>
 <node id="4215182561" visible="true" version="1" changeset="39662080" timestamp="2016-05-30T10:40:52Z" user="manoharuss" uid="3769434" lat="30.3413420" lon="78.0483509"/>
 <node id="4215182562" visible="true" version="1" changeset="39662080" timestamp="2016-05-30T10:40:52Z" user="manoharuss" uid="3769434" lat="30.3413421" lon="78.0504507"/>
 <node id="4215182563" visible="true" version="1" changeset="39662080" timestamp="2016-05-30T10:40:52Z" user="manoharuss" uid="3769434" lat="30.3413490" lon="78.0478751"/>
 <node id="4215182564" visible="true" version="1" changeset="39662080" timestamp="2016-05-30T10:40:52Z" user="manoharuss" uid="3769434" lat="30.3413493" lon="78.0475013"/>
 <node id="4215182565" visible="true" version="1" changeset="39662080" timestamp="2016-05-30T10:40:53Z" user="manoharuss" uid="3769434" lat="30.3413554" lon="78.0506998"/>
 <node id="4215182566" visible="true" version="1" changeset="39662080" timestamp="2016-05-30T10:40:53Z" user="manoharuss" uid="3769434" lat="30.3413633" lon="78.0503471"/>
 <node id="4215182567" visible="true" version="1" changeset="39662080" timestamp="2016-05-30T10:40:53Z" user="manoharuss" uid="3769434" lat="30.3413833" lon="78.0481778"/>
 <node id="4215182568" visible="true" version="1" changeset="39662080" timestamp="2016-05-30T10:40:53Z" user="manoharuss" uid="3769434" lat="30.3413849" lon="78.0478175"/>
 <node id="4215182569" visible="true" version="1" changeset="39662080" timestamp="2016-05-30T10:40:53Z" user="manoharuss" uid="3769434" lat="30.3413939" lon="78.0481184"/>
 <node id="4215182570" visible="true" version="1" changeset="39662080" timestamp="2016-05-30T10:40:53Z" user="manoharuss" uid="3769434" lat="30.3413944" lon="78.0475483"/>
 <node id="4215182571" visible="true" version="1" changeset="39662080" timestamp="2016-05-30T10:40:53Z" user="manoharuss" uid="3769434" lat="30.3413986" lon="78.0503967"/>
 <node id="4215182572" visible="true" version="1" changeset="39662080" timestamp="2016-05-30T10:40:53Z" user="manoharuss" uid="3769434" lat="30.3413995" lon="78.0506491"/>
 <node id="4215182573" visible="true" version="1" changeset="39662080" timestamp="2016-05-30T10:40:53Z" user="manoharuss" uid="3769434" lat="30.3414072" lon="78.0482642"/>
 <node id="4215182574" visible="true" version="1" changeset="39662080" timestamp="2016-05-30T10:40:53Z" user="manoharuss" uid="3769434" lat="30.3414101" lon="78.0476160"/>
 <node id="4215182575" visible="true" version="1" changeset="39662080" timestamp="2016-05-30T10:40:53Z" user="manoharuss" uid="3769434" lat="30.3414129" lon="78.0481368"/>
 <node id="4215182576" visible="true" version="1" changeset="39662080" timestamp="2016-05-30T10:40:53Z" user="manoharuss" uid="3769434" lat="30.3414242" lon="78.0474046"/>
 <node id="4215182577" visible="true" version="1" changeset="39662080" timestamp="2016-05-30T10:40:53Z" user="manoharuss" uid="3769434" lat="30.3414307" lon="78.0480673"/>
 <node id="4215182578" visible="true" version="1" changeset="39662080" timestamp="2016-05-30T10:40:53Z" user="manoharuss" uid="3769434" lat="30.3414318" lon="78.0482248"/>
 <node id="4215182579" visible="true" version="1" changeset="39662080" timestamp="2016-05-30T10:40:53Z" user="manoharuss" uid="3769434" lat="30.3414485" lon="78.0506997"/>
 <node id="4215182580" visible="true" version="1" changeset="39662080" timestamp="2016-05-30T10:40:53Z" user="manoharuss" uid="3769434" lat="30.3414540" lon="78.0505639"/>
 <node id="4215182581" visible="true" version="1" changeset="39662080" timestamp="2016-05-30T10:40:53Z" user="manoharuss" uid="3769434" lat="30.3414549" lon="78.0505771"/>
 <node id="4215182582" visible="true" version="1" changeset="39662080" timestamp="2016-05-30T10:40:53Z" user="manoharuss" uid="3769434" lat="30.3414610" lon="78.0476663"/>
 <node id="4215182583" visible="true" version="1" changeset="39662080" timestamp="2016-05-30T10:40:53Z" user="manoharuss" uid="3769434" lat="30.3414693" lon="78.0474516"/>
 <node id="4215182584" visible="true" version="1" changeset="39662080" timestamp="2016-05-30T10:40:53Z" user="manoharuss" uid="3769434" lat="30.3414868" lon="78.0476584"/>
 <node id="4215182585" visible="true" version="1" changeset="39662080" timestamp="2016-05-30T10:40:53Z" user="manoharuss" uid="3769434" lat="30.3414977" lon="78.0503575"/>
 <node id="4215182586" visible="true" version="1" changeset="39662080" timestamp="2016-05-30T10:40:53Z" user="manoharuss" uid="3769434" lat="30.3414982" lon="78.0481326"/>
 <node id="4215182587" visible="true" version="1" changeset="39662080" timestamp="2016-05-30T10:40:53Z" user="manoharuss" uid="3769434" lat="30.3414992" lon="78.0505107"/>
 <node id="4215182588" visible="true" version="1" changeset="39662080" timestamp="2016-05-30T10:40:53Z" user="manoharuss" uid="3769434" lat="30.3415010" lon="78.0506175"/>
 <node id="4215182589" visible="true" version="1" changeset="39662080" timestamp="2016-05-30T10:40:53Z" user="manoharuss" uid="3769434" lat="30.3415039" lon="78.0506277"/>
 <node id="4215182590" visible="true" version="1" changeset="39662080" timestamp="2016-05-30T10:40:53Z" user="manoharuss" uid="3769434" lat="30.3415079" lon="78.0474829"/>
 <node id="4215182591" visible="true" version="1" changeset="39662080" timestamp="2016-05-30T10:40:53Z" user="manoharuss" uid="3769434" lat="30.3415094" lon="78.0505522"/>
 <node id="4215182592" visible="true" version="1" changeset="39662080" timestamp="2016-05-30T10:40:53Z" user="manoharuss" uid="3769434" lat="30.3415182" lon="78.0476054"/>
 <node id="4215182593" visible="true" version="1" changeset="39662080" timestamp="2016-05-30T10:40:53Z" user="manoharuss" uid="3769434" lat="30.3415223" lon="78.0505371"/>
 <node id="4215182594" visible="true" version="1" changeset="39662080" timestamp="2016-05-30T10:40:53Z" user="manoharuss" uid="3769434" lat="30.3415333" lon="78.0505794"/>
 <node id="4215182595" visible="true" version="1" changeset="39662080" timestamp="2016-05-30T10:40:53Z" user="manoharuss" uid="3769434" lat="30.3415369" lon="78.0476981"/>
 <node id="4215182596" visible="true" version="1" changeset="39662080" timestamp="2016-05-30T10:40:53Z" user="manoharuss" uid="3769434" lat="30.3415380" lon="78.0473283"/>
 <node id="4215182597" visible="true" version="1" changeset="39662080" timestamp="2016-05-30T10:40:53Z" user="manoharuss" uid="3769434" lat="30.3415458" lon="78.0503079"/>
 <node id="4215182598" visible="true" version="1" changeset="39662080" timestamp="2016-05-30T10:40:53Z" user="manoharuss" uid="3769434" lat="30.3415492" lon="78.0504246"/>
 <node id="4215182599" visible="true" version="1" changeset="39662080" timestamp="2016-05-30T10:40:53Z" user="manoharuss" uid="3769434" lat="30.3415589" lon="78.0475332"/>
 <node id="4215182600" visible="true" version="1" changeset="39662080" timestamp="2016-05-30T10:40:53Z" user="manoharuss" uid="3769434" lat="30.3415596" lon="78.0504259"/>
 <node id="4215182601" visible="true" version="1" changeset="39662080" timestamp="2016-05-30T10:40:53Z" user="manoharuss" uid="3769434" lat="30.3415682" lon="78.0476452"/>
 <node id="4215182602" visible="true" version="1" changeset="39662080" timestamp="2016-05-30T10:40:53Z" user="manoharuss" uid="3769434" lat="30.3415727" lon="78.0477556"/>
 <node id="4215182603" visible="true" version="1" changeset="39662080" timestamp="2016-05-30T10:40:53Z" user="manoharuss" uid="3769434" lat="30.3415802" lon="78.0501019"/>
 <node id="4215182604" visible="true" version="1" changeset="39662080" timestamp="2016-05-30T10:40:53Z" user="manoharuss" uid="3769434" lat="30.3415830" lon="78.0476989"/>
 <node id="4215182689" visible="true" version="1" changeset="39662080" timestamp="2016-05-30T10:40:54Z" user="manoharuss" uid="3769434" lat="30.3416783" lon="78.0478402"/>
 <node id="4215182690" visible="true" version="1" changeset="39662080" timestamp="2016-05-30T10:40:54Z" user="manoharuss" uid="3769434" lat="30.3416856" lon="78.0476548"/>
 <node id="4215182691" visible="true" version="1" changeset="39662080" timestamp="2016-05-30T10:40:54Z" user="manoharuss" uid="3769434" lat="30.3416891" lon="78.0477537"/>
 <node id="4215182692" visible="true" version="1" changeset="39662080" timestamp="2016-05-30T10:40:54Z" user="manoharuss" uid="3769434" lat="30.3416962" lon="78.0504581"/>
 <node id="4215182693" visible="true" version="1" changeset="39662080" timestamp="2016-05-30T10:40:54Z" user="manoharuss" uid="3769434" lat="30.3416999" lon="78.0500176"/>
 <node id="4215182694" visible="true" version="1" changeset="39662080" timestamp="2016-05-30T10:40:54Z" user="manoharuss" uid="3769434" lat="30.3417126" lon="78.0477215"/>
 <node id="4215182695" visible="true" version="1" changeset="39662080" timestamp="2016-05-30T10:40:54Z" user="manoharuss" uid="3769434" lat="30.3417165" lon="78.0501831"/>
 <node id="4215182696" visible="true" version="1" changeset="39662080" timestamp="2016-05-30T10:40:54Z" user="manoharuss" uid="3769434" lat="30.3417196" lon="78.0477836"/>
 <node id="4215182697" visible="true" version="1" changeset="39662080" timestamp="2016-05-30T10:40:54Z" user="manoharuss" uid="3769434" lat="30.3417437" lon="78.0505198"/>
 <node id="4215182698" visible="true" version="1" changeset="39662080" timestamp="2016-05-30T10:40:54Z" user="manoharuss" uid="3769434" lat="30.3417489" lon="78.0499833"/>
 <node id="4215182699" visible="true" version="1" changeset="39662080" timestamp="2016-05-30T10:40:54Z" user="manoharuss" uid="3769434" lat="30.3417698" lon="78.0503821"/>
 <node id="4215182700" visible="true" version="1" changeset="39662080" timestamp="2016-05-30T10:40:54Z" user="manoharuss" uid="3769434" lat="30.3417790" lon="78.0501146"/>
 <node id="4215182701" visible="true" version="1" changeset="39662080" timestamp="2016-05-30T10:40:54Z" user="manoharuss" uid="3769434" lat="30.3418022" lon="78.0500606"/>
 <node id="4215182702" visible="true" version="1" changeset="39662080" timestamp="2016-05-30T10:40:54Z" user="manoharuss" uid="3769434" lat="30.3418173" lon="78.0504438"/>
 <node id="4215182709" visible="true" version="1" changeset="39662080" timestamp="2016-05-30T10:40:54Z" user="manoharuss" uid="3769434" lat="30.3419622" lon="78.0497855"/>
 <node id="4215182715" visible="true" version="1" changeset="39662080" timestamp="2016-05-30T10:40:55Z" user="manoharuss" uid="3769434" lat="30.3420155" lon="78.0498628"/>
 <node id="4215191282" visible="true" version="2" changeset="77139031" timestamp="2019-11-15T16:54:14Z" user="Arun Balaji" uid="3427745" lat="30.3374685" lon="78.0498337"/>
 <node id="4215191283" visible="true" version="2" changeset="77139031" timestamp="2019-11-15T16:54:14Z" user="Arun Balaji" uid="3427745" lat="30.3374760" lon="78.0498804"/>
 <node id="4215191284" visible="true" version="2" changeset="77139031" timestamp="2019-11-15T16:54:14Z" user="Arun Balaji" uid="3427745" lat="30.3374928" lon="78.0498566"/>
 <node id="4215191285" visible="true" version="2" changeset="77139031" timestamp="2019-11-15T16:54:14Z" user="Arun Balaji" uid="3427745" lat="30.3374978" lon="78.0497920"/>
 <node id="4215191286" visible="true" version="2" changeset="77139031" timestamp="2019-11-15T16:54:14Z" user="Arun Balaji" uid="3427745" lat="30.3375083" lon="78.0499109"/>
 <node id="4215191287" visible="true" version="2" changeset="77139031" timestamp="2019-11-15T16:54:14Z" user="Arun Balaji" uid="3427745" lat="30.3375221" lon="78.0498149"/>
 <node id="4215191288" visible="true" version="2" changeset="77139031" timestamp="2019-11-15T16:54:14Z" user="Arun Balaji" uid="3427745" lat="30.3375227" lon="78.0499565"/>
 <node id="4215202389" visible="true" version="2" changeset="77139031" timestamp="2019-11-15T16:54:14Z" user="Arun Balaji" uid="3427745" lat="30.3375397" lon="78.0497899"/>
 <node id="4215202390" visible="true" version="2" changeset="77139031" timestamp="2019-11-15T16:54:14Z" user="Arun Balaji" uid="3427745" lat="30.3375720" lon="78.0498204"/>
 <node id="4215202391" visible="true" version="2" changeset="77139031" timestamp="2019-11-15T16:54:14Z" user="Arun Balaji" uid="3427745" lat="30.3376119" lon="78.0498181"/>
 <node id="4215202392" visible="true" version="2" changeset="77139031" timestamp="2019-11-15T16:54:14Z" user="Arun Balaji" uid="3427745" lat="30.3376177" lon="78.0499675"/>
 <node id="4215202393" visible="true" version="2" changeset="77139031" timestamp="2019-11-15T16:54:14Z" user="Arun Balaji" uid="3427745" lat="30.3376775" lon="78.0498749"/>
 <node id="4215202394" visible="true" version="2" changeset="77139031" timestamp="2019-11-15T16:54:14Z" user="Arun Balaji" uid="3427745" lat="30.3376640" lon="78.0499625"/>
 <node id="4215202395" visible="true" version="2" changeset="77139031" timestamp="2019-11-15T16:54:14Z" user="Arun Balaji" uid="3427745" lat="30.3377080" lon="78.0499073"/>
 <node id="4215202396" visible="true" version="2" changeset="77139031" timestamp="2019-11-15T16:54:14Z" user="Arun Balaji" uid="3427745" lat="30.3377392" lon="78.0500430"/>
 <node id="4215202397" visible="true" version="2" changeset="77139031" timestamp="2019-11-15T16:54:14Z" user="Arun Balaji" uid="3427745" lat="30.3377832" lon="78.0499877"/>
 <node id="4215202398" visible="true" version="1" changeset="39662260" timestamp="2016-05-30T10:53:57Z" user="manoharuss" uid="3769434" lat="30.3381646" lon="78.0496816"/>
 <node id="4215202399" visible="true" version="1" changeset="39662260" timestamp="2016-05-30T10:53:57Z" user="manoharuss" uid="3769434" lat="30.3381828" lon="78.0497275"/>
 <node id="4215202400" visible="true" version="1" changeset="39662260" timestamp="2016-05-30T10:53:57Z" user="manoharuss" uid="3769434" lat="30.3381935" lon="78.0497152"/>
 <node id="4215202401" visible="true" version="1" changeset="39662260" timestamp="2016-05-30T10:53:57Z" user="manoharuss" uid="3769434" lat="30.3382105" lon="78.0497598"/>
 <node id="4215202402" visible="true" version="1" changeset="39662260" timestamp="2016-05-30T10:53:57Z" user="manoharuss" uid="3769434" lat="30.3382537" lon="78.0495790"/>
 <node id="4215202403" visible="true" version="1" changeset="39662260" timestamp="2016-05-30T10:53:57Z" user="manoharuss" uid="3769434" lat="30.3383103" lon="78.0496450"/>
 <node id="4215202404" visible="true" version="1" changeset="39662260" timestamp="2016-05-30T10:53:57Z" user="manoharuss" uid="3769434" lat="30.3383308" lon="78.0495812"/>
 <node id="4215202405" visible="true" version="1" changeset="39662260" timestamp="2016-05-30T10:53:57Z" user="manoharuss" uid="3769434" lat="30.3383472" lon="78.0495325"/>
 <node id="4215202406" visible="true" version="1" changeset="39662260" timestamp="2016-05-30T10:53:57Z" user="manoharuss" uid="3769434" lat="30.3383587" lon="78.0495441"/>
 <node id="4215202407" visible="true" version="1" changeset="39662260" timestamp="2016-05-30T10:53:57Z" user="manoharuss" uid="3769434" lat="30.3383725" lon="78.0494988"/>
 <node id="4215202408" visible="true" version="1" changeset="39662260" timestamp="2016-05-30T10:53:57Z" user="manoharuss" uid="3769434" lat="30.3384291" lon="78.0496805"/>
 <node id="4215202409" visible="true" version="1" changeset="39662260" timestamp="2016-05-30T10:53:57Z" user="manoharuss" uid="3769434" lat="30.3384360" lon="78.0493618"/>
 <node id="4215202410" visible="true" version="1" changeset="39662260" timestamp="2016-05-30T10:53:57Z" user="manoharuss" uid="3769434" lat="30.3384823" lon="78.0496098"/>
 <node id="4215202411" visible="true" version="1" changeset="39662260" timestamp="2016-05-30T10:53:57Z" user="manoharuss" uid="3769434" lat="30.3384980" lon="78.0492920"/>
 <node id="4215202412" visible="true" version="1" changeset="39662260" timestamp="2016-05-30T10:53:57Z" user="manoharuss" uid="3769434" lat="30.3384992" lon="78.0494371"/>
 <node id="4215202413" visible="true" version="1" changeset="39662260" timestamp="2016-05-30T10:53:57Z" user="manoharuss" uid="3769434" lat="30.3385611" lon="78.0493674"/>
 <node id="4215202414" visible="true" version="1" changeset="39662260" timestamp="2016-05-30T10:53:57Z" user="manoharuss" uid="3769434" lat="30.3387815" lon="78.0494496"/>
 <node id="4215202415" visible="true" version="1" changeset="39662260" timestamp="2016-05-30T10:53:57Z" user="manoharuss" uid="3769434" lat="30.3388209" lon="78.0494979"/>
 <node id="4215202416" visible="true" version="1" changeset="39662260" timestamp="2016-05-30T10:53:57Z" user="manoharuss" uid="3769434" lat="30.3388371" lon="78.0493182"/>
 <node id="4215202417" visible="true" version="1" changeset="39662260" timestamp="2016-05-30T10:53:57Z" user="manoharuss" uid="3769434" lat="30.3388380" lon="78.0493878"/>
 <node id="4215202418" visible="true" version="1" changeset="39662260" timestamp="2016-05-30T10:53:57Z" user="manoharuss" uid="3769434" lat="30.3388773" lon="78.0494361"/>
 <node id="4215202419" visible="true" version="1" changeset="39662260" timestamp="2016-05-30T10:53:57Z" user="manoharuss" uid="3769434" lat="30.3388950" lon="78.0493839"/>
 <node id="4215202420" visible="true" version="1" changeset="39662260" timestamp="2016-05-30T10:53:57Z" user="manoharuss" uid="3769434" lat="30.3389037" lon="78.0492394"/>
 <node id="4215202421" visible="true" version="1" changeset="39662260" timestamp="2016-05-30T10:53:57Z" user="manoharuss" uid="3769434" lat="30.3389616" lon="78.0493051"/>
 <node id="4215202422" visible="true" version="1" changeset="39662260" timestamp="2016-05-30T10:53:57Z" user="manoharuss" uid="3769434" lat="30.3406853" lon="78.0510326"/>
 <node id="4215202423" visible="true" version="1" changeset="39662260" timestamp="2016-05-30T10:53:57Z" user="manoharuss" uid="3769434" lat="30.3407370" lon="78.0513077"/>
 <node id="4215202424" visible="true" version="1" changeset="39662260" timestamp="2016-05-30T10:53:57Z" user="manoharuss" uid="3769434" lat="30.3407464" lon="78.0509697"/>
 <node id="4215202425" visible="true" version="1" changeset="39662260" timestamp="2016-05-30T10:53:57Z" user="manoharuss" uid="3769434" lat="30.3407521" lon="78.0511196"/>
 <node id="4215202426" visible="true" version="1" changeset="39662260" timestamp="2016-05-30T10:53:57Z" user="manoharuss" uid="3769434" lat="30.3407644" lon="78.0509932"/>
 <node id="4215202427" visible="true" version="1" changeset="39662260" timestamp="2016-05-30T10:53:57Z" user="manoharuss" uid="3769434" lat="30.3407687" lon="78.0507864"/>
 <node id="4215202428" visible="true" version="1" changeset="39662260" timestamp="2016-05-30T10:53:57Z" user="manoharuss" uid="3769434" lat="30.3407742" lon="78.0510665"/>
 <node id="4215202429" visible="true" version="1" changeset="39662260" timestamp="2016-05-30T10:53:57Z" user="manoharuss" uid="3769434" lat="30.3407825" lon="78.0509746"/>
 <node id="4215202430" visible="true" version="1" changeset="39662260" timestamp="2016-05-30T10:53:57Z" user="manoharuss" uid="3769434" lat="30.3407831" lon="78.0513724"/>
 <node id="4215202431" visible="true" version="1" changeset="39662260" timestamp="2016-05-30T10:53:57Z" user="manoharuss" uid="3769434" lat="30.3407833" lon="78.0512634"/>
 <node id="4215202432" visible="true" version="1" changeset="39662260" timestamp="2016-05-30T10:53:57Z" user="manoharuss" uid="3769434" lat="30.3407872" lon="78.0510834"/>
 <node id="4215202433" visible="true" version="1" changeset="39662260" timestamp="2016-05-30T10:53:57Z" user="manoharuss" uid="3769434" lat="30.3408169" lon="78.0507310"/>
 <node id="4215202434" visible="true" version="1" changeset="39662260" timestamp="2016-05-30T10:53:57Z" user="manoharuss" uid="3769434" lat="30.3408182" lon="78.0510211"/>
 <node id="4215202435" visible="true" version="1" changeset="39662260" timestamp="2016-05-30T10:53:57Z" user="manoharuss" uid="3769434" lat="30.3408294" lon="78.0513281"/>
 <node id="4215202436" visible="true" version="1" changeset="39662260" timestamp="2016-05-30T10:53:57Z" user="manoharuss" uid="3769434" lat="30.3408468" lon="78.0508776"/>
 <node id="4215202437" visible="true" version="1" changeset="39662260" timestamp="2016-05-30T10:53:57Z" user="manoharuss" uid="3769434" lat="30.3408950" lon="78.0508222"/>
 <node id="4215202438" visible="true" version="1" changeset="39662260" timestamp="2016-05-30T10:53:57Z" user="manoharuss" uid="3769434" lat="30.3409167" lon="78.0512286"/>
 <node id="4215202439" visible="true" version="1" changeset="39662260" timestamp="2016-05-30T10:53:57Z" user="manoharuss" uid="3769434" lat="30.3409616" lon="78.0512913"/>
 <node id="4215202440" visible="true" version="1" changeset="39662260" timestamp="2016-05-30T10:53:57Z" user="manoharuss" uid="3769434" lat="30.3409641" lon="78.0511830"/>
 <node id="4215202441" visible="true" version="1" changeset="39662260" timestamp="2016-05-30T10:53:57Z" user="manoharuss" uid="3769434" lat="30.3410079" lon="78.0510512"/>
 <node id="4215202442" visible="true" version="1" changeset="39662260" timestamp="2016-05-30T10:53:57Z" user="manoharuss" uid="3769434" lat="30.3410091" lon="78.0512457"/>
 <node id="4215202443" visible="true" version="1" changeset="39662260" timestamp="2016-05-30T10:53:57Z" user="manoharuss" uid="3769434" lat="30.3410540" lon="78.0511085"/>
 <node id="4215202444" visible="true" version="1" changeset="39662260" timestamp="2016-05-30T10:53:57Z" user="manoharuss" uid="3769434" lat="30.3410682" lon="78.0509859"/>
 <node id="4215202445" visible="true" version="1" changeset="39662260" timestamp="2016-05-30T10:53:57Z" user="manoharuss" uid="3769434" lat="30.3411143" lon="78.0510432"/>
 <node id="4215202446" visible="true" version="1" changeset="39662260" timestamp="2016-05-30T10:53:57Z" user="manoharuss" uid="3769434" lat="30.3412357" lon="78.0511324"/>
 <node id="4215202447" visible="true" version="1" changeset="39662260" timestamp="2016-05-30T10:53:57Z" user="manoharuss" uid="3769434" lat="30.3412781" lon="78.0511917"/>
 <node id="4215202448" visible="true" version="1" changeset="39662260" timestamp="2016-05-30T10:53:57Z" user="manoharuss" uid="3769434" lat="30.3412797" lon="78.0510902"/>
 <node id="4215202449" visible="true" version="1" changeset="39662260" timestamp="2016-05-30T10:53:57Z" user="manoharuss" uid="3769434" lat="30.3413221" lon="78.0511495"/>
 <node id="4215202450" visible="true" version="1" changeset="39662260" timestamp="2016-05-30T10:53:58Z" user="manoharuss" uid="3769434" lat="30.3415032" lon="78.0508809"/>
 <node id="4215202451" visible="true" version="1" changeset="39662260" timestamp="2016-05-30T10:53:58Z" user="manoharuss" uid="3769434" lat="30.3415055" lon="78.0511462"/>
 <node id="4215202452" visible="true" version="1" changeset="39662260" timestamp="2016-05-30T10:53:58Z" user="manoharuss" uid="3769434" lat="30.3415081" lon="78.0511075"/>
 <node id="4215202453" visible="true" version="1" changeset="39662260" timestamp="2016-05-30T10:53:58Z" user="manoharuss" uid="3769434" lat="30.3415234" lon="78.0511248"/>
 <node id="4215202454" visible="true" version="1" changeset="39662260" timestamp="2016-05-30T10:53:58Z" user="manoharuss" uid="3769434" lat="30.3415309" lon="78.0511747"/>
 <node id="4215202455" visible="true" version="1" changeset="39662260" timestamp="2016-05-30T10:53:58Z" user="manoharuss" uid="3769434" lat="30.3415369" lon="78.0510554"/>
 <node id="4215202456" visible="true" version="1" changeset="39662260" timestamp="2016-05-30T10:53:58Z" user="manoharuss" uid="3769434" lat="30.3415443" lon="78.0509345"/>
 <node id="4215202457" visible="true" version="1" changeset="39662260" timestamp="2016-05-30T10:53:58Z" user="manoharuss" uid="3769434" lat="30.3415445" lon="78.0510640"/>
 <node id="4215202458" visible="true" version="1" changeset="39662260" timestamp="2016-05-30T10:53:58Z" user="manoharuss" uid="3769434" lat="30.3415559" lon="78.0510328"/>
 <node id="4215202459" visible="true" version="1" changeset="39662260" timestamp="2016-05-30T10:53:58Z" user="manoharuss" uid="3769434" lat="30.3415616" lon="78.0508209"/>
 <node id="4215202460" visible="true" version="1" changeset="39662260" timestamp="2016-05-30T10:53:58Z" user="manoharuss" uid="3769434" lat="30.3416027" lon="78.0508745"/>
 <node id="4215202461" visible="true" version="1" changeset="39662260" timestamp="2016-05-30T10:53:58Z" user="manoharuss" uid="3769434" lat="30.3416042" lon="78.0510871"/>
 <node id="4215202462" visible="true" version="2" changeset="126209536" timestamp="2022-09-15T07:22:11Z" user="VLD258" uid="10979442" lat="30.3417188" lon="78.0511977"/>
 <node id="4215202463" visible="true" version="2" changeset="126209536" timestamp="2022-09-15T07:22:11Z" user="VLD258" uid="10979442" lat="30.3417847" lon="78.0511294"/>
 <node id="4215202464" visible="true" version="2" changeset="126209536" timestamp="2022-09-15T07:22:11Z" user="VLD258" uid="10979442" lat="30.3417923" lon="78.0512930"/>
 <node id="4215202465" visible="true" version="1" changeset="39662260" timestamp="2016-05-30T10:53:58Z" user="manoharuss" uid="3769434" lat="30.3417649" lon="78.0513216"/>
 <node id="4215202466" visible="true" version="1" changeset="39662260" timestamp="2016-05-30T10:53:58Z" user="manoharuss" uid="3769434" lat="30.3418268" lon="78.0514086"/>
 <node id="4215202467" visible="true" version="2" changeset="126209536" timestamp="2022-09-15T07:22:11Z" user="VLD258" uid="10979442" lat="30.3418583" lon="78.0512246"/>
 <node id="4215202468" visible="true" version="1" changeset="39662260" timestamp="2016-05-30T10:53:58Z" user="manoharuss" uid="3769434" lat="30.3418411" lon="78.0512488"/>
 <node id="4215202469" visible="true" version="1" changeset="39662260" timestamp="2016-05-30T10:53:58Z" user="manoharuss" uid="3769434" lat="30.3419030" lon="78.0513358"/>
 <node id="4215215835" visible="true" version="1" changeset="39662504" timestamp="2016-05-30T11:05:34Z" user="manoharuss" uid="3769434" lat="30.3373819" lon="78.0473975"/>
 <node id="4215215836" visible="true" version="1" changeset="39662504" timestamp="2016-05-30T11:05:34Z" user="manoharuss" uid="3769434" lat="30.3373963" lon="78.0470829"/>
 <node id="4215215838" visible="true" version="1" changeset="39662504" timestamp="2016-05-30T11:05:35Z" user="manoharuss" uid="3769434" lat="30.3374083" lon="78.0474221"/>
 <node id="4215215839" visible="true" version="1" changeset="39662504" timestamp="2016-05-30T11:05:35Z" user="manoharuss" uid="3769434" lat="30.3374361" lon="78.0473805"/>
 <node id="4215215840" visible="true" version="1" changeset="39662504" timestamp="2016-05-30T11:05:35Z" user="manoharuss" uid="3769434" lat="30.3374403" lon="78.0473136"/>
 <node id="4215215841" visible="true" version="1" changeset="39662504" timestamp="2016-05-30T11:05:35Z" user="manoharuss" uid="3769434" lat="30.3374438" lon="78.0471419"/>
 <node id="4215215842" visible="true" version="1" changeset="39662504" timestamp="2016-05-30T11:05:35Z" user="manoharuss" uid="3769434" lat="30.3374669" lon="78.0470067"/>
 <node id="4215215843" visible="true" version="1" changeset="39662504" timestamp="2016-05-30T11:05:35Z" user="manoharuss" uid="3769434" lat="30.3374808" lon="78.0472076"/>
 <node id="4215215844" visible="true" version="1" changeset="39662504" timestamp="2016-05-30T11:05:35Z" user="manoharuss" uid="3769434" lat="30.3374884" lon="78.0474283"/>
 <node id="4215215845" visible="true" version="1" changeset="39662504" timestamp="2016-05-30T11:05:35Z" user="manoharuss" uid="3769434" lat="30.3375144" lon="78.0470657"/>
 <node id="4215215846" visible="true" version="1" changeset="39662504" timestamp="2016-05-30T11:05:35Z" user="manoharuss" uid="3769434" lat="30.3375179" lon="78.0473860"/>
 <node id="4215215847" visible="true" version="1" changeset="39662504" timestamp="2016-05-30T11:05:35Z" user="manoharuss" uid="3769434" lat="30.3375279" lon="78.0471436"/>
 <node id="4215215848" visible="true" version="1" changeset="39662504" timestamp="2016-05-30T11:05:35Z" user="manoharuss" uid="3769434" lat="30.3375433" lon="78.0472693"/>
 <node id="4215215849" visible="true" version="1" changeset="39662504" timestamp="2016-05-30T11:05:35Z" user="manoharuss" uid="3769434" lat="30.3375904" lon="78.0472053"/>
 <node id="4215215850" visible="true" version="1" changeset="39662504" timestamp="2016-05-30T11:05:35Z" user="manoharuss" uid="3769434" lat="30.3376519" lon="78.0472810"/>
 <node id="4215215851" visible="true" version="1" changeset="39662504" timestamp="2016-05-30T11:05:35Z" user="manoharuss" uid="3769434" lat="30.3376985" lon="78.0471659"/>
 <node id="4215215852" visible="true" version="1" changeset="39662504" timestamp="2016-05-30T11:05:35Z" user="manoharuss" uid="3769434" lat="30.3377818" lon="78.0471352"/>
 <node id="4215215853" visible="true" version="1" changeset="39662504" timestamp="2016-05-30T11:05:35Z" user="manoharuss" uid="3769434" lat="30.3378598" lon="78.0473938"/>
 <node id="4215215854" visible="true" version="1" changeset="39662504" timestamp="2016-05-30T11:05:35Z" user="manoharuss" uid="3769434" lat="30.3378724" lon="78.0469828"/>
 <node id="4215215855" visible="true" version="1" changeset="39662504" timestamp="2016-05-30T11:05:35Z" user="manoharuss" uid="3769434" lat="30.3378818" lon="78.0478703"/>
 <node id="4215215856" visible="true" version="1" changeset="39662504" timestamp="2016-05-30T11:05:35Z" user="manoharuss" uid="3769434" lat="30.3379063" lon="78.0472787"/>
 <node id="4215215857" visible="true" version="1" changeset="39662504" timestamp="2016-05-30T11:05:35Z" user="manoharuss" uid="3769434" lat="30.3379209" lon="78.0479440"/>
 <node id="4215215858" visible="true" version="1" changeset="39662504" timestamp="2016-05-30T11:05:35Z" user="manoharuss" uid="3769434" lat="30.3379341" lon="78.0477845"/>
 <node id="4215215859" visible="true" version="1" changeset="39662504" timestamp="2016-05-30T11:05:35Z" user="manoharuss" uid="3769434" lat="30.3379346" lon="78.0472572"/>
 <node id="4215215860" visible="true" version="1" changeset="39662504" timestamp="2016-05-30T11:05:35Z" user="manoharuss" uid="3769434" lat="30.3379379" lon="78.0479161"/>
 <node id="4215215861" visible="true" version="1" changeset="39662504" timestamp="2016-05-30T11:05:35Z" user="manoharuss" uid="3769434" lat="30.3380252" lon="78.0471049"/>
 <node id="4215215862" visible="true" version="1" changeset="39662504" timestamp="2016-05-30T11:05:35Z" user="manoharuss" uid="3769434" lat="30.3380415" lon="78.0480635"/>
 <node id="4215215863" visible="true" version="1" changeset="39662504" timestamp="2016-05-30T11:05:35Z" user="manoharuss" uid="3769434" lat="30.3380500" lon="78.0480495"/>
 <node id="4215215864" visible="true" version="1" changeset="39662504" timestamp="2016-05-30T11:05:35Z" user="manoharuss" uid="3769434" lat="30.3380720" lon="78.0481111"/>
 <node id="4215215865" visible="true" version="1" changeset="39662504" timestamp="2016-05-30T11:05:35Z" user="manoharuss" uid="3769434" lat="30.3380812" lon="78.0480959"/>
 <node id="4215215866" visible="true" version="1" changeset="39662504" timestamp="2016-05-30T11:05:35Z" user="manoharuss" uid="3769434" lat="30.3380884" lon="78.0479439"/>
 <node id="4215215867" visible="true" version="1" changeset="39662504" timestamp="2016-05-30T11:05:35Z" user="manoharuss" uid="3769434" lat="30.3381019" lon="78.0479216"/>
 <node id="4215215868" visible="true" version="1" changeset="39662504" timestamp="2016-05-30T11:05:35Z" user="manoharuss" uid="3769434" lat="30.3381064" lon="78.0481392"/>
 <node id="4215215869" visible="true" version="1" changeset="39662504" timestamp="2016-05-30T11:05:35Z" user="manoharuss" uid="3769434" lat="30.3381157" lon="78.0481241"/>
 <node id="4215215870" visible="true" version="1" changeset="39662504" timestamp="2016-05-30T11:05:35Z" user="manoharuss" uid="3769434" lat="30.3381575" lon="78.0481722"/>
 <node id="4215215871" visible="true" version="1" changeset="39662504" timestamp="2016-05-30T11:05:35Z" user="manoharuss" uid="3769434" lat="30.3381632" lon="78.0481629"/>
 <node id="4215215872" visible="true" version="1" changeset="39662504" timestamp="2016-05-30T11:05:35Z" user="manoharuss" uid="3769434" lat="30.3381947" lon="78.0482026"/>
 <node id="4215215873" visible="true" version="1" changeset="39662504" timestamp="2016-05-30T11:05:35Z" user="manoharuss" uid="3769434" lat="30.3382061" lon="78.0481839"/>
 <node id="4215215874" visible="true" version="1" changeset="39662504" timestamp="2016-05-30T11:05:35Z" user="manoharuss" uid="3769434" lat="30.3382479" lon="78.0480742"/>
 <node id="4215215875" visible="true" version="1" changeset="39662504" timestamp="2016-05-30T11:05:35Z" user="manoharuss" uid="3769434" lat="30.3382709" lon="78.0482368"/>
 <node id="4215215876" visible="true" version="1" changeset="39662504" timestamp="2016-05-30T11:05:35Z" user="manoharuss" uid="3769434" lat="30.3383195" lon="78.0479564"/>
 <node id="4215215877" visible="true" version="1" changeset="39662504" timestamp="2016-05-30T11:05:35Z" user="manoharuss" uid="3769434" lat="30.3384010" lon="78.0480230"/>
 <node id="4215215878" visible="true" version="1" changeset="39662504" timestamp="2016-05-30T11:05:35Z" user="manoharuss" uid="3769434" lat="30.3388762" lon="78.0500607"/>
 <node id="4215215879" visible="true" version="1" changeset="39662504" timestamp="2016-05-30T11:05:35Z" user="manoharuss" uid="3769434" lat="30.3389468" lon="78.0499759"/>
 <node id="4215215880" visible="true" version="1" changeset="39662504" timestamp="2016-05-30T11:05:35Z" user="manoharuss" uid="3769434" lat="30.3389469" lon="78.0501397"/>
 <node id="4215215881" visible="true" version="1" changeset="39662504" timestamp="2016-05-30T11:05:35Z" user="manoharuss" uid="3769434" lat="30.3389682" lon="78.0501141"/>
 <node id="4215215882" visible="true" version="1" changeset="39662504" timestamp="2016-05-30T11:05:35Z" user="manoharuss" uid="3769434" lat="30.3389811" lon="78.0501285"/>
 <node id="4215215883" visible="true" version="1" changeset="39662504" timestamp="2016-05-30T11:05:35Z" user="manoharuss" uid="3769434" lat="30.3390304" lon="78.0500692"/>
 <node id="4215215884" visible="true" version="1" changeset="39662504" timestamp="2016-05-30T11:05:35Z" user="manoharuss" uid="3769434" lat="30.3391744" lon="78.0499714"/>
 <node id="4215215885" visible="true" version="1" changeset="39662504" timestamp="2016-05-30T11:05:35Z" user="manoharuss" uid="3769434" lat="30.3392228" lon="78.0496156"/>
 <node id="4215215886" visible="true" version="1" changeset="39662504" timestamp="2016-05-30T11:05:35Z" user="manoharuss" uid="3769434" lat="30.3392334" lon="78.0498978"/>
 <node id="4215215887" visible="true" version="1" changeset="39662504" timestamp="2016-05-30T11:05:36Z" user="manoharuss" uid="3769434" lat="30.3392543" lon="78.0500574"/>
 <node id="4215215888" visible="true" version="1" changeset="39662504" timestamp="2016-05-30T11:05:36Z" user="manoharuss" uid="3769434" lat="30.3392737" lon="78.0495586"/>
 <node id="4215216689" visible="true" version="1" changeset="39662504" timestamp="2016-05-30T11:05:36Z" user="manoharuss" uid="3769434" lat="30.3392933" lon="78.0497001"/>
 <node id="4215216690" visible="true" version="1" changeset="39662504" timestamp="2016-05-30T11:05:36Z" user="manoharuss" uid="3769434" lat="30.3393134" lon="78.0499837"/>
 <node id="4215216691" visible="true" version="1" changeset="39662504" timestamp="2016-05-30T11:05:36Z" user="manoharuss" uid="3769434" lat="30.3393442" lon="78.0496431"/>
 <node id="4215216692" visible="true" version="1" changeset="39662504" timestamp="2016-05-30T11:05:36Z" user="manoharuss" uid="3769434" lat="30.3393806" lon="78.0495414"/>
 <node id="4215216693" visible="true" version="1" changeset="39662504" timestamp="2016-05-30T11:05:36Z" user="manoharuss" uid="3769434" lat="30.3394042" lon="78.0494405"/>
 <node id="4215216694" visible="true" version="1" changeset="39662504" timestamp="2016-05-30T11:05:36Z" user="manoharuss" uid="3769434" lat="30.3394060" lon="78.0495073"/>
 <node id="4215216695" visible="true" version="1" changeset="39662504" timestamp="2016-05-30T11:05:36Z" user="manoharuss" uid="3769434" lat="30.3394189" lon="78.0495798"/>
 <node id="4215216696" visible="true" version="1" changeset="39662504" timestamp="2016-05-30T11:05:36Z" user="manoharuss" uid="3769434" lat="30.3394316" lon="78.0494705"/>
 <node id="4215216697" visible="true" version="1" changeset="39662504" timestamp="2016-05-30T11:05:36Z" user="manoharuss" uid="3769434" lat="30.3394329" lon="78.0493165"/>
 <node id="4215216698" visible="true" version="1" changeset="39662504" timestamp="2016-05-30T11:05:36Z" user="manoharuss" uid="3769434" lat="30.3394443" lon="78.0495457"/>
 <node id="4215216699" visible="true" version="1" changeset="39662504" timestamp="2016-05-30T11:05:36Z" user="manoharuss" uid="3769434" lat="30.3394614" lon="78.0493704"/>
 <node id="4215216700" visible="true" version="1" changeset="39662504" timestamp="2016-05-30T11:05:36Z" user="manoharuss" uid="3769434" lat="30.3394888" lon="78.0494005"/>
 <node id="4215216701" visible="true" version="1" changeset="39662504" timestamp="2016-05-30T11:05:36Z" user="manoharuss" uid="3769434" lat="30.3394952" lon="78.0492331"/>
 <node id="4215216702" visible="true" version="1" changeset="39662504" timestamp="2016-05-30T11:05:36Z" user="manoharuss" uid="3769434" lat="30.3395331" lon="78.0494170"/>
 <node id="4215216703" visible="true" version="1" changeset="39662504" timestamp="2016-05-30T11:05:36Z" user="manoharuss" uid="3769434" lat="30.3395417" lon="78.0499280"/>
 <node id="4215216704" visible="true" version="1" changeset="39662504" timestamp="2016-05-30T11:05:36Z" user="manoharuss" uid="3769434" lat="30.3395830" lon="78.0499735"/>
 <node id="4215216705" visible="true" version="1" changeset="39662504" timestamp="2016-05-30T11:05:36Z" user="manoharuss" uid="3769434" lat="30.3395954" lon="78.0493336"/>
 <node id="4215216706" visible="true" version="1" changeset="39662504" timestamp="2016-05-30T11:05:36Z" user="manoharuss" uid="3769434" lat="30.3396466" lon="78.0498959"/>
 <node id="4215216707" visible="true" version="1" changeset="39662504" timestamp="2016-05-30T11:05:36Z" user="manoharuss" uid="3769434" lat="30.3396505" lon="78.0497953"/>
 <node id="4215216708" visible="true" version="1" changeset="39662504" timestamp="2016-05-30T11:05:36Z" user="manoharuss" uid="3769434" lat="30.3396833" lon="78.0499363"/>
 <node id="4215216709" visible="true" version="1" changeset="39662504" timestamp="2016-05-30T11:05:36Z" user="manoharuss" uid="3769434" lat="30.3397285" lon="78.0498811"/>
 <node id="4215236890" visible="true" version="1" changeset="39663130" timestamp="2016-05-30T11:32:47Z" user="manoharuss" uid="3769434" lat="30.3396728" lon="78.0506787"/>
 <node id="4215236891" visible="true" version="1" changeset="39663130" timestamp="2016-05-30T11:32:47Z" user="manoharuss" uid="3769434" lat="30.3396772" lon="78.0511354"/>
 <node id="4215236892" visible="true" version="1" changeset="39663130" timestamp="2016-05-30T11:32:47Z" user="manoharuss" uid="3769434" lat="30.3396844" lon="78.0504506"/>
 <node id="4215236893" visible="true" version="1" changeset="39663130" timestamp="2016-05-30T11:32:47Z" user="manoharuss" uid="3769434" lat="30.3396900" lon="78.0514964"/>
 <node id="4215236894" visible="true" version="1" changeset="39663130" timestamp="2016-05-30T11:32:47Z" user="manoharuss" uid="3769434" lat="30.3396945" lon="78.0509842"/>
 <node id="4215236895" visible="true" version="1" changeset="39663130" timestamp="2016-05-30T11:32:47Z" user="manoharuss" uid="3769434" lat="30.3397027" lon="78.0503505"/>
 <node id="4215236896" visible="true" version="1" changeset="39663130" timestamp="2016-05-30T11:32:47Z" user="manoharuss" uid="3769434" lat="30.3397097" lon="78.0505769"/>
 <node id="4215236897" visible="true" version="1" changeset="39663130" timestamp="2016-05-30T11:32:47Z" user="manoharuss" uid="3769434" lat="30.3397542" lon="78.0513102"/>
 <node id="4215236898" visible="true" version="1" changeset="39663130" timestamp="2016-05-30T11:32:47Z" user="manoharuss" uid="3769434" lat="30.3398031" lon="78.0504782"/>
 <node id="4215236899" visible="true" version="1" changeset="39663130" timestamp="2016-05-30T11:32:47Z" user="manoharuss" uid="3769434" lat="30.3398081" lon="78.0513930"/>
 <node id="4215250343" visible="true" version="1" changeset="39663130" timestamp="2016-05-30T11:32:44Z" user="manoharuss" uid="3769434" lat="30.3390770" lon="78.0504590"/>
 <node id="4215250344" visible="true" version="1" changeset="39663130" timestamp="2016-05-30T11:32:44Z" user="manoharuss" uid="3769434" lat="30.3390896" lon="78.0518294"/>
 <node id="4215250345" visible="true" version="2" changeset="126205501" timestamp="2022-09-15T05:24:57Z" user="VLD258" uid="10979442" lat="30.3391173" lon="78.0514471"/>
 <node id="4215250346" visible="true" version="1" changeset="39663130" timestamp="2016-05-30T11:32:44Z" user="manoharuss" uid="3769434" lat="30.3390986" lon="78.0514460"/>
 <node id="4215250347" visible="true" version="1" changeset="39663130" timestamp="2016-05-30T11:32:44Z" user="manoharuss" uid="3769434" lat="30.3391028" lon="78.0516497"/>
 <node id="4215250348" visible="true" version="1" changeset="39663130" timestamp="2016-05-30T11:32:44Z" user="manoharuss" uid="3769434" lat="30.3391112" lon="78.0516124"/>
 <node id="4215250349" visible="true" version="1" changeset="39663130" timestamp="2016-05-30T11:32:44Z" user="manoharuss" uid="3769434" lat="30.3391300" lon="78.0503712"/>
 <node id="4215250350" visible="true" version="1" changeset="39663130" timestamp="2016-05-30T11:32:45Z" user="manoharuss" uid="3769434" lat="30.3391309" lon="78.0506317"/>
 <node id="4215250351" visible="true" version="1" changeset="39663130" timestamp="2016-05-30T11:32:45Z" user="manoharuss" uid="3769434" lat="30.3391310" lon="78.0501534"/>
 <node id="4215250352" visible="true" version="1" changeset="39663130" timestamp="2016-05-30T11:32:45Z" user="manoharuss" uid="3769434" lat="30.3391362" lon="78.0505684"/>
 <node id="4215250353" visible="true" version="1" changeset="39663130" timestamp="2016-05-30T11:32:45Z" user="manoharuss" uid="3769434" lat="30.3391384" lon="78.0517719"/>
 <node id="4215250354" visible="true" version="2" changeset="126205501" timestamp="2022-09-15T05:24:57Z" user="VLD258" uid="10979442" lat="30.3391752" lon="78.0513707"/>
 <node id="4215250355" visible="true" version="1" changeset="39663130" timestamp="2016-05-30T11:32:45Z" user="manoharuss" uid="3769434" lat="30.3391545" lon="78.0507079"/>
 <node id="4215250356" visible="true" version="1" changeset="39663130" timestamp="2016-05-30T11:32:45Z" user="manoharuss" uid="3769434" lat="30.3391570" lon="78.0505412"/>
 <node id="4215250357" visible="true" version="1" changeset="39663130" timestamp="2016-05-30T11:32:45Z" user="manoharuss" uid="3769434" lat="30.3391603" lon="78.0505932"/>
 <node id="4215250358" visible="true" version="1" changeset="39663130" timestamp="2016-05-30T11:32:45Z" user="manoharuss" uid="3769434" lat="30.3391648" lon="78.0516068"/>
 <node id="4215250359" visible="true" version="1" changeset="39663130" timestamp="2016-05-30T11:32:45Z" user="manoharuss" uid="3769434" lat="30.3391768" lon="78.0515238"/>
 <node id="4215250360" visible="true" version="2" changeset="126205501" timestamp="2022-09-15T05:24:57Z" user="VLD258" uid="10979442" lat="30.3391995" lon="78.0515306"/>
 <node id="4215250361" visible="true" version="1" changeset="39663130" timestamp="2016-05-30T11:32:45Z" user="manoharuss" uid="3769434" lat="30.3391972" lon="78.0504423"/>
 <node id="4215250362" visible="true" version="1" changeset="39663130" timestamp="2016-05-30T11:32:45Z" user="manoharuss" uid="3769434" lat="30.3392054" lon="78.0506516"/>
 <node id="4215250363" visible="true" version="1" changeset="39663130" timestamp="2016-05-30T11:32:45Z" user="manoharuss" uid="3769434" lat="30.3392131" lon="78.0515493"/>
 <node id="4215250364" visible="true" version="1" changeset="39663130" timestamp="2016-05-30T11:32:45Z" user="manoharuss" uid="3769434" lat="30.3392133" lon="78.0502657"/>
 <node id="4215250365" visible="true" version="1" changeset="39663130" timestamp="2016-05-30T11:32:45Z" user="manoharuss" uid="3769434" lat="30.3392140" lon="78.0504781"/>
 <node id="4215250366" visible="true" version="1" changeset="39663130" timestamp="2016-05-30T11:32:45Z" user="manoharuss" uid="3769434" lat="30.3392240" lon="78.0502459"/>
 <node id="4215250367" visible="true" version="2" changeset="126205501" timestamp="2022-09-15T05:24:57Z" user="VLD258" uid="10979442" lat="30.3392574" lon="78.0514542"/>
 <node id="4215250368" visible="true" version="1" changeset="39663130" timestamp="2016-05-30T11:32:45Z" user="manoharuss" uid="3769434" lat="30.3392373" lon="78.0508083"/>
 <node id="4215250369" visible="true" version="1" changeset="39663130" timestamp="2016-05-30T11:32:45Z" user="manoharuss" uid="3769434" lat="30.3392654" lon="78.0501918"/>
 <node id="4215250370" visible="true" version="1" changeset="39663130" timestamp="2016-05-30T11:32:45Z" user="manoharuss" uid="3769434" lat="30.3392656" lon="78.0508447"/>
 <node id="4215250371" visible="true" version="1" changeset="39663130" timestamp="2016-05-30T11:32:45Z" user="manoharuss" uid="3769434" lat="30.3392662" lon="78.0512289"/>
 <node id="4215250372" visible="true" version="1" changeset="39663130" timestamp="2016-05-30T11:32:45Z" user="manoharuss" uid="3769434" lat="30.3392708" lon="78.0502942"/>
 <node id="4215250373" visible="true" version="1" changeset="39663130" timestamp="2016-05-30T11:32:45Z" user="manoharuss" uid="3769434" lat="30.3392804" lon="78.0503367"/>
 <node id="4215250374" visible="true" version="1" changeset="39663130" timestamp="2016-05-30T11:32:45Z" user="manoharuss" uid="3769434" lat="30.3392817" lon="78.0517389"/>
 <node id="4215250375" visible="true" version="1" changeset="39663130" timestamp="2016-05-30T11:32:45Z" user="manoharuss" uid="3769434" lat="30.3392844" lon="78.0505546"/>
 <node id="4215250376" visible="true" version="1" changeset="39663130" timestamp="2016-05-30T11:32:45Z" user="manoharuss" uid="3769434" lat="30.3392879" lon="78.0502150"/>
 <node id="4215250377" visible="true" version="1" changeset="39663130" timestamp="2016-05-30T11:32:45Z" user="manoharuss" uid="3769434" lat="30.3392882" lon="78.0507520"/>
 <node id="4215250378" visible="true" version="1" changeset="39663130" timestamp="2016-05-30T11:32:45Z" user="manoharuss" uid="3769434" lat="30.3392906" lon="78.0503833"/>
 <node id="4215250379" visible="true" version="1" changeset="39663130" timestamp="2016-05-30T11:32:45Z" user="manoharuss" uid="3769434" lat="30.3393024" lon="78.0501617"/>
 <node id="4215250380" visible="true" version="1" changeset="39663130" timestamp="2016-05-30T11:32:45Z" user="manoharuss" uid="3769434" lat="30.3393053" lon="78.0501923"/>
 <node id="4215250381" visible="true" version="1" changeset="39663130" timestamp="2016-05-30T11:32:45Z" user="manoharuss" uid="3769434" lat="30.3393072" lon="78.0504910"/>
 <node id="4215250382" visible="true" version="1" changeset="39663130" timestamp="2016-05-30T11:32:45Z" user="manoharuss" uid="3769434" lat="30.3393081" lon="78.0514721"/>
 <node id="4215250383" visible="true" version="1" changeset="39663130" timestamp="2016-05-30T11:32:45Z" user="manoharuss" uid="3769434" lat="30.3393113" lon="78.0507917"/>
 <node id="4215250384" visible="true" version="1" changeset="39663130" timestamp="2016-05-30T11:32:45Z" user="manoharuss" uid="3769434" lat="30.3393124" lon="78.0512803"/>
 <node id="4215250385" visible="true" version="1" changeset="39663130" timestamp="2016-05-30T11:32:45Z" user="manoharuss" uid="3769434" lat="30.3393209" lon="78.0509087"/>
 <node id="4215250386" visible="true" version="1" changeset="39663130" timestamp="2016-05-30T11:32:45Z" user="manoharuss" uid="3769434" lat="30.3393224" lon="78.0505075"/>
 <node id="4215250387" visible="true" version="1" changeset="39663130" timestamp="2016-05-30T11:32:45Z" user="manoharuss" uid="3769434" lat="30.3393287" lon="78.0509184"/>
 <node id="4215250388" visible="true" version="1" changeset="39663130" timestamp="2016-05-30T11:32:45Z" user="manoharuss" uid="3769434" lat="30.3393297" lon="78.0502174"/>
 <node id="4215251126" visible="true" version="1" changeset="39663130" timestamp="2016-05-30T11:32:42Z" user="manoharuss" uid="3769434" lat="30.3375826" lon="78.0494972"/>
 <node id="4215251127" visible="true" version="1" changeset="39663130" timestamp="2016-05-30T11:32:42Z" user="manoharuss" uid="3769434" lat="30.3375848" lon="78.0496851"/>
 <node id="4215251128" visible="true" version="1" changeset="39663130" timestamp="2016-05-30T11:32:42Z" user="manoharuss" uid="3769434" lat="30.3376056" lon="78.0495596"/>
 <node id="4215251129" visible="true" version="1" changeset="39663130" timestamp="2016-05-30T11:32:42Z" user="manoharuss" uid="3769434" lat="30.3376087" lon="78.0495253"/>
 <node id="4215251130" visible="true" version="1" changeset="39663130" timestamp="2016-05-30T11:32:42Z" user="manoharuss" uid="3769434" lat="30.3376103" lon="78.0496475"/>
 <node id="4215251131" visible="true" version="1" changeset="39663130" timestamp="2016-05-30T11:32:42Z" user="manoharuss" uid="3769434" lat="30.3376171" lon="78.0497145"/>
 <node id="4215251132" visible="true" version="1" changeset="39663130" timestamp="2016-05-30T11:32:42Z" user="manoharuss" uid="3769434" lat="30.3376177" lon="78.0494536"/>
 <node id="4215251133" visible="true" version="1" changeset="39663130" timestamp="2016-05-30T11:32:42Z" user="manoharuss" uid="3769434" lat="30.3376260" lon="78.0524106"/>
 <node id="4215251135" visible="true" version="1" changeset="39663130" timestamp="2016-05-30T11:32:42Z" user="manoharuss" uid="3769434" lat="30.3376426" lon="78.0496769"/>
 <node id="4215251136" visible="true" version="1" changeset="39663130" timestamp="2016-05-30T11:32:42Z" user="manoharuss" uid="3769434" lat="30.3376438" lon="78.0494818"/>
 <node id="4215251137" visible="true" version="1" changeset="39663130" timestamp="2016-05-30T11:32:42Z" user="manoharuss" uid="3769434" lat="30.3376492" lon="78.0498026"/>
 <node id="4215251138" visible="true" version="1" changeset="39663130" timestamp="2016-05-30T11:32:42Z" user="manoharuss" uid="3769434" lat="30.3376644" lon="78.0522688"/>
 <node id="4215251139" visible="true" version="2" changeset="126203169" timestamp="2022-09-15T03:18:31Z" user="VLD258" uid="10979442" lat="30.3376931" lon="78.0518601"/>
 <node id="4215251140" visible="true" version="1" changeset="39663130" timestamp="2016-05-30T11:32:42Z" user="manoharuss" uid="3769434" lat="30.3376734" lon="78.0497640"/>
 <node id="4215251141" visible="true" version="1" changeset="39663130" timestamp="2016-05-30T11:32:42Z" user="manoharuss" uid="3769434" lat="30.3376824" lon="78.0498306"/>
 <node id="4215251143" visible="true" version="1" changeset="39663130" timestamp="2016-05-30T11:32:42Z" user="manoharuss" uid="3769434" lat="30.3376893" lon="78.0496660"/>
 <node id="4215251144" visible="true" version="1" changeset="39663130" timestamp="2016-05-30T11:32:42Z" user="manoharuss" uid="3769434" lat="30.3376899" lon="78.0498348"/>
 <node id="4215251145" visible="true" version="1" changeset="39663130" timestamp="2016-05-30T11:32:42Z" user="manoharuss" uid="3769434" lat="30.3377066" lon="78.0497920"/>
 <node id="4215251146" visible="true" version="1" changeset="39663130" timestamp="2016-05-30T11:32:42Z" user="manoharuss" uid="3769434" lat="30.3377083" lon="78.0523262"/>
 <node id="4215251148" visible="true" version="1" changeset="39663130" timestamp="2016-05-30T11:32:42Z" user="manoharuss" uid="3769434" lat="30.3377174" lon="78.0497992"/>
 <node id="4215251149" visible="true" version="1" changeset="39663130" timestamp="2016-05-30T11:32:42Z" user="manoharuss" uid="3769434" lat="30.3377182" lon="78.0496999"/>
 <node id="4215251150" visible="true" version="1" changeset="39663130" timestamp="2016-05-30T11:32:42Z" user="manoharuss" uid="3769434" lat="30.3377187" lon="78.0496325"/>
 <node id="4215251151" visible="true" version="1" changeset="39663130" timestamp="2016-05-30T11:32:43Z" user="manoharuss" uid="3769434" lat="30.3377206" lon="78.0498665"/>
 <node id="4215251152" visible="true" version="2" changeset="126203169" timestamp="2022-09-15T03:18:31Z" user="VLD258" uid="10979442" lat="30.3377445" lon="78.0519023"/>
 <node id="4215251154" visible="true" version="1" changeset="39663130" timestamp="2016-05-30T11:32:43Z" user="manoharuss" uid="3769434" lat="30.3377301" lon="78.0497309"/>
 <node id="4215251155" visible="true" version="2" changeset="126203169" timestamp="2022-09-15T03:18:31Z" user="VLD258" uid="10979442" lat="30.3377538" lon="78.0517608"/>
 <node id="4215251156" visible="true" version="1" changeset="39663130" timestamp="2016-05-30T11:32:43Z" user="manoharuss" uid="3769434" lat="30.3377475" lon="78.0496664"/>
 <node id="4215251157" visible="true" version="1" changeset="39663130" timestamp="2016-05-30T11:32:43Z" user="manoharuss" uid="3769434" lat="30.3377480" lon="78.0498309"/>
 <node id="4215251158" visible="true" version="1" changeset="39663130" timestamp="2016-05-30T11:32:43Z" user="manoharuss" uid="3769434" lat="30.3377598" lon="78.0496978"/>
 <node id="4215251159" visible="true" version="1" changeset="39663130" timestamp="2016-05-30T11:32:43Z" user="manoharuss" uid="3769434" lat="30.3377628" lon="78.0497703"/>
 <node id="4215251160" visible="true" version="1" changeset="39663130" timestamp="2016-05-30T11:32:43Z" user="manoharuss" uid="3769434" lat="30.3377638" lon="78.0522669"/>
 <node id="4215251163" visible="true" version="2" changeset="126203169" timestamp="2022-09-15T03:18:31Z" user="VLD258" uid="10979442" lat="30.3378052" lon="78.0518030"/>
 <node id="4215251164" visible="true" version="1" changeset="39663130" timestamp="2016-05-30T11:32:43Z" user="manoharuss" uid="3769434" lat="30.3377925" lon="78.0497372"/>
 <node id="4215251165" visible="true" version="1" changeset="39663130" timestamp="2016-05-30T11:32:43Z" user="manoharuss" uid="3769434" lat="30.3377986" lon="78.0521811"/>
 <node id="4215251167" visible="true" version="1" changeset="39663130" timestamp="2016-05-30T11:32:43Z" user="manoharuss" uid="3769434" lat="30.3378080" lon="78.0487028"/>
 <node id="4215251168" visible="true" version="1" changeset="39663130" timestamp="2016-05-30T11:32:43Z" user="manoharuss" uid="3769434" lat="30.3378220" lon="78.0489179"/>
 <node id="4215251169" visible="true" version="1" changeset="39663130" timestamp="2016-05-30T11:32:43Z" user="manoharuss" uid="3769434" lat="30.3378340" lon="78.0489024"/>
 <node id="4215251171" visible="true" version="1" changeset="39663130" timestamp="2016-05-30T11:32:43Z" user="manoharuss" uid="3769434" lat="30.3378421" lon="78.0489107"/>
 <node id="4215251172" visible="true" version="1" changeset="39663130" timestamp="2016-05-30T11:32:43Z" user="manoharuss" uid="3769434" lat="30.3378802" lon="78.0488615"/>
 <node id="4215251173" visible="true" version="1" changeset="39663130" timestamp="2016-05-30T11:32:43Z" user="manoharuss" uid="3769434" lat="30.3378810" lon="78.0485987"/>
 <node id="4215251174" visible="true" version="1" changeset="39663130" timestamp="2016-05-30T11:32:43Z" user="manoharuss" uid="3769434" lat="30.3378869" lon="78.0523338"/>
 <node id="4215251175" visible="true" version="1" changeset="39663130" timestamp="2016-05-30T11:32:43Z" user="manoharuss" uid="3769434" lat="30.3379006" lon="78.0487900"/>
 <node id="4215251176" visible="true" version="1" changeset="39663130" timestamp="2016-05-30T11:32:43Z" user="manoharuss" uid="3769434" lat="30.3379134" lon="78.0490131"/>
 <node id="4215251177" visible="true" version="1" changeset="39663130" timestamp="2016-05-30T11:32:43Z" user="manoharuss" uid="3769434" lat="30.3379216" lon="78.0522479"/>
 <node id="4215251178" visible="true" version="1" changeset="39663130" timestamp="2016-05-30T11:32:43Z" user="manoharuss" uid="3769434" lat="30.3379304" lon="78.0489138"/>
 <node id="4215251179" visible="true" version="1" changeset="39663130" timestamp="2016-05-30T11:32:43Z" user="manoharuss" uid="3769434" lat="30.3379449" lon="78.0488037"/>
 <node id="4215251180" visible="true" version="1" changeset="39663130" timestamp="2016-05-30T11:32:43Z" user="manoharuss" uid="3769434" lat="30.3379554" lon="78.0488815"/>
 <node id="4215251181" visible="true" version="1" changeset="39663130" timestamp="2016-05-30T11:32:43Z" user="manoharuss" uid="3769434" lat="30.3379713" lon="78.0487506"/>
 <node id="4215251182" visible="true" version="1" changeset="39663130" timestamp="2016-05-30T11:32:43Z" user="manoharuss" uid="3769434" lat="30.3379736" lon="78.0486858"/>
 <node id="4215251183" visible="true" version="1" changeset="39663130" timestamp="2016-05-30T11:32:43Z" user="manoharuss" uid="3769434" lat="30.3379796" lon="78.0487594"/>
 <node id="4215251184" visible="true" version="1" changeset="39663130" timestamp="2016-05-30T11:32:43Z" user="manoharuss" uid="3769434" lat="30.3379828" lon="78.0487359"/>
 <node id="4215251185" visible="true" version="1" changeset="39663130" timestamp="2016-05-30T11:32:43Z" user="manoharuss" uid="3769434" lat="30.3379887" lon="78.0489161"/>
 <node id="4215251186" visible="true" version="1" changeset="39663130" timestamp="2016-05-30T11:32:43Z" user="manoharuss" uid="3769434" lat="30.3380229" lon="78.0488856"/>
 <node id="4215251187" visible="true" version="1" changeset="39663130" timestamp="2016-05-30T11:32:43Z" user="manoharuss" uid="3769434" lat="30.3380691" lon="78.0488266"/>
 <node id="4215251188" visible="true" version="1" changeset="39663130" timestamp="2016-05-30T11:32:43Z" user="manoharuss" uid="3769434" lat="30.3385972" lon="78.0499302"/>
 <node id="4215253135" visible="true" version="2" changeset="126205249" timestamp="2022-09-15T05:14:49Z" user="VLD258" uid="10979442" lat="30.3373098" lon="78.0512466"/>
 <node id="4215253136" visible="true" version="1" changeset="39663130" timestamp="2016-05-30T11:32:41Z" user="manoharuss" uid="3769434" lat="30.3372856" lon="78.0501467"/>
 <node id="4215253137" visible="true" version="2" changeset="126205249" timestamp="2022-09-15T05:14:49Z" user="VLD258" uid="10979442" lat="30.3373526" lon="78.0513169"/>
 <node id="4215253138" visible="true" version="1" changeset="39663130" timestamp="2016-05-30T11:32:41Z" user="manoharuss" uid="3769434" lat="30.3373503" lon="78.0500766"/>
 <node id="4215253139" visible="true" version="1" changeset="39663130" timestamp="2016-05-30T11:32:41Z" user="manoharuss" uid="3769434" lat="30.3373510" lon="78.0502278"/>
 <node id="4215253140" visible="true" version="1" changeset="39663130" timestamp="2016-05-30T11:32:41Z" user="manoharuss" uid="3769434" lat="30.3373761" lon="78.0500784"/>
 <node id="4215253141" visible="true" version="2" changeset="126205249" timestamp="2022-09-15T05:14:49Z" user="VLD258" uid="10979442" lat="30.3374412" lon="78.0511393"/>
 <node id="4215253142" visible="true" version="1" changeset="39663130" timestamp="2016-05-30T11:32:41Z" user="manoharuss" uid="3769434" lat="30.3374157" lon="78.0501577"/>
 <node id="4215253143" visible="true" version="1" changeset="39663130" timestamp="2016-05-30T11:32:41Z" user="manoharuss" uid="3769434" lat="30.3374409" lon="78.0500083"/>
 <node id="4215253144" visible="true" version="1" changeset="39663130" timestamp="2016-05-30T11:32:41Z" user="manoharuss" uid="3769434" lat="30.3374415" lon="78.0501596"/>
 <node id="4215253145" visible="true" version="2" changeset="126205249" timestamp="2022-09-15T05:14:49Z" user="VLD258" uid="10979442" lat="30.3374840" lon="78.0512096"/>
 <node id="4215253146" visible="true" version="1" changeset="39663130" timestamp="2016-05-30T11:32:41Z" user="manoharuss" uid="3769434" lat="30.3375063" lon="78.0500895"/>
 <node id="4215253147" visible="true" version="1" changeset="39663130" timestamp="2016-05-30T11:32:41Z" user="manoharuss" uid="3769434" lat="30.3375457" lon="78.0495631"/>
 <node id="4215253148" visible="true" version="1" changeset="39663130" timestamp="2016-05-30T11:32:41Z" user="manoharuss" uid="3769434" lat="30.3375717" lon="78.0495269"/>
 <node id="4215253149" visible="true" version="1" changeset="39663130" timestamp="2016-05-30T11:32:41Z" user="manoharuss" uid="3769434" lat="30.3375795" lon="78.0495958"/>
 <node id="4215253150" visible="true" version="1" changeset="39663130" timestamp="2016-05-30T11:32:41Z" user="manoharuss" uid="3769434" lat="30.3375821" lon="78.0523531"/>
 <node id="4215253489" visible="true" version="1" changeset="39663130" timestamp="2016-05-30T11:32:43Z" user="manoharuss" uid="3769434" lat="30.3386087" lon="78.0498795"/>
 <node id="4215253490" visible="true" version="1" changeset="39663130" timestamp="2016-05-30T11:32:43Z" user="manoharuss" uid="3769434" lat="30.3386248" lon="78.0498985"/>
 <node id="4215253491" visible="true" version="1" changeset="39663130" timestamp="2016-05-30T11:32:43Z" user="manoharuss" uid="3769434" lat="30.3386442" lon="78.0499852"/>
 <node id="4215253492" visible="true" version="2" changeset="64900295" timestamp="2018-11-26T14:39:01Z" user="venkanna37" uid="5680733" lat="30.3386163" lon="78.0505671"/>
 <node id="4215253493" visible="true" version="1" changeset="39663130" timestamp="2016-05-30T11:32:43Z" user="manoharuss" uid="3769434" lat="30.3386600" lon="78.0498207"/>
 <node id="4215253494" visible="true" version="1" changeset="39663130" timestamp="2016-05-30T11:32:43Z" user="manoharuss" uid="3769434" lat="30.3386774" lon="78.0519348"/>
 <node id="4215253495" visible="true" version="2" changeset="64900295" timestamp="2018-11-26T14:39:01Z" user="venkanna37" uid="5680733" lat="30.3386765" lon="78.0506368"/>
 <node id="4215253496" visible="true" version="1" changeset="39663130" timestamp="2016-05-30T11:32:43Z" user="manoharuss" uid="3769434" lat="30.3387232" lon="78.0498947"/>
 <node id="4215253497" visible="true" version="1" changeset="39663130" timestamp="2016-05-30T11:32:43Z" user="manoharuss" uid="3769434" lat="30.3387318" lon="78.0518758"/>
 <node id="4215253498" visible="true" version="1" changeset="39663130" timestamp="2016-05-30T11:32:43Z" user="manoharuss" uid="3769434" lat="30.3387413" lon="78.0502170"/>
 <node id="4215253499" visible="true" version="2" changeset="64900295" timestamp="2018-11-26T14:39:01Z" user="venkanna37" uid="5680733" lat="30.3387147" lon="78.0505926"/>
 <node id="4215253500" visible="true" version="1" changeset="39663130" timestamp="2016-05-30T11:32:43Z" user="manoharuss" uid="3769434" lat="30.3387504" lon="78.0520252"/>
 <node id="4215253501" visible="true" version="2" changeset="64900295" timestamp="2018-11-26T14:39:01Z" user="venkanna37" uid="5680733" lat="30.3387320" lon="78.0506127"/>
 <node id="4215253502" visible="true" version="2" changeset="64900295" timestamp="2018-11-26T14:39:01Z" user="venkanna37" uid="5680733" lat="30.3387540" lon="78.0504075"/>
 <node id="4215253503" visible="true" version="1" changeset="39663130" timestamp="2016-05-30T11:32:43Z" user="manoharuss" uid="3769434" lat="30.3388048" lon="78.0519662"/>
 <node id="4215253504" visible="true" version="1" changeset="39663130" timestamp="2016-05-30T11:32:43Z" user="manoharuss" uid="3769434" lat="30.3388084" lon="78.0502908"/>
 <node id="4215253505" visible="true" version="1" changeset="39663130" timestamp="2016-05-30T11:32:43Z" user="manoharuss" uid="3769434" lat="30.3388142" lon="78.0501280"/>
 <node id="4215253506" visible="true" version="1" changeset="39663130" timestamp="2016-05-30T11:32:43Z" user="manoharuss" uid="3769434" lat="30.3388164" lon="78.0518401"/>
 <node id="4215253507" visible="true" version="1" changeset="39663130" timestamp="2016-05-30T11:32:43Z" user="manoharuss" uid="3769434" lat="30.3388335" lon="78.0501492"/>
 <node id="4215253508" visible="true" version="1" changeset="39663130" timestamp="2016-05-30T11:32:43Z" user="manoharuss" uid="3769434" lat="30.3388538" lon="78.0501243"/>
 <node id="4215253509" visible="true" version="2" changeset="64900295" timestamp="2018-11-26T14:39:01Z" user="venkanna37" uid="5680733" lat="30.3388316" lon="78.0504974"/>
 <node id="4215253510" visible="true" version="1" changeset="39663130" timestamp="2016-05-30T11:32:43Z" user="manoharuss" uid="3769434" lat="30.3388671" lon="78.0517861"/>
 <node id="4215253511" visible="true" version="1" changeset="39663130" timestamp="2016-05-30T11:32:43Z" user="manoharuss" uid="3769434" lat="30.3388824" lon="78.0519233"/>
 <node id="4215253512" visible="true" version="1" changeset="39663130" timestamp="2016-05-30T11:32:43Z" user="manoharuss" uid="3769434" lat="30.3389017" lon="78.0501769"/>
 <node id="4215253513" visible="true" version="1" changeset="39663130" timestamp="2016-05-30T11:32:43Z" user="manoharuss" uid="3769434" lat="30.3389331" lon="78.0518693"/>
 <node id="4215253514" visible="true" version="1" changeset="39663130" timestamp="2016-05-30T11:32:43Z" user="manoharuss" uid="3769434" lat="30.3389460" lon="78.0516658"/>
 <node id="4215253515" visible="true" version="1" changeset="39663130" timestamp="2016-05-30T11:32:43Z" user="manoharuss" uid="3769434" lat="30.3390116" lon="78.0501940"/>
 <node id="4215253516" visible="true" version="1" changeset="39663130" timestamp="2016-05-30T11:32:43Z" user="manoharuss" uid="3769434" lat="30.3390185" lon="78.0501481"/>
 <node id="4215253517" visible="true" version="1" changeset="39663130" timestamp="2016-05-30T11:32:43Z" user="manoharuss" uid="3769434" lat="30.3390301" lon="78.0515668"/>
 <node id="4215253518" visible="true" version="1" changeset="39663130" timestamp="2016-05-30T11:32:43Z" user="manoharuss" uid="3769434" lat="30.3390330" lon="78.0515345"/>
 <node id="4215253519" visible="true" version="1" changeset="39663130" timestamp="2016-05-30T11:32:43Z" user="manoharuss" uid="3769434" lat="30.3390336" lon="78.0501621"/>
 <node id="4215253520" visible="true" version="1" changeset="39663130" timestamp="2016-05-30T11:32:44Z" user="manoharuss" uid="3769434" lat="30.3390464" lon="78.0505450"/>
 <node id="4215253521" visible="true" version="1" changeset="39663130" timestamp="2016-05-30T11:32:44Z" user="manoharuss" uid="3769434" lat="30.3390513" lon="78.0504927"/>
 <node id="4215253522" visible="true" version="1" changeset="39663130" timestamp="2016-05-30T11:32:44Z" user="manoharuss" uid="3769434" lat="30.3390603" lon="78.0500877"/>
 <node id="4215253523" visible="true" version="1" changeset="39663130" timestamp="2016-05-30T11:32:44Z" user="manoharuss" uid="3769434" lat="30.3390672" lon="78.0502456"/>
 <node id="4215253524" visible="true" version="1" changeset="39663130" timestamp="2016-05-30T11:32:44Z" user="manoharuss" uid="3769434" lat="30.3390676" lon="78.0516912"/>
 <node id="4215253525" visible="true" version="1" changeset="39663130" timestamp="2016-05-30T11:32:44Z" user="manoharuss" uid="3769434" lat="30.3390709" lon="78.0505129"/>
 <node id="4215253689" visible="true" version="1" changeset="39663130" timestamp="2016-05-30T11:32:45Z" user="manoharuss" uid="3769434" lat="30.3393300" lon="78.0516814"/>
 <node id="4215253690" visible="true" version="1" changeset="39663130" timestamp="2016-05-30T11:32:45Z" user="manoharuss" uid="3769434" lat="30.3393350" lon="78.0512530"/>
 <node id="4215253691" visible="true" version="1" changeset="39663130" timestamp="2016-05-30T11:32:45Z" user="manoharuss" uid="3769434" lat="30.3393431" lon="78.0503639"/>
 <node id="4215253692" visible="true" version="1" changeset="39663130" timestamp="2016-05-30T11:32:45Z" user="manoharuss" uid="3769434" lat="30.3393458" lon="78.0504433"/>
 <node id="4215253693" visible="true" version="1" changeset="39663130" timestamp="2016-05-30T11:32:45Z" user="manoharuss" uid="3769434" lat="30.3393461" lon="78.0511323"/>
 <node id="4215253694" visible="true" version="1" changeset="39663130" timestamp="2016-05-30T11:32:45Z" user="manoharuss" uid="3769434" lat="30.3393475" lon="78.0514280"/>
 <node id="4215253695" visible="true" version="1" changeset="39663130" timestamp="2016-05-30T11:32:45Z" user="manoharuss" uid="3769434" lat="30.3393617" lon="78.0510550"/>
 <node id="4215253696" visible="true" version="1" changeset="39663130" timestamp="2016-05-30T11:32:45Z" user="manoharuss" uid="3769434" lat="30.3393664" lon="78.0512878"/>
 <node id="4215253697" visible="true" version="1" changeset="39663130" timestamp="2016-05-30T11:32:45Z" user="manoharuss" uid="3769434" lat="30.3393666" lon="78.0508557"/>
 <node id="4215253698" visible="true" version="1" changeset="39663130" timestamp="2016-05-30T11:32:45Z" user="manoharuss" uid="3769434" lat="30.3393684" lon="78.0500826"/>
 <node id="4215253699" visible="true" version="1" changeset="39663130" timestamp="2016-05-30T11:32:45Z" user="manoharuss" uid="3769434" lat="30.3393750" lon="78.0508594"/>
 <node id="4215253700" visible="true" version="1" changeset="39663130" timestamp="2016-05-30T11:32:45Z" user="manoharuss" uid="3769434" lat="30.3393783" lon="78.0500478"/>
 <node id="4215253701" visible="true" version="1" changeset="39663130" timestamp="2016-05-30T11:32:45Z" user="manoharuss" uid="3769434" lat="30.3393789" lon="78.0503216"/>
 <node id="4215253702" visible="true" version="1" changeset="39663130" timestamp="2016-05-30T11:32:45Z" user="manoharuss" uid="3769434" lat="30.3393852" lon="78.0503288"/>
 <node id="4215253703" visible="true" version="1" changeset="39663130" timestamp="2016-05-30T11:32:45Z" user="manoharuss" uid="3769434" lat="30.3393857" lon="78.0502549"/>
 <node id="4215253704" visible="true" version="1" changeset="39663130" timestamp="2016-05-30T11:32:45Z" user="manoharuss" uid="3769434" lat="30.3393925" lon="78.0504200"/>
 <node id="4215253705" visible="true" version="1" changeset="39663130" timestamp="2016-05-30T11:32:45Z" user="manoharuss" uid="3769434" lat="30.3393928" lon="78.0509465"/>
 <node id="4215253706" visible="true" version="1" changeset="39663130" timestamp="2016-05-30T11:32:45Z" user="manoharuss" uid="3769434" lat="30.3393949" lon="78.0509881"/>
 <node id="4215253707" visible="true" version="1" changeset="39663130" timestamp="2016-05-30T11:32:45Z" user="manoharuss" uid="3769434" lat="30.3394089" lon="78.0503008"/>
 <node id="4215253708" visible="true" version="1" changeset="39663130" timestamp="2016-05-30T11:32:45Z" user="manoharuss" uid="3769434" lat="30.3394118" lon="78.0509665"/>
 <node id="4215253709" visible="true" version="1" changeset="39663130" timestamp="2016-05-30T11:32:45Z" user="manoharuss" uid="3769434" lat="30.3394139" lon="78.0511354"/>
 <node id="4215253710" visible="true" version="1" changeset="39663130" timestamp="2016-05-30T11:32:45Z" user="manoharuss" uid="3769434" lat="30.3394146" lon="78.0510088"/>
 <node id="4215253711" visible="true" version="1" changeset="39663130" timestamp="2016-05-30T11:32:45Z" user="manoharuss" uid="3769434" lat="30.3394176" lon="78.0500919"/>
 <node id="4215253712" visible="true" version="1" changeset="39663130" timestamp="2016-05-30T11:32:46Z" user="manoharuss" uid="3769434" lat="30.3394193" lon="78.0502321"/>
 <node id="4215253713" visible="true" version="1" changeset="39663130" timestamp="2016-05-30T11:32:46Z" user="manoharuss" uid="3769434" lat="30.3394217" lon="78.0510197"/>
 <node id="4215253714" visible="true" version="1" changeset="39663130" timestamp="2016-05-30T11:32:46Z" user="manoharuss" uid="3769434" lat="30.3394221" lon="78.0509091"/>
 <node id="4215253715" visible="true" version="1" changeset="39663130" timestamp="2016-05-30T11:32:46Z" user="manoharuss" uid="3769434" lat="30.3394238" lon="78.0512185"/>
 <node id="4215253716" visible="true" version="1" changeset="39663130" timestamp="2016-05-30T11:32:46Z" user="manoharuss" uid="3769434" lat="30.3394262" lon="78.0516139"/>
 <node id="4215253717" visible="true" version="1" changeset="39663130" timestamp="2016-05-30T11:32:46Z" user="manoharuss" uid="3769434" lat="30.3394312" lon="78.0499843"/>
 <node id="4215253718" visible="true" version="1" changeset="39663130" timestamp="2016-05-30T11:32:46Z" user="manoharuss" uid="3769434" lat="30.3394413" lon="78.0500635"/>
 <node id="4215253719" visible="true" version="1" changeset="39663130" timestamp="2016-05-30T11:32:46Z" user="manoharuss" uid="3769434" lat="30.3394517" lon="78.0501758"/>
 <node id="4215253720" visible="true" version="1" changeset="39663130" timestamp="2016-05-30T11:32:46Z" user="manoharuss" uid="3769434" lat="30.3394520" lon="78.0503497"/>
 <node id="4215253721" visible="true" version="1" changeset="39663130" timestamp="2016-05-30T11:32:46Z" user="manoharuss" uid="3769434" lat="30.3394602" lon="78.0509861"/>
 <node id="4215253722" visible="true" version="1" changeset="39663130" timestamp="2016-05-30T11:32:46Z" user="manoharuss" uid="3769434" lat="30.3394606" lon="78.0500850"/>
 <node id="4215253723" visible="true" version="1" changeset="39663130" timestamp="2016-05-30T11:32:46Z" user="manoharuss" uid="3769434" lat="30.3394656" lon="78.0515698"/>
 <node id="4215253724" visible="true" version="1" changeset="39663130" timestamp="2016-05-30T11:32:46Z" user="manoharuss" uid="3769434" lat="30.3394815" lon="78.0501560"/>
 <node id="4215253725" visible="true" version="1" changeset="39663130" timestamp="2016-05-30T11:32:46Z" user="manoharuss" uid="3769434" lat="30.3394898" lon="78.0500499"/>
 <node id="4215253726" visible="true" version="1" changeset="39663130" timestamp="2016-05-30T11:32:46Z" user="manoharuss" uid="3769434" lat="30.3394963" lon="78.0503166"/>
 <node id="4215253727" visible="true" version="1" changeset="39663130" timestamp="2016-05-30T11:32:46Z" user="manoharuss" uid="3769434" lat="30.3395054" lon="78.0510556"/>
 <node id="4215253728" visible="true" version="1" changeset="39663130" timestamp="2016-05-30T11:32:46Z" user="manoharuss" uid="3769434" lat="30.3395211" lon="78.0507283"/>
 <node id="4215253729" visible="true" version="1" changeset="39663130" timestamp="2016-05-30T11:32:46Z" user="manoharuss" uid="3769434" lat="30.3395585" lon="78.0502405"/>
 <node id="4215253730" visible="true" version="1" changeset="39663130" timestamp="2016-05-30T11:32:46Z" user="manoharuss" uid="3769434" lat="30.3395686" lon="78.0507887"/>
 <node id="4215253731" visible="true" version="1" changeset="39663130" timestamp="2016-05-30T11:32:46Z" user="manoharuss" uid="3769434" lat="30.3395792" lon="78.0510813"/>
 <node id="4215253732" visible="true" version="1" changeset="39663130" timestamp="2016-05-30T11:32:46Z" user="manoharuss" uid="3769434" lat="30.3396027" lon="78.0509624"/>
 <node id="4215253733" visible="true" version="1" changeset="39663130" timestamp="2016-05-30T11:32:46Z" user="manoharuss" uid="3769434" lat="30.3396034" lon="78.0509985"/>
 <node id="4215253734" visible="true" version="1" changeset="39663130" timestamp="2016-05-30T11:32:46Z" user="manoharuss" uid="3769434" lat="30.3396184" lon="78.0509835"/>
 <node id="4215253735" visible="true" version="1" changeset="39663130" timestamp="2016-05-30T11:32:46Z" user="manoharuss" uid="3769434" lat="30.3396186" lon="78.0510464"/>
 <node id="4215253736" visible="true" version="1" changeset="39663130" timestamp="2016-05-30T11:32:46Z" user="manoharuss" uid="3769434" lat="30.3396253" lon="78.0506184"/>
 <node id="4215253737" visible="true" version="1" changeset="39663130" timestamp="2016-05-30T11:32:46Z" user="manoharuss" uid="3769434" lat="30.3396360" lon="78.0514136"/>
 <node id="4215253738" visible="true" version="1" changeset="39663130" timestamp="2016-05-30T11:32:46Z" user="manoharuss" uid="3769434" lat="30.3396362" lon="78.0510425"/>
 <node id="4215253739" visible="true" version="1" changeset="39663130" timestamp="2016-05-30T11:32:46Z" user="manoharuss" uid="3769434" lat="30.3396379" lon="78.0511702"/>
 <node id="4215253740" visible="true" version="1" changeset="39663130" timestamp="2016-05-30T11:32:46Z" user="manoharuss" uid="3769434" lat="30.3396439" lon="78.0504933"/>
 <node id="4215253741" visible="true" version="1" changeset="39663130" timestamp="2016-05-30T11:32:46Z" user="manoharuss" uid="3769434" lat="30.3396460" lon="78.0509191"/>
 <node id="4215253742" visible="true" version="1" changeset="39663130" timestamp="2016-05-30T11:32:46Z" user="manoharuss" uid="3769434" lat="30.3396497" lon="78.0504064"/>
 <node id="4215286371" visible="true" version="1" changeset="39663856" timestamp="2016-05-30T12:03:39Z" user="manoharuss" uid="3769434" lat="30.3373136" lon="78.0475767"/>
 <node id="4215286375" visible="true" version="1" changeset="39663856" timestamp="2016-05-30T12:03:40Z" user="manoharuss" uid="3769434" lat="30.3373628" lon="78.0474832"/>
 <node id="4215286378" visible="true" version="1" changeset="39663856" timestamp="2016-05-30T12:03:40Z" user="manoharuss" uid="3769434" lat="30.3373842" lon="78.0476267"/>
 <node id="4215286380" visible="true" version="1" changeset="39663856" timestamp="2016-05-30T12:03:40Z" user="manoharuss" uid="3769434" lat="30.3374097" lon="78.0510787"/>
 <node id="4215286381" visible="true" version="1" changeset="39663856" timestamp="2016-05-30T12:03:40Z" user="manoharuss" uid="3769434" lat="30.3374147" lon="78.0502241"/>
 <node id="4215286382" visible="true" version="1" changeset="39663856" timestamp="2016-05-30T12:03:40Z" user="manoharuss" uid="3769434" lat="30.3374265" lon="78.0490249"/>
 <node id="4215286383" visible="true" version="1" changeset="39663856" timestamp="2016-05-30T12:03:40Z" user="manoharuss" uid="3769434" lat="30.3374290" lon="78.0502460"/>
 <node id="4215286384" visible="true" version="1" changeset="39663856" timestamp="2016-05-30T12:03:40Z" user="manoharuss" uid="3769434" lat="30.3374310" lon="78.0485499"/>
 <node id="4215286385" visible="true" version="1" changeset="39663856" timestamp="2016-05-30T12:03:40Z" user="manoharuss" uid="3769434" lat="30.3374335" lon="78.0475331"/>
 <node id="4215286386" visible="true" version="1" changeset="39663856" timestamp="2016-05-30T12:03:40Z" user="manoharuss" uid="3769434" lat="30.3374418" lon="78.0502347"/>
 <node id="4215286387" visible="true" version="1" changeset="39663856" timestamp="2016-05-30T12:03:40Z" user="manoharuss" uid="3769434" lat="30.3374499" lon="78.0511382"/>
 <node id="4215286388" visible="true" version="2" changeset="140792879" timestamp="2023-09-04T08:41:52Z" user="Harish Karnatak" uid="106263" lat="30.3374804" lon="78.0488170"/>
 <node id="4215286489" visible="true" version="1" changeset="39663856" timestamp="2016-05-30T12:03:40Z" user="manoharuss" uid="3769434" lat="30.3374541" lon="78.0485888"/>
 <node id="4215286490" visible="true" version="1" changeset="39663856" timestamp="2016-05-30T12:03:40Z" user="manoharuss" uid="3769434" lat="30.3374567" lon="78.0510360"/>
 <node id="4215286491" visible="true" version="1" changeset="39663856" timestamp="2016-05-30T12:03:40Z" user="manoharuss" uid="3769434" lat="30.3374751" lon="78.0485146"/>
 <node id="4215286492" visible="true" version="1" changeset="39663856" timestamp="2016-05-30T12:03:40Z" user="manoharuss" uid="3769434" lat="30.3374778" lon="78.0489498"/>
 <node id="4215286493" visible="true" version="1" changeset="39663856" timestamp="2016-05-30T12:03:40Z" user="manoharuss" uid="3769434" lat="30.3374803" lon="78.0502933"/>
 <node id="4215286494" visible="true" version="1" changeset="39663856" timestamp="2016-05-30T12:03:40Z" user="manoharuss" uid="3769434" lat="30.3374807" lon="78.0501659"/>
 <node id="4215286495" visible="true" version="1" changeset="39663856" timestamp="2016-05-30T12:03:40Z" user="manoharuss" uid="3769434" lat="30.3374969" lon="78.0510955"/>
 <node id="4215286496" visible="true" version="2" changeset="140792879" timestamp="2023-09-04T08:41:52Z" user="Harish Karnatak" uid="106263" lat="30.3374641" lon="78.0488942"/>
 <node id="4215286497" visible="true" version="1" changeset="39663856" timestamp="2016-05-30T12:03:40Z" user="manoharuss" uid="3769434" lat="30.3374982" lon="78.0485535"/>
 <node id="4215286498" visible="true" version="1" changeset="39663856" timestamp="2016-05-30T12:03:40Z" user="manoharuss" uid="3769434" lat="30.3375098" lon="78.0491014"/>
 <node id="4215286499" visible="true" version="1" changeset="39663856" timestamp="2016-05-30T12:03:40Z" user="manoharuss" uid="3769434" lat="30.3375121" lon="78.0479490"/>
 <node id="4215286500" visible="true" version="1" changeset="39663856" timestamp="2016-05-30T12:03:40Z" user="manoharuss" uid="3769434" lat="30.3375192" lon="78.0479130"/>
 <node id="4215286501" visible="true" version="1" changeset="39663856" timestamp="2016-05-30T12:03:40Z" user="manoharuss" uid="3769434" lat="30.3375205" lon="78.0479937"/>
 <node id="4215286502" visible="true" version="1" changeset="39663856" timestamp="2016-05-30T12:03:40Z" user="manoharuss" uid="3769434" lat="30.3375221" lon="78.0490833"/>
 <node id="4215286503" visible="true" version="2" changeset="140792879" timestamp="2023-09-04T08:41:52Z" user="Harish Karnatak" uid="106263" lat="30.3375593" lon="78.0487620"/>
 <node id="4215286504" visible="true" version="1" changeset="39663856" timestamp="2016-05-30T12:03:40Z" user="manoharuss" uid="3769434" lat="30.3375285" lon="78.0479533"/>
 <node id="4215286505" visible="true" version="1" changeset="39663856" timestamp="2016-05-30T12:03:40Z" user="manoharuss" uid="3769434" lat="30.3375335" lon="78.0502463"/>
 <node id="4215286506" visible="true" version="1" changeset="39663856" timestamp="2016-05-30T12:03:40Z" user="manoharuss" uid="3769434" lat="30.3375360" lon="78.0490960"/>
 <node id="4215286507" visible="true" version="1" changeset="39663856" timestamp="2016-05-30T12:03:40Z" user="manoharuss" uid="3769434" lat="30.3375519" lon="78.0490178"/>
 <node id="4215286508" visible="true" version="1" changeset="39663856" timestamp="2016-05-30T12:03:40Z" user="manoharuss" uid="3769434" lat="30.3375612" lon="78.0490042"/>
 <node id="4215286509" visible="true" version="2" changeset="140792879" timestamp="2023-09-04T08:41:52Z" user="Harish Karnatak" uid="106263" lat="30.3375991" lon="78.0488370"/>
 <node id="4215286510" visible="true" version="1" changeset="39663856" timestamp="2016-05-30T12:03:40Z" user="manoharuss" uid="3769434" lat="30.3375843" lon="78.0490253"/>
 <node id="4215286511" visible="true" version="1" changeset="39663856" timestamp="2016-05-30T12:03:40Z" user="manoharuss" uid="3769434" lat="30.3376001" lon="78.0480147"/>
 <node id="4215286512" visible="true" version="1" changeset="39663856" timestamp="2016-05-30T12:03:40Z" user="manoharuss" uid="3769434" lat="30.3376151" lon="78.0479383"/>
 <node id="4215286513" visible="true" version="1" changeset="39663856" timestamp="2016-05-30T12:03:40Z" user="manoharuss" uid="3769434" lat="30.3376878" lon="78.0510982"/>
 <node id="4215286514" visible="true" version="1" changeset="39663856" timestamp="2016-05-30T12:03:40Z" user="manoharuss" uid="3769434" lat="30.3376887" lon="78.0509537"/>
 <node id="4215286515" visible="true" version="1" changeset="39663856" timestamp="2016-05-30T12:03:40Z" user="manoharuss" uid="3769434" lat="30.3377146" lon="78.0491608"/>
 <node id="4215286516" visible="true" version="1" changeset="39663856" timestamp="2016-05-30T12:03:40Z" user="manoharuss" uid="3769434" lat="30.3377359" lon="78.0510372"/>
 <node id="4215286517" visible="true" version="1" changeset="39663856" timestamp="2016-05-30T12:03:40Z" user="manoharuss" uid="3769434" lat="30.3377367" lon="78.0510047"/>
 <node id="4215286518" visible="true" version="1" changeset="39663856" timestamp="2016-05-30T12:03:40Z" user="manoharuss" uid="3769434" lat="30.3377409" lon="78.0501954"/>
 <node id="4215286519" visible="true" version="1" changeset="39663856" timestamp="2016-05-30T12:03:40Z" user="manoharuss" uid="3769434" lat="30.3377411" lon="78.0508876"/>
 <node id="4215286520" visible="true" version="1" changeset="39663856" timestamp="2016-05-30T12:03:40Z" user="manoharuss" uid="3769434" lat="30.3377422" lon="78.0511556"/>
 <node id="4215286521" visible="true" version="1" changeset="39663856" timestamp="2016-05-30T12:03:40Z" user="manoharuss" uid="3769434" lat="30.3377549" lon="78.0508210"/>
 <node id="4215286522" visible="true" version="1" changeset="39663856" timestamp="2016-05-30T12:03:40Z" user="manoharuss" uid="3769434" lat="30.3377720" lon="78.0501620"/>
 <node id="4215286523" visible="true" version="1" changeset="39663856" timestamp="2016-05-30T12:03:40Z" user="manoharuss" uid="3769434" lat="30.3377812" lon="78.0501735"/>
 <node id="4215286524" visible="true" version="1" changeset="39663856" timestamp="2016-05-30T12:03:40Z" user="manoharuss" uid="3769434" lat="30.3377880" lon="78.0490659"/>
 <node id="4215286525" visible="true" version="1" changeset="39663856" timestamp="2016-05-30T12:03:40Z" user="manoharuss" uid="3769434" lat="30.3377891" lon="78.0509386"/>
 <node id="4215286526" visible="true" version="1" changeset="39663856" timestamp="2016-05-30T12:03:40Z" user="manoharuss" uid="3769434" lat="30.3377902" lon="78.0510946"/>
 <node id="4215286527" visible="true" version="1" changeset="39663856" timestamp="2016-05-30T12:03:40Z" user="manoharuss" uid="3769434" lat="30.3377924" lon="78.0502596"/>
 <node id="4215286528" visible="true" version="1" changeset="39663856" timestamp="2016-05-30T12:03:40Z" user="manoharuss" uid="3769434" lat="30.3377980" lon="78.0502535"/>
 <node id="4215286529" visible="true" version="1" changeset="39663856" timestamp="2016-05-30T12:03:41Z" user="manoharuss" uid="3769434" lat="30.3378006" lon="78.0507570"/>
 <node id="4215286530" visible="true" version="1" changeset="39663856" timestamp="2016-05-30T12:03:41Z" user="manoharuss" uid="3769434" lat="30.3378015" lon="78.0501516"/>
 <node id="4215286531" visible="true" version="1" changeset="39663856" timestamp="2016-05-30T12:03:41Z" user="manoharuss" uid="3769434" lat="30.3378236" lon="78.0502218"/>
 <node id="4215286532" visible="true" version="1" changeset="39663856" timestamp="2016-05-30T12:03:41Z" user="manoharuss" uid="3769434" lat="30.3378304" lon="78.0502939"/>
 <node id="4215286533" visible="true" version="1" changeset="39663856" timestamp="2016-05-30T12:03:41Z" user="manoharuss" uid="3769434" lat="30.3378420" lon="78.0502020"/>
 <node id="4215286534" visible="true" version="1" changeset="39663856" timestamp="2016-05-30T12:03:41Z" user="manoharuss" uid="3769434" lat="30.3378423" lon="78.0509048"/>
 <node id="4215286535" visible="true" version="1" changeset="39663856" timestamp="2016-05-30T12:03:41Z" user="manoharuss" uid="3769434" lat="30.3378517" lon="78.0501216"/>
 <node id="4215286536" visible="true" version="1" changeset="39663856" timestamp="2016-05-30T12:03:41Z" user="manoharuss" uid="3769434" lat="30.3378562" lon="78.0500600"/>
 <node id="4215286537" visible="true" version="1" changeset="39663856" timestamp="2016-05-30T12:03:41Z" user="manoharuss" uid="3769434" lat="30.3378578" lon="78.0502644"/>
 <node id="4215286538" visible="true" version="1" changeset="39663856" timestamp="2016-05-30T12:03:41Z" user="manoharuss" uid="3769434" lat="30.3378806" lon="78.0500899"/>
 <node id="4215286539" visible="true" version="1" changeset="39663856" timestamp="2016-05-30T12:03:41Z" user="manoharuss" uid="3769434" lat="30.3378843" lon="78.0501616"/>
 <node id="4215286540" visible="true" version="1" changeset="39663856" timestamp="2016-05-30T12:03:41Z" user="manoharuss" uid="3769434" lat="30.3378880" lon="78.0508408"/>
 <node id="4215286541" visible="true" version="1" changeset="39663856" timestamp="2016-05-30T12:03:41Z" user="manoharuss" uid="3769434" lat="30.3378900" lon="78.0500230"/>
 <node id="4215286542" visible="true" version="1" changeset="39663856" timestamp="2016-05-30T12:03:41Z" user="manoharuss" uid="3769434" lat="30.3379127" lon="78.0500054"/>
 <node id="4215286543" visible="true" version="1" changeset="39663856" timestamp="2016-05-30T12:03:41Z" user="manoharuss" uid="3769434" lat="30.3379133" lon="78.0501299"/>
 <node id="4215286544" visible="true" version="1" changeset="39663856" timestamp="2016-05-30T12:03:41Z" user="manoharuss" uid="3769434" lat="30.3379244" lon="78.0507399"/>
 <node id="4215286545" visible="true" version="1" changeset="39663856" timestamp="2016-05-30T12:03:41Z" user="manoharuss" uid="3769434" lat="30.3379436" lon="78.0499718"/>
 <node id="4215286546" visible="true" version="1" changeset="39663856" timestamp="2016-05-30T12:03:41Z" user="manoharuss" uid="3769434" lat="30.3379459" lon="78.0501700"/>
 <node id="4215286547" visible="true" version="1" changeset="39663856" timestamp="2016-05-30T12:03:42Z" user="manoharuss" uid="3769434" lat="30.3379529" lon="78.0499833"/>
 <node id="4215286548" visible="true" version="1" changeset="39663856" timestamp="2016-05-30T12:03:42Z" user="manoharuss" uid="3769434" lat="30.3379644" lon="78.0500693"/>
 <node id="4215286549" visible="true" version="1" changeset="39663856" timestamp="2016-05-30T12:03:42Z" user="manoharuss" uid="3769434" lat="30.3379700" lon="78.0500633"/>
 <node id="4215286550" visible="true" version="1" changeset="39663856" timestamp="2016-05-30T12:03:42Z" user="manoharuss" uid="3769434" lat="30.3379719" lon="78.0507841"/>
 <node id="4215286551" visible="true" version="1" changeset="39663856" timestamp="2016-05-30T12:03:42Z" user="manoharuss" uid="3769434" lat="30.3379731" lon="78.0499613"/>
 <node id="4215286552" visible="true" version="1" changeset="39663856" timestamp="2016-05-30T12:03:42Z" user="manoharuss" uid="3769434" lat="30.3379770" lon="78.0506642"/>
 <node id="4215286553" visible="true" version="1" changeset="39663856" timestamp="2016-05-30T12:03:42Z" user="manoharuss" uid="3769434" lat="30.3379780" lon="78.0508126"/>
 <node id="4215286554" visible="true" version="1" changeset="39663856" timestamp="2016-05-30T12:03:42Z" user="manoharuss" uid="3769434" lat="30.3379797" lon="78.0501330"/>
 <node id="4215286555" visible="true" version="1" changeset="39663856" timestamp="2016-05-30T12:03:42Z" user="manoharuss" uid="3769434" lat="30.3379955" lon="78.0500314"/>
 <node id="4215286556" visible="true" version="1" changeset="39663856" timestamp="2016-05-30T12:03:42Z" user="manoharuss" uid="3769434" lat="30.3380025" lon="78.0501035"/>
 <node id="4215286557" visible="true" version="1" changeset="39663856" timestamp="2016-05-30T12:03:42Z" user="manoharuss" uid="3769434" lat="30.3380138" lon="78.0500115"/>
 <node id="4215286558" visible="true" version="1" changeset="39663856" timestamp="2016-05-30T12:03:42Z" user="manoharuss" uid="3769434" lat="30.3380231" lon="78.0499355"/>
 <node id="4215286559" visible="true" version="1" changeset="39663856" timestamp="2016-05-30T12:03:42Z" user="manoharuss" uid="3769434" lat="30.3380245" lon="78.0507085"/>
 <node id="4215286560" visible="true" version="1" changeset="39663856" timestamp="2016-05-30T12:03:42Z" user="manoharuss" uid="3769434" lat="30.3380276" lon="78.0498739"/>
 <node id="4215286561" visible="true" version="1" changeset="39663856" timestamp="2016-05-30T12:03:42Z" user="manoharuss" uid="3769434" lat="30.3380299" lon="78.0500738"/>
 <node id="4215286562" visible="true" version="1" changeset="39663856" timestamp="2016-05-30T12:03:42Z" user="manoharuss" uid="3769434" lat="30.3380367" lon="78.0508666"/>
 <node id="4215286563" visible="true" version="1" changeset="39663856" timestamp="2016-05-30T12:03:42Z" user="manoharuss" uid="3769434" lat="30.3380520" lon="78.0499038"/>
 <node id="4215286564" visible="true" version="1" changeset="39663856" timestamp="2016-05-30T12:03:42Z" user="manoharuss" uid="3769434" lat="30.3380557" lon="78.0499755"/>
 <node id="4215286565" visible="true" version="1" changeset="39663856" timestamp="2016-05-30T12:03:42Z" user="manoharuss" uid="3769434" lat="30.3380614" lon="78.0498369"/>
 <node id="4215286566" visible="true" version="1" changeset="39663856" timestamp="2016-05-30T12:03:42Z" user="manoharuss" uid="3769434" lat="30.3380625" lon="78.0506892"/>
 <node id="4215286567" visible="true" version="2" changeset="77139031" timestamp="2019-11-15T16:54:14Z" user="Arun Balaji" uid="3427745" lat="30.3381144" lon="78.0495761"/>
 <node id="4215286568" visible="true" version="1" changeset="39663856" timestamp="2016-05-30T12:03:42Z" user="manoharuss" uid="3769434" lat="30.3380847" lon="78.0499438"/>
 <node id="4215286569" visible="true" version="1" changeset="39663856" timestamp="2016-05-30T12:03:42Z" user="manoharuss" uid="3769434" lat="30.3381011" lon="78.0504810"/>
 <node id="4215286570" visible="true" version="1" changeset="39663856" timestamp="2016-05-30T12:03:42Z" user="manoharuss" uid="3769434" lat="30.3381105" lon="78.0475950"/>
 <node id="4215286571" visible="true" version="1" changeset="39663856" timestamp="2016-05-30T12:03:42Z" user="manoharuss" uid="3769434" lat="30.3381173" lon="78.0499839"/>
 <node id="4215286572" visible="true" version="1" changeset="39663856" timestamp="2016-05-30T12:03:42Z" user="manoharuss" uid="3769434" lat="30.3381212" lon="78.0507432"/>
 <node id="4215286573" visible="true" version="1" changeset="39663856" timestamp="2016-05-30T12:03:42Z" user="manoharuss" uid="3769434" lat="30.3381339" lon="78.0503570"/>
 <node id="4215286574" visible="true" version="1" changeset="39663856" timestamp="2016-05-30T12:03:42Z" user="manoharuss" uid="3769434" lat="30.3381497" lon="78.0504200"/>
 <node id="4215286575" visible="true" version="1" changeset="39663856" timestamp="2016-05-30T12:03:42Z" user="manoharuss" uid="3769434" lat="30.3381511" lon="78.0499469"/>
 <node id="4215286576" visible="true" version="2" changeset="77139031" timestamp="2019-11-15T16:54:14Z" user="Arun Balaji" uid="3427745" lat="30.3381877" lon="78.0494812"/>
 <node id="4215286577" visible="true" version="1" changeset="39663856" timestamp="2016-05-30T12:03:42Z" user="manoharuss" uid="3769434" lat="30.3381580" lon="78.0476419"/>
 <node id="4215286578" visible="true" version="1" changeset="39663856" timestamp="2016-05-30T12:03:42Z" user="manoharuss" uid="3769434" lat="30.3381600" lon="78.0505441"/>
 <node id="4215286579" visible="true" version="1" changeset="39663856" timestamp="2016-05-30T12:03:42Z" user="manoharuss" uid="3769434" lat="30.3381680" lon="78.0502707"/>
 <node id="4215286580" visible="true" version="1" changeset="39663856" timestamp="2016-05-30T12:03:43Z" user="manoharuss" uid="3769434" lat="30.3381740" lon="78.0475088"/>
 <node id="4215286581" visible="true" version="1" changeset="39663856" timestamp="2016-05-30T12:03:43Z" user="manoharuss" uid="3769434" lat="30.3381857" lon="78.0502888"/>
 <node id="4215286582" visible="true" version="1" changeset="39663856" timestamp="2016-05-30T12:03:43Z" user="manoharuss" uid="3769434" lat="30.3381859" lon="78.0512362"/>
 <node id="4215286583" visible="true" version="1" changeset="39663856" timestamp="2016-05-30T12:03:43Z" user="manoharuss" uid="3769434" lat="30.3381958" lon="78.0502341"/>
 <node id="4215286584" visible="true" version="1" changeset="39663856" timestamp="2016-05-30T12:03:43Z" user="manoharuss" uid="3769434" lat="30.3382066" lon="78.0470505"/>
 <node id="4215286585" visible="true" version="1" changeset="39663856" timestamp="2016-05-30T12:03:43Z" user="manoharuss" uid="3769434" lat="30.3382086" lon="78.0504830"/>
 <node id="4215286586" visible="true" version="1" changeset="39663856" timestamp="2016-05-30T12:03:43Z" user="manoharuss" uid="3769434" lat="30.3382155" lon="78.0504401"/>
 <node id="4215286587" visible="true" version="1" changeset="39663856" timestamp="2016-05-30T12:03:43Z" user="manoharuss" uid="3769434" lat="30.3382215" lon="78.0475557"/>
 <node id="4215286588" visible="true" version="1" changeset="39663856" timestamp="2016-05-30T12:03:43Z" user="manoharuss" uid="3769434" lat="30.3382454" lon="78.0503063"/>
 <node id="4215286589" visible="true" version="1" changeset="39663856" timestamp="2016-05-30T12:03:43Z" user="manoharuss" uid="3769434" lat="30.3382471" lon="78.0511468"/>
 <node id="4215286590" visible="true" version="1" changeset="39663856" timestamp="2016-05-30T12:03:43Z" user="manoharuss" uid="3769434" lat="30.3382546" lon="78.0502941"/>
 <node id="4215286591" visible="true" version="1" changeset="39663856" timestamp="2016-05-30T12:03:43Z" user="manoharuss" uid="3769434" lat="30.3382656" lon="78.0470961"/>
 <node id="4215286592" visible="true" version="1" changeset="39663856" timestamp="2016-05-30T12:03:43Z" user="manoharuss" uid="3769434" lat="30.3382823" lon="78.0469189"/>
 <node id="4215286593" visible="true" version="1" changeset="39663856" timestamp="2016-05-30T12:03:43Z" user="manoharuss" uid="3769434" lat="30.3382858" lon="78.0503475"/>
 <node id="4215286594" visible="true" version="1" changeset="39663856" timestamp="2016-05-30T12:03:43Z" user="manoharuss" uid="3769434" lat="30.3382891" lon="78.0513749"/>
 <node id="4215286595" visible="true" version="1" changeset="39663856" timestamp="2016-05-30T12:03:43Z" user="manoharuss" uid="3769434" lat="30.3382957" lon="78.0513371"/>
 <node id="4215286596" visible="true" version="1" changeset="39663856" timestamp="2016-05-30T12:03:43Z" user="manoharuss" uid="3769434" lat="30.3382980" lon="78.0499221"/>
 <node id="4215286597" visible="true" version="1" changeset="39663856" timestamp="2016-05-30T12:03:43Z" user="manoharuss" uid="3769434" lat="30.3383293" lon="78.0499550"/>
 <node id="4215286598" visible="true" version="1" changeset="39663856" timestamp="2016-05-30T12:03:43Z" user="manoharuss" uid="3769434" lat="30.3383413" lon="78.0469645"/>
 <node id="4215286599" visible="true" version="1" changeset="39663856" timestamp="2016-05-30T12:03:43Z" user="manoharuss" uid="3769434" lat="30.3383458" lon="78.0514339"/>
 <node id="4215286600" visible="true" version="1" changeset="39663856" timestamp="2016-05-30T12:03:43Z" user="manoharuss" uid="3769434" lat="30.3383550" lon="78.0498493"/>
 <node id="4215286601" visible="true" version="1" changeset="39663856" timestamp="2016-05-30T12:03:43Z" user="manoharuss" uid="3769434" lat="30.3383570" lon="78.0512477"/>
 <node id="4215286602" visible="true" version="1" changeset="39663856" timestamp="2016-05-30T12:03:43Z" user="manoharuss" uid="3769434" lat="30.3383613" lon="78.0501127"/>
 <node id="4215286603" visible="true" version="1" changeset="39663856" timestamp="2016-05-30T12:03:43Z" user="manoharuss" uid="3769434" lat="30.3383690" lon="78.0509676"/>
 <node id="4215286604" visible="true" version="1" changeset="39663856" timestamp="2016-05-30T12:03:43Z" user="manoharuss" uid="3769434" lat="30.3383863" lon="78.0498822"/>
 <node id="4215286605" visible="true" version="2" changeset="126205617" timestamp="2022-09-15T05:29:16Z" user="VLD258" uid="10979442" lat="30.3384223" lon="78.0503465"/>
 <node id="4215286606" visible="true" version="1" changeset="39663856" timestamp="2016-05-30T12:03:43Z" user="manoharuss" uid="3769434" lat="30.3383909" lon="78.0510547"/>
 <node id="4215286607" visible="true" version="1" changeset="39663856" timestamp="2016-05-30T12:03:43Z" user="manoharuss" uid="3769434" lat="30.3383918" lon="78.0512424"/>
 <node id="4215286608" visible="true" version="1" changeset="39663856" timestamp="2016-05-30T12:03:43Z" user="manoharuss" uid="3769434" lat="30.3384021" lon="78.0505586"/>
 <node id="4215286609" visible="true" version="1" changeset="39663856" timestamp="2016-05-30T12:03:43Z" user="manoharuss" uid="3769434" lat="30.3384162" lon="78.0501697"/>
 <node id="4215286610" visible="true" version="1" changeset="39663856" timestamp="2016-05-30T12:03:43Z" user="manoharuss" uid="3769434" lat="30.3384165" lon="78.0510778"/>
 <node id="4215286611" visible="true" version="2" changeset="126205617" timestamp="2022-09-15T05:29:16Z" user="VLD258" uid="10979442" lat="30.3384538" lon="78.0503812"/>
 <node id="4215286612" visible="true" version="1" changeset="39663856" timestamp="2016-05-30T12:03:43Z" user="manoharuss" uid="3769434" lat="30.3384190" lon="78.0510127"/>
 <node id="4215286613" visible="true" version="1" changeset="39663856" timestamp="2016-05-30T12:03:43Z" user="manoharuss" uid="3769434" lat="30.3384303" lon="78.0508762"/>
 <node id="4215286614" visible="true" version="2" changeset="126205617" timestamp="2022-09-15T05:29:16Z" user="VLD258" uid="10979442" lat="30.3384779" lon="78.0502788"/>
 <node id="4215286615" visible="true" version="1" changeset="39663856" timestamp="2016-05-30T12:03:43Z" user="manoharuss" uid="3769434" lat="30.3384448" lon="78.0510356"/>
 <node id="4215286616" visible="true" version="1" changeset="39663856" timestamp="2016-05-30T12:03:43Z" user="manoharuss" uid="3769434" lat="30.3384476" lon="78.0500009"/>
 <node id="4215286617" visible="true" version="1" changeset="39663856" timestamp="2016-05-30T12:03:43Z" user="manoharuss" uid="3769434" lat="30.3384485" lon="78.0513014"/>
 <node id="4215286618" visible="true" version="1" changeset="39663856" timestamp="2016-05-30T12:03:43Z" user="manoharuss" uid="3769434" lat="30.3384529" lon="78.0504933"/>
 <node id="4215286619" visible="true" version="1" changeset="39663856" timestamp="2016-05-30T12:03:43Z" user="manoharuss" uid="3769434" lat="30.3384630" lon="78.0512947"/>
 <node id="4215286620" visible="true" version="2" changeset="126205617" timestamp="2022-09-15T05:29:16Z" user="VLD258" uid="10979442" lat="30.3385094" lon="78.0503135"/>
 <node id="4215286621" visible="true" version="1" changeset="39663856" timestamp="2016-05-30T12:03:43Z" user="manoharuss" uid="3769434" lat="30.3384781" lon="78.0513637"/>
 <node id="4215286622" visible="true" version="1" changeset="39663856" timestamp="2016-05-30T12:03:43Z" user="manoharuss" uid="3769434" lat="30.3384865" lon="78.0512691"/>
 <node id="4215286623" visible="true" version="1" changeset="39663856" timestamp="2016-05-30T12:03:43Z" user="manoharuss" uid="3769434" lat="30.3384923" lon="78.0510785"/>
 <node id="4215286624" visible="true" version="1" changeset="39663856" timestamp="2016-05-30T12:03:43Z" user="manoharuss" uid="3769434" lat="30.3384997" lon="78.0513401"/>
 <node id="4215286625" visible="true" version="1" changeset="39663856" timestamp="2016-05-30T12:03:43Z" user="manoharuss" uid="3769434" lat="30.3385026" lon="78.0500579"/>
 <node id="4215286626" visible="true" version="1" changeset="39663856" timestamp="2016-05-30T12:03:43Z" user="manoharuss" uid="3769434" lat="30.3385075" lon="78.0514000"/>
 <node id="4215286627" visible="true" version="2" changeset="64900295" timestamp="2018-11-26T14:39:01Z" user="venkanna37" uid="5680733" lat="30.3384845" lon="78.0511512"/>
 <node id="4215286628" visible="true" version="1" changeset="39663856" timestamp="2016-05-30T12:03:43Z" user="manoharuss" uid="3769434" lat="30.3385233" lon="78.0513144"/>
 <node id="4215286629" visible="true" version="1" changeset="39663856" timestamp="2016-05-30T12:03:44Z" user="manoharuss" uid="3769434" lat="30.3385243" lon="78.0506862"/>
 <node id="4215286630" visible="true" version="1" changeset="39663856" timestamp="2016-05-30T12:03:44Z" user="manoharuss" uid="3769434" lat="30.3385353" lon="78.0513013"/>
 <node id="4215286631" visible="true" version="1" changeset="39663856" timestamp="2016-05-30T12:03:44Z" user="manoharuss" uid="3769434" lat="30.3385535" lon="78.0509873"/>
 <node id="4215286632" visible="true" version="2" changeset="64900295" timestamp="2018-11-26T14:39:01Z" user="venkanna37" uid="5680733" lat="30.3385224" lon="78.0511911"/>
 <node id="4215286633" visible="true" version="1" changeset="39663856" timestamp="2016-05-30T12:03:44Z" user="manoharuss" uid="3769434" lat="30.3385648" lon="78.0513377"/>
 <node id="4215286634" visible="true" version="1" changeset="39663856" timestamp="2016-05-30T12:03:44Z" user="manoharuss" uid="3769434" lat="30.3385751" lon="78.0506209"/>
 <node id="4215286635" visible="true" version="2" changeset="64900295" timestamp="2018-11-26T14:39:01Z" user="venkanna37" uid="5680733" lat="30.3386217" lon="78.0512489"/>
 <node id="4215286637" visible="true" version="2" changeset="64900295" timestamp="2018-11-26T14:39:01Z" user="venkanna37" uid="5680733" lat="30.3385425" lon="78.0511655"/>
 <node id="4215286638" visible="true" version="2" changeset="64900295" timestamp="2018-11-26T14:39:01Z" user="venkanna37" uid="5680733" lat="30.3385680" lon="78.0510448"/>
 <node id="4215286639" visible="true" version="2" changeset="64900295" timestamp="2018-11-26T14:39:01Z" user="venkanna37" uid="5680733" lat="30.3386851" lon="78.0511681"/>
 <node id="4215286640" visible="true" version="1" changeset="39663856" timestamp="2016-05-30T12:03:45Z" user="manoharuss" uid="3769434" lat="30.3386400" lon="78.0495842"/>
 <node id="4215286641" visible="true" version="2" changeset="64900295" timestamp="2018-11-26T14:39:01Z" user="venkanna37" uid="5680733" lat="30.3386210" lon="78.0511007"/>
 <node id="4215286642" visible="true" version="1" changeset="39663856" timestamp="2016-05-30T12:03:45Z" user="manoharuss" uid="3769434" lat="30.3386707" lon="78.0496224"/>
 <node id="4215286643" visible="true" version="1" changeset="39663856" timestamp="2016-05-30T12:03:45Z" user="manoharuss" uid="3769434" lat="30.3386916" lon="78.0495287"/>
 <node id="4215286644" visible="true" version="1" changeset="39663856" timestamp="2016-05-30T12:03:45Z" user="manoharuss" uid="3769434" lat="30.3387222" lon="78.0495669"/>
 <node id="4215286645" visible="true" version="1" changeset="39663856" timestamp="2016-05-30T12:03:45Z" user="manoharuss" uid="3769434" lat="30.3389783" lon="78.0507580"/>
 <node id="4215286646" visible="true" version="1" changeset="39663856" timestamp="2016-05-30T12:03:45Z" user="manoharuss" uid="3769434" lat="30.3390109" lon="78.0507213"/>
 <node id="4215286647" visible="true" version="1" changeset="39663856" timestamp="2016-05-30T12:03:45Z" user="manoharuss" uid="3769434" lat="30.3390203" lon="78.0507325"/>
 <node id="4215286648" visible="true" version="1" changeset="39663856" timestamp="2016-05-30T12:03:45Z" user="manoharuss" uid="3769434" lat="30.3390550" lon="78.0510903"/>
 <node id="4215286649" visible="true" version="1" changeset="39663856" timestamp="2016-05-30T12:03:45Z" user="manoharuss" uid="3769434" lat="30.3390568" lon="78.0511211"/>
 <node id="4215286650" visible="true" version="1" changeset="39663856" timestamp="2016-05-30T12:03:45Z" user="manoharuss" uid="3769434" lat="30.3390578" lon="78.0508527"/>
 <node id="4215286651" visible="true" version="1" changeset="39663856" timestamp="2016-05-30T12:03:45Z" user="manoharuss" uid="3769434" lat="30.3390657" lon="78.0506813"/>
 <node id="4215286652" visible="true" version="1" changeset="39663856" timestamp="2016-05-30T12:03:45Z" user="manoharuss" uid="3769434" lat="30.3390690" lon="78.0511083"/>
 <node id="4215286653" visible="true" version="1" changeset="39663856" timestamp="2016-05-30T12:03:45Z" user="manoharuss" uid="3769434" lat="30.3390857" lon="78.0511584"/>
 <node id="4215286654" visible="true" version="1" changeset="39663856" timestamp="2016-05-30T12:03:45Z" user="manoharuss" uid="3769434" lat="30.3390979" lon="78.0511456"/>
 <node id="4215286655" visible="true" version="1" changeset="39663856" timestamp="2016-05-30T12:03:45Z" user="manoharuss" uid="3769434" lat="30.3391123" lon="78.0511641"/>
 <node id="4215286656" visible="true" version="1" changeset="39663856" timestamp="2016-05-30T12:03:45Z" user="manoharuss" uid="3769434" lat="30.3391291" lon="78.0510131"/>
 <node id="4215286657" visible="true" version="1" changeset="39663856" timestamp="2016-05-30T12:03:45Z" user="manoharuss" uid="3769434" lat="30.3391346" lon="78.0511409"/>
 <node id="4215286658" visible="true" version="1" changeset="39663856" timestamp="2016-05-30T12:03:45Z" user="manoharuss" uid="3769434" lat="30.3391358" lon="78.0507649"/>
 <node id="4215286659" visible="true" version="1" changeset="39663856" timestamp="2016-05-30T12:03:45Z" user="manoharuss" uid="3769434" lat="30.3391456" lon="78.0511550"/>
 <node id="4215286660" visible="true" version="1" changeset="39663856" timestamp="2016-05-30T12:03:45Z" user="manoharuss" uid="3769434" lat="30.3391688" lon="78.0511308"/>
 <node id="4215286661" visible="true" version="1" changeset="39663856" timestamp="2016-05-30T12:03:45Z" user="manoharuss" uid="3769434" lat="30.3391787" lon="78.0511434"/>
 <node id="4215286662" visible="true" version="1" changeset="39663856" timestamp="2016-05-30T12:03:45Z" user="manoharuss" uid="3769434" lat="30.3392072" lon="78.0511137"/>
 <node id="4215286664" visible="true" version="2" changeset="126209237" timestamp="2022-09-15T07:15:12Z" user="VLD258" uid="10979442" lat="30.3430797" lon="78.0512217"/>
 <node id="4215286665" visible="true" version="2" changeset="126209237" timestamp="2022-09-15T07:15:12Z" user="VLD258" uid="10979442" lat="30.3431640" lon="78.0512244"/>
 <node id="4215302720" visible="true" version="1" changeset="39664154" timestamp="2016-05-30T12:15:37Z" user="manoharuss" uid="3769434" lat="30.3377961" lon="78.0515764"/>
 <node id="4215302721" visible="true" version="2" changeset="126203169" timestamp="2022-09-15T03:18:31Z" user="VLD258" uid="10979442" lat="30.3378150" lon="78.0519262"/>
 <node id="4215302722" visible="true" version="2" changeset="126203169" timestamp="2022-09-15T03:18:31Z" user="VLD258" uid="10979442" lat="30.3378267" lon="78.0519419"/>
 <node id="4215302723" visible="true" version="2" changeset="126203169" timestamp="2022-09-15T03:18:31Z" user="VLD258" uid="10979442" lat="30.3378296" lon="78.0519366"/>
 <node id="4215302724" visible="true" version="1" changeset="39664154" timestamp="2016-05-30T12:15:37Z" user="manoharuss" uid="3769434" lat="30.3378284" lon="78.0516105"/>
 <node id="4215302725" visible="true" version="2" changeset="126203169" timestamp="2022-09-15T03:18:31Z" user="VLD258" uid="10979442" lat="30.3378488" lon="78.0519680"/>
 <node id="4215302726" visible="true" version="2" changeset="126203169" timestamp="2022-09-15T03:18:31Z" user="VLD258" uid="10979442" lat="30.3378498" lon="78.0518605"/>
 <node id="4215302727" visible="true" version="1" changeset="39664154" timestamp="2016-05-30T12:15:37Z" user="manoharuss" uid="3769434" lat="30.3378338" lon="78.0516035"/>
 <node id="4215302728" visible="true" version="2" changeset="126203169" timestamp="2022-09-15T03:18:31Z" user="VLD258" uid="10979442" lat="30.3378528" lon="78.0519605"/>
 <node id="4215302729" visible="true" version="1" changeset="39664154" timestamp="2016-05-30T12:15:38Z" user="manoharuss" uid="3769434" lat="30.3378489" lon="78.0515093"/>
 <node id="4215302730" visible="true" version="1" changeset="39664154" timestamp="2016-05-30T12:15:38Z" user="manoharuss" uid="3769434" lat="30.3378582" lon="78.0516444"/>
 <node id="4215302731" visible="true" version="2" changeset="126203169" timestamp="2022-09-15T03:18:31Z" user="VLD258" uid="10979442" lat="30.3378770" lon="78.0519881"/>
 <node id="4215302732" visible="true" version="1" changeset="39664154" timestamp="2016-05-30T12:15:38Z" user="manoharuss" uid="3769434" lat="30.3378647" lon="78.0516361"/>
 <node id="4215302734" visible="true" version="1" changeset="39664154" timestamp="2016-05-30T12:15:38Z" user="manoharuss" uid="3769434" lat="30.3378836" lon="78.0516712"/>
 <node id="4215302735" visible="true" version="2" changeset="126203169" timestamp="2022-09-15T03:18:31Z" user="VLD258" uid="10979442" lat="30.3379187" lon="78.0519094"/>
 <node id="4215302736" visible="true" version="1" changeset="39664154" timestamp="2016-05-30T12:15:38Z" user="manoharuss" uid="3769434" lat="30.3379016" lon="78.0518483"/>
 <node id="4215302738" visible="true" version="1" changeset="39664154" timestamp="2016-05-30T12:15:38Z" user="manoharuss" uid="3769434" lat="30.3379332" lon="78.0518783"/>
 <node id="4215302739" visible="true" version="1" changeset="39664154" timestamp="2016-05-30T12:15:38Z" user="manoharuss" uid="3769434" lat="30.3379374" lon="78.0516028"/>
 <node id="4215302741" visible="true" version="1" changeset="39664154" timestamp="2016-05-30T12:15:38Z" user="manoharuss" uid="3769434" lat="30.3379644" lon="78.0518342"/>
 <node id="4215302744" visible="true" version="1" changeset="39664154" timestamp="2016-05-30T12:15:38Z" user="manoharuss" uid="3769434" lat="30.3379699" lon="78.0517517"/>
 <node id="4215302746" visible="true" version="1" changeset="39664154" timestamp="2016-05-30T12:15:38Z" user="manoharuss" uid="3769434" lat="30.3379894" lon="78.0518580"/>
 <node id="4215302747" visible="true" version="1" changeset="39664154" timestamp="2016-05-30T12:15:38Z" user="manoharuss" uid="3769434" lat="30.3380099" lon="78.0514031"/>
 <node id="4215302748" visible="true" version="1" changeset="39664154" timestamp="2016-05-30T12:15:38Z" user="manoharuss" uid="3769434" lat="30.3380266" lon="78.0518055"/>
 <node id="4215302749" visible="true" version="1" changeset="39664154" timestamp="2016-05-30T12:15:38Z" user="manoharuss" uid="3769434" lat="30.3380324" lon="78.0513592"/>
 <node id="4215302750" visible="true" version="1" changeset="39664154" timestamp="2016-05-30T12:15:38Z" user="manoharuss" uid="3769434" lat="30.3380495" lon="78.0514304"/>
 <node id="4215302751" visible="true" version="1" changeset="39664154" timestamp="2016-05-30T12:15:38Z" user="manoharuss" uid="3769434" lat="30.3380720" lon="78.0513866"/>
 <node id="4219092509" visible="true" version="1" changeset="39708950" timestamp="2016-06-01T11:59:28Z" user="manoharuss" uid="3769434" lat="30.3407830" lon="78.0483165"/>
 <node id="4219092510" visible="true" version="1" changeset="39708950" timestamp="2016-06-01T11:59:28Z" user="manoharuss" uid="3769434" lat="30.3407958" lon="78.0483019"/>
 <node id="4219092511" visible="true" version="1" changeset="39708950" timestamp="2016-06-01T11:59:28Z" user="manoharuss" uid="3769434" lat="30.3408049" lon="78.0483425"/>
 <node id="4219092512" visible="true" version="1" changeset="39708950" timestamp="2016-06-01T11:59:28Z" user="manoharuss" uid="3769434" lat="30.3408101" lon="78.0483367"/>
 <node id="4219092513" visible="true" version="1" changeset="39708950" timestamp="2016-06-01T11:59:28Z" user="manoharuss" uid="3769434" lat="30.3408237" lon="78.0483658"/>
 <node id="4219092514" visible="true" version="1" changeset="39708950" timestamp="2016-06-01T11:59:28Z" user="manoharuss" uid="3769434" lat="30.3408293" lon="78.0483594"/>
 <node id="4219092515" visible="true" version="1" changeset="39708950" timestamp="2016-06-01T11:59:28Z" user="manoharuss" uid="3769434" lat="30.3408421" lon="78.0482221"/>
 <node id="4219092516" visible="true" version="1" changeset="39708950" timestamp="2016-06-01T11:59:28Z" user="manoharuss" uid="3769434" lat="30.3408785" lon="78.0484307"/>
 <node id="4219092517" visible="true" version="1" changeset="39708950" timestamp="2016-06-01T11:59:28Z" user="manoharuss" uid="3769434" lat="30.3408946" lon="78.0484124"/>
 <node id="4219092518" visible="true" version="1" changeset="39708950" timestamp="2016-06-01T11:59:28Z" user="manoharuss" uid="3769434" lat="30.3409143" lon="78.0484357"/>
 <node id="4219092519" visible="true" version="1" changeset="39708950" timestamp="2016-06-01T11:59:28Z" user="manoharuss" uid="3769434" lat="30.3409217" lon="78.0484273"/>
 <node id="4219092520" visible="true" version="1" changeset="39708950" timestamp="2016-06-01T11:59:28Z" user="manoharuss" uid="3769434" lat="30.3409392" lon="78.0484480"/>
 <node id="4219092521" visible="true" version="1" changeset="39708950" timestamp="2016-06-01T11:59:28Z" user="manoharuss" uid="3769434" lat="30.3409557" lon="78.0484293"/>
 <node id="4899281480" visible="true" version="2" changeset="126216738" timestamp="2022-09-15T10:16:53Z" user="VLD258" uid="10979442" lat="30.3402398" lon="78.0465019"/>
 <node id="4899281482" visible="true" version="2" changeset="126216738" timestamp="2022-09-15T10:16:53Z" user="VLD258" uid="10979442" lat="30.3398920" lon="78.0460636"/>
 <node id="4899281483" visible="true" version="2" changeset="126216738" timestamp="2022-09-15T10:16:53Z" user="VLD258" uid="10979442" lat="30.3411183" lon="78.0474194"/>
 <node id="4899281485" visible="true" version="2" changeset="126215749" timestamp="2022-09-15T09:53:03Z" user="VLD258" uid="10979442" lat="30.3412893" lon="78.0450069"/>
 <node id="4899281488" visible="true" version="4" changeset="126216436" timestamp="2022-09-15T10:10:00Z" user="VLD258" uid="10979442" lat="30.3410528" lon="78.0456895"/>
 <node id="4899281491" visible="true" version="3" changeset="126215749" timestamp="2022-09-15T09:53:03Z" user="VLD258" uid="10979442" lat="30.3414982" lon="78.0457280"/>
 <node id="5073954277" visible="true" version="1" changeset="51651892" timestamp="2017-09-01T18:12:11Z" user="ssarathh" uid="6366913" lat="30.3400792" lon="78.0501673"/>
 <node id="5073954278" visible="true" version="1" changeset="51651892" timestamp="2017-09-01T18:12:11Z" user="ssarathh" uid="6366913" lat="30.3400125" lon="78.0502420"/>
 <node id="5073954279" visible="true" version="1" changeset="51651892" timestamp="2017-09-01T18:12:11Z" user="ssarathh" uid="6366913" lat="30.3400419" lon="78.0502766"/>
 <node id="5073954280" visible="true" version="1" changeset="51651892" timestamp="2017-09-01T18:12:11Z" user="ssarathh" uid="6366913" lat="30.3401072" lon="78.0502024"/>
 <node id="5493561035" visible="true" version="2" changeset="126204634" timestamp="2022-09-15T04:50:30Z" user="VLD258" uid="10979442" lat="30.3388055" lon="78.0422053"/>
 <node id="5739062259" visible="true" version="1" changeset="60408693" timestamp="2018-07-04T12:59:46Z" user="Arun Balaji" uid="3427745" lat="30.3392786" lon="78.0523019"/>
 <node id="5739062260" visible="true" version="1" changeset="60408693" timestamp="2018-07-04T12:59:46Z" user="Arun Balaji" uid="3427745" lat="30.3390310" lon="78.0525111"/>
 <node id="5739062261" visible="true" version="1" changeset="60408693" timestamp="2018-07-04T12:59:46Z" user="Arun Balaji" uid="3427745" lat="30.3389495" lon="78.0523816"/>
 <node id="5739062262" visible="true" version="1" changeset="60408693" timestamp="2018-07-04T12:59:46Z" user="Arun Balaji" uid="3427745" lat="30.3391972" lon="78.0521724"/>
 <node id="5739062307" visible="true" version="1" changeset="60408693" timestamp="2018-07-04T12:59:47Z" user="Arun Balaji" uid="3427745" lat="30.3400861" lon="78.0494311"/>
 <node id="5739062308" visible="true" version="1" changeset="60408693" timestamp="2018-07-04T12:59:47Z" user="Arun Balaji" uid="3427745" lat="30.3398777" lon="78.0496752"/>
 <node id="5739062309" visible="true" version="1" changeset="60408693" timestamp="2018-07-04T12:59:47Z" user="Arun Balaji" uid="3427745" lat="30.3397898" lon="78.0495116"/>
 <node id="5739062310" visible="true" version="1" changeset="60408693" timestamp="2018-07-04T12:59:47Z" user="Arun Balaji" uid="3427745" lat="30.3399657" lon="78.0493212"/>
 <node id="5739062311" visible="true" version="1" changeset="60408693" timestamp="2018-07-04T12:59:47Z" user="Arun Balaji" uid="3427745" lat="30.3399516" lon="78.0492964"/>
 <node id="5739062312" visible="true" version="1" changeset="60408693" timestamp="2018-07-04T12:59:47Z" user="Arun Balaji" uid="3427745" lat="30.3398335" lon="78.0494198"/>
 <node id="5739062313" visible="true" version="1" changeset="60408693" timestamp="2018-07-04T12:59:47Z" user="Arun Balaji" uid="3427745" lat="30.3397296" lon="78.0492863"/>
 <node id="5739062314" visible="true" version="1" changeset="60408693" timestamp="2018-07-04T12:59:47Z" user="Arun Balaji" uid="3427745" lat="30.3398476" lon="78.0491629"/>
 <node id="5739062315" visible="true" version="1" changeset="60408693" timestamp="2018-07-04T12:59:47Z" user="Arun Balaji" uid="3427745" lat="30.3399944" lon="78.0488985"/>
 <node id="5739062316" visible="true" version="1" changeset="60408693" timestamp="2018-07-04T12:59:47Z" user="Arun Balaji" uid="3427745" lat="30.3400907" lon="78.0489886"/>
 <node id="5739062317" visible="true" version="1" changeset="60408693" timestamp="2018-07-04T12:59:47Z" user="Arun Balaji" uid="3427745" lat="30.3401662" lon="78.0488802"/>
 <node id="5739062318" visible="true" version="1" changeset="60408693" timestamp="2018-07-04T12:59:47Z" user="Arun Balaji" uid="3427745" lat="30.3400699" lon="78.0487901"/>
 <node id="5927034235" visible="true" version="1" changeset="62886084" timestamp="2018-09-24T16:13:23Z" user="Arun Balaji" uid="3427745" lat="30.3416507" lon="78.0500050">
  <tag k="name" v="Standard Bakers and Fast food"/>
  <tag k="shop" v="bakery"/>
 </node>
 <node id="5936223639" visible="true" version="1" changeset="62999649" timestamp="2018-09-28T07:17:43Z" user="Arun Balaji" uid="3427745" lat="30.3409126" lon="78.0442346">
  <tag k="man_made" v="flagpole"/>
 </node>
 <node id="5947862342" visible="true" version="2" changeset="63115115" timestamp="2018-10-02T07:14:34Z" user="Arun Balaji" uid="3427745" lat="30.3405587" lon="78.0442827"/>
 <node id="5947862343" visible="true" version="2" changeset="63115115" timestamp="2018-10-02T07:14:34Z" user="Arun Balaji" uid="3427745" lat="30.3405085" lon="78.0443833"/>
 <node id="5947862344" visible="true" version="2" changeset="63115115" timestamp="2018-10-02T07:14:34Z" user="Arun Balaji" uid="3427745" lat="30.3404750" lon="78.0443631"/>
 <node id="5947862345" visible="true" version="2" changeset="63115115" timestamp="2018-10-02T07:14:34Z" user="Arun Balaji" uid="3427745" lat="30.3404767" lon="78.0443021"/>
 <node id="5947862346" visible="true" version="2" changeset="63115115" timestamp="2018-10-02T07:14:34Z" user="Arun Balaji" uid="3427745" lat="30.3404767" lon="78.0441143"/>
 <node id="5947862347" visible="true" version="2" changeset="63115115" timestamp="2018-10-02T07:14:34Z" user="Arun Balaji" uid="3427745" lat="30.3405571" lon="78.0441110"/>
 <node id="5947862348" visible="true" version="2" changeset="63115115" timestamp="2018-10-02T07:14:34Z" user="Arun Balaji" uid="3427745" lat="30.3407290" lon="78.0441664"/>
 <node id="5947862349" visible="true" version="2" changeset="63115115" timestamp="2018-10-02T07:14:34Z" user="Arun Balaji" uid="3427745" lat="30.3407669" lon="78.0441887"/>
 <node id="5947862350" visible="true" version="2" changeset="63115115" timestamp="2018-10-02T07:14:34Z" user="Arun Balaji" uid="3427745" lat="30.3406506" lon="78.0443258"/>
 <node id="5947862351" visible="true" version="2" changeset="63115115" timestamp="2018-10-02T07:14:34Z" user="Arun Balaji" uid="3427745" lat="30.3408002" lon="78.0441173"/>
 <node id="5947862352" visible="true" version="2" changeset="63115115" timestamp="2018-10-02T07:14:34Z" user="Arun Balaji" uid="3427745" lat="30.3407669" lon="78.0440926"/>
 <node id="5947862363" visible="true" version="2" changeset="126216738" timestamp="2022-09-15T10:16:53Z" user="VLD258" uid="10979442" lat="30.3412194" lon="78.0457486"/>
 <node id="5947862364" visible="true" version="5" changeset="126216738" timestamp="2022-09-15T10:16:53Z" user="VLD258" uid="10979442" lat="30.3414965" lon="78.0458064"/>
 <node id="5947862365" visible="true" version="2" changeset="126215749" timestamp="2022-09-15T09:53:03Z" user="VLD258" uid="10979442" lat="30.3402666" lon="78.0449390"/>
 <node id="5947862366" visible="true" version="2" changeset="126215749" timestamp="2022-09-15T09:53:03Z" user="VLD258" uid="10979442" lat="30.3402901" lon="78.0450571"/>
 <node id="5947862367" visible="true" version="2" changeset="126215749" timestamp="2022-09-15T09:53:03Z" user="VLD258" uid="10979442" lat="30.3403466" lon="78.0452435"/>
 <node id="5947862368" visible="true" version="1" changeset="63113422" timestamp="2018-10-02T05:48:54Z" user="Arun Balaji" uid="3427745" lat="30.3403939" lon="78.0453435"/>
 <node id="5947862372" visible="true" version="2" changeset="126216436" timestamp="2022-09-15T10:10:00Z" user="VLD258" uid="10979442" lat="30.3404315" lon="78.0453838"/>
 <node id="5947862376" visible="true" version="2" changeset="63115115" timestamp="2018-10-02T07:14:34Z" user="Arun Balaji" uid="3427745" lat="30.3409476" lon="78.0453950"/>
 <node id="5947862377" visible="true" version="2" changeset="63115115" timestamp="2018-10-02T07:14:34Z" user="Arun Balaji" uid="3427745" lat="30.3408746" lon="78.0453698"/>
 <node id="5948004566" visible="true" version="1" changeset="63115115" timestamp="2018-10-02T07:14:27Z" user="Arun Balaji" uid="3427745" lat="30.3407325" lon="78.0466247"/>
 <node id="5948004567" visible="true" version="1" changeset="63115115" timestamp="2018-10-02T07:14:27Z" user="Arun Balaji" uid="3427745" lat="30.3406399" lon="78.0467468"/>
 <node id="5948004568" visible="true" version="1" changeset="63115115" timestamp="2018-10-02T07:14:27Z" user="Arun Balaji" uid="3427745" lat="30.3405525" lon="78.0466577"/>
 <node id="5948004569" visible="true" version="1" changeset="63115115" timestamp="2018-10-02T07:14:27Z" user="Arun Balaji" uid="3427745" lat="30.3406451" lon="78.0465357"/>
 <node id="5948004570" visible="true" version="1" changeset="63115115" timestamp="2018-10-02T07:14:27Z" user="Arun Balaji" uid="3427745" lat="30.3410959" lon="78.0469333"/>
 <node id="5948004571" visible="true" version="1" changeset="63115115" timestamp="2018-10-02T07:14:27Z" user="Arun Balaji" uid="3427745" lat="30.3409750" lon="78.0469056"/>
 <node id="5948004573" visible="true" version="1" changeset="63115115" timestamp="2018-10-02T07:14:27Z" user="Arun Balaji" uid="3427745" lat="30.3409875" lon="78.0470935"/>
 <node id="5948004574" visible="true" version="1" changeset="63115115" timestamp="2018-10-02T07:14:27Z" user="Arun Balaji" uid="3427745" lat="30.3409933" lon="78.0470597"/>
 <node id="5948004575" visible="true" version="1" changeset="63115115" timestamp="2018-10-02T07:14:27Z" user="Arun Balaji" uid="3427745" lat="30.3410197" lon="78.0470657"/>
 <node id="5948004576" visible="true" version="1" changeset="63115115" timestamp="2018-10-02T07:14:27Z" user="Arun Balaji" uid="3427745" lat="30.3410126" lon="78.0471078"/>
 <node id="5948004577" visible="true" version="1" changeset="63115115" timestamp="2018-10-02T07:14:27Z" user="Arun Balaji" uid="3427745" lat="30.3410482" lon="78.0471159"/>
 <node id="5948004578" visible="true" version="1" changeset="63115115" timestamp="2018-10-02T07:14:27Z" user="Arun Balaji" uid="3427745" lat="30.3410600" lon="78.0470460"/>
 <node id="5948004579" visible="true" version="1" changeset="63115115" timestamp="2018-10-02T07:14:27Z" user="Arun Balaji" uid="3427745" lat="30.3410774" lon="78.0470500"/>
 <node id="5948004580" visible="true" version="1" changeset="63115115" timestamp="2018-10-02T07:14:27Z" user="Arun Balaji" uid="3427745" lat="30.3410866" lon="78.0469960"/>
 <node id="5948004581" visible="true" version="1" changeset="63115115" timestamp="2018-10-02T07:14:27Z" user="Arun Balaji" uid="3427745" lat="30.3410709" lon="78.0469925"/>
 <node id="5948004582" visible="true" version="1" changeset="63115115" timestamp="2018-10-02T07:14:27Z" user="Arun Balaji" uid="3427745" lat="30.3410815" lon="78.0469298"/>
 <node id="5948004583" visible="true" version="1" changeset="63115115" timestamp="2018-10-02T07:14:27Z" user="Arun Balaji" uid="3427745" lat="30.3412519" lon="78.0459641"/>
 <node id="5948004584" visible="true" version="1" changeset="63115115" timestamp="2018-10-02T07:14:27Z" user="Arun Balaji" uid="3427745" lat="30.3411830" lon="78.0468126"/>
 <node id="5948004885" visible="true" version="1" changeset="63115115" timestamp="2018-10-02T07:14:27Z" user="Arun Balaji" uid="3427745" lat="30.3411368" lon="78.0467992"/>
 <node id="5948004886" visible="true" version="1" changeset="63115115" timestamp="2018-10-02T07:14:27Z" user="Arun Balaji" uid="3427745" lat="30.3408552" lon="78.0467471"/>
 <node id="5948004887" visible="true" version="1" changeset="63115115" timestamp="2018-10-02T07:14:27Z" user="Arun Balaji" uid="3427745" lat="30.3408707" lon="78.0466775"/>
 <node id="5948004888" visible="true" version="1" changeset="63115115" timestamp="2018-10-02T07:14:27Z" user="Arun Balaji" uid="3427745" lat="30.3408311" lon="78.0467399"/>
 <node id="5948004889" visible="true" version="1" changeset="63115115" timestamp="2018-10-02T07:14:27Z" user="Arun Balaji" uid="3427745" lat="30.3408468" lon="78.0466703"/>
 <node id="5948004890" visible="true" version="1" changeset="63115115" timestamp="2018-10-02T07:14:28Z" user="Arun Balaji" uid="3427745" lat="30.3409181" lon="78.0467416"/>
 <node id="5948004891" visible="true" version="1" changeset="63115115" timestamp="2018-10-02T07:14:28Z" user="Arun Balaji" uid="3427745" lat="30.3409261" lon="78.0467058"/>
 <node id="5948004892" visible="true" version="1" changeset="63115115" timestamp="2018-10-02T07:14:28Z" user="Arun Balaji" uid="3427745" lat="30.3408673" lon="78.0474812"/>
 <node id="5948004893" visible="true" version="1" changeset="63115115" timestamp="2018-10-02T07:14:28Z" user="Arun Balaji" uid="3427745" lat="30.3408071" lon="78.0473879"/>
 <node id="5948004894" visible="true" version="1" changeset="63115115" timestamp="2018-10-02T07:14:28Z" user="Arun Balaji" uid="3427745" lat="30.3408261" lon="78.0473880"/>
 <node id="5948004895" visible="true" version="1" changeset="63115115" timestamp="2018-10-02T07:14:28Z" user="Arun Balaji" uid="3427745" lat="30.3408258" lon="78.0475556"/>
 <node id="5948004896" visible="true" version="1" changeset="63115115" timestamp="2018-10-02T07:14:28Z" user="Arun Balaji" uid="3427745" lat="30.3405882" lon="78.0475550"/>
 <node id="5948004897" visible="true" version="1" changeset="63115115" timestamp="2018-10-02T07:14:28Z" user="Arun Balaji" uid="3427745" lat="30.3405885" lon="78.0473909"/>
 <node id="5948004898" visible="true" version="1" changeset="63115115" timestamp="2018-10-02T07:14:28Z" user="Arun Balaji" uid="3427745" lat="30.3406558" lon="78.0473911"/>
 <node id="5948004899" visible="true" version="1" changeset="63115115" timestamp="2018-10-02T07:14:28Z" user="Arun Balaji" uid="3427745" lat="30.3406558" lon="78.0474157"/>
 <node id="5948004900" visible="true" version="1" changeset="63115115" timestamp="2018-10-02T07:14:28Z" user="Arun Balaji" uid="3427745" lat="30.3407061" lon="78.0474159"/>
 <node id="5948004901" visible="true" version="1" changeset="63115115" timestamp="2018-10-02T07:14:28Z" user="Arun Balaji" uid="3427745" lat="30.3407062" lon="78.0473560"/>
 <node id="5948004902" visible="true" version="1" changeset="63115115" timestamp="2018-10-02T07:14:28Z" user="Arun Balaji" uid="3427745" lat="30.3408072" lon="78.0473562"/>
 <node id="5948004903" visible="true" version="1" changeset="63115115" timestamp="2018-10-02T07:14:28Z" user="Arun Balaji" uid="3427745" lat="30.3406531" lon="78.0472405"/>
 <node id="5948004904" visible="true" version="1" changeset="63115115" timestamp="2018-10-02T07:14:28Z" user="Arun Balaji" uid="3427745" lat="30.3406628" lon="78.0472690"/>
 <node id="5948004905" visible="true" version="1" changeset="63115115" timestamp="2018-10-02T07:14:28Z" user="Arun Balaji" uid="3427745" lat="30.3404826" lon="78.0473202"/>
 <node id="5948004906" visible="true" version="1" changeset="63115115" timestamp="2018-10-02T07:14:28Z" user="Arun Balaji" uid="3427745" lat="30.3405708" lon="78.0474021"/>
 <node id="5948004907" visible="true" version="1" changeset="63115115" timestamp="2018-10-02T07:14:28Z" user="Arun Balaji" uid="3427745" lat="30.3405829" lon="78.0471752"/>
 <node id="5948004908" visible="true" version="1" changeset="63115115" timestamp="2018-10-02T07:14:28Z" user="Arun Balaji" uid="3427745" lat="30.3399673" lon="78.0448877"/>
 <node id="5948004909" visible="true" version="1" changeset="63115115" timestamp="2018-10-02T07:14:28Z" user="Arun Balaji" uid="3427745" lat="30.3401061" lon="78.0445613"/>
 <node id="5948004910" visible="true" version="1" changeset="63115115" timestamp="2018-10-02T07:14:28Z" user="Arun Balaji" uid="3427745" lat="30.3399089" lon="78.0448199"/>
 <node id="5948004911" visible="true" version="1" changeset="63115115" timestamp="2018-10-02T07:14:28Z" user="Arun Balaji" uid="3427745" lat="30.3399023" lon="78.0446437"/>
 <node id="5948004912" visible="true" version="1" changeset="63115115" timestamp="2018-10-02T07:14:28Z" user="Arun Balaji" uid="3427745" lat="30.3401908" lon="78.0440459"/>
 <node id="5948004913" visible="true" version="1" changeset="63115115" timestamp="2018-10-02T07:14:28Z" user="Arun Balaji" uid="3427745" lat="30.3402909" lon="78.0439655"/>
 <node id="5948004914" visible="true" version="1" changeset="63115115" timestamp="2018-10-02T07:14:28Z" user="Arun Balaji" uid="3427745" lat="30.3403827" lon="78.0439698"/>
 <node id="5948004915" visible="true" version="1" changeset="63115115" timestamp="2018-10-02T07:14:28Z" user="Arun Balaji" uid="3427745" lat="30.3404015" lon="78.0439950"/>
 <node id="5948004916" visible="true" version="1" changeset="63115115" timestamp="2018-10-02T07:14:28Z" user="Arun Balaji" uid="3427745" lat="30.3404229" lon="78.0440265"/>
 <node id="5948004917" visible="true" version="1" changeset="63115115" timestamp="2018-10-02T07:14:28Z" user="Arun Balaji" uid="3427745" lat="30.3404397" lon="78.0440560"/>
 <node id="5948004918" visible="true" version="1" changeset="63115115" timestamp="2018-10-02T07:14:28Z" user="Arun Balaji" uid="3427745" lat="30.3405823" lon="78.0440919"/>
 <node id="5948004919" visible="true" version="1" changeset="63115115" timestamp="2018-10-02T07:14:28Z" user="Arun Balaji" uid="3427745" lat="30.3405016" lon="78.0442706"/>
 <node id="5948004920" visible="true" version="1" changeset="63115115" timestamp="2018-10-02T07:14:28Z" user="Arun Balaji" uid="3427745" lat="30.3404779" lon="78.0442498"/>
 <node id="5948004926" visible="true" version="2" changeset="63166951" timestamp="2018-10-03T16:52:51Z" user="Arun Balaji" uid="3427745" lat="30.3404460" lon="78.0447359"/>
 <node id="5948004933" visible="true" version="2" changeset="126571452" timestamp="2022-09-24T07:30:39Z" user="Blog_dash" uid="15458714" lat="30.3406317" lon="78.0456441"/>
 <node id="5948004934" visible="true" version="2" changeset="126571452" timestamp="2022-09-24T07:30:39Z" user="Blog_dash" uid="15458714" lat="30.3406491" lon="78.0456330"/>
 <node id="5948004935" visible="true" version="2" changeset="126571452" timestamp="2022-09-24T07:30:39Z" user="Blog_dash" uid="15458714" lat="30.3406615" lon="78.0456150"/>
 <node id="5948004936" visible="true" version="2" changeset="126571452" timestamp="2022-09-24T07:30:39Z" user="Blog_dash" uid="15458714" lat="30.3406671" lon="78.0455929"/>
 <node id="5948004937" visible="true" version="2" changeset="126571452" timestamp="2022-09-24T07:30:39Z" user="Blog_dash" uid="15458714" lat="30.3405773" lon="78.0456258"/>
 <node id="5948004938" visible="true" version="2" changeset="126571452" timestamp="2022-09-24T07:30:39Z" user="Blog_dash" uid="15458714" lat="30.3405677" lon="78.0456056"/>
 <node id="5948004939" visible="true" version="2" changeset="126571452" timestamp="2022-09-24T07:30:39Z" user="Blog_dash" uid="15458714" lat="30.3405655" lon="78.0455827"/>
 <node id="5948004940" visible="true" version="2" changeset="126571452" timestamp="2022-09-24T07:30:39Z" user="Blog_dash" uid="15458714" lat="30.3405710" lon="78.0455606"/>
 <node id="5948004941" visible="true" version="2" changeset="126571452" timestamp="2022-09-24T07:30:39Z" user="Blog_dash" uid="15458714" lat="30.3405834" lon="78.0455426"/>
 <node id="5948004942" visible="true" version="2" changeset="126571452" timestamp="2022-09-24T07:30:39Z" user="Blog_dash" uid="15458714" lat="30.3406009" lon="78.0455315"/>
 <node id="5948004943" visible="true" version="2" changeset="126571452" timestamp="2022-09-24T07:30:39Z" user="Blog_dash" uid="15458714" lat="30.3406206" lon="78.0455289"/>
 <node id="5948004944" visible="true" version="2" changeset="126571452" timestamp="2022-09-24T07:30:39Z" user="Blog_dash" uid="15458714" lat="30.3406397" lon="78.0455354"/>
 <node id="5948004945" visible="true" version="2" changeset="126571452" timestamp="2022-09-24T07:30:39Z" user="Blog_dash" uid="15458714" lat="30.3406553" lon="78.0455498"/>
 <node id="5948004946" visible="true" version="2" changeset="126571452" timestamp="2022-09-24T07:30:39Z" user="Blog_dash" uid="15458714" lat="30.3406649" lon="78.0455699"/>
 <node id="5948004947" visible="true" version="2" changeset="63166951" timestamp="2018-10-03T16:52:51Z" user="Arun Balaji" uid="3427745" lat="30.3402882" lon="78.0445901"/>
 <node id="5948004948" visible="true" version="2" changeset="63166951" timestamp="2018-10-03T16:52:51Z" user="Arun Balaji" uid="3427745" lat="30.3402882" lon="78.0447087"/>
 <node id="5948004949" visible="true" version="2" changeset="63166951" timestamp="2018-10-03T16:52:51Z" user="Arun Balaji" uid="3427745" lat="30.3403931" lon="78.0447087"/>
 <node id="5948004950" visible="true" version="2" changeset="63166951" timestamp="2018-10-03T16:52:51Z" user="Arun Balaji" uid="3427745" lat="30.3403931" lon="78.0445902"/>
 <node id="5948004951" visible="true" version="1" changeset="63115115" timestamp="2018-10-02T07:14:28Z" user="Arun Balaji" uid="3427745" lat="30.3405223" lon="78.0439307"/>
 <node id="5948004952" visible="true" version="1" changeset="63115115" timestamp="2018-10-02T07:14:28Z" user="Arun Balaji" uid="3427745" lat="30.3407851" lon="78.0437999"/>
 <node id="5948004953" visible="true" version="1" changeset="63115115" timestamp="2018-10-02T07:14:28Z" user="Arun Balaji" uid="3427745" lat="30.3405571" lon="78.0438555"/>
 <node id="5948004954" visible="true" version="1" changeset="63115115" timestamp="2018-10-02T07:14:28Z" user="Arun Balaji" uid="3427745" lat="30.3407360" lon="78.0437791"/>
 <node id="5948004955" visible="true" version="1" changeset="63115115" timestamp="2018-10-02T07:14:28Z" user="Arun Balaji" uid="3427745" lat="30.3406410" lon="78.0437784"/>
 <node id="5948004956" visible="true" version="1" changeset="63115115" timestamp="2018-10-02T07:14:28Z" user="Arun Balaji" uid="3427745" lat="30.3405838" lon="78.0438133"/>
 <node id="5948004957" visible="true" version="1" changeset="63115115" timestamp="2018-10-02T07:14:28Z" user="Arun Balaji" uid="3427745" lat="30.3405317" lon="78.0439098"/>
 <node id="5948004958" visible="true" version="1" changeset="63115115" timestamp="2018-10-02T07:14:28Z" user="Arun Balaji" uid="3427745" lat="30.3405658" lon="78.0438367"/>
 <node id="5948004959" visible="true" version="1" changeset="63115115" timestamp="2018-10-02T07:14:28Z" user="Arun Balaji" uid="3427745" lat="30.3406839" lon="78.0437750"/>
 <node id="5948004960" visible="true" version="1" changeset="63115115" timestamp="2018-10-02T07:14:28Z" user="Arun Balaji" uid="3427745" lat="30.3405469" lon="78.0438745"/>
 <node id="5948004961" visible="true" version="1" changeset="63115115" timestamp="2018-10-02T07:14:28Z" user="Arun Balaji" uid="3427745" lat="30.3406080" lon="78.0437908"/>
 <node id="5948004962" visible="true" version="2" changeset="126216738" timestamp="2022-09-15T10:16:53Z" user="VLD258" uid="10979442" lat="30.3412834" lon="78.0464755"/>
 <node id="5948004963" visible="true" version="1" changeset="63115115" timestamp="2018-10-02T07:14:29Z" user="Arun Balaji" uid="3427745" lat="30.3413563" lon="78.0463327"/>
 <node id="5948004964" visible="true" version="1" changeset="63115115" timestamp="2018-10-02T07:14:29Z" user="Arun Balaji" uid="3427745" lat="30.3413190" lon="78.0464496"/>
 <node id="5948004965" visible="true" version="1" changeset="63115115" timestamp="2018-10-02T07:14:29Z" user="Arun Balaji" uid="3427745" lat="30.3413914" lon="78.0464806"/>
 <node id="5948004966" visible="true" version="1" changeset="63115115" timestamp="2018-10-02T07:14:29Z" user="Arun Balaji" uid="3427745" lat="30.3414287" lon="78.0463636"/>
 <node id="5948004967" visible="true" version="1" changeset="63115115" timestamp="2018-10-02T07:14:29Z" user="Arun Balaji" uid="3427745" lat="30.3412541" lon="78.0466175"/>
 <node id="5948004968" visible="true" version="1" changeset="63115115" timestamp="2018-10-02T07:14:29Z" user="Arun Balaji" uid="3427745" lat="30.3409697" lon="78.0464892"/>
 <node id="5948004969" visible="true" version="1" changeset="63115115" timestamp="2018-10-02T07:14:29Z" user="Arun Balaji" uid="3427745" lat="30.3410766" lon="78.0461710"/>
 <node id="5948004970" visible="true" version="1" changeset="63115115" timestamp="2018-10-02T07:14:29Z" user="Arun Balaji" uid="3427745" lat="30.3413610" lon="78.0462992"/>
 <node id="5948004971" visible="true" version="1" changeset="63115115" timestamp="2018-10-02T07:14:29Z" user="Arun Balaji" uid="3427745" lat="30.3409629" lon="78.0453980"/>
 <node id="5948004972" visible="true" version="1" changeset="63115115" timestamp="2018-10-02T07:14:29Z" user="Arun Balaji" uid="3427745" lat="30.3409429" lon="78.0454772"/>
 <node id="5948004973" visible="true" version="1" changeset="63115115" timestamp="2018-10-02T07:14:29Z" user="Arun Balaji" uid="3427745" lat="30.3410154" lon="78.0455018"/>
 <node id="5948004974" visible="true" version="1" changeset="63115115" timestamp="2018-10-02T07:14:29Z" user="Arun Balaji" uid="3427745" lat="30.3410354" lon="78.0454226"/>
 <node id="5948004975" visible="true" version="1" changeset="63115115" timestamp="2018-10-02T07:14:29Z" user="Arun Balaji" uid="3427745" lat="30.3408038" lon="78.0454407"/>
 <node id="5948004976" visible="true" version="1" changeset="63115115" timestamp="2018-10-02T07:14:29Z" user="Arun Balaji" uid="3427745" lat="30.3408775" lon="78.0454662"/>
 <node id="5948004977" visible="true" version="1" changeset="63115115" timestamp="2018-10-02T07:14:29Z" user="Arun Balaji" uid="3427745" lat="30.3407984" lon="78.0454616"/>
 <node id="5948004978" visible="true" version="1" changeset="63115115" timestamp="2018-10-02T07:14:29Z" user="Arun Balaji" uid="3427745" lat="30.3409280" lon="78.0455064"/>
 <node id="5948004979" visible="true" version="1" changeset="63115115" timestamp="2018-10-02T07:14:29Z" user="Arun Balaji" uid="3427745" lat="30.3409299" lon="78.0454638"/>
 <node id="5948004980" visible="true" version="1" changeset="63115115" timestamp="2018-10-02T07:14:29Z" user="Arun Balaji" uid="3427745" lat="30.3414297" lon="78.0448298"/>
 <node id="5948004981" visible="true" version="1" changeset="63115115" timestamp="2018-10-02T07:14:29Z" user="Arun Balaji" uid="3427745" lat="30.3413569" lon="78.0449399"/>
 <node id="5948004982" visible="true" version="1" changeset="63115115" timestamp="2018-10-02T07:14:29Z" user="Arun Balaji" uid="3427745" lat="30.3410607" lon="78.0446770"/>
 <node id="5948004983" visible="true" version="1" changeset="63115115" timestamp="2018-10-02T07:14:29Z" user="Arun Balaji" uid="3427745" lat="30.3411336" lon="78.0445668"/>
 <node id="5948004984" visible="true" version="2" changeset="126215749" timestamp="2022-09-15T09:53:03Z" user="VLD258" uid="10979442" lat="30.3409838" lon="78.0445632"/>
 <node id="5948005085" visible="true" version="2" changeset="126215749" timestamp="2022-09-15T09:53:03Z" user="VLD258" uid="10979442" lat="30.3410194" lon="78.0445645"/>
 <node id="5948005086" visible="true" version="2" changeset="126215749" timestamp="2022-09-15T09:53:03Z" user="VLD258" uid="10979442" lat="30.3411213" lon="78.0446312"/>
 <node id="5948005088" visible="true" version="2" changeset="126215749" timestamp="2022-09-15T09:53:03Z" user="VLD258" uid="10979442" lat="30.3413816" lon="78.0448682"/>
 <node id="5948005089" visible="true" version="2" changeset="126215749" timestamp="2022-09-15T09:53:03Z" user="VLD258" uid="10979442" lat="30.3414122" lon="78.0449245"/>
 <node id="5948005090" visible="true" version="2" changeset="126215749" timestamp="2022-09-15T09:53:03Z" user="VLD258" uid="10979442" lat="30.3414269" lon="78.0450167"/>
 <node id="5948005091" visible="true" version="1" changeset="63115115" timestamp="2018-10-02T07:14:29Z" user="Arun Balaji" uid="3427745" lat="30.3401364" lon="78.0438468"/>
 <node id="5948005092" visible="true" version="1" changeset="63115115" timestamp="2018-10-02T07:14:29Z" user="Arun Balaji" uid="3427745" lat="30.3401590" lon="78.0438448"/>
 <node id="5948005093" visible="true" version="1" changeset="63115115" timestamp="2018-10-02T07:14:29Z" user="Arun Balaji" uid="3427745" lat="30.3401619" lon="78.0438173"/>
 <node id="5948005094" visible="true" version="1" changeset="63115115" timestamp="2018-10-02T07:14:29Z" user="Arun Balaji" uid="3427745" lat="30.3401461" lon="78.0438650"/>
 <node id="5948005095" visible="true" version="1" changeset="63115115" timestamp="2018-10-02T07:14:29Z" user="Arun Balaji" uid="3427745" lat="30.3401601" lon="78.0438635"/>
 <node id="5948005096" visible="true" version="1" changeset="63115115" timestamp="2018-10-02T07:14:29Z" user="Arun Balaji" uid="3427745" lat="30.3401596" lon="78.0438843"/>
 <node id="5948005097" visible="true" version="1" changeset="63115115" timestamp="2018-10-02T07:14:29Z" user="Arun Balaji" uid="3427745" lat="30.3402550" lon="78.0438937"/>
 <node id="5948005098" visible="true" version="1" changeset="63115115" timestamp="2018-10-02T07:14:29Z" user="Arun Balaji" uid="3427745" lat="30.3402620" lon="78.0438294"/>
 <node id="5948005099" visible="true" version="1" changeset="63115115" timestamp="2018-10-02T07:14:29Z" user="Arun Balaji" uid="3427745" lat="30.3402018" lon="78.0438962"/>
 <node id="5948005100" visible="true" version="1" changeset="63115115" timestamp="2018-10-02T07:14:29Z" user="Arun Balaji" uid="3427745" lat="30.3401459" lon="78.0438022"/>
 <node id="5948005101" visible="true" version="1" changeset="63115115" timestamp="2018-10-02T07:14:29Z" user="Arun Balaji" uid="3427745" lat="30.3401219" lon="78.0438194"/>
 <node id="5948005102" visible="true" version="1" changeset="63115115" timestamp="2018-10-02T07:14:29Z" user="Arun Balaji" uid="3427745" lat="30.3403482" lon="78.0440124"/>
 <node id="5948005103" visible="true" version="1" changeset="63115115" timestamp="2018-10-02T07:14:29Z" user="Arun Balaji" uid="3427745" lat="30.3403482" lon="78.0440359"/>
 <node id="5948005104" visible="true" version="1" changeset="63115115" timestamp="2018-10-02T07:14:29Z" user="Arun Balaji" uid="3427745" lat="30.3402875" lon="78.0440359"/>
 <node id="5948005105" visible="true" version="1" changeset="63115115" timestamp="2018-10-02T07:14:29Z" user="Arun Balaji" uid="3427745" lat="30.3402875" lon="78.0441398"/>
 <node id="5948005106" visible="true" version="1" changeset="63115115" timestamp="2018-10-02T07:14:29Z" user="Arun Balaji" uid="3427745" lat="30.3403939" lon="78.0441398"/>
 <node id="5948005107" visible="true" version="1" changeset="63115115" timestamp="2018-10-02T07:14:29Z" user="Arun Balaji" uid="3427745" lat="30.3403939" lon="78.0440124"/>
 <node id="5948005108" visible="true" version="1" changeset="63115115" timestamp="2018-10-02T07:14:29Z" user="Arun Balaji" uid="3427745" lat="30.3404564" lon="78.0441794"/>
 <node id="5948005109" visible="true" version="2" changeset="126215749" timestamp="2022-09-15T09:53:03Z" user="VLD258" uid="10979442" lat="30.3404531" lon="78.0444810"/>
 <node id="5948030117" visible="true" version="3" changeset="126215749" timestamp="2022-09-15T09:53:03Z" user="VLD258" uid="10979442" lat="30.3402596" lon="78.0447333"/>
 <node id="5951973682" visible="true" version="1" changeset="63166951" timestamp="2018-10-03T16:52:50Z" user="Arun Balaji" uid="3427745" lat="30.3395313" lon="78.0465307"/>
 <node id="5951973683" visible="true" version="1" changeset="63166951" timestamp="2018-10-03T16:52:50Z" user="Arun Balaji" uid="3427745" lat="30.3396552" lon="78.0466460"/>
 <node id="5951973684" visible="true" version="1" changeset="63166951" timestamp="2018-10-03T16:52:50Z" user="Arun Balaji" uid="3427745" lat="30.3397261" lon="78.0465437"/>
 <node id="5951999085" visible="true" version="1" changeset="63166951" timestamp="2018-10-03T16:52:50Z" user="Arun Balaji" uid="3427745" lat="30.3396023" lon="78.0464284"/>
 <node id="5951999086" visible="true" version="1" changeset="63166951" timestamp="2018-10-03T16:52:50Z" user="Arun Balaji" uid="3427745" lat="30.3409496" lon="78.0470555"/>
 <node id="5951999087" visible="true" version="1" changeset="63166951" timestamp="2018-10-03T16:52:50Z" user="Arun Balaji" uid="3427745" lat="30.3409589" lon="78.0470870"/>
 <node id="5951999088" visible="true" version="1" changeset="63166951" timestamp="2018-10-03T16:52:50Z" user="Arun Balaji" uid="3427745" lat="30.3409536" lon="78.0471342"/>
 <node id="5951999089" visible="true" version="1" changeset="63166951" timestamp="2018-10-03T16:52:50Z" user="Arun Balaji" uid="3427745" lat="30.3408824" lon="78.0471235"/>
 <node id="5951999090" visible="true" version="1" changeset="63166951" timestamp="2018-10-03T16:52:50Z" user="Arun Balaji" uid="3427745" lat="30.3408911" lon="78.0470467"/>
 <node id="5951999091" visible="true" version="1" changeset="63166951" timestamp="2018-10-03T16:52:50Z" user="Arun Balaji" uid="3427745" lat="30.3403341" lon="78.0438072"/>
 <node id="5951999092" visible="true" version="1" changeset="63166951" timestamp="2018-10-03T16:52:50Z" user="Arun Balaji" uid="3427745" lat="30.3403138" lon="78.0438521"/>
 <node id="5951999093" visible="true" version="1" changeset="63166951" timestamp="2018-10-03T16:52:50Z" user="Arun Balaji" uid="3427745" lat="30.3403482" lon="78.0438729"/>
 <node id="5951999094" visible="true" version="1" changeset="63166951" timestamp="2018-10-03T16:52:50Z" user="Arun Balaji" uid="3427745" lat="30.3403685" lon="78.0438280"/>
 <node id="5966259298" visible="true" version="2" changeset="126204634" timestamp="2022-09-15T04:50:30Z" user="VLD258" uid="10979442" lat="30.3398160" lon="78.0428687"/>
 <node id="5966259299" visible="true" version="2" changeset="126204634" timestamp="2022-09-15T04:50:30Z" user="VLD258" uid="10979442" lat="30.3399670" lon="78.0425629"/>
 <node id="5966259300" visible="true" version="2" changeset="126204634" timestamp="2022-09-15T04:50:30Z" user="VLD258" uid="10979442" lat="30.3395835" lon="78.0433529"/>
 <node id="5966259302" visible="true" version="3" changeset="126204634" timestamp="2022-09-15T04:50:30Z" user="VLD258" uid="10979442" lat="30.3396741" lon="78.0431489"/>
 <node id="5966259303" visible="true" version="2" changeset="126204634" timestamp="2022-09-15T04:50:30Z" user="VLD258" uid="10979442" lat="30.3395978" lon="78.0430352"/>
 <node id="5966259305" visible="true" version="2" changeset="126204634" timestamp="2022-09-15T04:50:30Z" user="VLD258" uid="10979442" lat="30.3396051" lon="78.0428708"/>
 <node id="5966259306" visible="true" version="2" changeset="126204059" timestamp="2022-09-15T04:22:26Z" user="VLD258" uid="10979442" lat="30.3391765" lon="78.0408941"/>
 <node id="5966259310" visible="true" version="4" changeset="126204634" timestamp="2022-09-15T04:50:30Z" user="VLD258" uid="10979442" lat="30.3391105" lon="78.0417553"/>
 <node id="5966259311" visible="true" version="3" changeset="126204634" timestamp="2022-09-15T04:50:30Z" user="VLD258" uid="10979442" lat="30.3393318" lon="78.0418219"/>
 <node id="5966259312" visible="true" version="2" changeset="126204634" timestamp="2022-09-15T04:50:30Z" user="VLD258" uid="10979442" lat="30.3391976" lon="78.0421443"/>
 <node id="5966259313" visible="true" version="2" changeset="126204634" timestamp="2022-09-15T04:50:30Z" user="VLD258" uid="10979442" lat="30.3390200" lon="78.0424169"/>
 <node id="5978068757" visible="true" version="1" changeset="63451534" timestamp="2018-10-12T11:09:52Z" user="Harish Karnatak" uid="106263" lat="30.3402555" lon="78.0458124"/>
 <node id="5978068758" visible="true" version="1" changeset="63451534" timestamp="2018-10-12T11:09:52Z" user="Harish Karnatak" uid="106263" lat="30.3403712" lon="78.0459412"/>
 <node id="5978068759" visible="true" version="1" changeset="63451534" timestamp="2018-10-12T11:09:52Z" user="Harish Karnatak" uid="106263" lat="30.3404615" lon="78.0460056"/>
 <node id="5978068760" visible="true" version="1" changeset="63451534" timestamp="2018-10-12T11:09:52Z" user="Harish Karnatak" uid="106263" lat="30.3403666" lon="78.0461102"/>
 <node id="5978068761" visible="true" version="1" changeset="63451534" timestamp="2018-10-12T11:09:52Z" user="Harish Karnatak" uid="106263" lat="30.3402532" lon="78.0460216"/>
 <node id="5978068762" visible="true" version="1" changeset="63451534" timestamp="2018-10-12T11:09:52Z" user="Harish Karnatak" uid="106263" lat="30.3401791" lon="78.0459224"/>
 <node id="5980730471" visible="true" version="1" changeset="63478266" timestamp="2018-10-13T06:37:49Z" user="Arun Balaji" uid="3427745" lat="30.3402987" lon="78.0511909">
  <tag k="amenity" v="post_office"/>
  <tag k="name" v="Sub post office"/>
 </node>
 <node id="6009207493" visible="true" version="2" changeset="67234332" timestamp="2019-02-15T17:57:59Z" user="Arun Balaji" uid="3427745" lat="30.3407832" lon="78.0505209">
  <tag k="amenity" v="restaurant"/>
  <tag k="diet:vegetarian" v="yes"/>
  <tag k="name" v="Uttarkhand Food Junction"/>
 </node>
 <node id="6009207494" visible="true" version="1" changeset="63818622" timestamp="2018-10-24T06:02:24Z" user="Arun Balaji" uid="3427745" lat="30.3409060" lon="78.0507152">
  <tag k="amenity" v="cafe"/>
 </node>
 <node id="6009207495" visible="true" version="1" changeset="63818622" timestamp="2018-10-24T06:02:24Z" user="Arun Balaji" uid="3427745" lat="30.3410122" lon="78.0503459">
  <tag k="shop" v="hairdresser"/>
 </node>
 <node id="6009207496" visible="true" version="1" changeset="63818622" timestamp="2018-10-24T06:02:24Z" user="Arun Balaji" uid="3427745" lat="30.3397972" lon="78.0517603">
  <tag k="name" v="Surya Jewellers"/>
  <tag k="shop" v="jewelry"/>
 </node>
 <node id="6092921331" visible="true" version="1" changeset="64900295" timestamp="2018-11-26T14:39:01Z" user="venkanna37" uid="5680733" lat="30.3386619" lon="78.0508364"/>
 <node id="6092921332" visible="true" version="1" changeset="64900295" timestamp="2018-11-26T14:39:01Z" user="venkanna37" uid="5680733" lat="30.3386733" lon="78.0508477"/>
 <node id="6092921333" visible="true" version="1" changeset="64900295" timestamp="2018-11-26T14:39:01Z" user="venkanna37" uid="5680733" lat="30.3385088" lon="78.0507606"/>
 <node id="6092921334" visible="true" version="1" changeset="64900295" timestamp="2018-11-26T14:39:01Z" user="venkanna37" uid="5680733" lat="30.3386289" lon="78.0508807"/>
 <node id="6092921335" visible="true" version="1" changeset="64900295" timestamp="2018-11-26T14:39:01Z" user="venkanna37" uid="5680733" lat="30.3386925" lon="78.0508219"/>
 <node id="6092921336" visible="true" version="1" changeset="64900295" timestamp="2018-11-26T14:39:01Z" user="venkanna37" uid="5680733" lat="30.3385611" lon="78.0506904"/>
 <node id="6092921337" visible="true" version="2" changeset="126205617" timestamp="2022-09-15T05:29:16Z" user="VLD258" uid="10979442" lat="30.3386782" lon="78.0509932"/>
 <node id="6092921338" visible="true" version="2" changeset="126205617" timestamp="2022-09-15T05:29:16Z" user="VLD258" uid="10979442" lat="30.3389745" lon="78.0506187"/>
 <node id="6092921339" visible="true" version="2" changeset="126205617" timestamp="2022-09-15T05:29:16Z" user="VLD258" uid="10979442" lat="30.3389755" lon="78.0505478"/>
 <node id="6092923128" visible="true" version="2" changeset="126205617" timestamp="2022-09-15T05:29:16Z" user="VLD258" uid="10979442" lat="30.3383922" lon="78.0498133"/>
 <node id="6150967951" visible="true" version="1" changeset="65660618" timestamp="2018-12-21T07:07:10Z" user="Harish Karnatak" uid="106263" lat="30.3398811" lon="78.0438054"/>
 <node id="6150967952" visible="true" version="1" changeset="65660618" timestamp="2018-12-21T07:07:10Z" user="Harish Karnatak" uid="106263" lat="30.3400343" lon="78.0440202"/>
 <node id="6150967953" visible="true" version="1" changeset="65660618" timestamp="2018-12-21T07:07:10Z" user="Harish Karnatak" uid="106263" lat="30.3401109" lon="78.0441229"/>
 <node id="6150967954" visible="true" version="1" changeset="65660618" timestamp="2018-12-21T07:07:10Z" user="Harish Karnatak" uid="106263" lat="30.3399900" lon="78.0443331"/>
 <node id="6150967955" visible="true" version="1" changeset="65660618" timestamp="2018-12-21T07:07:10Z" user="Harish Karnatak" uid="106263" lat="30.3398811" lon="78.0443891"/>
 <node id="6150967956" visible="true" version="1" changeset="65660618" timestamp="2018-12-21T07:07:10Z" user="Harish Karnatak" uid="106263" lat="30.3398126" lon="78.0442677"/>
 <node id="6150967957" visible="true" version="1" changeset="65660618" timestamp="2018-12-21T07:07:10Z" user="Harish Karnatak" uid="106263" lat="30.3399174" lon="78.0441930"/>
 <node id="6150967958" visible="true" version="1" changeset="65660618" timestamp="2018-12-21T07:07:10Z" user="Harish Karnatak" uid="106263" lat="30.3398368" lon="78.0440575"/>
 <node id="6150967959" visible="true" version="1" changeset="65660618" timestamp="2018-12-21T07:07:10Z" user="Harish Karnatak" uid="106263" lat="30.3397522" lon="78.0440202"/>
 <node id="6150967960" visible="true" version="1" changeset="65660618" timestamp="2018-12-21T07:07:10Z" user="Harish Karnatak" uid="106263" lat="30.3397804" lon="78.0438988"/>
 <node id="6290567116" visible="true" version="1" changeset="67378825" timestamp="2019-02-20T06:07:58Z" user="Arun Balaji" uid="3427745" lat="30.3407873" lon="78.0507281">
  <tag k="name" v="Sapna studio"/>
  <tag k="shop" v="photo_studio"/>
 </node>
 <node id="6379068458" visible="true" version="2" changeset="92781918" timestamp="2020-10-20T17:02:16Z" user="Arun Balaji" uid="3427745" lat="30.3388038" lon="78.0521161">
  <tag k="amenity" v="restaurant"/>
  <tag k="diet:vegetarian" v="yes"/>
  <tag k="name" v="Jaideep"/>
 </node>
 <node id="6669078102" visible="true" version="2" changeset="126204006" timestamp="2022-09-15T04:19:22Z" user="VLD258" uid="10979442" lat="30.3388196" lon="78.0466270"/>
 <node id="6669078103" visible="true" version="2" changeset="126206210" timestamp="2022-09-15T05:51:36Z" user="VLD258" uid="10979442" lat="30.3384690" lon="78.0469327"/>
 <node id="6669078104" visible="true" version="2" changeset="126206210" timestamp="2022-09-15T05:51:36Z" user="VLD258" uid="10979442" lat="30.3382258" lon="78.0473507"/>
 <node id="6669078105" visible="true" version="3" changeset="126206210" timestamp="2022-09-15T05:51:36Z" user="VLD258" uid="10979442" lat="30.3380701" lon="78.0475775"/>
 <node id="6759032934" visible="true" version="2" changeset="126216436" timestamp="2022-09-15T10:10:00Z" user="VLD258" uid="10979442" lat="30.3406929" lon="78.0463022"/>
 <node id="6759032935" visible="true" version="2" changeset="126216436" timestamp="2022-09-15T10:10:00Z" user="VLD258" uid="10979442" lat="30.3407286" lon="78.0463043"/>
 <node id="6759032936" visible="true" version="2" changeset="126216436" timestamp="2022-09-15T10:10:00Z" user="VLD258" uid="10979442" lat="30.3408699" lon="78.0463226"/>
 <node id="6759032937" visible="true" version="2" changeset="126216436" timestamp="2022-09-15T10:10:00Z" user="VLD258" uid="10979442" lat="30.3409193" lon="78.0462677"/>
 <node id="6759032938" visible="true" version="2" changeset="126216436" timestamp="2022-09-15T10:10:00Z" user="VLD258" uid="10979442" lat="30.3409428" lon="78.0461987"/>
 <node id="6759032939" visible="true" version="1" changeset="73914590" timestamp="2019-08-30T10:18:52Z" user="Arun Balaji" uid="3427745" lat="30.3409753" lon="78.0463458"/>
 <node id="6759032940" visible="true" version="1" changeset="73914590" timestamp="2019-08-30T10:18:52Z" user="Arun Balaji" uid="3427745" lat="30.3409233" lon="78.0464947"/>
 <node id="6759032941" visible="true" version="1" changeset="73914590" timestamp="2019-08-30T10:18:52Z" user="Arun Balaji" uid="3427745" lat="30.3408650" lon="78.0464673"/>
 <node id="6759032942" visible="true" version="1" changeset="73914590" timestamp="2019-08-30T10:18:52Z" user="Arun Balaji" uid="3427745" lat="30.3409171" lon="78.0463184"/>
 <node id="6759032943" visible="true" version="2" changeset="126216436" timestamp="2022-09-15T10:10:00Z" user="VLD258" uid="10979442" lat="30.3409561" lon="78.0459493"/>
 <node id="6759032944" visible="true" version="2" changeset="126216436" timestamp="2022-09-15T10:10:00Z" user="VLD258" uid="10979442" lat="30.3408334" lon="78.0462752"/>
 <node id="6759032945" visible="true" version="2" changeset="126216436" timestamp="2022-09-15T10:10:00Z" user="VLD258" uid="10979442" lat="30.3406404" lon="78.0461777"/>
 <node id="6759032946" visible="true" version="2" changeset="126216436" timestamp="2022-09-15T10:10:00Z" user="VLD258" uid="10979442" lat="30.3407630" lon="78.0458518"/>
 <node id="6785053923" visible="true" version="1" changeset="74305217" timestamp="2019-09-10T11:39:27Z" user="Anas Lari" uid="9086392" lat="30.3421177" lon="78.0495755"/>
 <node id="6785053924" visible="true" version="3" changeset="126209237" timestamp="2022-09-15T07:15:12Z" user="VLD258" uid="10979442" lat="30.3433243" lon="78.0509332"/>
 <node id="6805328401" visible="true" version="2" changeset="126204234" timestamp="2022-09-15T04:29:51Z" user="VLD258" uid="10979442" lat="30.3386254" lon="78.0429746"/>
 <node id="6805328402" visible="true" version="2" changeset="126204006" timestamp="2022-09-15T04:19:22Z" user="VLD258" uid="10979442" lat="30.3379247" lon="78.0438089"/>
 <node id="6805328448" visible="true" version="2" changeset="126206210" timestamp="2022-09-15T05:51:36Z" user="VLD258" uid="10979442" lat="30.3354884" lon="78.0477994"/>
 <node id="6805328449" visible="true" version="2" changeset="126206210" timestamp="2022-09-15T05:51:36Z" user="VLD258" uid="10979442" lat="30.3356489" lon="78.0475335"/>
 <node id="6805328450" visible="true" version="2" changeset="126206210" timestamp="2022-09-15T05:51:36Z" user="VLD258" uid="10979442" lat="30.3357064" lon="78.0475456"/>
 <node id="6805328451" visible="true" version="2" changeset="126206210" timestamp="2022-09-15T05:51:36Z" user="VLD258" uid="10979442" lat="30.3361792" lon="78.0475901"/>
 <node id="6805328452" visible="true" version="2" changeset="126206210" timestamp="2022-09-15T05:51:36Z" user="VLD258" uid="10979442" lat="30.3362577" lon="78.0475701"/>
 <node id="6805328453" visible="true" version="2" changeset="126206210" timestamp="2022-09-15T05:51:36Z" user="VLD258" uid="10979442" lat="30.3363027" lon="78.0475285"/>
 <node id="6805328454" visible="true" version="2" changeset="126206210" timestamp="2022-09-15T05:51:36Z" user="VLD258" uid="10979442" lat="30.3363377" lon="78.0474618"/>
 <node id="6805328456" visible="true" version="2" changeset="126206210" timestamp="2022-09-15T05:51:36Z" user="VLD258" uid="10979442" lat="30.3364990" lon="78.0472143"/>
 <node id="6805328457" visible="true" version="1" changeset="74620401" timestamp="2019-09-18T11:15:06Z" user="Anas Lari" uid="9086392" lat="30.3366068" lon="78.0472183"/>
 <node id="6805328458" visible="true" version="2" changeset="126206210" timestamp="2022-09-15T05:51:36Z" user="VLD258" uid="10979442" lat="30.3366549" lon="78.0471814"/>
 <node id="6805328459" visible="true" version="2" changeset="126206210" timestamp="2022-09-15T05:51:36Z" user="VLD258" uid="10979442" lat="30.3366905" lon="78.0471349"/>
 <node id="6805328460" visible="true" version="2" changeset="126206210" timestamp="2022-09-15T05:51:36Z" user="VLD258" uid="10979442" lat="30.3367386" lon="78.0471201"/>
 <node id="6805328461" visible="true" version="2" changeset="126206210" timestamp="2022-09-15T05:51:36Z" user="VLD258" uid="10979442" lat="30.3367610" lon="78.0471263"/>
 <node id="6805328462" visible="true" version="2" changeset="126206210" timestamp="2022-09-15T05:51:36Z" user="VLD258" uid="10979442" lat="30.3368840" lon="78.0471975"/>
 <node id="6805328464" visible="true" version="2" changeset="126206210" timestamp="2022-09-15T05:51:36Z" user="VLD258" uid="10979442" lat="30.3369749" lon="78.0472143"/>
 <node id="6805328466" visible="true" version="2" changeset="126206210" timestamp="2022-09-15T05:51:36Z" user="VLD258" uid="10979442" lat="30.3370456" lon="78.0472069"/>
 <node id="6805328467" visible="true" version="2" changeset="126206210" timestamp="2022-09-15T05:51:36Z" user="VLD258" uid="10979442" lat="30.3370826" lon="78.0472290"/>
 <node id="6805328468" visible="true" version="2" changeset="126206210" timestamp="2022-09-15T05:51:36Z" user="VLD258" uid="10979442" lat="30.3373066" lon="78.0473978"/>
 <node id="6805328469" visible="true" version="2" changeset="126206210" timestamp="2022-09-15T05:51:36Z" user="VLD258" uid="10979442" lat="30.3374247" lon="78.0474747"/>
 <node id="6805328470" visible="true" version="2" changeset="126206210" timestamp="2022-09-15T05:51:36Z" user="VLD258" uid="10979442" lat="30.3375526" lon="78.0475186"/>
 <node id="6805328471" visible="true" version="2" changeset="126206210" timestamp="2022-09-15T05:51:36Z" user="VLD258" uid="10979442" lat="30.3378152" lon="78.0475925"/>
 <node id="6805329118" visible="true" version="2" changeset="126206814" timestamp="2022-09-15T06:11:04Z" user="VLD258" uid="10979442" lat="30.3369409" lon="78.0462780"/>
 <node id="6805329120" visible="true" version="2" changeset="126206814" timestamp="2022-09-15T06:11:04Z" user="VLD258" uid="10979442" lat="30.3354253" lon="78.0452573"/>
 <node id="6805384919" visible="true" version="2" changeset="126205682" timestamp="2022-09-15T05:31:54Z" user="VLD258" uid="10979442" lat="30.3379309" lon="78.0491294"/>
 <node id="6805384920" visible="true" version="2" changeset="126205682" timestamp="2022-09-15T05:31:54Z" user="VLD258" uid="10979442" lat="30.3382673" lon="78.0487740"/>
 <node id="6805384922" visible="true" version="2" changeset="126216436" timestamp="2022-09-15T10:10:00Z" user="VLD258" uid="10979442" lat="30.3372592" lon="78.0492050"/>
 <node id="6805384923" visible="true" version="2" changeset="126216436" timestamp="2022-09-15T10:10:00Z" user="VLD258" uid="10979442" lat="30.3373357" lon="78.0492971"/>
 <node id="6805384924" visible="true" version="2" changeset="126205617" timestamp="2022-09-15T05:29:16Z" user="VLD258" uid="10979442" lat="30.3384439" lon="78.0506195"/>
 <node id="6805384925" visible="true" version="2" changeset="126205501" timestamp="2022-09-15T05:24:57Z" user="VLD258" uid="10979442" lat="30.3381731" lon="78.0510139"/>
 <node id="6805384926" visible="true" version="1" changeset="74621257" timestamp="2019-09-18T11:33:11Z" user="Anas Lari" uid="9086392" lat="30.3378395" lon="78.0510928"/>
 <node id="6805384928" visible="true" version="2" changeset="126205501" timestamp="2022-09-15T05:24:57Z" user="VLD258" uid="10979442" lat="30.3374782" lon="78.0507909"/>
 <node id="6805384929" visible="true" version="2" changeset="126205501" timestamp="2022-09-15T05:24:57Z" user="VLD258" uid="10979442" lat="30.3376000" lon="78.0507698"/>
 <node id="6805384930" visible="true" version="2" changeset="126205501" timestamp="2022-09-15T05:24:57Z" user="VLD258" uid="10979442" lat="30.3376693" lon="78.0507554"/>
 <node id="6805384931" visible="true" version="2" changeset="126205501" timestamp="2022-09-15T05:24:57Z" user="VLD258" uid="10979442" lat="30.3378404" lon="78.0507556"/>
 <node id="6805384932" visible="true" version="1" changeset="74621257" timestamp="2019-09-18T11:33:11Z" user="Anas Lari" uid="9086392" lat="30.3379112" lon="78.0507991"/>
 <node id="6805384933" visible="true" version="2" changeset="126205501" timestamp="2022-09-15T05:24:57Z" user="VLD258" uid="10979442" lat="30.3379994" lon="78.0508705"/>
 <node id="6805384934" visible="true" version="3" changeset="126205617" timestamp="2022-09-15T05:29:16Z" user="VLD258" uid="10979442" lat="30.3383960" lon="78.0511919"/>
 <node id="6805384936" visible="true" version="2" changeset="126205501" timestamp="2022-09-15T05:24:57Z" user="VLD258" uid="10979442" lat="30.3385158" lon="78.0512766"/>
 <node id="6805384937" visible="true" version="2" changeset="126205501" timestamp="2022-09-15T05:24:57Z" user="VLD258" uid="10979442" lat="30.3386055" lon="78.0513497"/>
 <node id="6805384938" visible="true" version="2" changeset="126205501" timestamp="2022-09-15T05:24:57Z" user="VLD258" uid="10979442" lat="30.3386947" lon="78.0514411"/>
 <node id="6805384939" visible="true" version="3" changeset="126203169" timestamp="2022-09-15T03:18:31Z" user="VLD258" uid="10979442" lat="30.3391534" lon="78.0519821"/>
 <node id="6805384940" visible="true" version="1" changeset="74621257" timestamp="2019-09-18T11:33:11Z" user="Anas Lari" uid="9086392" lat="30.3373869" lon="78.0498925"/>
 <node id="6805384942" visible="true" version="2" changeset="126205617" timestamp="2022-09-15T05:29:16Z" user="VLD258" uid="10979442" lat="30.3376645" lon="78.0501639"/>
 <node id="6807260360" visible="true" version="2" changeset="126204059" timestamp="2022-09-15T04:22:26Z" user="VLD258" uid="10979442" lat="30.3386098" lon="78.0407994"/>
 <node id="6807496518" visible="true" version="3" changeset="126211592" timestamp="2022-09-15T08:16:41Z" user="VLD258" uid="10979442" lat="30.3413590" lon="78.0561520"/>
 <node id="6810637070" visible="true" version="1" changeset="74703923" timestamp="2019-09-20T04:56:28Z" user="Anas Lari" uid="9086392" lat="30.3405865" lon="78.0549207"/>
 <node id="6810637074" visible="true" version="2" changeset="126176131" timestamp="2022-09-14T11:12:25Z" user="VLD258" uid="10979442" lat="30.3407160" lon="78.0552011"/>
 <node id="6810637075" visible="true" version="2" changeset="126209237" timestamp="2022-09-15T07:15:12Z" user="VLD258" uid="10979442" lat="30.3407891" lon="78.0522379"/>
 <node id="6810637076" visible="true" version="2" changeset="126209237" timestamp="2022-09-15T07:15:12Z" user="VLD258" uid="10979442" lat="30.3411763" lon="78.0524327"/>
 <node id="6810730818" visible="true" version="2" changeset="126205501" timestamp="2022-09-15T05:24:57Z" user="VLD258" uid="10979442" lat="30.3392071" lon="78.0512412"/>
 <node id="6810730819" visible="true" version="2" changeset="126205501" timestamp="2022-09-15T05:24:57Z" user="VLD258" uid="10979442" lat="30.3389159" lon="78.0517017"/>
 <node id="6810730820" visible="true" version="1" changeset="74705369" timestamp="2019-09-20T05:59:28Z" user="Anas Lari" uid="9086392" lat="30.3375304" lon="78.0511732"/>
 <node id="6810730821" visible="true" version="2" changeset="126205501" timestamp="2022-09-15T05:24:57Z" user="VLD258" uid="10979442" lat="30.3375215" lon="78.0512502"/>
 <node id="6810730822" visible="true" version="1" changeset="74705369" timestamp="2019-09-20T05:59:28Z" user="Anas Lari" uid="9086392" lat="30.3375003" lon="78.0513073"/>
 <node id="6810730823" visible="true" version="1" changeset="74705369" timestamp="2019-09-20T05:59:28Z" user="Anas Lari" uid="9086392" lat="30.3374772" lon="78.0513543"/>
 <node id="6810730824" visible="true" version="2" changeset="126205501" timestamp="2022-09-15T05:24:57Z" user="VLD258" uid="10979442" lat="30.3374458" lon="78.0514077"/>
 <node id="6810730825" visible="true" version="2" changeset="126205501" timestamp="2022-09-15T05:24:57Z" user="VLD258" uid="10979442" lat="30.3373829" lon="78.0514828"/>
 <node id="6810730826" visible="true" version="3" changeset="126205501" timestamp="2022-09-15T05:24:57Z" user="VLD258" uid="10979442" lat="30.3379526" lon="78.0526572"/>
 <node id="6810730827" visible="true" version="1" changeset="74705369" timestamp="2019-09-20T05:59:28Z" user="Anas Lari" uid="9086392" lat="30.3381225" lon="78.0524312"/>
 <node id="6810730828" visible="true" version="2" changeset="126205249" timestamp="2022-09-15T05:14:49Z" user="VLD258" uid="10979442" lat="30.3379273" lon="78.0527327"/>
 <node id="6810730830" visible="true" version="2" changeset="126205501" timestamp="2022-09-15T05:24:57Z" user="VLD258" uid="10979442" lat="30.3380399" lon="78.0525708"/>
 <node id="6810730831" visible="true" version="2" changeset="126205501" timestamp="2022-09-15T05:24:57Z" user="VLD258" uid="10979442" lat="30.3381059" lon="78.0524885"/>
 <node id="6810730839" visible="true" version="1" changeset="74705369" timestamp="2019-09-20T05:59:28Z" user="Anas Lari" uid="9086392" lat="30.3381219" lon="78.0523776"/>
 <node id="6810730840" visible="true" version="1" changeset="74705369" timestamp="2019-09-20T05:59:28Z" user="Anas Lari" uid="9086392" lat="30.3381161" lon="78.0523239"/>
 <node id="6810730841" visible="true" version="2" changeset="126205501" timestamp="2022-09-15T05:24:57Z" user="VLD258" uid="10979442" lat="30.3381036" lon="78.0522833"/>
 <node id="6810730842" visible="true" version="2" changeset="126205501" timestamp="2022-09-15T05:24:57Z" user="VLD258" uid="10979442" lat="30.3380747" lon="78.0522464"/>
 <node id="6810730843" visible="true" version="3" changeset="126205501" timestamp="2022-09-15T05:24:57Z" user="VLD258" uid="10979442" lat="30.3379783" lon="78.0521617"/>
 <node id="6810730844" visible="true" version="3" changeset="126205501" timestamp="2022-09-15T05:24:57Z" user="VLD258" uid="10979442" lat="30.3379842" lon="78.0520773"/>
 <node id="6810730845" visible="true" version="2" changeset="126205501" timestamp="2022-09-15T05:24:57Z" user="VLD258" uid="10979442" lat="30.3380869" lon="78.0517393"/>
 <node id="6810730848" visible="true" version="3" changeset="126205501" timestamp="2022-09-15T05:24:57Z" user="VLD258" uid="10979442" lat="30.3379380" lon="78.0520318"/>
 <node id="6810730849" visible="true" version="3" changeset="126205501" timestamp="2022-09-15T05:24:57Z" user="VLD258" uid="10979442" lat="30.3376951" lon="78.0519020"/>
 <node id="6810730850" visible="true" version="3" changeset="126205501" timestamp="2022-09-15T05:24:57Z" user="VLD258" uid="10979442" lat="30.3376508" lon="78.0518691"/>
 <node id="6810730851" visible="true" version="2" changeset="126205501" timestamp="2022-09-15T05:24:57Z" user="VLD258" uid="10979442" lat="30.3375054" lon="78.0516953"/>
 <node id="6810730854" visible="true" version="2" changeset="126205501" timestamp="2022-09-15T05:24:57Z" user="VLD258" uid="10979442" lat="30.3372984" lon="78.0513172"/>
 <node id="6810730857" visible="true" version="2" changeset="126205501" timestamp="2022-09-15T05:24:57Z" user="VLD258" uid="10979442" lat="30.3371543" lon="78.0509617"/>
 <node id="6810730858" visible="true" version="2" changeset="126205501" timestamp="2022-09-15T05:24:57Z" user="VLD258" uid="10979442" lat="30.3372721" lon="78.0508851"/>
 <node id="6810730859" visible="true" version="2" changeset="126205501" timestamp="2022-09-15T05:24:57Z" user="VLD258" uid="10979442" lat="30.3374421" lon="78.0508300"/>
 <node id="6980290905" visible="true" version="1" changeset="77139031" timestamp="2019-11-15T16:54:14Z" user="Arun Balaji" uid="3427745" lat="30.3375883" lon="78.0500132"/>
 <node id="6980290906" visible="true" version="1" changeset="77139031" timestamp="2019-11-15T16:54:14Z" user="Arun Balaji" uid="3427745" lat="30.3376817" lon="78.0501246"/>
 <node id="6980290907" visible="true" version="1" changeset="77139031" timestamp="2019-11-15T16:54:14Z" user="Arun Balaji" uid="3427745" lat="30.3376041" lon="78.0500455"/>
 <node id="6980290908" visible="true" version="1" changeset="77139031" timestamp="2019-11-15T16:54:14Z" user="Arun Balaji" uid="3427745" lat="30.3376618" lon="78.0499696"/>
 <node id="6980290909" visible="true" version="1" changeset="77139031" timestamp="2019-11-15T16:54:14Z" user="Arun Balaji" uid="3427745" lat="30.3377393" lon="78.0500487"/>
 <node id="6980290910" visible="true" version="1" changeset="77139031" timestamp="2019-11-15T16:54:14Z" user="Arun Balaji" uid="3427745" lat="30.3376903" lon="78.0492070"/>
 <node id="6980290911" visible="true" version="1" changeset="77139031" timestamp="2019-11-15T16:54:14Z" user="Arun Balaji" uid="3427745" lat="30.3376446" lon="78.0492868"/>
 <node id="6980290912" visible="true" version="1" changeset="77139031" timestamp="2019-11-15T16:54:14Z" user="Arun Balaji" uid="3427745" lat="30.3376815" lon="78.0493151"/>
 <node id="6980290913" visible="true" version="1" changeset="77139031" timestamp="2019-11-15T16:54:14Z" user="Arun Balaji" uid="3427745" lat="30.3377272" lon="78.0492353"/>
 <node id="6980290914" visible="true" version="1" changeset="77139031" timestamp="2019-11-15T16:54:14Z" user="Arun Balaji" uid="3427745" lat="30.3380532" lon="78.0496711"/>
 <node id="6980290915" visible="true" version="1" changeset="77139031" timestamp="2019-11-15T16:54:14Z" user="Arun Balaji" uid="3427745" lat="30.3376962" lon="78.0493153"/>
 <node id="6980290916" visible="true" version="1" changeset="77139031" timestamp="2019-11-15T16:54:14Z" user="Arun Balaji" uid="3427745" lat="30.3377590" lon="78.0492306"/>
 <node id="6980290917" visible="true" version="1" changeset="77139031" timestamp="2019-11-15T16:54:14Z" user="Arun Balaji" uid="3427745" lat="30.3381161" lon="78.0495865"/>
 <node id="6980290918" visible="true" version="1" changeset="77139031" timestamp="2019-11-15T16:54:14Z" user="Arun Balaji" uid="3427745" lat="30.3391992" lon="78.0486874"/>
 <node id="6980290919" visible="true" version="1" changeset="77139031" timestamp="2019-11-15T16:54:14Z" user="Arun Balaji" uid="3427745" lat="30.3389272" lon="78.0490120"/>
 <node id="6980290920" visible="true" version="1" changeset="77139031" timestamp="2019-11-15T16:54:14Z" user="Arun Balaji" uid="3427745" lat="30.3388754" lon="78.0489537"/>
 <node id="6980290921" visible="true" version="1" changeset="77139031" timestamp="2019-11-15T16:54:14Z" user="Arun Balaji" uid="3427745" lat="30.3391474" lon="78.0486292"/>
 <node id="6980290922" visible="true" version="1" changeset="77139031" timestamp="2019-11-15T16:54:14Z" user="Arun Balaji" uid="3427745" lat="30.3387321" lon="78.0490795"/>
 <node id="6980290923" visible="true" version="1" changeset="77139031" timestamp="2019-11-15T16:54:14Z" user="Arun Balaji" uid="3427745" lat="30.3385938" lon="78.0489762"/>
 <node id="6980290924" visible="true" version="1" changeset="77139031" timestamp="2019-11-15T16:54:14Z" user="Arun Balaji" uid="3427745" lat="30.3386514" lon="78.0488726"/>
 <node id="6980290925" visible="true" version="1" changeset="77139031" timestamp="2019-11-15T16:54:14Z" user="Arun Balaji" uid="3427745" lat="30.3387897" lon="78.0489758"/>
 <node id="6980290926" visible="true" version="1" changeset="77139031" timestamp="2019-11-15T16:54:14Z" user="Arun Balaji" uid="3427745" lat="30.3385761" lon="78.0489554"/>
 <node id="6980290927" visible="true" version="1" changeset="77139031" timestamp="2019-11-15T16:54:14Z" user="Arun Balaji" uid="3427745" lat="30.3384458" lon="78.0488468"/>
 <node id="6980290928" visible="true" version="1" changeset="77139031" timestamp="2019-11-15T16:54:14Z" user="Arun Balaji" uid="3427745" lat="30.3385044" lon="78.0487525"/>
 <node id="6980290929" visible="true" version="1" changeset="77139031" timestamp="2019-11-15T16:54:14Z" user="Arun Balaji" uid="3427745" lat="30.3386346" lon="78.0488612"/>
 <node id="6980290930" visible="true" version="1" changeset="77139031" timestamp="2019-11-15T16:54:14Z" user="Arun Balaji" uid="3427745" lat="30.3384236" lon="78.0488288"/>
 <node id="6980290931" visible="true" version="1" changeset="77139031" timestamp="2019-11-15T16:54:14Z" user="Arun Balaji" uid="3427745" lat="30.3382199" lon="78.0486571"/>
 <node id="6980290932" visible="true" version="1" changeset="77139031" timestamp="2019-11-15T16:54:14Z" user="Arun Balaji" uid="3427745" lat="30.3382602" lon="78.0485930"/>
 <node id="6980290933" visible="true" version="1" changeset="77139031" timestamp="2019-11-15T16:54:14Z" user="Arun Balaji" uid="3427745" lat="30.3384639" lon="78.0487646"/>
 <node id="6980290934" visible="true" version="1" changeset="77139031" timestamp="2019-11-15T16:54:14Z" user="Arun Balaji" uid="3427745" lat="30.3385572" lon="78.0483507"/>
 <node id="6980290935" visible="true" version="1" changeset="77139031" timestamp="2019-11-15T16:54:14Z" user="Arun Balaji" uid="3427745" lat="30.3383899" lon="78.0485553"/>
 <node id="6980290936" visible="true" version="1" changeset="77139031" timestamp="2019-11-15T16:54:14Z" user="Arun Balaji" uid="3427745" lat="30.3385733" lon="78.0487566"/>
 <node id="6980290937" visible="true" version="1" changeset="77139031" timestamp="2019-11-15T16:54:14Z" user="Arun Balaji" uid="3427745" lat="30.3387405" lon="78.0485521"/>
 <node id="6980290938" visible="true" version="1" changeset="77139031" timestamp="2019-11-15T16:54:14Z" user="Arun Balaji" uid="3427745" lat="30.3390357" lon="78.0484858"/>
 <node id="6980290939" visible="true" version="1" changeset="77139031" timestamp="2019-11-15T16:54:14Z" user="Arun Balaji" uid="3427745" lat="30.3389188" lon="78.0483853"/>
 <node id="6980290940" visible="true" version="1" changeset="77139031" timestamp="2019-11-15T16:54:14Z" user="Arun Balaji" uid="3427745" lat="30.3388192" lon="78.0485407"/>
 <node id="6980290941" visible="true" version="1" changeset="77139031" timestamp="2019-11-15T16:54:14Z" user="Arun Balaji" uid="3427745" lat="30.3389361" lon="78.0486412"/>
 <node id="6980290942" visible="true" version="1" changeset="77139031" timestamp="2019-11-15T16:54:14Z" user="Arun Balaji" uid="3427745" lat="30.3392835" lon="78.0465888"/>
 <node id="6980290943" visible="true" version="1" changeset="77139031" timestamp="2019-11-15T16:54:14Z" user="Arun Balaji" uid="3427745" lat="30.3391504" lon="78.0464386"/>
 <node id="6980290944" visible="true" version="1" changeset="77139031" timestamp="2019-11-15T16:54:14Z" user="Arun Balaji" uid="3427745" lat="30.3392267" lon="78.0463479"/>
 <node id="6980290945" visible="true" version="1" changeset="77139031" timestamp="2019-11-15T16:54:14Z" user="Arun Balaji" uid="3427745" lat="30.3393598" lon="78.0464981"/>
 <node id="6980290946" visible="true" version="2" changeset="77139518" timestamp="2019-11-15T17:09:01Z" user="Arun Balaji" uid="3427745" lat="30.3474681" lon="78.0459651"/>
 <node id="6980290947" visible="true" version="2" changeset="77139518" timestamp="2019-11-15T17:09:01Z" user="Arun Balaji" uid="3427745" lat="30.3475197" lon="78.0458359"/>
 <node id="6980290948" visible="true" version="2" changeset="77139518" timestamp="2019-11-15T17:09:01Z" user="Arun Balaji" uid="3427745" lat="30.3477071" lon="78.0455183"/>
 <node id="6980290949" visible="true" version="2" changeset="77139518" timestamp="2019-11-15T17:09:01Z" user="Arun Balaji" uid="3427745" lat="30.3477867" lon="78.0454000"/>
 <node id="6980290950" visible="true" version="2" changeset="77139518" timestamp="2019-11-15T17:09:01Z" user="Arun Balaji" uid="3427745" lat="30.3478850" lon="78.0452654"/>
 <node id="6980290951" visible="true" version="2" changeset="77139518" timestamp="2019-11-15T17:09:01Z" user="Arun Balaji" uid="3427745" lat="30.3479553" lon="78.0451417"/>
 <node id="6980290952" visible="true" version="2" changeset="77139518" timestamp="2019-11-15T17:09:01Z" user="Arun Balaji" uid="3427745" lat="30.3480536" lon="78.0450179"/>
 <node id="6980290953" visible="true" version="2" changeset="77139518" timestamp="2019-11-15T17:09:01Z" user="Arun Balaji" uid="3427745" lat="30.3481192" lon="78.0449211"/>
 <node id="6980290954" visible="true" version="2" changeset="77139518" timestamp="2019-11-15T17:09:01Z" user="Arun Balaji" uid="3427745" lat="30.3482080" lon="78.0448566"/>
 <node id="6980290955" visible="true" version="2" changeset="77139518" timestamp="2019-11-15T17:09:01Z" user="Arun Balaji" uid="3427745" lat="30.3482689" lon="78.0447920"/>
 <node id="6980290956" visible="true" version="2" changeset="77139518" timestamp="2019-11-15T17:09:01Z" user="Arun Balaji" uid="3427745" lat="30.3483017" lon="78.0447274"/>
 <node id="6980290957" visible="true" version="2" changeset="77139518" timestamp="2019-11-15T17:09:01Z" user="Arun Balaji" uid="3427745" lat="30.3483018" lon="78.0446628"/>
 <node id="6980290958" visible="true" version="2" changeset="77139518" timestamp="2019-11-15T17:09:01Z" user="Arun Balaji" uid="3427745" lat="30.3482738" lon="78.0446034"/>
 <node id="6980290959" visible="true" version="2" changeset="77139518" timestamp="2019-11-15T17:09:01Z" user="Arun Balaji" uid="3427745" lat="30.3482319" lon="78.0445333"/>
 <node id="6980290960" visible="true" version="2" changeset="77139518" timestamp="2019-11-15T17:09:01Z" user="Arun Balaji" uid="3427745" lat="30.3480592" lon="78.0443767"/>
 <node id="6980290961" visible="true" version="2" changeset="77139518" timestamp="2019-11-15T17:09:01Z" user="Arun Balaji" uid="3427745" lat="30.3479986" lon="78.0443066"/>
 <node id="6980290962" visible="true" version="2" changeset="77139518" timestamp="2019-11-15T17:09:01Z" user="Arun Balaji" uid="3427745" lat="30.3478865" lon="78.0442309"/>
 <node id="6980290963" visible="true" version="2" changeset="77139518" timestamp="2019-11-15T17:09:01Z" user="Arun Balaji" uid="3427745" lat="30.3477838" lon="78.0441714"/>
 <node id="6980290964" visible="true" version="2" changeset="77139518" timestamp="2019-11-15T17:09:01Z" user="Arun Balaji" uid="3427745" lat="30.3476578" lon="78.0440850"/>
 <node id="6980290965" visible="true" version="2" changeset="77139518" timestamp="2019-11-15T17:09:01Z" user="Arun Balaji" uid="3427745" lat="30.3475363" lon="78.0440363"/>
 <node id="6980290966" visible="true" version="2" changeset="77139518" timestamp="2019-11-15T17:09:01Z" user="Arun Balaji" uid="3427745" lat="30.3474149" lon="78.0439768"/>
 <node id="6980290967" visible="true" version="2" changeset="77139518" timestamp="2019-11-15T17:09:01Z" user="Arun Balaji" uid="3427745" lat="30.3472655" lon="78.0438903"/>
 <node id="6980290968" visible="true" version="2" changeset="77139518" timestamp="2019-11-15T17:09:01Z" user="Arun Balaji" uid="3427745" lat="30.3471722" lon="78.0438147"/>
 <node id="6980290969" visible="true" version="2" changeset="77139518" timestamp="2019-11-15T17:09:01Z" user="Arun Balaji" uid="3427745" lat="30.3470647" lon="78.0437767"/>
 <node id="6980290970" visible="true" version="2" changeset="77139518" timestamp="2019-11-15T17:09:01Z" user="Arun Balaji" uid="3427745" lat="30.3468639" lon="78.0436901"/>
 <node id="6980290971" visible="true" version="2" changeset="77139518" timestamp="2019-11-15T17:09:01Z" user="Arun Balaji" uid="3427745" lat="30.3466958" lon="78.0435767"/>
 <node id="6980290972" visible="true" version="2" changeset="77139518" timestamp="2019-11-15T17:09:01Z" user="Arun Balaji" uid="3427745" lat="30.3466352" lon="78.0434849"/>
 <node id="6980290973" visible="true" version="2" changeset="77139518" timestamp="2019-11-15T17:09:01Z" user="Arun Balaji" uid="3427745" lat="30.3465653" lon="78.0434040"/>
 <node id="6980290974" visible="true" version="2" changeset="77139518" timestamp="2019-11-15T17:09:01Z" user="Arun Balaji" uid="3427745" lat="30.3465420" lon="78.0433339"/>
 <node id="6980290975" visible="true" version="2" changeset="77139518" timestamp="2019-11-15T17:09:01Z" user="Arun Balaji" uid="3427745" lat="30.3465421" lon="78.0432477"/>
 <node id="6980290976" visible="true" version="2" changeset="77139518" timestamp="2019-11-15T17:09:01Z" user="Arun Balaji" uid="3427745" lat="30.3466124" lon="78.0430808"/>
 <node id="6980290977" visible="true" version="2" changeset="77139518" timestamp="2019-11-15T17:09:01Z" user="Arun Balaji" uid="3427745" lat="30.3466687" lon="78.0429839"/>
 <node id="6980290978" visible="true" version="2" changeset="77139518" timestamp="2019-11-15T17:09:01Z" user="Arun Balaji" uid="3427745" lat="30.3467858" lon="78.0427524"/>
 <node id="6980290979" visible="true" version="2" changeset="77139518" timestamp="2019-11-15T17:09:01Z" user="Arun Balaji" uid="3427745" lat="30.3468046" lon="78.0426824"/>
 <node id="6980290980" visible="true" version="2" changeset="77139518" timestamp="2019-11-15T17:09:01Z" user="Arun Balaji" uid="3427745" lat="30.3467907" lon="78.0426070"/>
 <node id="6980290981" visible="true" version="2" changeset="77139518" timestamp="2019-11-15T17:09:01Z" user="Arun Balaji" uid="3427745" lat="30.3467114" lon="78.0424883"/>
 <node id="6980290982" visible="true" version="2" changeset="77139518" timestamp="2019-11-15T17:09:01Z" user="Arun Balaji" uid="3427745" lat="30.3466228" lon="78.0423965"/>
 <node id="6980290983" visible="true" version="2" changeset="77139518" timestamp="2019-11-15T17:09:01Z" user="Arun Balaji" uid="3427745" lat="30.3465107" lon="78.0423316"/>
 <node id="6980290984" visible="true" version="2" changeset="77139518" timestamp="2019-11-15T17:09:01Z" user="Arun Balaji" uid="3427745" lat="30.3464314" lon="78.0422507"/>
 <node id="6980320485" visible="true" version="2" changeset="77139518" timestamp="2019-11-15T17:09:01Z" user="Arun Balaji" uid="3427745" lat="30.3463380" lon="78.0421751"/>
 <node id="6980320486" visible="true" version="2" changeset="77139518" timestamp="2019-11-15T17:09:01Z" user="Arun Balaji" uid="3427745" lat="30.3462634" lon="78.0420779"/>
 <node id="6980320487" visible="true" version="2" changeset="77139518" timestamp="2019-11-15T17:09:01Z" user="Arun Balaji" uid="3427745" lat="30.3462121" lon="78.0419862"/>
 <node id="6980320488" visible="true" version="2" changeset="77139518" timestamp="2019-11-15T17:09:01Z" user="Arun Balaji" uid="3427745" lat="30.3461749" lon="78.0418838"/>
 <node id="6980320489" visible="true" version="2" changeset="77139518" timestamp="2019-11-15T17:09:01Z" user="Arun Balaji" uid="3427745" lat="30.3461470" lon="78.0417652"/>
 <node id="6980320490" visible="true" version="2" changeset="77139518" timestamp="2019-11-15T17:09:01Z" user="Arun Balaji" uid="3427745" lat="30.3461519" lon="78.0416305"/>
 <node id="6980320491" visible="true" version="2" changeset="77139518" timestamp="2019-11-15T17:09:01Z" user="Arun Balaji" uid="3427745" lat="30.3461474" lon="78.0415120"/>
 <node id="6980320492" visible="true" version="2" changeset="77139518" timestamp="2019-11-15T17:09:01Z" user="Arun Balaji" uid="3427745" lat="30.3461522" lon="78.0414312"/>
 <node id="6980320493" visible="true" version="2" changeset="77139518" timestamp="2019-11-15T17:09:01Z" user="Arun Balaji" uid="3427745" lat="30.3461617" lon="78.0413450"/>
 <node id="6980320494" visible="true" version="2" changeset="77139518" timestamp="2019-11-15T17:09:01Z" user="Arun Balaji" uid="3427745" lat="30.3461664" lon="78.0412588"/>
 <node id="6980320495" visible="true" version="2" changeset="77139518" timestamp="2019-11-15T17:09:01Z" user="Arun Balaji" uid="3427745" lat="30.3461853" lon="78.0411564"/>
 <node id="6980320496" visible="true" version="2" changeset="77139518" timestamp="2019-11-15T17:09:01Z" user="Arun Balaji" uid="3427745" lat="30.3461714" lon="78.0410810"/>
 <node id="6980320497" visible="true" version="2" changeset="77139518" timestamp="2019-11-15T17:09:01Z" user="Arun Balaji" uid="3427745" lat="30.3461342" lon="78.0409624"/>
 <node id="6980320498" visible="true" version="2" changeset="77139518" timestamp="2019-11-15T17:09:01Z" user="Arun Balaji" uid="3427745" lat="30.3460969" lon="78.0408815"/>
 <node id="6980320499" visible="true" version="2" changeset="77139518" timestamp="2019-11-15T17:09:01Z" user="Arun Balaji" uid="3427745" lat="30.3460364" lon="78.0407305"/>
 <node id="6980320500" visible="true" version="2" changeset="77139518" timestamp="2019-11-15T17:09:01Z" user="Arun Balaji" uid="3427745" lat="30.3459944" lon="78.0406496"/>
 <node id="6980320501" visible="true" version="2" changeset="77139518" timestamp="2019-11-15T17:09:01Z" user="Arun Balaji" uid="3427745" lat="30.3459244" lon="78.0405848"/>
 <node id="6980320502" visible="true" version="2" changeset="77139518" timestamp="2019-11-15T17:09:01Z" user="Arun Balaji" uid="3427745" lat="30.3458497" lon="78.0405362"/>
 <node id="6980320503" visible="true" version="2" changeset="77139518" timestamp="2019-11-15T17:09:01Z" user="Arun Balaji" uid="3427745" lat="30.3457703" lon="78.0405091"/>
 <node id="6980320504" visible="true" version="2" changeset="77139518" timestamp="2019-11-15T17:09:01Z" user="Arun Balaji" uid="3427745" lat="30.3456909" lon="78.0404928"/>
 <node id="6980320505" visible="true" version="2" changeset="77139518" timestamp="2019-11-15T17:09:01Z" user="Arun Balaji" uid="3427745" lat="30.3456068" lon="78.0404872"/>
 <node id="6980320506" visible="true" version="2" changeset="77139518" timestamp="2019-11-15T17:09:01Z" user="Arun Balaji" uid="3427745" lat="30.3455320" lon="78.0404925"/>
 <node id="6980320507" visible="true" version="2" changeset="77139518" timestamp="2019-11-15T17:09:01Z" user="Arun Balaji" uid="3427745" lat="30.3454525" lon="78.0405085"/>
 <node id="6980320508" visible="true" version="2" changeset="77139518" timestamp="2019-11-15T17:09:01Z" user="Arun Balaji" uid="3427745" lat="30.3454011" lon="78.0405353"/>
 <node id="6980320509" visible="true" version="2" changeset="77139518" timestamp="2019-11-15T17:09:01Z" user="Arun Balaji" uid="3427745" lat="30.3453450" lon="78.0405352"/>
 <node id="6980320510" visible="true" version="2" changeset="77139518" timestamp="2019-11-15T17:09:01Z" user="Arun Balaji" uid="3427745" lat="30.3452749" lon="78.0405458"/>
 <node id="6980320511" visible="true" version="2" changeset="77139518" timestamp="2019-11-15T17:09:01Z" user="Arun Balaji" uid="3427745" lat="30.3452048" lon="78.0405888"/>
 <node id="6980320512" visible="true" version="2" changeset="77139518" timestamp="2019-11-15T17:09:01Z" user="Arun Balaji" uid="3427745" lat="30.3451487" lon="78.0406103"/>
 <node id="6980320513" visible="true" version="2" changeset="77139518" timestamp="2019-11-15T17:09:01Z" user="Arun Balaji" uid="3427745" lat="30.3450972" lon="78.0406587"/>
 <node id="6980320514" visible="true" version="2" changeset="77139518" timestamp="2019-11-15T17:09:01Z" user="Arun Balaji" uid="3427745" lat="30.3450691" lon="78.0407179"/>
 <node id="6980320515" visible="true" version="2" changeset="77139518" timestamp="2019-11-15T17:09:01Z" user="Arun Balaji" uid="3427745" lat="30.3450316" lon="78.0407771"/>
 <node id="6980320516" visible="true" version="2" changeset="77139518" timestamp="2019-11-15T17:09:01Z" user="Arun Balaji" uid="3427745" lat="30.3448865" lon="78.0409277"/>
 <node id="6980320517" visible="true" version="2" changeset="77139518" timestamp="2019-11-15T17:09:01Z" user="Arun Balaji" uid="3427745" lat="30.3448444" lon="78.0409761"/>
 <node id="6980320518" visible="true" version="2" changeset="77139518" timestamp="2019-11-15T17:09:01Z" user="Arun Balaji" uid="3427745" lat="30.3447976" lon="78.0410191"/>
 <node id="6980320519" visible="true" version="2" changeset="77139518" timestamp="2019-11-15T17:09:01Z" user="Arun Balaji" uid="3427745" lat="30.3447368" lon="78.0410351"/>
 <node id="6980320520" visible="true" version="2" changeset="77139518" timestamp="2019-11-15T17:09:01Z" user="Arun Balaji" uid="3427745" lat="30.3446527" lon="78.0410404"/>
 <node id="6980320521" visible="true" version="2" changeset="77139518" timestamp="2019-11-15T17:09:01Z" user="Arun Balaji" uid="3427745" lat="30.3446060" lon="78.0410133"/>
 <node id="6980320522" visible="true" version="2" changeset="77139518" timestamp="2019-11-15T17:09:01Z" user="Arun Balaji" uid="3427745" lat="30.3445500" lon="78.0409647"/>
 <node id="6980320523" visible="true" version="2" changeset="77139518" timestamp="2019-11-15T17:09:01Z" user="Arun Balaji" uid="3427745" lat="30.3445080" lon="78.0409054"/>
 <node id="6980320524" visible="true" version="2" changeset="77139518" timestamp="2019-11-15T17:09:01Z" user="Arun Balaji" uid="3427745" lat="30.3444661" lon="78.0408353"/>
 <node id="6980320525" visible="true" version="2" changeset="77139518" timestamp="2019-11-15T17:09:01Z" user="Arun Balaji" uid="3427745" lat="30.3444335" lon="78.0407328"/>
 <node id="6980320526" visible="true" version="2" changeset="77139518" timestamp="2019-11-15T17:09:01Z" user="Arun Balaji" uid="3427745" lat="30.3444243" lon="78.0406305"/>
 <node id="6980320527" visible="true" version="2" changeset="77139518" timestamp="2019-11-15T17:09:01Z" user="Arun Balaji" uid="3427745" lat="30.3444011" lon="78.0405388"/>
 <node id="6980320528" visible="true" version="2" changeset="77139518" timestamp="2019-11-15T17:09:01Z" user="Arun Balaji" uid="3427745" lat="30.3443872" lon="78.0404095"/>
 <node id="6980320529" visible="true" version="2" changeset="77139518" timestamp="2019-11-15T17:09:01Z" user="Arun Balaji" uid="3427745" lat="30.3443687" lon="78.0402855"/>
 <node id="6980320530" visible="true" version="2" changeset="77139518" timestamp="2019-11-15T17:09:01Z" user="Arun Balaji" uid="3427745" lat="30.3443786" lon="78.0399461"/>
 <node id="6980320531" visible="true" version="2" changeset="77139518" timestamp="2019-11-15T17:09:01Z" user="Arun Balaji" uid="3427745" lat="30.3443788" lon="78.0397845"/>
 <node id="6980320532" visible="true" version="2" changeset="77139518" timestamp="2019-11-15T17:09:01Z" user="Arun Balaji" uid="3427745" lat="30.3443556" lon="78.0396766"/>
 <node id="6980320533" visible="true" version="2" changeset="77139518" timestamp="2019-11-15T17:09:01Z" user="Arun Balaji" uid="3427745" lat="30.3443370" lon="78.0396120"/>
 <node id="6980320534" visible="true" version="2" changeset="77139518" timestamp="2019-11-15T17:09:01Z" user="Arun Balaji" uid="3427745" lat="30.3442951" lon="78.0394933"/>
 <node id="6980320535" visible="true" version="2" changeset="77139518" timestamp="2019-11-15T17:09:01Z" user="Arun Balaji" uid="3427745" lat="30.3442531" lon="78.0394017"/>
 <node id="6980320536" visible="true" version="2" changeset="77139518" timestamp="2019-11-15T17:09:01Z" user="Arun Balaji" uid="3427745" lat="30.3442019" lon="78.0393046"/>
 <node id="6980320537" visible="true" version="2" changeset="77139518" timestamp="2019-11-15T17:09:01Z" user="Arun Balaji" uid="3427745" lat="30.3441132" lon="78.0391967"/>
 <node id="6980320538" visible="true" version="2" changeset="77139518" timestamp="2019-11-15T17:09:01Z" user="Arun Balaji" uid="3427745" lat="30.3440619" lon="78.0391481"/>
 <node id="6980320539" visible="true" version="2" changeset="77139518" timestamp="2019-11-15T17:09:01Z" user="Arun Balaji" uid="3427745" lat="30.3439872" lon="78.0391210"/>
 <node id="6980320540" visible="true" version="2" changeset="77139518" timestamp="2019-11-15T17:09:01Z" user="Arun Balaji" uid="3427745" lat="30.3439171" lon="78.0391316"/>
 <node id="6980320541" visible="true" version="2" changeset="77139518" timestamp="2019-11-15T17:09:01Z" user="Arun Balaji" uid="3427745" lat="30.3438563" lon="78.0391800"/>
 <node id="6980320542" visible="true" version="2" changeset="77139518" timestamp="2019-11-15T17:09:01Z" user="Arun Balaji" uid="3427745" lat="30.3438047" lon="78.0392607"/>
 <node id="6980320543" visible="true" version="2" changeset="77139518" timestamp="2019-11-15T17:09:01Z" user="Arun Balaji" uid="3427745" lat="30.3437532" lon="78.0393307"/>
 <node id="6980320544" visible="true" version="2" changeset="77139518" timestamp="2019-11-15T17:09:01Z" user="Arun Balaji" uid="3427745" lat="30.3436970" lon="78.0394276"/>
 <node id="6980320545" visible="true" version="2" changeset="77139518" timestamp="2019-11-15T17:09:01Z" user="Arun Balaji" uid="3427745" lat="30.3436408" lon="78.0395083"/>
 <node id="6980320546" visible="true" version="2" changeset="77139518" timestamp="2019-11-15T17:09:01Z" user="Arun Balaji" uid="3427745" lat="30.3435940" lon="78.0396106"/>
 <node id="6980320547" visible="true" version="2" changeset="77139518" timestamp="2019-11-15T17:09:01Z" user="Arun Balaji" uid="3427745" lat="30.3435001" lon="78.0399013"/>
 <node id="6980320548" visible="true" version="2" changeset="77139518" timestamp="2019-11-15T17:09:01Z" user="Arun Balaji" uid="3427745" lat="30.3434766" lon="78.0400144"/>
 <node id="6980320549" visible="true" version="2" changeset="77139518" timestamp="2019-11-15T17:09:01Z" user="Arun Balaji" uid="3427745" lat="30.3434388" lon="78.0402784"/>
 <node id="6980320550" visible="true" version="2" changeset="77139518" timestamp="2019-11-15T17:09:01Z" user="Arun Balaji" uid="3427745" lat="30.3434340" lon="78.0403538"/>
 <node id="6980320551" visible="true" version="2" changeset="77139518" timestamp="2019-11-15T17:09:01Z" user="Arun Balaji" uid="3427745" lat="30.3434246" lon="78.0404292"/>
 <node id="6980320552" visible="true" version="2" changeset="77139518" timestamp="2019-11-15T17:09:01Z" user="Arun Balaji" uid="3427745" lat="30.3434243" lon="78.0406124"/>
 <node id="6980320553" visible="true" version="2" changeset="77139518" timestamp="2019-11-15T17:09:01Z" user="Arun Balaji" uid="3427745" lat="30.3434382" lon="78.0406932"/>
 <node id="6980320554" visible="true" version="2" changeset="77139518" timestamp="2019-11-15T17:09:01Z" user="Arun Balaji" uid="3427745" lat="30.3434474" lon="78.0407849"/>
 <node id="6980320555" visible="true" version="2" changeset="77139518" timestamp="2019-11-15T17:09:01Z" user="Arun Balaji" uid="3427745" lat="30.3434519" lon="78.0409034"/>
 <node id="6980320556" visible="true" version="2" changeset="77139518" timestamp="2019-11-15T17:09:01Z" user="Arun Balaji" uid="3427745" lat="30.3434844" lon="78.0411082"/>
 <node id="6980320557" visible="true" version="2" changeset="77139518" timestamp="2019-11-15T17:09:01Z" user="Arun Balaji" uid="3427745" lat="30.3435030" lon="78.0411675"/>
 <node id="6980320558" visible="true" version="2" changeset="77139518" timestamp="2019-11-15T17:09:01Z" user="Arun Balaji" uid="3427745" lat="30.3435075" lon="78.0412430"/>
 <node id="6980320559" visible="true" version="2" changeset="77139518" timestamp="2019-11-15T17:09:01Z" user="Arun Balaji" uid="3427745" lat="30.3435073" lon="78.0413884"/>
 <node id="6980320560" visible="true" version="2" changeset="77139518" timestamp="2019-11-15T17:09:01Z" user="Arun Balaji" uid="3427745" lat="30.3434699" lon="78.0414368"/>
 <node id="6980320561" visible="true" version="2" changeset="77139518" timestamp="2019-11-15T17:09:01Z" user="Arun Balaji" uid="3427745" lat="30.3434418" lon="78.0414853"/>
 <node id="6980320562" visible="true" version="2" changeset="77139518" timestamp="2019-11-15T17:09:01Z" user="Arun Balaji" uid="3427745" lat="30.3433950" lon="78.0415391"/>
 <node id="6980320563" visible="true" version="2" changeset="77139518" timestamp="2019-11-15T17:09:01Z" user="Arun Balaji" uid="3427745" lat="30.3433668" lon="78.0415983"/>
 <node id="6980320564" visible="true" version="2" changeset="77139518" timestamp="2019-11-15T17:09:01Z" user="Arun Balaji" uid="3427745" lat="30.3432780" lon="78.0416628"/>
 <node id="6980320565" visible="true" version="2" changeset="77139518" timestamp="2019-11-15T17:09:01Z" user="Arun Balaji" uid="3427745" lat="30.3432265" lon="78.0416842"/>
 <node id="6980320566" visible="true" version="2" changeset="77139518" timestamp="2019-11-15T17:09:01Z" user="Arun Balaji" uid="3427745" lat="30.3431517" lon="78.0416949"/>
 <node id="6980320567" visible="true" version="2" changeset="77139518" timestamp="2019-11-15T17:09:01Z" user="Arun Balaji" uid="3427745" lat="30.3430956" lon="78.0417163"/>
 <node id="6980320568" visible="true" version="2" changeset="77139518" timestamp="2019-11-15T17:09:01Z" user="Arun Balaji" uid="3427745" lat="30.3429742" lon="78.0417053"/>
 <node id="6980320569" visible="true" version="2" changeset="77139518" timestamp="2019-11-15T17:09:01Z" user="Arun Balaji" uid="3427745" lat="30.3429134" lon="78.0416944"/>
 <node id="6980320570" visible="true" version="2" changeset="77139518" timestamp="2019-11-15T17:09:01Z" user="Arun Balaji" uid="3427745" lat="30.3428434" lon="78.0416458"/>
 <node id="6980320571" visible="true" version="2" changeset="77139518" timestamp="2019-11-15T17:09:01Z" user="Arun Balaji" uid="3427745" lat="30.3427640" lon="78.0416025"/>
 <node id="6980320572" visible="true" version="2" changeset="77139518" timestamp="2019-11-15T17:09:01Z" user="Arun Balaji" uid="3427745" lat="30.3427173" lon="78.0415701"/>
 <node id="6980320573" visible="true" version="2" changeset="77139518" timestamp="2019-11-15T17:09:01Z" user="Arun Balaji" uid="3427745" lat="30.3426379" lon="78.0415430"/>
 <node id="6980320574" visible="true" version="2" changeset="77139518" timestamp="2019-11-15T17:09:01Z" user="Arun Balaji" uid="3427745" lat="30.3425725" lon="78.0415375"/>
 <node id="6980320575" visible="true" version="2" changeset="77139518" timestamp="2019-11-15T17:09:01Z" user="Arun Balaji" uid="3427745" lat="30.3424744" lon="78.0415535"/>
 <node id="6980320576" visible="true" version="2" changeset="77139518" timestamp="2019-11-15T17:09:01Z" user="Arun Balaji" uid="3427745" lat="30.3423949" lon="78.0415803"/>
 <node id="6980320577" visible="true" version="2" changeset="77139518" timestamp="2019-11-15T17:09:01Z" user="Arun Balaji" uid="3427745" lat="30.3423341" lon="78.0415802"/>
 <node id="6980320578" visible="true" version="2" changeset="77139518" timestamp="2019-11-15T17:09:01Z" user="Arun Balaji" uid="3427745" lat="30.3421379" lon="78.0415582"/>
 <node id="6980320579" visible="true" version="2" changeset="77139518" timestamp="2019-11-15T17:09:01Z" user="Arun Balaji" uid="3427745" lat="30.3420537" lon="78.0415958"/>
 <node id="6980320580" visible="true" version="2" changeset="77139518" timestamp="2019-11-15T17:09:01Z" user="Arun Balaji" uid="3427745" lat="30.3419977" lon="78.0415957"/>
 <node id="6980320581" visible="true" version="2" changeset="77139518" timestamp="2019-11-15T17:09:01Z" user="Arun Balaji" uid="3427745" lat="30.3419369" lon="78.0415848"/>
 <node id="6980320582" visible="true" version="2" changeset="77139518" timestamp="2019-11-15T17:09:01Z" user="Arun Balaji" uid="3427745" lat="30.3418809" lon="78.0415685"/>
 <node id="6980320583" visible="true" version="2" changeset="77139518" timestamp="2019-11-15T17:09:01Z" user="Arun Balaji" uid="3427745" lat="30.3417781" lon="78.0415252"/>
 <node id="6980320584" visible="true" version="2" changeset="77139518" timestamp="2019-11-15T17:09:01Z" user="Arun Balaji" uid="3427745" lat="30.3416753" lon="78.0415143"/>
 <node id="6980320585" visible="true" version="2" changeset="77139518" timestamp="2019-11-15T17:09:01Z" user="Arun Balaji" uid="3427745" lat="30.3416052" lon="78.0415411"/>
 <node id="6980320586" visible="true" version="2" changeset="77139518" timestamp="2019-11-15T17:09:01Z" user="Arun Balaji" uid="3427745" lat="30.3415211" lon="78.0415517"/>
 <node id="6980320587" visible="true" version="2" changeset="77139518" timestamp="2019-11-15T17:09:01Z" user="Arun Balaji" uid="3427745" lat="30.3414323" lon="78.0415569"/>
 <node id="6980320588" visible="true" version="2" changeset="77139518" timestamp="2019-11-15T17:09:01Z" user="Arun Balaji" uid="3427745" lat="30.3413481" lon="78.0415891"/>
 <node id="6980320589" visible="true" version="2" changeset="77139518" timestamp="2019-11-15T17:09:01Z" user="Arun Balaji" uid="3427745" lat="30.3412826" lon="78.0416536"/>
 <node id="6980320590" visible="true" version="2" changeset="77139518" timestamp="2019-11-15T17:09:01Z" user="Arun Balaji" uid="3427745" lat="30.3412498" lon="78.0417236"/>
 <node id="6980320591" visible="true" version="2" changeset="77139518" timestamp="2019-11-15T17:09:01Z" user="Arun Balaji" uid="3427745" lat="30.3411563" lon="78.0417773"/>
 <node id="6980320592" visible="true" version="2" changeset="77139518" timestamp="2019-11-15T17:09:01Z" user="Arun Balaji" uid="3427745" lat="30.3409085" lon="78.0418145"/>
 <node id="6980320593" visible="true" version="2" changeset="77139518" timestamp="2019-11-15T17:09:01Z" user="Arun Balaji" uid="3427745" lat="30.3408524" lon="78.0418414"/>
 <node id="6980320594" visible="true" version="2" changeset="77139518" timestamp="2019-11-15T17:09:01Z" user="Arun Balaji" uid="3427745" lat="30.3407169" lon="78.0418519"/>
 <node id="6980320595" visible="true" version="2" changeset="77139518" timestamp="2019-11-15T17:09:01Z" user="Arun Balaji" uid="3427745" lat="30.3406281" lon="78.0418787"/>
 <node id="6980320596" visible="true" version="2" changeset="77139518" timestamp="2019-11-15T17:09:01Z" user="Arun Balaji" uid="3427745" lat="30.3404785" lon="78.0418891"/>
 <node id="6980320597" visible="true" version="2" changeset="77139518" timestamp="2019-11-15T17:09:01Z" user="Arun Balaji" uid="3427745" lat="30.3403944" lon="78.0418836"/>
 <node id="6980320598" visible="true" version="2" changeset="77139518" timestamp="2019-11-15T17:09:01Z" user="Arun Balaji" uid="3427745" lat="30.3403104" lon="78.0418242"/>
 <node id="6980320599" visible="true" version="2" changeset="77139518" timestamp="2019-11-15T17:09:01Z" user="Arun Balaji" uid="3427745" lat="30.3402263" lon="78.0417755"/>
 <node id="6980320600" visible="true" version="2" changeset="77139518" timestamp="2019-11-15T17:09:01Z" user="Arun Balaji" uid="3427745" lat="30.3400397" lon="78.0415920"/>
 <node id="6980320601" visible="true" version="2" changeset="77139518" timestamp="2019-11-15T17:09:01Z" user="Arun Balaji" uid="3427745" lat="30.3399650" lon="78.0415110"/>
 <node id="6980320602" visible="true" version="2" changeset="77139518" timestamp="2019-11-15T17:09:01Z" user="Arun Balaji" uid="3427745" lat="30.3399090" lon="78.0414570"/>
 <node id="6980320603" visible="true" version="2" changeset="77139518" timestamp="2019-11-15T17:09:01Z" user="Arun Balaji" uid="3427745" lat="30.3398110" lon="78.0413814"/>
 <node id="6980320604" visible="true" version="2" changeset="77139518" timestamp="2019-11-15T17:09:01Z" user="Arun Balaji" uid="3427745" lat="30.3397550" lon="78.0413005"/>
 <node id="6980320605" visible="true" version="2" changeset="77139518" timestamp="2019-11-15T17:09:01Z" user="Arun Balaji" uid="3427745" lat="30.3395544" lon="78.0410738"/>
 <node id="6980320606" visible="true" version="2" changeset="77139518" timestamp="2019-11-15T17:09:01Z" user="Arun Balaji" uid="3427745" lat="30.3394798" lon="78.0409767"/>
 <node id="6980320607" visible="true" version="2" changeset="77139518" timestamp="2019-11-15T17:09:01Z" user="Arun Balaji" uid="3427745" lat="30.3394378" lon="78.0409012"/>
 <node id="6980320608" visible="true" version="2" changeset="77139518" timestamp="2019-11-15T17:09:01Z" user="Arun Balaji" uid="3427745" lat="30.3393565" lon="78.0407977"/>
 <node id="6980320609" visible="true" version="2" changeset="77139518" timestamp="2019-11-15T17:09:01Z" user="Arun Balaji" uid="3427745" lat="30.3393538" lon="78.0407986"/>
 <node id="6980320610" visible="true" version="2" changeset="77139518" timestamp="2019-11-15T17:09:01Z" user="Arun Balaji" uid="3427745" lat="30.3392205" lon="78.0406018"/>
 <node id="6980320611" visible="true" version="2" changeset="77139518" timestamp="2019-11-15T17:09:01Z" user="Arun Balaji" uid="3427745" lat="30.3392014" lon="78.0405637"/>
 <node id="6980320612" visible="true" version="2" changeset="77139518" timestamp="2019-11-15T17:09:01Z" user="Arun Balaji" uid="3427745" lat="30.3391929" lon="78.0405355"/>
 <node id="6980320613" visible="true" version="2" changeset="77139518" timestamp="2019-11-15T17:09:01Z" user="Arun Balaji" uid="3427745" lat="30.3391802" lon="78.0404385"/>
 <node id="6980320614" visible="true" version="2" changeset="77139518" timestamp="2019-11-15T17:09:01Z" user="Arun Balaji" uid="3427745" lat="30.3391771" lon="78.0403698"/>
 <node id="6980320615" visible="true" version="2" changeset="77139518" timestamp="2019-11-15T17:09:01Z" user="Arun Balaji" uid="3427745" lat="30.3391794" lon="78.0403010"/>
 <node id="6980320616" visible="true" version="2" changeset="77139518" timestamp="2019-11-15T17:09:01Z" user="Arun Balaji" uid="3427745" lat="30.3391945" lon="78.0401673"/>
 <node id="6980320617" visible="true" version="2" changeset="77139518" timestamp="2019-11-15T17:09:01Z" user="Arun Balaji" uid="3427745" lat="30.3391586" lon="78.0399672"/>
 <node id="6980320618" visible="true" version="2" changeset="77139518" timestamp="2019-11-15T17:09:01Z" user="Arun Balaji" uid="3427745" lat="30.3391300" lon="78.0398640"/>
 <node id="6980320619" visible="true" version="2" changeset="77139518" timestamp="2019-11-15T17:09:01Z" user="Arun Balaji" uid="3427745" lat="30.3391098" lon="78.0398149"/>
 <node id="6980320620" visible="true" version="2" changeset="77139518" timestamp="2019-11-15T17:09:01Z" user="Arun Balaji" uid="3427745" lat="30.3391003" lon="78.0397707"/>
 <node id="6980320621" visible="true" version="2" changeset="77139518" timestamp="2019-11-15T17:09:01Z" user="Arun Balaji" uid="3427745" lat="30.3390631" lon="78.0396908"/>
 <node id="6980320622" visible="true" version="2" changeset="77139518" timestamp="2019-11-15T17:09:01Z" user="Arun Balaji" uid="3427745" lat="30.3390314" lon="78.0395877"/>
 <node id="6980320623" visible="true" version="2" changeset="77139518" timestamp="2019-11-15T17:09:01Z" user="Arun Balaji" uid="3427745" lat="30.3389815" lon="78.0394686"/>
 <node id="6980320624" visible="true" version="2" changeset="77139518" timestamp="2019-11-15T17:09:01Z" user="Arun Balaji" uid="3427745" lat="30.3389528" lon="78.0394231"/>
 <node id="6980320625" visible="true" version="2" changeset="77139518" timestamp="2019-11-15T17:09:01Z" user="Arun Balaji" uid="3427745" lat="30.3389199" lon="78.0393801"/>
 <node id="6980320626" visible="true" version="2" changeset="77139518" timestamp="2019-11-15T17:09:01Z" user="Arun Balaji" uid="3427745" lat="30.3388679" lon="78.0392413"/>
 <node id="6980320627" visible="true" version="2" changeset="77139518" timestamp="2019-11-15T17:09:01Z" user="Arun Balaji" uid="3427745" lat="30.3388339" lon="78.0391946"/>
 <node id="6980320628" visible="true" version="2" changeset="77139518" timestamp="2019-11-15T17:09:01Z" user="Arun Balaji" uid="3427745" lat="30.3388031" lon="78.0391332"/>
 <node id="6980320629" visible="true" version="2" changeset="77139518" timestamp="2019-11-15T17:09:01Z" user="Arun Balaji" uid="3427745" lat="30.3387340" lon="78.0390569"/>
 <node id="6980320630" visible="true" version="2" changeset="77139518" timestamp="2019-11-15T17:09:01Z" user="Arun Balaji" uid="3427745" lat="30.3386682" lon="78.0389709"/>
 <node id="6980320631" visible="true" version="2" changeset="77139518" timestamp="2019-11-15T17:09:01Z" user="Arun Balaji" uid="3427745" lat="30.3385364" lon="78.0388222"/>
 <node id="6980320632" visible="true" version="2" changeset="77139518" timestamp="2019-11-15T17:09:01Z" user="Arun Balaji" uid="3427745" lat="30.3385045" lon="78.0387816"/>
 <node id="6980320633" visible="true" version="2" changeset="77139518" timestamp="2019-11-15T17:09:01Z" user="Arun Balaji" uid="3427745" lat="30.3384301" lon="78.0387152"/>
 <node id="6980320634" visible="true" version="2" changeset="77139518" timestamp="2019-11-15T17:09:01Z" user="Arun Balaji" uid="3427745" lat="30.3383801" lon="78.0386893"/>
 <node id="6980320635" visible="true" version="2" changeset="77139518" timestamp="2019-11-15T17:09:01Z" user="Arun Balaji" uid="3427745" lat="30.3382896" lon="78.0386597"/>
 <node id="6980320636" visible="true" version="2" changeset="77139518" timestamp="2019-11-15T17:09:01Z" user="Arun Balaji" uid="3427745" lat="30.3382566" lon="78.0386621"/>
 <node id="6980320637" visible="true" version="2" changeset="77139518" timestamp="2019-11-15T17:09:01Z" user="Arun Balaji" uid="3427745" lat="30.3382215" lon="78.0386866"/>
 <node id="6980320638" visible="true" version="2" changeset="77139518" timestamp="2019-11-15T17:09:01Z" user="Arun Balaji" uid="3427745" lat="30.3382044" lon="78.0386939"/>
 <node id="6980320639" visible="true" version="2" changeset="77139518" timestamp="2019-11-15T17:09:01Z" user="Arun Balaji" uid="3427745" lat="30.3381490" lon="78.0387552"/>
 <node id="6980320640" visible="true" version="2" changeset="77139518" timestamp="2019-11-15T17:09:01Z" user="Arun Balaji" uid="3427745" lat="30.3381244" lon="78.0388484"/>
 <node id="6980320641" visible="true" version="2" changeset="77139518" timestamp="2019-11-15T17:09:01Z" user="Arun Balaji" uid="3427745" lat="30.3381094" lon="78.0388692"/>
 <node id="6980320642" visible="true" version="2" changeset="77139518" timestamp="2019-11-15T17:09:01Z" user="Arun Balaji" uid="3427745" lat="30.3380635" lon="78.0389992"/>
 <node id="6980320643" visible="true" version="2" changeset="77139518" timestamp="2019-11-15T17:09:01Z" user="Arun Balaji" uid="3427745" lat="30.3380304" lon="78.0390704"/>
 <node id="6980320644" visible="true" version="2" changeset="77139518" timestamp="2019-11-15T17:09:01Z" user="Arun Balaji" uid="3427745" lat="30.3379931" lon="78.0390985"/>
 <node id="6980320645" visible="true" version="2" changeset="77139518" timestamp="2019-11-15T17:09:01Z" user="Arun Balaji" uid="3427745" lat="30.3378621" lon="78.0391731"/>
 <node id="6980320646" visible="true" version="2" changeset="77139518" timestamp="2019-11-15T17:09:01Z" user="Arun Balaji" uid="3427745" lat="30.3377801" lon="78.0392037"/>
 <node id="6980320647" visible="true" version="2" changeset="77139518" timestamp="2019-11-15T17:09:01Z" user="Arun Balaji" uid="3427745" lat="30.3376587" lon="78.0392194"/>
 <node id="6980320648" visible="true" version="2" changeset="77139518" timestamp="2019-11-15T17:09:01Z" user="Arun Balaji" uid="3427745" lat="30.3375905" lon="78.0392377"/>
 <node id="6980320649" visible="true" version="2" changeset="77139518" timestamp="2019-11-15T17:09:01Z" user="Arun Balaji" uid="3427745" lat="30.3375075" lon="78.0392375"/>
 <node id="6980320650" visible="true" version="2" changeset="77139518" timestamp="2019-11-15T17:09:01Z" user="Arun Balaji" uid="3427745" lat="30.3374489" lon="78.0392435"/>
 <node id="6980320651" visible="true" version="2" changeset="77139518" timestamp="2019-11-15T17:09:01Z" user="Arun Balaji" uid="3427745" lat="30.3374223" lon="78.0392521"/>
 <node id="6980320652" visible="true" version="2" changeset="77139518" timestamp="2019-11-15T17:09:01Z" user="Arun Balaji" uid="3427745" lat="30.3372583" lon="78.0393254"/>
 <node id="6980320653" visible="true" version="2" changeset="77139518" timestamp="2019-11-15T17:09:01Z" user="Arun Balaji" uid="3427745" lat="30.3372167" lon="78.0393560"/>
 <node id="6980320654" visible="true" version="2" changeset="77139518" timestamp="2019-11-15T17:09:01Z" user="Arun Balaji" uid="3427745" lat="30.3371688" lon="78.0393829"/>
 <node id="6980320655" visible="true" version="2" changeset="77139518" timestamp="2019-11-15T17:09:01Z" user="Arun Balaji" uid="3427745" lat="30.3371411" lon="78.0393951"/>
 <node id="6980320656" visible="true" version="2" changeset="77139518" timestamp="2019-11-15T17:09:01Z" user="Arun Balaji" uid="3427745" lat="30.3370985" lon="78.0394049"/>
 <node id="6980320657" visible="true" version="2" changeset="77139518" timestamp="2019-11-15T17:09:01Z" user="Arun Balaji" uid="3427745" lat="30.3369557" lon="78.0394844"/>
 <node id="6980320658" visible="true" version="2" changeset="77139518" timestamp="2019-11-15T17:09:01Z" user="Arun Balaji" uid="3427745" lat="30.3369195" lon="78.0395150"/>
 <node id="6980320659" visible="true" version="2" changeset="77139518" timestamp="2019-11-15T17:09:01Z" user="Arun Balaji" uid="3427745" lat="30.3368428" lon="78.0395664"/>
 <node id="6980320660" visible="true" version="2" changeset="77139518" timestamp="2019-11-15T17:09:01Z" user="Arun Balaji" uid="3427745" lat="30.3367746" lon="78.0395884"/>
 <node id="6980320661" visible="true" version="2" changeset="77139518" timestamp="2019-11-15T17:09:01Z" user="Arun Balaji" uid="3427745" lat="30.3366660" lon="78.0396360"/>
 <node id="6980320662" visible="true" version="2" changeset="77139518" timestamp="2019-11-15T17:09:01Z" user="Arun Balaji" uid="3427745" lat="30.3366170" lon="78.0396507"/>
 <node id="6980320663" visible="true" version="2" changeset="77139518" timestamp="2019-11-15T17:09:01Z" user="Arun Balaji" uid="3427745" lat="30.3365669" lon="78.0396727"/>
 <node id="6980320664" visible="true" version="2" changeset="77139518" timestamp="2019-11-15T17:09:01Z" user="Arun Balaji" uid="3427745" lat="30.3364902" lon="78.0397155"/>
 <node id="6980320665" visible="true" version="2" changeset="77139518" timestamp="2019-11-15T17:09:01Z" user="Arun Balaji" uid="3427745" lat="30.3363923" lon="78.0397288"/>
 <node id="6980320666" visible="true" version="2" changeset="77139518" timestamp="2019-11-15T17:09:01Z" user="Arun Balaji" uid="3427745" lat="30.3363305" lon="78.0397434"/>
 <node id="6980320667" visible="true" version="2" changeset="77139518" timestamp="2019-11-15T17:09:01Z" user="Arun Balaji" uid="3427745" lat="30.3362603" lon="78.0397494"/>
 <node id="6980320668" visible="true" version="2" changeset="77139518" timestamp="2019-11-15T17:09:01Z" user="Arun Balaji" uid="3427745" lat="30.3362091" lon="78.0397640"/>
 <node id="6980320669" visible="true" version="2" changeset="77139518" timestamp="2019-11-15T17:09:01Z" user="Arun Balaji" uid="3427745" lat="30.3361740" lon="78.0397664"/>
 <node id="6980320670" visible="true" version="2" changeset="77139518" timestamp="2019-11-15T17:09:01Z" user="Arun Balaji" uid="3427745" lat="30.3361484" lon="78.0397774"/>
 <node id="6980320671" visible="true" version="2" changeset="77139518" timestamp="2019-11-15T17:09:01Z" user="Arun Balaji" uid="3427745" lat="30.3361133" lon="78.0397798"/>
 <node id="6980320672" visible="true" version="2" changeset="77139518" timestamp="2019-11-15T17:09:01Z" user="Arun Balaji" uid="3427745" lat="30.3360750" lon="78.0397761"/>
 <node id="6980320673" visible="true" version="2" changeset="77139518" timestamp="2019-11-15T17:09:01Z" user="Arun Balaji" uid="3427745" lat="30.3359526" lon="78.0397856"/>
 <node id="6980320674" visible="true" version="2" changeset="77139518" timestamp="2019-11-15T17:09:01Z" user="Arun Balaji" uid="3427745" lat="30.3358812" lon="78.0397867"/>
 <node id="6980320675" visible="true" version="2" changeset="77139518" timestamp="2019-11-15T17:09:01Z" user="Arun Balaji" uid="3427745" lat="30.3358056" lon="78.0397989"/>
 <node id="6980320676" visible="true" version="2" changeset="77139518" timestamp="2019-11-15T17:09:01Z" user="Arun Balaji" uid="3427745" lat="30.3357662" lon="78.0398135"/>
 <node id="6980320677" visible="true" version="2" changeset="77139518" timestamp="2019-11-15T17:09:01Z" user="Arun Balaji" uid="3427745" lat="30.3356587" lon="78.0398379"/>
 <node id="6980320678" visible="true" version="2" changeset="77139518" timestamp="2019-11-15T17:09:01Z" user="Arun Balaji" uid="3427745" lat="30.3356384" lon="78.0398489"/>
 <node id="6980320679" visible="true" version="2" changeset="77139518" timestamp="2019-11-15T17:09:01Z" user="Arun Balaji" uid="3427745" lat="30.3355235" lon="78.0398658"/>
 <node id="6980320680" visible="true" version="2" changeset="77139518" timestamp="2019-11-15T17:09:01Z" user="Arun Balaji" uid="3427745" lat="30.3355011" lon="78.0398756"/>
 <node id="6980320681" visible="true" version="2" changeset="77139518" timestamp="2019-11-15T17:09:01Z" user="Arun Balaji" uid="3427745" lat="30.3354319" lon="78.0398706"/>
 <node id="6980320682" visible="true" version="2" changeset="77139518" timestamp="2019-11-15T17:09:01Z" user="Arun Balaji" uid="3427745" lat="30.3353649" lon="78.0398214"/>
 <node id="6980320683" visible="true" version="2" changeset="77139518" timestamp="2019-11-15T17:09:01Z" user="Arun Balaji" uid="3427745" lat="30.3353330" lon="78.0397918"/>
 <node id="6980320684" visible="true" version="2" changeset="77139518" timestamp="2019-11-15T17:09:01Z" user="Arun Balaji" uid="3427745" lat="30.3353245" lon="78.0397771"/>
 <node id="6980320685" visible="true" version="2" changeset="77139518" timestamp="2019-11-15T17:09:01Z" user="Arun Balaji" uid="3427745" lat="30.3353150" lon="78.0397513"/>
 <node id="6980320686" visible="true" version="2" changeset="77139518" timestamp="2019-11-15T17:09:01Z" user="Arun Balaji" uid="3427745" lat="30.3353002" lon="78.0396862"/>
 <node id="6980320687" visible="true" version="2" changeset="77139518" timestamp="2019-11-15T17:09:01Z" user="Arun Balaji" uid="3427745" lat="30.3352780" lon="78.0395500"/>
 <node id="6980320688" visible="true" version="2" changeset="77139518" timestamp="2019-11-15T17:09:01Z" user="Arun Balaji" uid="3427745" lat="30.3352632" lon="78.0394996"/>
 <node id="6980320689" visible="true" version="2" changeset="77139518" timestamp="2019-11-15T17:09:01Z" user="Arun Balaji" uid="3427745" lat="30.3352483" lon="78.0394701"/>
 <node id="6980320690" visible="true" version="2" changeset="77139518" timestamp="2019-11-15T17:09:01Z" user="Arun Balaji" uid="3427745" lat="30.3352197" lon="78.0393879"/>
 <node id="6980320691" visible="true" version="2" changeset="77139518" timestamp="2019-11-15T17:09:01Z" user="Arun Balaji" uid="3427745" lat="30.3351964" lon="78.0392651"/>
 <node id="6980320692" visible="true" version="3" changeset="77170732" timestamp="2019-11-16T17:35:40Z" user="Arun Balaji" uid="3427745" lat="30.3351633" lon="78.0391525"/>
 <node id="6980320694" visible="true" version="2" changeset="77139518" timestamp="2019-11-15T17:09:01Z" user="Arun Balaji" uid="3427745" lat="30.3350460" lon="78.0392646"/>
 <node id="6980320695" visible="true" version="2" changeset="77139518" timestamp="2019-11-15T17:09:01Z" user="Arun Balaji" uid="3427745" lat="30.3349829" lon="78.0393371"/>
 <node id="6980320696" visible="true" version="2" changeset="77139518" timestamp="2019-11-15T17:09:01Z" user="Arun Balaji" uid="3427745" lat="30.3349088" lon="78.0394097"/>
 <node id="6980320697" visible="true" version="2" changeset="77139518" timestamp="2019-11-15T17:09:01Z" user="Arun Balaji" uid="3427745" lat="30.3347028" lon="78.0396717"/>
 <node id="6980320698" visible="true" version="2" changeset="77139518" timestamp="2019-11-15T17:09:01Z" user="Arun Balaji" uid="3427745" lat="30.3345681" lon="78.0398642"/>
 <node id="6980320699" visible="true" version="3" changeset="77170732" timestamp="2019-11-16T17:35:40Z" user="Arun Balaji" uid="3427745" lat="30.3345159" lon="78.0399412"/>
 <node id="6980320700" visible="true" version="2" changeset="77139518" timestamp="2019-11-15T17:09:01Z" user="Arun Balaji" uid="3427745" lat="30.3343976" lon="78.0401958"/>
 <node id="6980320701" visible="true" version="2" changeset="77139518" timestamp="2019-11-15T17:09:01Z" user="Arun Balaji" uid="3427745" lat="30.3343702" lon="78.0402842"/>
 <node id="6980320702" visible="true" version="2" changeset="77139518" timestamp="2019-11-15T17:09:01Z" user="Arun Balaji" uid="3427745" lat="30.3342025" lon="78.0404926"/>
 <node id="6980320703" visible="true" version="3" changeset="77170732" timestamp="2019-11-16T17:35:40Z" user="Arun Balaji" uid="3427745" lat="30.3339267" lon="78.0408765"/>
 <node id="6980320704" visible="true" version="3" changeset="77170732" timestamp="2019-11-16T17:35:40Z" user="Arun Balaji" uid="3427745" lat="30.3337648" lon="78.0411066"/>
 <node id="6980320705" visible="true" version="2" changeset="77139518" timestamp="2019-11-15T17:09:01Z" user="Arun Balaji" uid="3427745" lat="30.3336450" lon="78.0412264"/>
 <node id="6980320706" visible="true" version="2" changeset="77139518" timestamp="2019-11-15T17:09:01Z" user="Arun Balaji" uid="3427745" lat="30.3336381" lon="78.0412240"/>
 <node id="6980320707" visible="true" version="2" changeset="77139518" timestamp="2019-11-15T17:09:01Z" user="Arun Balaji" uid="3427745" lat="30.3336369" lon="78.0412321"/>
 <node id="6980320708" visible="true" version="2" changeset="77139518" timestamp="2019-11-15T17:09:01Z" user="Arun Balaji" uid="3427745" lat="30.3337264" lon="78.0413011"/>
 <node id="6980320709" visible="true" version="2" changeset="77139518" timestamp="2019-11-15T17:09:01Z" user="Arun Balaji" uid="3427745" lat="30.3338978" lon="78.0414649"/>
 <node id="6980320710" visible="true" version="2" changeset="77139518" timestamp="2019-11-15T17:09:01Z" user="Arun Balaji" uid="3427745" lat="30.3342332" lon="78.0417581"/>
 <node id="6980320711" visible="true" version="2" changeset="77139518" timestamp="2019-11-15T17:09:01Z" user="Arun Balaji" uid="3427745" lat="30.3343376" lon="78.0418615"/>
 <node id="6980320712" visible="true" version="2" changeset="77139518" timestamp="2019-11-15T17:09:01Z" user="Arun Balaji" uid="3427745" lat="30.3345016" lon="78.0419909"/>
 <node id="6980320713" visible="true" version="2" changeset="77139518" timestamp="2019-11-15T17:09:01Z" user="Arun Balaji" uid="3427745" lat="30.3345910" lon="78.0420857"/>
 <node id="6980320714" visible="true" version="2" changeset="77139518" timestamp="2019-11-15T17:09:01Z" user="Arun Balaji" uid="3427745" lat="30.3346879" lon="78.0421806"/>
 <node id="6980320715" visible="true" version="2" changeset="77139518" timestamp="2019-11-15T17:09:01Z" user="Arun Balaji" uid="3427745" lat="30.3348742" lon="78.0423788"/>
 <node id="6980320716" visible="true" version="2" changeset="77139518" timestamp="2019-11-15T17:09:01Z" user="Arun Balaji" uid="3427745" lat="30.3349860" lon="78.0424392"/>
 <node id="6980320717" visible="true" version="2" changeset="77139518" timestamp="2019-11-15T17:09:01Z" user="Arun Balaji" uid="3427745" lat="30.3350607" lon="78.0424308"/>
 <node id="6980320718" visible="true" version="2" changeset="77139518" timestamp="2019-11-15T17:09:01Z" user="Arun Balaji" uid="3427745" lat="30.3352473" lon="78.0423709"/>
 <node id="6980320719" visible="true" version="2" changeset="77139518" timestamp="2019-11-15T17:09:01Z" user="Arun Balaji" uid="3427745" lat="30.3352996" lon="78.0423280"/>
 <node id="6980320720" visible="true" version="2" changeset="77139518" timestamp="2019-11-15T17:09:01Z" user="Arun Balaji" uid="3427745" lat="30.3353669" lon="78.0422593"/>
 <node id="6980320721" visible="true" version="2" changeset="77139518" timestamp="2019-11-15T17:09:01Z" user="Arun Balaji" uid="3427745" lat="30.3354118" lon="78.0421991"/>
 <node id="6980320722" visible="true" version="2" changeset="77139518" timestamp="2019-11-15T17:09:01Z" user="Arun Balaji" uid="3427745" lat="30.3354567" lon="78.0420874"/>
 <node id="6980320723" visible="true" version="2" changeset="77139518" timestamp="2019-11-15T17:09:01Z" user="Arun Balaji" uid="3427745" lat="30.3354792" lon="78.0420100"/>
 <node id="6980320724" visible="true" version="2" changeset="77139518" timestamp="2019-11-15T17:09:01Z" user="Arun Balaji" uid="3427745" lat="30.3355017" lon="78.0418982"/>
 <node id="6980320725" visible="true" version="2" changeset="77139518" timestamp="2019-11-15T17:09:01Z" user="Arun Balaji" uid="3427745" lat="30.3355319" lon="78.0417089"/>
 <node id="6980320726" visible="true" version="2" changeset="77139518" timestamp="2019-11-15T17:09:01Z" user="Arun Balaji" uid="3427745" lat="30.3355618" lon="78.0416402"/>
 <node id="6980320727" visible="true" version="2" changeset="77139518" timestamp="2019-11-15T17:09:01Z" user="Arun Balaji" uid="3427745" lat="30.3356067" lon="78.0415886"/>
 <node id="6980320728" visible="true" version="2" changeset="77139518" timestamp="2019-11-15T17:09:01Z" user="Arun Balaji" uid="3427745" lat="30.3356814" lon="78.0415199"/>
 <node id="6980320729" visible="true" version="2" changeset="77139518" timestamp="2019-11-15T17:09:01Z" user="Arun Balaji" uid="3427745" lat="30.3357636" lon="78.0414512"/>
 <node id="6980320730" visible="true" version="2" changeset="77139518" timestamp="2019-11-15T17:09:01Z" user="Arun Balaji" uid="3427745" lat="30.3359953" lon="78.0412280"/>
 <node id="6980320731" visible="true" version="2" changeset="77139518" timestamp="2019-11-15T17:09:01Z" user="Arun Balaji" uid="3427745" lat="30.3360924" lon="78.0411679"/>
 <node id="6980320732" visible="true" version="2" changeset="77139518" timestamp="2019-11-15T17:09:01Z" user="Arun Balaji" uid="3427745" lat="30.3362193" lon="78.0411079"/>
 <node id="6980320733" visible="true" version="2" changeset="77139518" timestamp="2019-11-15T17:09:01Z" user="Arun Balaji" uid="3427745" lat="30.3363388" lon="78.0410910"/>
 <node id="6980320734" visible="true" version="2" changeset="77139518" timestamp="2019-11-15T17:09:01Z" user="Arun Balaji" uid="3427745" lat="30.3364208" lon="78.0411169"/>
 <node id="6980320735" visible="true" version="2" changeset="77139518" timestamp="2019-11-15T17:09:01Z" user="Arun Balaji" uid="3427745" lat="30.3365029" lon="78.0411515"/>
 <node id="6980320736" visible="true" version="2" changeset="77139518" timestamp="2019-11-15T17:09:01Z" user="Arun Balaji" uid="3427745" lat="30.3365924" lon="78.0411775"/>
 <node id="6980320737" visible="true" version="2" changeset="77139518" timestamp="2019-11-15T17:09:01Z" user="Arun Balaji" uid="3427745" lat="30.3366894" lon="78.0412121"/>
 <node id="6980320738" visible="true" version="2" changeset="77139518" timestamp="2019-11-15T17:09:01Z" user="Arun Balaji" uid="3427745" lat="30.3367565" lon="78.0412294"/>
 <node id="6980320739" visible="true" version="2" changeset="77139518" timestamp="2019-11-15T17:09:01Z" user="Arun Balaji" uid="3427745" lat="30.3368386" lon="78.0412382"/>
 <node id="6980320740" visible="true" version="2" changeset="77139518" timestamp="2019-11-15T17:09:01Z" user="Arun Balaji" uid="3427745" lat="30.3369132" lon="78.0412211"/>
 <node id="6980320741" visible="true" version="2" changeset="77139518" timestamp="2019-11-15T17:09:01Z" user="Arun Balaji" uid="3427745" lat="30.3370775" lon="78.0411956"/>
 <node id="6980320742" visible="true" version="2" changeset="77139518" timestamp="2019-11-15T17:09:01Z" user="Arun Balaji" uid="3427745" lat="30.3371521" lon="78.0411785"/>
 <node id="6980320743" visible="true" version="2" changeset="77139518" timestamp="2019-11-15T17:09:01Z" user="Arun Balaji" uid="3427745" lat="30.3372267" lon="78.0411959"/>
 <node id="6980320744" visible="true" version="2" changeset="77139518" timestamp="2019-11-15T17:09:01Z" user="Arun Balaji" uid="3427745" lat="30.3372565" lon="78.0412390"/>
 <node id="6980320745" visible="true" version="2" changeset="77139518" timestamp="2019-11-15T17:09:01Z" user="Arun Balaji" uid="3427745" lat="30.3372713" lon="78.0413594"/>
 <node id="6980320746" visible="true" version="2" changeset="77139518" timestamp="2019-11-15T17:09:01Z" user="Arun Balaji" uid="3427745" lat="30.3373010" lon="78.0414283"/>
 <node id="6980320747" visible="true" version="2" changeset="77139518" timestamp="2019-11-15T17:09:01Z" user="Arun Balaji" uid="3427745" lat="30.3373098" lon="78.0414342"/>
 <node id="6980320748" visible="true" version="2" changeset="77139518" timestamp="2019-11-15T17:09:01Z" user="Arun Balaji" uid="3427745" lat="30.3372643" lon="78.0415473"/>
 <node id="6980320749" visible="true" version="2" changeset="77139518" timestamp="2019-11-15T17:09:01Z" user="Arun Balaji" uid="3427745" lat="30.3372212" lon="78.0416711"/>
 <node id="6980320750" visible="true" version="2" changeset="77139518" timestamp="2019-11-15T17:09:01Z" user="Arun Balaji" uid="3427745" lat="30.3371564" lon="78.0419285"/>
 <node id="6980320751" visible="true" version="2" changeset="77139518" timestamp="2019-11-15T17:09:01Z" user="Arun Balaji" uid="3427745" lat="30.3371905" lon="78.0420673"/>
 <node id="6980320752" visible="true" version="2" changeset="77139518" timestamp="2019-11-15T17:09:01Z" user="Arun Balaji" uid="3427745" lat="30.3372461" lon="78.0422556"/>
 <node id="6980320753" visible="true" version="2" changeset="77139518" timestamp="2019-11-15T17:09:01Z" user="Arun Balaji" uid="3427745" lat="30.3373531" lon="78.0425729"/>
 <node id="6980320754" visible="true" version="2" changeset="77139518" timestamp="2019-11-15T17:09:01Z" user="Arun Balaji" uid="3427745" lat="30.3374644" lon="78.0428752"/>
 <node id="6980320755" visible="true" version="2" changeset="77139518" timestamp="2019-11-15T17:09:01Z" user="Arun Balaji" uid="3427745" lat="30.3375798" lon="78.0432569"/>
 <node id="6980320756" visible="true" version="2" changeset="77139518" timestamp="2019-11-15T17:09:01Z" user="Arun Balaji" uid="3427745" lat="30.3377338" lon="78.0437277"/>
 <node id="6980320757" visible="true" version="2" changeset="77139518" timestamp="2019-11-15T17:09:01Z" user="Arun Balaji" uid="3427745" lat="30.3378706" lon="78.0441837"/>
 <node id="6980320758" visible="true" version="2" changeset="77139518" timestamp="2019-11-15T17:09:01Z" user="Arun Balaji" uid="3427745" lat="30.3382642" lon="78.0453585"/>
 <node id="6980320759" visible="true" version="2" changeset="77139518" timestamp="2019-11-15T17:09:01Z" user="Arun Balaji" uid="3427745" lat="30.3383582" lon="78.0456955"/>
 <node id="6980320760" visible="true" version="2" changeset="77139518" timestamp="2019-11-15T17:09:01Z" user="Arun Balaji" uid="3427745" lat="30.3386960" lon="78.0468107"/>
 <node id="6980320761" visible="true" version="2" changeset="77139518" timestamp="2019-11-15T17:09:01Z" user="Arun Balaji" uid="3427745" lat="30.3388458" lon="78.0472469"/>
 <node id="6980320762" visible="true" version="2" changeset="77139518" timestamp="2019-11-15T17:09:01Z" user="Arun Balaji" uid="3427745" lat="30.3390040" lon="78.0477277"/>
 <node id="6980320763" visible="true" version="2" changeset="77139518" timestamp="2019-11-15T17:09:01Z" user="Arun Balaji" uid="3427745" lat="30.3391279" lon="78.0481936"/>
 <node id="6980320764" visible="true" version="2" changeset="77139518" timestamp="2019-11-15T17:09:01Z" user="Arun Balaji" uid="3427745" lat="30.3395512" lon="78.0496062"/>
 <node id="6980320765" visible="true" version="2" changeset="77139518" timestamp="2019-11-15T17:09:01Z" user="Arun Balaji" uid="3427745" lat="30.3397906" lon="78.0503794"/>
 <node id="6980320766" visible="true" version="2" changeset="77139518" timestamp="2019-11-15T17:09:01Z" user="Arun Balaji" uid="3427745" lat="30.3399103" lon="78.0508205"/>
 <node id="6980320767" visible="true" version="2" changeset="77139518" timestamp="2019-11-15T17:09:01Z" user="Arun Balaji" uid="3427745" lat="30.3399785" lon="78.0511327"/>
 <node id="6980320768" visible="true" version="2" changeset="77139518" timestamp="2019-11-15T17:09:01Z" user="Arun Balaji" uid="3427745" lat="30.3400255" lon="78.0513161"/>
 <node id="6980320769" visible="true" version="2" changeset="77139518" timestamp="2019-11-15T17:09:01Z" user="Arun Balaji" uid="3427745" lat="30.3402450" lon="78.0511134"/>
 <node id="6980320770" visible="true" version="2" changeset="77139518" timestamp="2019-11-15T17:09:01Z" user="Arun Balaji" uid="3427745" lat="30.3403310" lon="78.0510443"/>
 <node id="6980320771" visible="true" version="2" changeset="77139518" timestamp="2019-11-15T17:09:01Z" user="Arun Balaji" uid="3427745" lat="30.3404257" lon="78.0509107"/>
 <node id="6980320772" visible="true" version="2" changeset="77139518" timestamp="2019-11-15T17:09:01Z" user="Arun Balaji" uid="3427745" lat="30.3405290" lon="78.0507970"/>
 <node id="6980320773" visible="true" version="2" changeset="77139518" timestamp="2019-11-15T17:09:01Z" user="Arun Balaji" uid="3427745" lat="30.3407699" lon="78.0506191"/>
 <node id="6980320774" visible="true" version="2" changeset="77139518" timestamp="2019-11-15T17:09:01Z" user="Arun Balaji" uid="3427745" lat="30.3408860" lon="78.0505401"/>
 <node id="6980320775" visible="true" version="2" changeset="77139518" timestamp="2019-11-15T17:09:01Z" user="Arun Balaji" uid="3427745" lat="30.3409806" lon="78.0504511"/>
 <node id="6980320776" visible="true" version="2" changeset="77139518" timestamp="2019-11-15T17:09:01Z" user="Arun Balaji" uid="3427745" lat="30.3410752" lon="78.0503968"/>
 <node id="6980320777" visible="true" version="2" changeset="77139518" timestamp="2019-11-15T17:09:01Z" user="Arun Balaji" uid="3427745" lat="30.3411957" lon="78.0502930"/>
 <node id="6980320778" visible="true" version="2" changeset="77139518" timestamp="2019-11-15T17:09:01Z" user="Arun Balaji" uid="3427745" lat="30.3412946" lon="78.0502140"/>
 <node id="6980320779" visible="true" version="2" changeset="77139518" timestamp="2019-11-15T17:09:01Z" user="Arun Balaji" uid="3427745" lat="30.3414538" lon="78.0500954"/>
 <node id="6980320780" visible="true" version="2" changeset="77139518" timestamp="2019-11-15T17:09:01Z" user="Arun Balaji" uid="3427745" lat="30.3417851" lon="78.0497889"/>
 <node id="6980320781" visible="true" version="2" changeset="77139518" timestamp="2019-11-15T17:09:01Z" user="Arun Balaji" uid="3427745" lat="30.3419415" lon="78.0496806"/>
 <node id="6980320782" visible="true" version="2" changeset="77139518" timestamp="2019-11-15T17:09:01Z" user="Arun Balaji" uid="3427745" lat="30.3419851" lon="78.0496618"/>
 <node id="6980320783" visible="true" version="2" changeset="77139518" timestamp="2019-11-15T17:09:01Z" user="Arun Balaji" uid="3427745" lat="30.3419867" lon="78.0496522"/>
 <node id="6980320784" visible="true" version="2" changeset="77139518" timestamp="2019-11-15T17:09:01Z" user="Arun Balaji" uid="3427745" lat="30.3422654" lon="78.0493825"/>
 <node id="6980320785" visible="true" version="2" changeset="77139518" timestamp="2019-11-15T17:09:01Z" user="Arun Balaji" uid="3427745" lat="30.3427493" lon="78.0490119"/>
 <node id="6980320786" visible="true" version="2" changeset="77139518" timestamp="2019-11-15T17:09:01Z" user="Arun Balaji" uid="3427745" lat="30.3431307" lon="78.0486917"/>
 <node id="6980320787" visible="true" version="2" changeset="77139518" timestamp="2019-11-15T17:09:01Z" user="Arun Balaji" uid="3427745" lat="30.3434973" lon="78.0484222"/>
 <node id="6980320788" visible="true" version="2" changeset="77139518" timestamp="2019-11-15T17:09:01Z" user="Arun Balaji" uid="3427745" lat="30.3437613" lon="78.0482031"/>
 <node id="6980320789" visible="true" version="2" changeset="77139518" timestamp="2019-11-15T17:09:01Z" user="Arun Balaji" uid="3427745" lat="30.3440545" lon="78.0480348"/>
 <node id="6980320790" visible="true" version="2" changeset="77139518" timestamp="2019-11-15T17:09:01Z" user="Arun Balaji" uid="3427745" lat="30.3443478" lon="78.0478327"/>
 <node id="6980320791" visible="true" version="2" changeset="77139518" timestamp="2019-11-15T17:09:01Z" user="Arun Balaji" uid="3427745" lat="30.3447105" lon="78.0477222"/>
 <node id="6980320792" visible="true" version="2" changeset="77139518" timestamp="2019-11-15T17:09:01Z" user="Arun Balaji" uid="3427745" lat="30.3448660" lon="78.0476858"/>
 <node id="6980320793" visible="true" version="2" changeset="77139518" timestamp="2019-11-15T17:09:01Z" user="Arun Balaji" uid="3427745" lat="30.3451832" lon="78.0475641"/>
 <node id="6980320794" visible="true" version="2" changeset="77139518" timestamp="2019-11-15T17:09:01Z" user="Arun Balaji" uid="3427745" lat="30.3454911" lon="78.0474127"/>
 <node id="6980320795" visible="true" version="2" changeset="77139518" timestamp="2019-11-15T17:09:01Z" user="Arun Balaji" uid="3427745" lat="30.3455645" lon="78.0472608"/>
 <node id="6980320796" visible="true" version="2" changeset="77139518" timestamp="2019-11-15T17:09:01Z" user="Arun Balaji" uid="3427745" lat="30.3455647" lon="78.0471088"/>
 <node id="6980320797" visible="true" version="2" changeset="77139518" timestamp="2019-11-15T17:09:01Z" user="Arun Balaji" uid="3427745" lat="30.3454918" lon="78.0469228"/>
 <node id="6980320798" visible="true" version="2" changeset="77139518" timestamp="2019-11-15T17:09:01Z" user="Arun Balaji" uid="3427745" lat="30.3454334" lon="78.0467538"/>
 <node id="6980320799" visible="true" version="2" changeset="77139518" timestamp="2019-11-15T17:09:01Z" user="Arun Balaji" uid="3427745" lat="30.3454337" lon="78.0466018"/>
 <node id="6980320800" visible="true" version="2" changeset="77139518" timestamp="2019-11-15T17:09:01Z" user="Arun Balaji" uid="3427745" lat="30.3453900" lon="78.0463821"/>
 <node id="6980320801" visible="true" version="2" changeset="77139518" timestamp="2019-11-15T17:09:01Z" user="Arun Balaji" uid="3427745" lat="30.3454342" lon="78.0461964"/>
 <node id="6980320802" visible="true" version="2" changeset="77139518" timestamp="2019-11-15T17:09:01Z" user="Arun Balaji" uid="3427745" lat="30.3455664" lon="78.0459940"/>
 <node id="6980320803" visible="true" version="2" changeset="77139518" timestamp="2019-11-15T17:09:01Z" user="Arun Balaji" uid="3427745" lat="30.3457131" lon="78.0458423"/>
 <node id="6980320804" visible="true" version="2" changeset="77139518" timestamp="2019-11-15T17:09:01Z" user="Arun Balaji" uid="3427745" lat="30.3460846" lon="78.0457796"/>
 <node id="6980320805" visible="true" version="2" changeset="77139518" timestamp="2019-11-15T17:09:01Z" user="Arun Balaji" uid="3427745" lat="30.3463043" lon="78.0457800"/>
 <node id="6980320806" visible="true" version="2" changeset="77139518" timestamp="2019-11-15T17:09:01Z" user="Arun Balaji" uid="3427745" lat="30.3465240" lon="78.0458480"/>
 <node id="6980320807" visible="true" version="2" changeset="77139518" timestamp="2019-11-15T17:09:01Z" user="Arun Balaji" uid="3427745" lat="30.3467786" lon="78.0459867"/>
 <node id="6980320808" visible="true" version="2" changeset="77139518" timestamp="2019-11-15T17:09:01Z" user="Arun Balaji" uid="3427745" lat="30.3469744" lon="78.0460729"/>
 <node id="6980320809" visible="true" version="2" changeset="77139518" timestamp="2019-11-15T17:09:01Z" user="Arun Balaji" uid="3427745" lat="30.3472413" lon="78.0461703"/>
 <node id="6980320810" visible="true" version="2" changeset="77139518" timestamp="2019-11-15T17:09:01Z" user="Arun Balaji" uid="3427745" lat="30.3474024" lon="78.0462213"/>
 <node id="6980320811" visible="true" version="2" changeset="77139518" timestamp="2019-11-15T17:09:01Z" user="Arun Balaji" uid="3427745" lat="30.3474369" lon="78.0462365"/>
 <node id="6980320812" visible="true" version="2" changeset="77139518" timestamp="2019-11-15T17:09:01Z" user="Arun Balaji" uid="3427745" lat="30.3374089" lon="78.0532789"/>
 <node id="6980320813" visible="true" version="2" changeset="77139518" timestamp="2019-11-15T17:09:01Z" user="Arun Balaji" uid="3427745" lat="30.3374559" lon="78.0532249"/>
 <node id="6980320814" visible="true" version="2" changeset="77139518" timestamp="2019-11-15T17:09:01Z" user="Arun Balaji" uid="3427745" lat="30.3376675" lon="78.0530538"/>
 <node id="6980320815" visible="true" version="2" changeset="77139518" timestamp="2019-11-15T17:09:01Z" user="Arun Balaji" uid="3427745" lat="30.3377616" lon="78.0529908"/>
 <node id="6980320816" visible="true" version="2" changeset="77139518" timestamp="2019-11-15T17:09:01Z" user="Arun Balaji" uid="3427745" lat="30.3378243" lon="78.0529368"/>
 <node id="6980320817" visible="true" version="2" changeset="77139518" timestamp="2019-11-15T17:09:01Z" user="Arun Balaji" uid="3427745" lat="30.3379653" lon="78.0528288"/>
 <node id="6980320818" visible="true" version="2" changeset="77139518" timestamp="2019-11-15T17:09:01Z" user="Arun Balaji" uid="3427745" lat="30.3382319" lon="78.0525766"/>
 <node id="6980320819" visible="true" version="2" changeset="77139518" timestamp="2019-11-15T17:09:01Z" user="Arun Balaji" uid="3427745" lat="30.3383259" lon="78.0525226"/>
 <node id="6980320820" visible="true" version="2" changeset="77139518" timestamp="2019-11-15T17:09:01Z" user="Arun Balaji" uid="3427745" lat="30.3384356" lon="78.0524326"/>
 <node id="6980320821" visible="true" version="2" changeset="77139518" timestamp="2019-11-15T17:09:01Z" user="Arun Balaji" uid="3427745" lat="30.3386315" lon="78.0523157"/>
 <node id="6980320822" visible="true" version="2" changeset="77139518" timestamp="2019-11-15T17:09:01Z" user="Arun Balaji" uid="3427745" lat="30.3387177" lon="78.0522346"/>
 <node id="6980320823" visible="true" version="2" changeset="77139518" timestamp="2019-11-15T17:09:01Z" user="Arun Balaji" uid="3427745" lat="30.3387882" lon="78.0521896"/>
 <node id="6980320824" visible="true" version="2" changeset="77139518" timestamp="2019-11-15T17:09:01Z" user="Arun Balaji" uid="3427745" lat="30.3388666" lon="78.0521266"/>
 <node id="6980320825" visible="true" version="2" changeset="77139518" timestamp="2019-11-15T17:09:01Z" user="Arun Balaji" uid="3427745" lat="30.3389528" lon="78.0520817"/>
 <node id="6980320826" visible="true" version="2" changeset="77139518" timestamp="2019-11-15T17:09:01Z" user="Arun Balaji" uid="3427745" lat="30.3390233" lon="78.0520277"/>
 <node id="6980320827" visible="true" version="2" changeset="77139518" timestamp="2019-11-15T17:09:01Z" user="Arun Balaji" uid="3427745" lat="30.3391095" lon="78.0519827"/>
 <node id="6980320828" visible="true" version="2" changeset="77139518" timestamp="2019-11-15T17:09:01Z" user="Arun Balaji" uid="3427745" lat="30.3391565" lon="78.0519377"/>
 <node id="6980320829" visible="true" version="2" changeset="77139518" timestamp="2019-11-15T17:09:01Z" user="Arun Balaji" uid="3427745" lat="30.3392975" lon="78.0518748"/>
 <node id="6980320830" visible="true" version="2" changeset="77139518" timestamp="2019-11-15T17:09:01Z" user="Arun Balaji" uid="3427745" lat="30.3393915" lon="78.0518208"/>
 <node id="6980320831" visible="true" version="2" changeset="77139518" timestamp="2019-11-15T17:09:01Z" user="Arun Balaji" uid="3427745" lat="30.3395483" lon="78.0517038"/>
 <node id="6980320832" visible="true" version="2" changeset="77139518" timestamp="2019-11-15T17:09:01Z" user="Arun Balaji" uid="3427745" lat="30.3396501" lon="78.0516498"/>
 <node id="6980320833" visible="true" version="2" changeset="77139518" timestamp="2019-11-15T17:09:01Z" user="Arun Balaji" uid="3427745" lat="30.3397442" lon="78.0515869"/>
 <node id="6980320834" visible="true" version="2" changeset="77139518" timestamp="2019-11-15T17:09:01Z" user="Arun Balaji" uid="3427745" lat="30.3398382" lon="78.0515058"/>
 <node id="6980320835" visible="true" version="2" changeset="77139518" timestamp="2019-11-15T17:09:01Z" user="Arun Balaji" uid="3427745" lat="30.3399244" lon="78.0514248"/>
 <node id="6980320836" visible="true" version="2" changeset="77139518" timestamp="2019-11-15T17:09:01Z" user="Arun Balaji" uid="3427745" lat="30.3400239" lon="78.0513105"/>
 <node id="6980320837" visible="true" version="2" changeset="77139518" timestamp="2019-11-15T17:09:01Z" user="Arun Balaji" uid="3427745" lat="30.3399784" lon="78.0511329"/>
 <node id="6980320838" visible="true" version="2" changeset="77139518" timestamp="2019-11-15T17:09:01Z" user="Arun Balaji" uid="3427745" lat="30.3399101" lon="78.0508207"/>
 <node id="6980320839" visible="true" version="2" changeset="77139518" timestamp="2019-11-15T17:09:01Z" user="Arun Balaji" uid="3427745" lat="30.3397904" lon="78.0503796"/>
 <node id="6980320840" visible="true" version="2" changeset="77139518" timestamp="2019-11-15T17:09:01Z" user="Arun Balaji" uid="3427745" lat="30.3395510" lon="78.0496064"/>
 <node id="6980320841" visible="true" version="2" changeset="77139518" timestamp="2019-11-15T17:09:01Z" user="Arun Balaji" uid="3427745" lat="30.3391277" lon="78.0481938"/>
 <node id="6980320842" visible="true" version="2" changeset="77139518" timestamp="2019-11-15T17:09:01Z" user="Arun Balaji" uid="3427745" lat="30.3390038" lon="78.0477279"/>
 <node id="6980320843" visible="true" version="2" changeset="77139518" timestamp="2019-11-15T17:09:01Z" user="Arun Balaji" uid="3427745" lat="30.3388456" lon="78.0472471"/>
 <node id="6980320844" visible="true" version="2" changeset="77139518" timestamp="2019-11-15T17:09:01Z" user="Arun Balaji" uid="3427745" lat="30.3386958" lon="78.0468109"/>
 <node id="6980320845" visible="true" version="2" changeset="77139518" timestamp="2019-11-15T17:09:01Z" user="Arun Balaji" uid="3427745" lat="30.3383581" lon="78.0456957"/>
 <node id="6980320846" visible="true" version="2" changeset="77139518" timestamp="2019-11-15T17:09:01Z" user="Arun Balaji" uid="3427745" lat="30.3382640" lon="78.0453587"/>
 <node id="6980320847" visible="true" version="2" changeset="77139518" timestamp="2019-11-15T17:09:01Z" user="Arun Balaji" uid="3427745" lat="30.3378705" lon="78.0441839"/>
 <node id="6980320848" visible="true" version="2" changeset="77139518" timestamp="2019-11-15T17:09:01Z" user="Arun Balaji" uid="3427745" lat="30.3377336" lon="78.0437280"/>
 <node id="6980320849" visible="true" version="2" changeset="77139518" timestamp="2019-11-15T17:09:01Z" user="Arun Balaji" uid="3427745" lat="30.3375796" lon="78.0432571"/>
 <node id="6980320850" visible="true" version="2" changeset="77139518" timestamp="2019-11-15T17:09:01Z" user="Arun Balaji" uid="3427745" lat="30.3374642" lon="78.0428754"/>
 <node id="6980320851" visible="true" version="2" changeset="77139518" timestamp="2019-11-15T17:09:01Z" user="Arun Balaji" uid="3427745" lat="30.3373529" lon="78.0425731"/>
 <node id="6980320852" visible="true" version="2" changeset="77139518" timestamp="2019-11-15T17:09:01Z" user="Arun Balaji" uid="3427745" lat="30.3372459" lon="78.0422558"/>
 <node id="6980320853" visible="true" version="2" changeset="77139518" timestamp="2019-11-15T17:09:01Z" user="Arun Balaji" uid="3427745" lat="30.3371904" lon="78.0420675"/>
 <node id="6980320854" visible="true" version="2" changeset="77139518" timestamp="2019-11-15T17:09:01Z" user="Arun Balaji" uid="3427745" lat="30.3371562" lon="78.0419287"/>
 <node id="6980320855" visible="true" version="2" changeset="77139518" timestamp="2019-11-15T17:09:01Z" user="Arun Balaji" uid="3427745" lat="30.3372210" lon="78.0416713"/>
 <node id="6980320856" visible="true" version="2" changeset="77139518" timestamp="2019-11-15T17:09:01Z" user="Arun Balaji" uid="3427745" lat="30.3372641" lon="78.0415475"/>
 <node id="6980320857" visible="true" version="2" changeset="77139518" timestamp="2019-11-15T17:09:01Z" user="Arun Balaji" uid="3427745" lat="30.3373096" lon="78.0414344"/>
 <node id="6980320858" visible="true" version="2" changeset="77139518" timestamp="2019-11-15T17:09:01Z" user="Arun Balaji" uid="3427745" lat="30.3373008" lon="78.0414286"/>
 <node id="6980320859" visible="true" version="2" changeset="77139518" timestamp="2019-11-15T17:09:01Z" user="Arun Balaji" uid="3427745" lat="30.3372711" lon="78.0413597"/>
 <node id="6980320860" visible="true" version="2" changeset="77139518" timestamp="2019-11-15T17:09:01Z" user="Arun Balaji" uid="3427745" lat="30.3372563" lon="78.0412392"/>
 <node id="6980320861" visible="true" version="2" changeset="77139518" timestamp="2019-11-15T17:09:01Z" user="Arun Balaji" uid="3427745" lat="30.3372265" lon="78.0411961"/>
 <node id="6980320862" visible="true" version="2" changeset="77139518" timestamp="2019-11-15T17:09:01Z" user="Arun Balaji" uid="3427745" lat="30.3371519" lon="78.0411787"/>
 <node id="6980320863" visible="true" version="2" changeset="77139518" timestamp="2019-11-15T17:09:01Z" user="Arun Balaji" uid="3427745" lat="30.3370773" lon="78.0411958"/>
 <node id="6980320864" visible="true" version="2" changeset="77139518" timestamp="2019-11-15T17:09:01Z" user="Arun Balaji" uid="3427745" lat="30.3369130" lon="78.0412213"/>
 <node id="6980320865" visible="true" version="2" changeset="77139518" timestamp="2019-11-15T17:09:01Z" user="Arun Balaji" uid="3427745" lat="30.3368384" lon="78.0412384"/>
 <node id="6980320866" visible="true" version="2" changeset="77139518" timestamp="2019-11-15T17:09:01Z" user="Arun Balaji" uid="3427745" lat="30.3367563" lon="78.0412296"/>
 <node id="6980320867" visible="true" version="2" changeset="77139518" timestamp="2019-11-15T17:09:01Z" user="Arun Balaji" uid="3427745" lat="30.3366892" lon="78.0412123"/>
 <node id="6980320868" visible="true" version="2" changeset="77139518" timestamp="2019-11-15T17:09:01Z" user="Arun Balaji" uid="3427745" lat="30.3365922" lon="78.0411777"/>
 <node id="6980320869" visible="true" version="2" changeset="77139518" timestamp="2019-11-15T17:09:01Z" user="Arun Balaji" uid="3427745" lat="30.3365027" lon="78.0411517"/>
 <node id="6980320870" visible="true" version="2" changeset="77139518" timestamp="2019-11-15T17:09:01Z" user="Arun Balaji" uid="3427745" lat="30.3364206" lon="78.0411171"/>
 <node id="6980320871" visible="true" version="2" changeset="77139518" timestamp="2019-11-15T17:09:01Z" user="Arun Balaji" uid="3427745" lat="30.3363386" lon="78.0410912"/>
 <node id="6980320872" visible="true" version="2" changeset="77139518" timestamp="2019-11-15T17:09:01Z" user="Arun Balaji" uid="3427745" lat="30.3362191" lon="78.0411081"/>
 <node id="6980320873" visible="true" version="2" changeset="77139518" timestamp="2019-11-15T17:09:01Z" user="Arun Balaji" uid="3427745" lat="30.3360922" lon="78.0411681"/>
 <node id="6980320874" visible="true" version="2" changeset="77139518" timestamp="2019-11-15T17:09:01Z" user="Arun Balaji" uid="3427745" lat="30.3359951" lon="78.0412282"/>
 <node id="6980320875" visible="true" version="2" changeset="77139518" timestamp="2019-11-15T17:09:01Z" user="Arun Balaji" uid="3427745" lat="30.3357634" lon="78.0414515"/>
 <node id="6980320876" visible="true" version="2" changeset="77139518" timestamp="2019-11-15T17:09:01Z" user="Arun Balaji" uid="3427745" lat="30.3356812" lon="78.0415201"/>
 <node id="6980320877" visible="true" version="2" changeset="77139518" timestamp="2019-11-15T17:09:01Z" user="Arun Balaji" uid="3427745" lat="30.3356065" lon="78.0415888"/>
 <node id="6980320878" visible="true" version="2" changeset="77139518" timestamp="2019-11-15T17:09:01Z" user="Arun Balaji" uid="3427745" lat="30.3355616" lon="78.0416404"/>
 <node id="6980320879" visible="true" version="2" changeset="77139518" timestamp="2019-11-15T17:09:01Z" user="Arun Balaji" uid="3427745" lat="30.3355317" lon="78.0417091"/>
 <node id="6980320880" visible="true" version="2" changeset="77139518" timestamp="2019-11-15T17:09:01Z" user="Arun Balaji" uid="3427745" lat="30.3355016" lon="78.0418984"/>
 <node id="6980320881" visible="true" version="2" changeset="77139518" timestamp="2019-11-15T17:09:01Z" user="Arun Balaji" uid="3427745" lat="30.3354790" lon="78.0420102"/>
 <node id="6980320882" visible="true" version="2" changeset="77139518" timestamp="2019-11-15T17:09:01Z" user="Arun Balaji" uid="3427745" lat="30.3354565" lon="78.0420876"/>
 <node id="6980320883" visible="true" version="2" changeset="77139518" timestamp="2019-11-15T17:09:01Z" user="Arun Balaji" uid="3427745" lat="30.3354116" lon="78.0421994"/>
 <node id="6980320884" visible="true" version="2" changeset="77139518" timestamp="2019-11-15T17:09:01Z" user="Arun Balaji" uid="3427745" lat="30.3353667" lon="78.0422595"/>
 <node id="6980320885" visible="true" version="2" changeset="77139518" timestamp="2019-11-15T17:09:01Z" user="Arun Balaji" uid="3427745" lat="30.3352994" lon="78.0423282"/>
 <node id="6980320886" visible="true" version="2" changeset="77139518" timestamp="2019-11-15T17:09:01Z" user="Arun Balaji" uid="3427745" lat="30.3352471" lon="78.0423711"/>
 <node id="6980320887" visible="true" version="2" changeset="77139518" timestamp="2019-11-15T17:09:01Z" user="Arun Balaji" uid="3427745" lat="30.3350605" lon="78.0424310"/>
 <node id="6980320888" visible="true" version="2" changeset="77139518" timestamp="2019-11-15T17:09:01Z" user="Arun Balaji" uid="3427745" lat="30.3349858" lon="78.0424395"/>
 <node id="6980320889" visible="true" version="2" changeset="77139518" timestamp="2019-11-15T17:09:01Z" user="Arun Balaji" uid="3427745" lat="30.3348740" lon="78.0423790"/>
 <node id="6980320890" visible="true" version="2" changeset="77139518" timestamp="2019-11-15T17:09:01Z" user="Arun Balaji" uid="3427745" lat="30.3346877" lon="78.0421808"/>
 <node id="6980320891" visible="true" version="2" changeset="77139518" timestamp="2019-11-15T17:09:01Z" user="Arun Balaji" uid="3427745" lat="30.3345908" lon="78.0420859"/>
 <node id="6980320892" visible="true" version="2" changeset="77139518" timestamp="2019-11-15T17:09:01Z" user="Arun Balaji" uid="3427745" lat="30.3345014" lon="78.0419911"/>
 <node id="6980320893" visible="true" version="2" changeset="77139518" timestamp="2019-11-15T17:09:01Z" user="Arun Balaji" uid="3427745" lat="30.3343374" lon="78.0418618"/>
 <node id="6980320894" visible="true" version="2" changeset="77139518" timestamp="2019-11-15T17:09:01Z" user="Arun Balaji" uid="3427745" lat="30.3342330" lon="78.0417583"/>
 <node id="6980320895" visible="true" version="2" changeset="77139518" timestamp="2019-11-15T17:09:01Z" user="Arun Balaji" uid="3427745" lat="30.3338976" lon="78.0414651"/>
 <node id="6980320896" visible="true" version="2" changeset="77139518" timestamp="2019-11-15T17:09:01Z" user="Arun Balaji" uid="3427745" lat="30.3337262" lon="78.0413013"/>
 <node id="6980320897" visible="true" version="2" changeset="77139518" timestamp="2019-11-15T17:09:01Z" user="Arun Balaji" uid="3427745" lat="30.3336367" lon="78.0412323"/>
 <node id="6980320898" visible="true" version="2" changeset="77139518" timestamp="2019-11-15T17:09:01Z" user="Arun Balaji" uid="3427745" lat="30.3336380" lon="78.0412242"/>
 <node id="6980320899" visible="true" version="2" changeset="77139518" timestamp="2019-11-15T17:09:01Z" user="Arun Balaji" uid="3427745" lat="30.3333598" lon="78.0409754"/>
 <node id="6980320900" visible="true" version="2" changeset="77139518" timestamp="2019-11-15T17:09:01Z" user="Arun Balaji" uid="3427745" lat="30.3333679" lon="78.0409637"/>
 <node id="6980320901" visible="true" version="2" changeset="77139518" timestamp="2019-11-15T17:09:01Z" user="Arun Balaji" uid="3427745" lat="30.3332844" lon="78.0409121"/>
 <node id="6980320902" visible="true" version="2" changeset="77139518" timestamp="2019-11-15T17:09:01Z" user="Arun Balaji" uid="3427745" lat="30.3329925" lon="78.0406539"/>
 <node id="6980320903" visible="true" version="2" changeset="77139518" timestamp="2019-11-15T17:09:01Z" user="Arun Balaji" uid="3427745" lat="30.3328265" lon="78.0405215"/>
 <node id="6980320904" visible="true" version="2" changeset="77139518" timestamp="2019-11-15T17:09:01Z" user="Arun Balaji" uid="3427745" lat="30.3326148" lon="78.0403229"/>
 <node id="6980320905" visible="true" version="2" changeset="77139518" timestamp="2019-11-15T17:09:01Z" user="Arun Balaji" uid="3427745" lat="30.3324602" lon="78.0401706"/>
 <node id="6980320906" visible="true" version="2" changeset="77139518" timestamp="2019-11-15T17:09:01Z" user="Arun Balaji" uid="3427745" lat="30.3322942" lon="78.0400381"/>
 <node id="6980320907" visible="true" version="2" changeset="77139518" timestamp="2019-11-15T17:09:01Z" user="Arun Balaji" uid="3427745" lat="30.3320882" lon="78.0398594"/>
 <node id="6980320908" visible="true" version="2" changeset="77139518" timestamp="2019-11-15T17:09:01Z" user="Arun Balaji" uid="3427745" lat="30.3316703" lon="78.0394688"/>
 <node id="6980320909" visible="true" version="2" changeset="77139518" timestamp="2019-11-15T17:09:01Z" user="Arun Balaji" uid="3427745" lat="30.3311151" lon="78.0389854"/>
 <node id="6980320910" visible="true" version="2" changeset="77139518" timestamp="2019-11-15T17:09:01Z" user="Arun Balaji" uid="3427745" lat="30.3310672" lon="78.0389300"/>
 <node id="6980320911" visible="true" version="2" changeset="77139518" timestamp="2019-11-15T17:09:01Z" user="Arun Balaji" uid="3427745" lat="30.3310565" lon="78.0389484"/>
 <node id="6980320912" visible="true" version="2" changeset="77139518" timestamp="2019-11-15T17:09:01Z" user="Arun Balaji" uid="3427745" lat="30.3309861" lon="78.0388894"/>
 <node id="6980320913" visible="true" version="2" changeset="77139518" timestamp="2019-11-15T17:09:01Z" user="Arun Balaji" uid="3427745" lat="30.3308842" lon="78.0388220"/>
 <node id="6980320914" visible="true" version="2" changeset="77139518" timestamp="2019-11-15T17:09:01Z" user="Arun Balaji" uid="3427745" lat="30.3307264" lon="78.0386872"/>
 <node id="6980320915" visible="true" version="2" changeset="77139518" timestamp="2019-11-15T17:09:01Z" user="Arun Balaji" uid="3427745" lat="30.3306730" lon="78.0386367"/>
 <node id="6980320916" visible="true" version="2" changeset="77139518" timestamp="2019-11-15T17:09:01Z" user="Arun Balaji" uid="3427745" lat="30.3305614" lon="78.0385048"/>
 <node id="6980320917" visible="true" version="2" changeset="77139518" timestamp="2019-11-15T17:09:01Z" user="Arun Balaji" uid="3427745" lat="30.3305323" lon="78.0384543"/>
 <node id="6980320918" visible="true" version="2" changeset="77139518" timestamp="2019-11-15T17:09:01Z" user="Arun Balaji" uid="3427745" lat="30.3305105" lon="78.0384067"/>
 <node id="6980320919" visible="true" version="2" changeset="77139518" timestamp="2019-11-15T17:09:01Z" user="Arun Balaji" uid="3427745" lat="30.3304936" lon="78.0383506"/>
 <node id="6980320920" visible="true" version="2" changeset="77139518" timestamp="2019-11-15T17:09:01Z" user="Arun Balaji" uid="3427745" lat="30.3304742" lon="78.0383114"/>
 <node id="6980320921" visible="true" version="2" changeset="77139518" timestamp="2019-11-15T17:09:01Z" user="Arun Balaji" uid="3427745" lat="30.3304378" lon="78.0382721"/>
 <node id="6980320922" visible="true" version="2" changeset="77139518" timestamp="2019-11-15T17:09:01Z" user="Arun Balaji" uid="3427745" lat="30.3304267" lon="78.0382693"/>
 <node id="6980320923" visible="true" version="2" changeset="77139518" timestamp="2019-11-15T17:09:01Z" user="Arun Balaji" uid="3427745" lat="30.3304227" lon="78.0382574"/>
 <node id="6980320924" visible="true" version="2" changeset="77139518" timestamp="2019-11-15T17:09:01Z" user="Arun Balaji" uid="3427745" lat="30.3303826" lon="78.0382177"/>
 <node id="6980320925" visible="true" version="2" changeset="77139518" timestamp="2019-11-15T17:09:01Z" user="Arun Balaji" uid="3427745" lat="30.3303426" lon="78.0381383"/>
 <node id="6980320926" visible="true" version="2" changeset="77139518" timestamp="2019-11-15T17:09:01Z" user="Arun Balaji" uid="3427745" lat="30.3302969" lon="78.0380655"/>
 <node id="6980320927" visible="true" version="2" changeset="77139518" timestamp="2019-11-15T17:09:01Z" user="Arun Balaji" uid="3427745" lat="30.3302626" lon="78.0379862"/>
 <node id="6980320928" visible="true" version="2" changeset="77139518" timestamp="2019-11-15T17:09:01Z" user="Arun Balaji" uid="3427745" lat="30.3302111" lon="78.0379200"/>
 <node id="6980320929" visible="true" version="2" changeset="77139518" timestamp="2019-11-15T17:09:01Z" user="Arun Balaji" uid="3427745" lat="30.3300911" lon="78.0376555"/>
 <node id="6980320930" visible="true" version="2" changeset="77139518" timestamp="2019-11-15T17:09:01Z" user="Arun Balaji" uid="3427745" lat="30.3300569" lon="78.0375431"/>
 <node id="6980320931" visible="true" version="2" changeset="77139518" timestamp="2019-11-15T17:09:01Z" user="Arun Balaji" uid="3427745" lat="30.3300226" lon="78.0374572"/>
 <node id="6980320932" visible="true" version="2" changeset="77139518" timestamp="2019-11-15T17:09:01Z" user="Arun Balaji" uid="3427745" lat="30.3300113" lon="78.0373713"/>
 <node id="6980320933" visible="true" version="2" changeset="77139518" timestamp="2019-11-15T17:09:01Z" user="Arun Balaji" uid="3427745" lat="30.3299713" lon="78.0373117"/>
 <node id="6980320934" visible="true" version="2" changeset="77139518" timestamp="2019-11-15T17:09:01Z" user="Arun Balaji" uid="3427745" lat="30.3299141" lon="78.0372456"/>
 <node id="6980320935" visible="true" version="2" changeset="77139518" timestamp="2019-11-15T17:09:01Z" user="Arun Balaji" uid="3427745" lat="30.3298569" lon="78.0371596"/>
 <node id="6980320936" visible="true" version="2" changeset="77139518" timestamp="2019-11-15T17:09:01Z" user="Arun Balaji" uid="3427745" lat="30.3296567" lon="78.0368883"/>
 <node id="6980320937" visible="true" version="2" changeset="77139518" timestamp="2019-11-15T17:09:01Z" user="Arun Balaji" uid="3427745" lat="30.3294964" lon="78.0367030"/>
 <node id="6980320938" visible="true" version="2" changeset="77139518" timestamp="2019-11-15T17:09:01Z" user="Arun Balaji" uid="3427745" lat="30.3293991" lon="78.0366170"/>
 <node id="6980320939" visible="true" version="2" changeset="77139518" timestamp="2019-11-15T17:09:01Z" user="Arun Balaji" uid="3427745" lat="30.3293190" lon="78.0365574"/>
 <node id="6980320940" visible="true" version="2" changeset="77139518" timestamp="2019-11-15T17:09:01Z" user="Arun Balaji" uid="3427745" lat="30.3292045" lon="78.0364977"/>
 <node id="6980320941" visible="true" version="2" changeset="77139518" timestamp="2019-11-15T17:09:01Z" user="Arun Balaji" uid="3427745" lat="30.3291208" lon="78.0364982"/>
 <node id="6980320942" visible="true" version="2" changeset="77139518" timestamp="2019-11-15T17:09:01Z" user="Arun Balaji" uid="3427745" lat="30.3291478" lon="78.0370982"/>
 <node id="6980320943" visible="true" version="2" changeset="77139518" timestamp="2019-11-15T17:09:01Z" user="Arun Balaji" uid="3427745" lat="30.3291665" lon="78.0372022"/>
 <node id="6980320944" visible="true" version="2" changeset="77139518" timestamp="2019-11-15T17:09:01Z" user="Arun Balaji" uid="3427745" lat="30.3291739" lon="78.0372975"/>
 <node id="6980320945" visible="true" version="2" changeset="77139518" timestamp="2019-11-15T17:09:01Z" user="Arun Balaji" uid="3427745" lat="30.3292338" lon="78.0374060"/>
 <node id="6980320946" visible="true" version="2" changeset="77139518" timestamp="2019-11-15T17:09:01Z" user="Arun Balaji" uid="3427745" lat="30.3292788" lon="78.0374970"/>
 <node id="6980320947" visible="true" version="2" changeset="77139518" timestamp="2019-11-15T17:09:01Z" user="Arun Balaji" uid="3427745" lat="30.3293388" lon="78.0375924"/>
 <node id="6980320948" visible="true" version="2" changeset="77139518" timestamp="2019-11-15T17:09:01Z" user="Arun Balaji" uid="3427745" lat="30.3293650" lon="78.0376575"/>
 <node id="6980320949" visible="true" version="2" changeset="77139518" timestamp="2019-11-15T17:09:01Z" user="Arun Balaji" uid="3427745" lat="30.3293950" lon="78.0376878"/>
 <node id="6980320950" visible="true" version="2" changeset="77139518" timestamp="2019-11-15T17:09:01Z" user="Arun Balaji" uid="3427745" lat="30.3294099" lon="78.0377788"/>
 <node id="6980320951" visible="true" version="2" changeset="77139518" timestamp="2019-11-15T17:09:01Z" user="Arun Balaji" uid="3427745" lat="30.3294098" lon="78.0378351"/>
 <node id="6980320952" visible="true" version="2" changeset="77139518" timestamp="2019-11-15T17:09:01Z" user="Arun Balaji" uid="3427745" lat="30.3293496" lon="78.0379260"/>
 <node id="6980320953" visible="true" version="2" changeset="77139518" timestamp="2019-11-15T17:09:01Z" user="Arun Balaji" uid="3427745" lat="30.3293120" lon="78.0379519"/>
 <node id="6980320954" visible="true" version="2" changeset="77139518" timestamp="2019-11-15T17:09:01Z" user="Arun Balaji" uid="3427745" lat="30.3292819" lon="78.0379909"/>
 <node id="6980320955" visible="true" version="2" changeset="77139518" timestamp="2019-11-15T17:09:01Z" user="Arun Balaji" uid="3427745" lat="30.3292630" lon="78.0380385"/>
 <node id="6980320956" visible="true" version="2" changeset="77139518" timestamp="2019-11-15T17:09:01Z" user="Arun Balaji" uid="3427745" lat="30.3292667" lon="78.0381121"/>
 <node id="6980320957" visible="true" version="2" changeset="77139518" timestamp="2019-11-15T17:09:01Z" user="Arun Balaji" uid="3427745" lat="30.3293041" lon="78.0382378"/>
 <node id="6980320958" visible="true" version="2" changeset="77139518" timestamp="2019-11-15T17:09:01Z" user="Arun Balaji" uid="3427745" lat="30.3293828" lon="78.0383419"/>
 <node id="6980320959" visible="true" version="2" changeset="77139518" timestamp="2019-11-15T17:09:01Z" user="Arun Balaji" uid="3427745" lat="30.3294129" lon="78.0384020"/>
 <node id="6980320960" visible="true" version="2" changeset="77139518" timestamp="2019-11-15T17:09:01Z" user="Arun Balaji" uid="3427745" lat="30.3294417" lon="78.0384734"/>
 <node id="6980320961" visible="true" version="2" changeset="77139518" timestamp="2019-11-15T17:09:01Z" user="Arun Balaji" uid="3427745" lat="30.3294787" lon="78.0385257"/>
 <node id="6980320962" visible="true" version="2" changeset="77139518" timestamp="2019-11-15T17:09:01Z" user="Arun Balaji" uid="3427745" lat="30.3295075" lon="78.0385780"/>
 <node id="6980320963" visible="true" version="2" changeset="77139518" timestamp="2019-11-15T17:09:01Z" user="Arun Balaji" uid="3427745" lat="30.3295691" lon="78.0387160"/>
 <node id="6980320964" visible="true" version="2" changeset="77139518" timestamp="2019-11-15T17:09:01Z" user="Arun Balaji" uid="3427745" lat="30.3296308" lon="78.0387826"/>
 <node id="6980320965" visible="true" version="2" changeset="77139518" timestamp="2019-11-15T17:09:01Z" user="Arun Balaji" uid="3427745" lat="30.3296555" lon="78.0388254"/>
 <node id="6980320966" visible="true" version="2" changeset="77139518" timestamp="2019-11-15T17:09:01Z" user="Arun Balaji" uid="3427745" lat="30.3296760" lon="78.0389063"/>
 <node id="6980320967" visible="true" version="2" changeset="77139518" timestamp="2019-11-15T17:09:01Z" user="Arun Balaji" uid="3427745" lat="30.3296842" lon="78.0389871"/>
 <node id="6980320968" visible="true" version="2" changeset="77139518" timestamp="2019-11-15T17:09:01Z" user="Arun Balaji" uid="3427745" lat="30.3296841" lon="78.0390584"/>
 <node id="6980320969" visible="true" version="2" changeset="77139518" timestamp="2019-11-15T17:09:01Z" user="Arun Balaji" uid="3427745" lat="30.3296675" lon="78.0391201"/>
 <node id="6980320970" visible="true" version="2" changeset="77139518" timestamp="2019-11-15T17:09:01Z" user="Arun Balaji" uid="3427745" lat="30.3296629" lon="78.0394195"/>
 <node id="6980320971" visible="true" version="2" changeset="77139518" timestamp="2019-11-15T17:09:01Z" user="Arun Balaji" uid="3427745" lat="30.3296670" lon="78.0394908"/>
 <node id="6980320972" visible="true" version="2" changeset="77139518" timestamp="2019-11-15T17:09:01Z" user="Arun Balaji" uid="3427745" lat="30.3296915" lon="78.0396002"/>
 <node id="6980320973" visible="true" version="2" changeset="77139518" timestamp="2019-11-15T17:09:01Z" user="Arun Balaji" uid="3427745" lat="30.3297285" lon="78.0397095"/>
 <node id="6980320974" visible="true" version="2" changeset="77139518" timestamp="2019-11-15T17:09:01Z" user="Arun Balaji" uid="3427745" lat="30.3297943" lon="78.0398285"/>
 <node id="6980320975" visible="true" version="2" changeset="77139518" timestamp="2019-11-15T17:09:01Z" user="Arun Balaji" uid="3427745" lat="30.3298642" lon="78.0399379"/>
 <node id="6980320976" visible="true" version="2" changeset="77139518" timestamp="2019-11-15T17:09:01Z" user="Arun Balaji" uid="3427745" lat="30.3299177" lon="78.0400140"/>
 <node id="6980320977" visible="true" version="2" changeset="77139518" timestamp="2019-11-15T17:09:01Z" user="Arun Balaji" uid="3427745" lat="30.3300042" lon="78.0400285"/>
 <node id="6980320978" visible="true" version="2" changeset="77139518" timestamp="2019-11-15T17:09:01Z" user="Arun Balaji" uid="3427745" lat="30.3300536" lon="78.0400713"/>
 <node id="6980320979" visible="true" version="2" changeset="77139518" timestamp="2019-11-15T17:09:01Z" user="Arun Balaji" uid="3427745" lat="30.3301236" lon="78.0401808"/>
 <node id="6980320980" visible="true" version="2" changeset="77139518" timestamp="2019-11-15T17:09:01Z" user="Arun Balaji" uid="3427745" lat="30.3301893" lon="78.0403092"/>
 <node id="6980320981" visible="true" version="2" changeset="77139518" timestamp="2019-11-15T17:09:01Z" user="Arun Balaji" uid="3427745" lat="30.3303540" lon="78.0404901"/>
 <node id="6980320982" visible="true" version="2" changeset="77139518" timestamp="2019-11-15T17:09:01Z" user="Arun Balaji" uid="3427745" lat="30.3304939" lon="78.0406662"/>
 <node id="6980320983" visible="true" version="2" changeset="77139518" timestamp="2019-11-15T17:09:01Z" user="Arun Balaji" uid="3427745" lat="30.3306626" lon="78.0408899"/>
 <node id="6980320984" visible="true" version="2" changeset="77139518" timestamp="2019-11-15T17:09:01Z" user="Arun Balaji" uid="3427745" lat="30.3307573" lon="78.0409946"/>
 <node id="6980320985" visible="true" version="2" changeset="77139518" timestamp="2019-11-15T17:09:01Z" user="Arun Balaji" uid="3427745" lat="30.3308231" lon="78.0410756"/>
 <node id="6980320986" visible="true" version="2" changeset="77139518" timestamp="2019-11-15T17:09:01Z" user="Arun Balaji" uid="3427745" lat="30.3308766" lon="78.0411517"/>
 <node id="6980320987" visible="true" version="2" changeset="77139518" timestamp="2019-11-15T17:09:01Z" user="Arun Balaji" uid="3427745" lat="30.3310701" lon="78.0414896"/>
 <node id="6980320988" visible="true" version="2" changeset="77139518" timestamp="2019-11-15T17:09:01Z" user="Arun Balaji" uid="3427745" lat="30.3311473" lon="78.0415863"/>
 <node id="6980320989" visible="true" version="2" changeset="77139518" timestamp="2019-11-15T17:09:01Z" user="Arun Balaji" uid="3427745" lat="30.3311986" lon="78.0417349"/>
 <node id="6980320990" visible="true" version="2" changeset="77139518" timestamp="2019-11-15T17:09:01Z" user="Arun Balaji" uid="3427745" lat="30.3312436" lon="78.0417944"/>
 <node id="6980320991" visible="true" version="2" changeset="77139518" timestamp="2019-11-15T17:09:01Z" user="Arun Balaji" uid="3427745" lat="30.3313014" lon="78.0419282"/>
 <node id="6980320992" visible="true" version="2" changeset="77139518" timestamp="2019-11-15T17:09:01Z" user="Arun Balaji" uid="3427745" lat="30.3312931" lon="78.0419314"/>
 <node id="6980320993" visible="true" version="2" changeset="77139518" timestamp="2019-11-15T17:09:01Z" user="Arun Balaji" uid="3427745" lat="30.3312980" lon="78.0419333"/>
 <node id="6980320994" visible="true" version="2" changeset="77139518" timestamp="2019-11-15T17:09:01Z" user="Arun Balaji" uid="3427745" lat="30.3314444" lon="78.0421195"/>
 <node id="6980320995" visible="true" version="2" changeset="77139518" timestamp="2019-11-15T17:09:01Z" user="Arun Balaji" uid="3427745" lat="30.3315258" lon="78.0421822"/>
 <node id="6980320996" visible="true" version="2" changeset="77139518" timestamp="2019-11-15T17:09:01Z" user="Arun Balaji" uid="3427745" lat="30.3316397" lon="78.0422325"/>
 <node id="6980320997" visible="true" version="2" changeset="77139518" timestamp="2019-11-15T17:09:01Z" user="Arun Balaji" uid="3427745" lat="30.3317790" lon="78.0422653"/>
 <node id="6980320998" visible="true" version="2" changeset="77139518" timestamp="2019-11-15T17:09:01Z" user="Arun Balaji" uid="3427745" lat="30.3319112" lon="78.0422894"/>
 <node id="6980320999" visible="true" version="2" changeset="77139518" timestamp="2019-11-15T17:09:01Z" user="Arun Balaji" uid="3427745" lat="30.3321610" lon="78.0422899"/>
 <node id="6980321000" visible="true" version="2" changeset="77139518" timestamp="2019-11-15T17:09:01Z" user="Arun Balaji" uid="3427745" lat="30.3323077" lon="78.0423027"/>
 <node id="6980321001" visible="true" version="2" changeset="77139518" timestamp="2019-11-15T17:09:01Z" user="Arun Balaji" uid="3427745" lat="30.3328292" lon="78.0422348"/>
 <node id="6980321002" visible="true" version="2" changeset="77139518" timestamp="2019-11-15T17:09:01Z" user="Arun Balaji" uid="3427745" lat="30.3329813" lon="78.0422038"/>
 <node id="6980321003" visible="true" version="2" changeset="77139518" timestamp="2019-11-15T17:09:01Z" user="Arun Balaji" uid="3427745" lat="30.3330790" lon="78.0421977"/>
 <node id="6980321004" visible="true" version="2" changeset="77139518" timestamp="2019-11-15T17:09:01Z" user="Arun Balaji" uid="3427745" lat="30.3332637" lon="78.0422168"/>
 <node id="6980321005" visible="true" version="2" changeset="77139518" timestamp="2019-11-15T17:09:01Z" user="Arun Balaji" uid="3427745" lat="30.3333451" lon="78.0422483"/>
 <node id="6980321006" visible="true" version="2" changeset="77139518" timestamp="2019-11-15T17:09:01Z" user="Arun Balaji" uid="3427745" lat="30.3334156" lon="78.0422860"/>
 <node id="6980321007" visible="true" version="2" changeset="77139518" timestamp="2019-11-15T17:09:01Z" user="Arun Balaji" uid="3427745" lat="30.3334590" lon="78.0423299"/>
 <node id="6980321008" visible="true" version="2" changeset="77139518" timestamp="2019-11-15T17:09:01Z" user="Arun Balaji" uid="3427745" lat="30.3334644" lon="78.0423945"/>
 <node id="6980321009" visible="true" version="2" changeset="77139518" timestamp="2019-11-15T17:09:01Z" user="Arun Balaji" uid="3427745" lat="30.3334316" lon="78.0425134"/>
 <node id="6980321010" visible="true" version="2" changeset="77139518" timestamp="2019-11-15T17:09:01Z" user="Arun Balaji" uid="3427745" lat="30.3333986" lon="78.0427826"/>
 <node id="6980321011" visible="true" version="2" changeset="77139518" timestamp="2019-11-15T17:09:01Z" user="Arun Balaji" uid="3427745" lat="30.3334039" lon="78.0428765"/>
 <node id="6980321012" visible="true" version="2" changeset="77139518" timestamp="2019-11-15T17:09:01Z" user="Arun Balaji" uid="3427745" lat="30.3334148" lon="78.0429141"/>
 <node id="6980321013" visible="true" version="2" changeset="77139518" timestamp="2019-11-15T17:09:01Z" user="Arun Balaji" uid="3427745" lat="30.3334364" lon="78.0429580"/>
 <node id="6980321014" visible="true" version="2" changeset="77139518" timestamp="2019-11-15T17:09:01Z" user="Arun Balaji" uid="3427745" lat="30.3335612" lon="78.0430334"/>
 <node id="6980321015" visible="true" version="2" changeset="77139518" timestamp="2019-11-15T17:09:01Z" user="Arun Balaji" uid="3427745" lat="30.3335937" lon="78.0430878"/>
 <node id="6980321016" visible="true" version="2" changeset="77139518" timestamp="2019-11-15T17:09:01Z" user="Arun Balaji" uid="3427745" lat="30.3336534" lon="78.0431255"/>
 <node id="6980321017" visible="true" version="2" changeset="77139518" timestamp="2019-11-15T17:09:01Z" user="Arun Balaji" uid="3427745" lat="30.3336588" lon="78.0431776"/>
 <node id="6980321018" visible="true" version="2" changeset="77139518" timestamp="2019-11-15T17:09:01Z" user="Arun Balaji" uid="3427745" lat="30.3336587" lon="78.0432527"/>
 <node id="6980321019" visible="true" version="2" changeset="77139518" timestamp="2019-11-15T17:09:01Z" user="Arun Balaji" uid="3427745" lat="30.3335879" lon="78.0433465"/>
 <node id="6980321020" visible="true" version="2" changeset="77139518" timestamp="2019-11-15T17:09:01Z" user="Arun Balaji" uid="3427745" lat="30.3334738" lon="78.0433964"/>
 <node id="6980321021" visible="true" version="2" changeset="77139518" timestamp="2019-11-15T17:09:01Z" user="Arun Balaji" uid="3427745" lat="30.3333923" lon="78.0434150"/>
 <node id="6980321022" visible="true" version="2" changeset="77139518" timestamp="2019-11-15T17:09:01Z" user="Arun Balaji" uid="3427745" lat="30.3332890" lon="78.0434837"/>
 <node id="6980321023" visible="true" version="2" changeset="77139518" timestamp="2019-11-15T17:09:01Z" user="Arun Balaji" uid="3427745" lat="30.3331367" lon="78.0436399"/>
 <node id="6980321024" visible="true" version="2" changeset="77139518" timestamp="2019-11-15T17:09:01Z" user="Arun Balaji" uid="3427745" lat="30.3330823" lon="78.0437150"/>
 <node id="6980321025" visible="true" version="2" changeset="77139518" timestamp="2019-11-15T17:09:01Z" user="Arun Balaji" uid="3427745" lat="30.3330714" lon="78.0437713"/>
 <node id="6980321026" visible="true" version="2" changeset="77139518" timestamp="2019-11-15T17:09:01Z" user="Arun Balaji" uid="3427745" lat="30.3330658" lon="78.0438840"/>
 <node id="6980321027" visible="true" version="2" changeset="77139518" timestamp="2019-11-15T17:09:01Z" user="Arun Balaji" uid="3427745" lat="30.3330982" lon="78.0439967"/>
 <node id="6980321028" visible="true" version="2" changeset="77139518" timestamp="2019-11-15T17:09:01Z" user="Arun Balaji" uid="3427745" lat="30.3331686" lon="78.0441158"/>
 <node id="6980321029" visible="true" version="2" changeset="77139518" timestamp="2019-11-15T17:09:01Z" user="Arun Balaji" uid="3427745" lat="30.3332554" lon="78.0442099"/>
 <node id="6980321030" visible="true" version="2" changeset="77139518" timestamp="2019-11-15T17:09:01Z" user="Arun Balaji" uid="3427745" lat="30.3334234" lon="78.0444169"/>
 <node id="6980321031" visible="true" version="2" changeset="77139518" timestamp="2019-11-15T17:09:01Z" user="Arun Balaji" uid="3427745" lat="30.3335211" lon="78.0444985"/>
 <node id="6980321032" visible="true" version="2" changeset="77139518" timestamp="2019-11-15T17:09:01Z" user="Arun Balaji" uid="3427745" lat="30.3336459" lon="78.0445676"/>
 <node id="6980321033" visible="true" version="2" changeset="77139518" timestamp="2019-11-15T17:09:01Z" user="Arun Balaji" uid="3427745" lat="30.3337599" lon="78.0446242"/>
 <node id="6980321034" visible="true" version="2" changeset="77139518" timestamp="2019-11-15T17:09:01Z" user="Arun Balaji" uid="3427745" lat="30.3338521" lon="78.0446995"/>
 <node id="6980321035" visible="true" version="2" changeset="77139518" timestamp="2019-11-15T17:09:01Z" user="Arun Balaji" uid="3427745" lat="30.3341669" lon="78.0448691"/>
 <node id="6980321036" visible="true" version="2" changeset="77139518" timestamp="2019-11-15T17:09:01Z" user="Arun Balaji" uid="3427745" lat="30.3342373" lon="78.0449444"/>
 <node id="6980321037" visible="true" version="2" changeset="77139518" timestamp="2019-11-15T17:09:01Z" user="Arun Balaji" uid="3427745" lat="30.3342969" lon="78.0450510"/>
 <node id="6980321038" visible="true" version="2" changeset="77139518" timestamp="2019-11-15T17:09:01Z" user="Arun Balaji" uid="3427745" lat="30.3343185" lon="78.0451324"/>
 <node id="6980321039" visible="true" version="2" changeset="77139518" timestamp="2019-11-15T17:09:01Z" user="Arun Balaji" uid="3427745" lat="30.3343510" lon="78.0452327"/>
 <node id="6980321040" visible="true" version="2" changeset="77139518" timestamp="2019-11-15T17:09:01Z" user="Arun Balaji" uid="3427745" lat="30.3343834" lon="78.0453579"/>
 <node id="6980321041" visible="true" version="2" changeset="77139518" timestamp="2019-11-15T17:09:01Z" user="Arun Balaji" uid="3427745" lat="30.3344104" lon="78.0454832"/>
 <node id="6980321042" visible="true" version="2" changeset="77139518" timestamp="2019-11-15T17:09:01Z" user="Arun Balaji" uid="3427745" lat="30.3344645" lon="78.0456211"/>
 <node id="6980321043" visible="true" version="2" changeset="77139518" timestamp="2019-11-15T17:09:01Z" user="Arun Balaji" uid="3427745" lat="30.3344807" lon="78.0456837"/>
 <node id="6980321044" visible="true" version="2" changeset="77139518" timestamp="2019-11-15T17:09:01Z" user="Arun Balaji" uid="3427745" lat="30.3345294" lon="78.0457777"/>
 <node id="6980321045" visible="true" version="2" changeset="77139518" timestamp="2019-11-15T17:09:01Z" user="Arun Balaji" uid="3427745" lat="30.3345456" lon="78.0458529"/>
 <node id="6980321046" visible="true" version="2" changeset="77139518" timestamp="2019-11-15T17:09:01Z" user="Arun Balaji" uid="3427745" lat="30.3346192" lon="78.0460309"/>
 <node id="6980321047" visible="true" version="2" changeset="77139518" timestamp="2019-11-15T17:09:01Z" user="Arun Balaji" uid="3427745" lat="30.3346370" lon="78.0461135"/>
 <node id="6980321048" visible="true" version="2" changeset="77139518" timestamp="2019-11-15T17:09:01Z" user="Arun Balaji" uid="3427745" lat="30.3346584" lon="78.0461755"/>
 <node id="6980321049" visible="true" version="2" changeset="77139518" timestamp="2019-11-15T17:09:01Z" user="Arun Balaji" uid="3427745" lat="30.3346690" lon="78.0462457"/>
 <node id="6980321050" visible="true" version="2" changeset="77139518" timestamp="2019-11-15T17:09:01Z" user="Arun Balaji" uid="3427745" lat="30.3346868" lon="78.0462995"/>
 <node id="6980321051" visible="true" version="2" changeset="77139518" timestamp="2019-11-15T17:09:01Z" user="Arun Balaji" uid="3427745" lat="30.3347011" lon="78.0463821"/>
 <node id="6980321052" visible="true" version="2" changeset="77139518" timestamp="2019-11-15T17:09:01Z" user="Arun Balaji" uid="3427745" lat="30.3346972" lon="78.0465845"/>
 <node id="6980321053" visible="true" version="2" changeset="77139518" timestamp="2019-11-15T17:09:01Z" user="Arun Balaji" uid="3427745" lat="30.3346466" lon="78.0468570"/>
 <node id="6980321054" visible="true" version="2" changeset="77139518" timestamp="2019-11-15T17:09:01Z" user="Arun Balaji" uid="3427745" lat="30.3346250" lon="78.0469437"/>
 <node id="6980321055" visible="true" version="2" changeset="77139518" timestamp="2019-11-15T17:09:01Z" user="Arun Balaji" uid="3427745" lat="30.3346249" lon="78.0470222"/>
 <node id="6980321056" visible="true" version="2" changeset="77139518" timestamp="2019-11-15T17:09:01Z" user="Arun Balaji" uid="3427745" lat="30.3346462" lon="78.0471090"/>
 <node id="6980321057" visible="true" version="2" changeset="77139518" timestamp="2019-11-15T17:09:01Z" user="Arun Balaji" uid="3427745" lat="30.3346819" lon="78.0472206"/>
 <node id="6980321058" visible="true" version="2" changeset="77139518" timestamp="2019-11-15T17:09:01Z" user="Arun Balaji" uid="3427745" lat="30.3347248" lon="78.0473115"/>
 <node id="6980321059" visible="true" version="2" changeset="77139518" timestamp="2019-11-15T17:09:01Z" user="Arun Balaji" uid="3427745" lat="30.3347927" lon="78.0474314"/>
 <node id="6980321060" visible="true" version="2" changeset="77139518" timestamp="2019-11-15T17:09:01Z" user="Arun Balaji" uid="3427745" lat="30.3349428" lon="78.0476672"/>
 <node id="6980321061" visible="true" version="2" changeset="77139518" timestamp="2019-11-15T17:09:01Z" user="Arun Balaji" uid="3427745" lat="30.3349821" lon="78.0477623"/>
 <node id="6980321062" visible="true" version="2" changeset="77139518" timestamp="2019-11-15T17:09:01Z" user="Arun Balaji" uid="3427745" lat="30.3350070" lon="78.0478904"/>
 <node id="6980321063" visible="true" version="2" changeset="77139518" timestamp="2019-11-15T17:09:01Z" user="Arun Balaji" uid="3427745" lat="30.3350463" lon="78.0479648"/>
 <node id="6980321064" visible="true" version="2" changeset="77139518" timestamp="2019-11-15T17:09:01Z" user="Arun Balaji" uid="3427745" lat="30.3350783" lon="78.0480970"/>
 <node id="6980321065" visible="true" version="2" changeset="77139518" timestamp="2019-11-15T17:09:01Z" user="Arun Balaji" uid="3427745" lat="30.3351032" lon="78.0482375"/>
 <node id="6980321066" visible="true" version="2" changeset="77139518" timestamp="2019-11-15T17:09:01Z" user="Arun Balaji" uid="3427745" lat="30.3351156" lon="78.0485005"/>
 <node id="6980321067" visible="true" version="2" changeset="77139518" timestamp="2019-11-15T17:09:01Z" user="Arun Balaji" uid="3427745" lat="30.3351363" lon="78.0487184"/>
 <node id="6980321068" visible="true" version="2" changeset="77139518" timestamp="2019-11-15T17:09:01Z" user="Arun Balaji" uid="3427745" lat="30.3351357" lon="78.0490895"/>
 <node id="6980321069" visible="true" version="2" changeset="77139518" timestamp="2019-11-15T17:09:01Z" user="Arun Balaji" uid="3427745" lat="30.3353100" lon="78.0495255"/>
 <node id="6980321070" visible="true" version="2" changeset="77139518" timestamp="2019-11-15T17:09:01Z" user="Arun Balaji" uid="3427745" lat="30.3353589" lon="78.0496143"/>
 <node id="6980321071" visible="true" version="2" changeset="77139518" timestamp="2019-11-15T17:09:01Z" user="Arun Balaji" uid="3427745" lat="30.3353937" lon="78.0497112"/>
 <node id="6980321072" visible="true" version="2" changeset="77139518" timestamp="2019-11-15T17:09:01Z" user="Arun Balaji" uid="3427745" lat="30.3354425" lon="78.0498161"/>
 <node id="6980321073" visible="true" version="2" changeset="77139518" timestamp="2019-11-15T17:09:01Z" user="Arun Balaji" uid="3427745" lat="30.3354773" lon="78.0499695"/>
 <node id="6980321074" visible="true" version="2" changeset="77139518" timestamp="2019-11-15T17:09:01Z" user="Arun Balaji" uid="3427745" lat="30.3355682" lon="78.0500342"/>
 <node id="6980321075" visible="true" version="2" changeset="77139518" timestamp="2019-11-15T17:09:01Z" user="Arun Balaji" uid="3427745" lat="30.3356731" lon="78.0500425"/>
 <node id="6980321076" visible="true" version="2" changeset="77139518" timestamp="2019-11-15T17:09:01Z" user="Arun Balaji" uid="3427745" lat="30.3357570" lon="78.0500911"/>
 <node id="6980321077" visible="true" version="2" changeset="77139518" timestamp="2019-11-15T17:09:01Z" user="Arun Balaji" uid="3427745" lat="30.3358757" lon="78.0502849"/>
 <node id="6980321078" visible="true" version="2" changeset="77139518" timestamp="2019-11-15T17:09:01Z" user="Arun Balaji" uid="3427745" lat="30.3359245" lon="78.0504222"/>
 <node id="6980321079" visible="true" version="2" changeset="77139518" timestamp="2019-11-15T17:09:01Z" user="Arun Balaji" uid="3427745" lat="30.3358752" lon="78.0505915"/>
 <node id="6980321080" visible="true" version="2" changeset="77139518" timestamp="2019-11-15T17:09:01Z" user="Arun Balaji" uid="3427745" lat="30.3358261" lon="78.0506882"/>
 <node id="6980321081" visible="true" version="2" changeset="77139518" timestamp="2019-11-15T17:09:01Z" user="Arun Balaji" uid="3427745" lat="30.3358120" lon="78.0507850"/>
 <node id="6980321082" visible="true" version="2" changeset="77139518" timestamp="2019-11-15T17:09:01Z" user="Arun Balaji" uid="3427745" lat="30.3358328" lon="78.0509222"/>
 <node id="6980321083" visible="true" version="2" changeset="77139518" timestamp="2019-11-15T17:09:01Z" user="Arun Balaji" uid="3427745" lat="30.3358886" lon="78.0510352"/>
 <node id="6980321084" visible="true" version="2" changeset="77139518" timestamp="2019-11-15T17:09:01Z" user="Arun Balaji" uid="3427745" lat="30.3359794" lon="78.0511403"/>
 <node id="6980321085" visible="true" version="2" changeset="77139518" timestamp="2019-11-15T17:09:01Z" user="Arun Balaji" uid="3427745" lat="30.3360702" lon="78.0512373"/>
 <node id="6980321086" visible="true" version="2" changeset="77139518" timestamp="2019-11-15T17:09:01Z" user="Arun Balaji" uid="3427745" lat="30.3361681" lon="78.0512859"/>
 <node id="6980321087" visible="true" version="2" changeset="77139518" timestamp="2019-11-15T17:09:01Z" user="Arun Balaji" uid="3427745" lat="30.3362800" lon="78.0512942"/>
 <node id="6980321088" visible="true" version="2" changeset="77139518" timestamp="2019-11-15T17:09:01Z" user="Arun Balaji" uid="3427745" lat="30.3366087" lon="78.0514158"/>
 <node id="6980321089" visible="true" version="2" changeset="77139518" timestamp="2019-11-15T17:09:01Z" user="Arun Balaji" uid="3427745" lat="30.3367415" lon="78.0515210"/>
 <node id="6980321090" visible="true" version="2" changeset="77139518" timestamp="2019-11-15T17:09:01Z" user="Arun Balaji" uid="3427745" lat="30.3368464" lon="78.0515777"/>
 <node id="6980321091" visible="true" version="2" changeset="77139518" timestamp="2019-11-15T17:09:01Z" user="Arun Balaji" uid="3427745" lat="30.3370490" lon="78.0517878"/>
 <node id="6980321092" visible="true" version="2" changeset="77139518" timestamp="2019-11-15T17:09:01Z" user="Arun Balaji" uid="3427745" lat="30.3371397" lon="78.0519574"/>
 <node id="6980321093" visible="true" version="2" changeset="77139518" timestamp="2019-11-15T17:09:01Z" user="Arun Balaji" uid="3427745" lat="30.3371955" lon="78.0520947"/>
 <node id="6980321094" visible="true" version="2" changeset="77139518" timestamp="2019-11-15T17:09:01Z" user="Arun Balaji" uid="3427745" lat="30.3372164" lon="78.0521915"/>
 <node id="6980321095" visible="true" version="2" changeset="77139518" timestamp="2019-11-15T17:09:01Z" user="Arun Balaji" uid="3427745" lat="30.3372582" lon="78.0523126"/>
 <node id="6980321096" visible="true" version="2" changeset="77139518" timestamp="2019-11-15T17:09:01Z" user="Arun Balaji" uid="3427745" lat="30.3372440" lon="78.0524336"/>
 <node id="6980321097" visible="true" version="2" changeset="77139518" timestamp="2019-11-15T17:09:01Z" user="Arun Balaji" uid="3427745" lat="30.3372089" lon="78.0525304"/>
 <node id="6980321098" visible="true" version="2" changeset="77139518" timestamp="2019-11-15T17:09:01Z" user="Arun Balaji" uid="3427745" lat="30.3371947" lon="78.0526675"/>
 <node id="6980321099" visible="true" version="2" changeset="77139518" timestamp="2019-11-15T17:09:01Z" user="Arun Balaji" uid="3427745" lat="30.3372505" lon="78.0527806"/>
 <node id="6980321100" visible="true" version="2" changeset="77139518" timestamp="2019-11-15T17:09:01Z" user="Arun Balaji" uid="3427745" lat="30.3373273" lon="78.0528614"/>
 <node id="6980321101" visible="true" version="2" changeset="77139518" timestamp="2019-11-15T17:09:01Z" user="Arun Balaji" uid="3427745" lat="30.3373621" lon="78.0529986"/>
 <node id="6980321102" visible="true" version="2" changeset="77139518" timestamp="2019-11-15T17:09:01Z" user="Arun Balaji" uid="3427745" lat="30.3373618" lon="78.0532084"/>
 <node id="6980321103" visible="true" version="2" changeset="77139518" timestamp="2019-11-15T17:09:01Z" user="Arun Balaji" uid="3427745" lat="30.3373544" lon="78.0533236"/>
 <node id="6985161593" visible="true" version="1" changeset="77193427" timestamp="2019-11-17T16:30:35Z" user="Arun Balaji" uid="3427745" lat="30.3375789" lon="78.0423502"/>
 <node id="6985161594" visible="true" version="1" changeset="77193427" timestamp="2019-11-17T16:30:35Z" user="Arun Balaji" uid="3427745" lat="30.3376339" lon="78.0425540"/>
 <node id="6985161595" visible="true" version="1" changeset="77193427" timestamp="2019-11-17T16:30:35Z" user="Arun Balaji" uid="3427745" lat="30.3377434" lon="78.0425144"/>
 <node id="6985161596" visible="true" version="1" changeset="77193427" timestamp="2019-11-17T16:30:35Z" user="Arun Balaji" uid="3427745" lat="30.3376884" lon="78.0423106"/>
 <node id="6985161629" visible="true" version="1" changeset="77193427" timestamp="2019-11-17T16:30:35Z" user="Arun Balaji" uid="3427745" lat="30.3375613" lon="78.0427259"/>
 <node id="6985161630" visible="true" version="1" changeset="77193427" timestamp="2019-11-17T16:30:35Z" user="Arun Balaji" uid="3427745" lat="30.3374826" lon="78.0428211"/>
 <node id="6985161631" visible="true" version="1" changeset="77193427" timestamp="2019-11-17T16:30:35Z" user="Arun Balaji" uid="3427745" lat="30.3373881" lon="78.0427162"/>
 <node id="6985161632" visible="true" version="1" changeset="77193427" timestamp="2019-11-17T16:30:35Z" user="Arun Balaji" uid="3427745" lat="30.3374668" lon="78.0426210"/>
 <node id="6985161633" visible="true" version="1" changeset="77193427" timestamp="2019-11-17T16:30:35Z" user="Arun Balaji" uid="3427745" lat="30.3374545" lon="78.0428489"/>
 <node id="6985161634" visible="true" version="1" changeset="77193427" timestamp="2019-11-17T16:30:35Z" user="Arun Balaji" uid="3427745" lat="30.3373573" lon="78.0427443"/>
 <node id="6985161635" visible="true" version="1" changeset="77193427" timestamp="2019-11-17T16:30:35Z" user="Arun Balaji" uid="3427745" lat="30.3373018" lon="78.0428135"/>
 <node id="6985161636" visible="true" version="1" changeset="77193427" timestamp="2019-11-17T16:30:35Z" user="Arun Balaji" uid="3427745" lat="30.3373991" lon="78.0429181"/>
 <node id="6985161637" visible="true" version="1" changeset="77193427" timestamp="2019-11-17T16:30:35Z" user="Arun Balaji" uid="3427745" lat="30.3374447" lon="78.0425749"/>
 <node id="6985161638" visible="true" version="1" changeset="77193427" timestamp="2019-11-17T16:30:35Z" user="Arun Balaji" uid="3427745" lat="30.3373597" lon="78.0426748"/>
 <node id="6985161639" visible="true" version="1" changeset="77193427" timestamp="2019-11-17T16:30:35Z" user="Arun Balaji" uid="3427745" lat="30.3372827" lon="78.0425868"/>
 <node id="6985161640" visible="true" version="1" changeset="77193427" timestamp="2019-11-17T16:30:35Z" user="Arun Balaji" uid="3427745" lat="30.3373678" lon="78.0424869"/>
 <node id="6985164393" visible="true" version="1" changeset="77193427" timestamp="2019-11-17T16:30:35Z" user="Arun Balaji" uid="3427745" lat="30.3383393" lon="78.0439769"/>
 <node id="6985164394" visible="true" version="1" changeset="77193427" timestamp="2019-11-17T16:30:35Z" user="Arun Balaji" uid="3427745" lat="30.3381987" lon="78.0441593"/>
 <node id="6985164395" visible="true" version="1" changeset="77193427" timestamp="2019-11-17T16:30:35Z" user="Arun Balaji" uid="3427745" lat="30.3380976" lon="78.0440547"/>
 <node id="6985164396" visible="true" version="1" changeset="77193427" timestamp="2019-11-17T16:30:35Z" user="Arun Balaji" uid="3427745" lat="30.3382382" lon="78.0438723"/>
 <node id="6985164397" visible="true" version="1" changeset="77193427" timestamp="2019-11-17T16:30:35Z" user="Arun Balaji" uid="3427745" lat="30.3383825" lon="78.0438522"/>
 <node id="6985164398" visible="true" version="1" changeset="77193427" timestamp="2019-11-17T16:30:35Z" user="Arun Balaji" uid="3427745" lat="30.3382708" lon="78.0437382"/>
 <node id="6985164399" visible="true" version="1" changeset="77193427" timestamp="2019-11-17T16:30:35Z" user="Arun Balaji" uid="3427745" lat="30.3383534" lon="78.0436295"/>
 <node id="6985164400" visible="true" version="1" changeset="77193427" timestamp="2019-11-17T16:30:35Z" user="Arun Balaji" uid="3427745" lat="30.3384651" lon="78.0437435"/>
 <node id="6985164401" visible="true" version="1" changeset="77193427" timestamp="2019-11-17T16:30:35Z" user="Arun Balaji" uid="3427745" lat="30.3382831" lon="78.0436441"/>
 <node id="6985164402" visible="true" version="1" changeset="77193427" timestamp="2019-11-17T16:30:35Z" user="Arun Balaji" uid="3427745" lat="30.3382073" lon="78.0435623"/>
 <node id="6985164403" visible="true" version="1" changeset="77193427" timestamp="2019-11-17T16:30:35Z" user="Arun Balaji" uid="3427745" lat="30.3382718" lon="78.0434820"/>
 <node id="6985164404" visible="true" version="1" changeset="77193427" timestamp="2019-11-17T16:30:35Z" user="Arun Balaji" uid="3427745" lat="30.3383476" lon="78.0435638"/>
 <node id="6985164405" visible="true" version="1" changeset="77193427" timestamp="2019-11-17T16:30:35Z" user="Arun Balaji" uid="3427745" lat="30.3382770" lon="78.0436541"/>
 <node id="6985164406" visible="true" version="1" changeset="77193427" timestamp="2019-11-17T16:30:35Z" user="Arun Balaji" uid="3427745" lat="30.3382076" lon="78.0437439"/>
 <node id="6985164407" visible="true" version="1" changeset="77193427" timestamp="2019-11-17T16:30:35Z" user="Arun Balaji" uid="3427745" lat="30.3381277" lon="78.0436610"/>
 <node id="6985164408" visible="true" version="1" changeset="77193427" timestamp="2019-11-17T16:30:35Z" user="Arun Balaji" uid="3427745" lat="30.3381971" lon="78.0435712"/>
 <node id="6985164409" visible="true" version="1" changeset="77193427" timestamp="2019-11-17T16:30:35Z" user="Arun Balaji" uid="3427745" lat="30.3381905" lon="78.0437690"/>
 <node id="6985164410" visible="true" version="1" changeset="77193427" timestamp="2019-11-17T16:30:35Z" user="Arun Balaji" uid="3427745" lat="30.3380944" lon="78.0438883"/>
 <node id="6985164411" visible="true" version="1" changeset="77193427" timestamp="2019-11-17T16:30:35Z" user="Arun Balaji" uid="3427745" lat="30.3380200" lon="78.0438079"/>
 <node id="6985164412" visible="true" version="1" changeset="77193427" timestamp="2019-11-17T16:30:35Z" user="Arun Balaji" uid="3427745" lat="30.3381161" lon="78.0436885"/>
 <node id="6985164413" visible="true" version="1" changeset="77193427" timestamp="2019-11-17T16:30:35Z" user="Arun Balaji" uid="3427745" lat="30.3380548" lon="78.0435580"/>
 <node id="6985164414" visible="true" version="1" changeset="77193427" timestamp="2019-11-17T16:30:35Z" user="Arun Balaji" uid="3427745" lat="30.3379934" lon="78.0436331"/>
 <node id="6985164415" visible="true" version="1" changeset="77193427" timestamp="2019-11-17T16:30:35Z" user="Arun Balaji" uid="3427745" lat="30.3379315" lon="78.0435652"/>
 <node id="6985164416" visible="true" version="1" changeset="77193427" timestamp="2019-11-17T16:30:35Z" user="Arun Balaji" uid="3427745" lat="30.3379928" lon="78.0434901"/>
 <node id="6985164417" visible="true" version="1" changeset="77193427" timestamp="2019-11-17T16:30:35Z" user="Arun Balaji" uid="3427745" lat="30.3380786" lon="78.0435568"/>
 <node id="6985164418" visible="true" version="1" changeset="77193427" timestamp="2019-11-17T16:30:35Z" user="Arun Balaji" uid="3427745" lat="30.3380097" lon="78.0434830"/>
 <node id="6985164419" visible="true" version="1" changeset="77193427" timestamp="2019-11-17T16:30:35Z" user="Arun Balaji" uid="3427745" lat="30.3380362" lon="78.0434498"/>
 <node id="6985164420" visible="true" version="1" changeset="77193427" timestamp="2019-11-17T16:30:35Z" user="Arun Balaji" uid="3427745" lat="30.3381051" lon="78.0435236"/>
 <node id="6985164421" visible="true" version="1" changeset="77193427" timestamp="2019-11-17T16:30:35Z" user="Arun Balaji" uid="3427745" lat="30.3381112" lon="78.0435138"/>
 <node id="6985164422" visible="true" version="1" changeset="77193427" timestamp="2019-11-17T16:30:35Z" user="Arun Balaji" uid="3427745" lat="30.3380440" lon="78.0434319"/>
 <node id="6985164423" visible="true" version="1" changeset="77193427" timestamp="2019-11-17T16:30:35Z" user="Arun Balaji" uid="3427745" lat="30.3380929" lon="78.0433781"/>
 <node id="6985164424" visible="true" version="1" changeset="77193427" timestamp="2019-11-17T16:30:35Z" user="Arun Balaji" uid="3427745" lat="30.3381601" lon="78.0434599"/>
 <node id="6985164425" visible="true" version="1" changeset="77193427" timestamp="2019-11-17T16:30:35Z" user="Arun Balaji" uid="3427745" lat="30.3381606" lon="78.0434346"/>
 <node id="6985164426" visible="true" version="1" changeset="77193427" timestamp="2019-11-17T16:30:35Z" user="Arun Balaji" uid="3427745" lat="30.3380975" lon="78.0433601"/>
 <node id="6985164427" visible="true" version="1" changeset="77193427" timestamp="2019-11-17T16:30:35Z" user="Arun Balaji" uid="3427745" lat="30.3381578" lon="78.0432916"/>
 <node id="6985164428" visible="true" version="1" changeset="77193427" timestamp="2019-11-17T16:30:35Z" user="Arun Balaji" uid="3427745" lat="30.3382208" lon="78.0433660"/>
 <node id="6985164429" visible="true" version="1" changeset="77193427" timestamp="2019-11-17T16:30:35Z" user="Arun Balaji" uid="3427745" lat="30.3380775" lon="78.0429573"/>
 <node id="6985164430" visible="true" version="1" changeset="77193427" timestamp="2019-11-17T16:30:35Z" user="Arun Balaji" uid="3427745" lat="30.3381372" lon="78.0431658"/>
 <node id="6985164431" visible="true" version="1" changeset="77193427" timestamp="2019-11-17T16:30:35Z" user="Arun Balaji" uid="3427745" lat="30.3380611" lon="78.0431950"/>
 <node id="6985164432" visible="true" version="1" changeset="77193427" timestamp="2019-11-17T16:30:35Z" user="Arun Balaji" uid="3427745" lat="30.3380015" lon="78.0429865"/>
 <node id="6985164433" visible="true" version="1" changeset="77193427" timestamp="2019-11-17T16:30:35Z" user="Arun Balaji" uid="3427745" lat="30.3383090" lon="78.0430171"/>
 <node id="6985164434" visible="true" version="1" changeset="77193427" timestamp="2019-11-17T16:30:35Z" user="Arun Balaji" uid="3427745" lat="30.3382222" lon="78.0431156"/>
 <node id="6985164435" visible="true" version="1" changeset="77193427" timestamp="2019-11-17T16:30:35Z" user="Arun Balaji" uid="3427745" lat="30.3381566" lon="78.0430381"/>
 <node id="6985164436" visible="true" version="1" changeset="77193427" timestamp="2019-11-17T16:30:35Z" user="Arun Balaji" uid="3427745" lat="30.3382434" lon="78.0429395"/>
 <node id="6985164437" visible="true" version="1" changeset="77193427" timestamp="2019-11-17T16:30:35Z" user="Arun Balaji" uid="3427745" lat="30.3384753" lon="78.0428497"/>
 <node id="6985164438" visible="true" version="1" changeset="77193427" timestamp="2019-11-17T16:30:35Z" user="Arun Balaji" uid="3427745" lat="30.3383642" lon="78.0429831"/>
 <node id="6985164439" visible="true" version="1" changeset="77193427" timestamp="2019-11-17T16:30:35Z" user="Arun Balaji" uid="3427745" lat="30.3384518" lon="78.0430810"/>
 <node id="6985164440" visible="true" version="1" changeset="77193427" timestamp="2019-11-17T16:30:35Z" user="Arun Balaji" uid="3427745" lat="30.3385629" lon="78.0429476"/>
 <node id="6985164441" visible="true" version="1" changeset="77193427" timestamp="2019-11-17T16:30:35Z" user="Arun Balaji" uid="3427745" lat="30.3384925" lon="78.0433714"/>
 <node id="6985164442" visible="true" version="1" changeset="77193427" timestamp="2019-11-17T16:30:35Z" user="Arun Balaji" uid="3427745" lat="30.3383565" lon="78.0435424"/>
 <node id="6985164443" visible="true" version="1" changeset="77193427" timestamp="2019-11-17T16:30:35Z" user="Arun Balaji" uid="3427745" lat="30.3382799" lon="78.0434605"/>
 <node id="6985164444" visible="true" version="1" changeset="77193427" timestamp="2019-11-17T16:30:35Z" user="Arun Balaji" uid="3427745" lat="30.3384159" lon="78.0432896"/>
 <node id="6985164445" visible="true" version="1" changeset="77193427" timestamp="2019-11-17T16:30:35Z" user="Arun Balaji" uid="3427745" lat="30.3386333" lon="78.0432117"/>
 <node id="6985164446" visible="true" version="1" changeset="77193427" timestamp="2019-11-17T16:30:35Z" user="Arun Balaji" uid="3427745" lat="30.3385476" lon="78.0431158"/>
 <node id="6985164447" visible="true" version="1" changeset="77193427" timestamp="2019-11-17T16:30:35Z" user="Arun Balaji" uid="3427745" lat="30.3384743" lon="78.0432037"/>
 <node id="6985164448" visible="true" version="1" changeset="77193427" timestamp="2019-11-17T16:30:35Z" user="Arun Balaji" uid="3427745" lat="30.3385600" lon="78.0432996"/>
 <node id="6985164449" visible="true" version="1" changeset="77193427" timestamp="2019-11-17T16:30:35Z" user="Arun Balaji" uid="3427745" lat="30.3386672" lon="78.0432439"/>
 <node id="6985164450" visible="true" version="1" changeset="77193427" timestamp="2019-11-17T16:30:35Z" user="Arun Balaji" uid="3427745" lat="30.3385017" lon="78.0434417"/>
 <node id="6985164451" visible="true" version="1" changeset="77193427" timestamp="2019-11-17T16:30:35Z" user="Arun Balaji" uid="3427745" lat="30.3385704" lon="78.0435189"/>
 <node id="6985164452" visible="true" version="1" changeset="77193427" timestamp="2019-11-17T16:30:35Z" user="Arun Balaji" uid="3427745" lat="30.3387359" lon="78.0433211"/>
 <node id="6985164469" visible="true" version="1" changeset="77193427" timestamp="2019-11-17T16:30:35Z" user="Arun Balaji" uid="3427745" lat="30.3390883" lon="78.0422441"/>
 <node id="6985164470" visible="true" version="1" changeset="77193427" timestamp="2019-11-17T16:30:35Z" user="Arun Balaji" uid="3427745" lat="30.3390143" lon="78.0421710"/>
 <node id="6985164471" visible="true" version="1" changeset="77193427" timestamp="2019-11-17T16:30:35Z" user="Arun Balaji" uid="3427745" lat="30.3389674" lon="78.0422348"/>
 <node id="6985164472" visible="true" version="1" changeset="77193427" timestamp="2019-11-17T16:30:35Z" user="Arun Balaji" uid="3427745" lat="30.3390415" lon="78.0423079"/>
 <node id="6985164473" visible="true" version="1" changeset="77193427" timestamp="2019-11-17T16:30:35Z" user="Arun Balaji" uid="3427745" lat="30.3392136" lon="78.0425450"/>
 <node id="6985164474" visible="true" version="1" changeset="77193427" timestamp="2019-11-17T16:30:35Z" user="Arun Balaji" uid="3427745" lat="30.3390955" lon="78.0424672"/>
 <node id="6985164475" visible="true" version="1" changeset="77193427" timestamp="2019-11-17T16:30:35Z" user="Arun Balaji" uid="3427745" lat="30.3391566" lon="78.0423427"/>
 <node id="6985164476" visible="true" version="1" changeset="77193427" timestamp="2019-11-17T16:30:35Z" user="Arun Balaji" uid="3427745" lat="30.3392747" lon="78.0424205"/>
 <node id="6985164535" visible="true" version="1" changeset="77193427" timestamp="2019-11-17T16:30:35Z" user="Arun Balaji" uid="3427745" lat="30.3391510" lon="78.0429766"/>
 <node id="6985164536" visible="true" version="1" changeset="77193427" timestamp="2019-11-17T16:30:35Z" user="Arun Balaji" uid="3427745" lat="30.3391122" lon="78.0430101"/>
 <node id="6985164537" visible="true" version="1" changeset="77193427" timestamp="2019-11-17T16:30:35Z" user="Arun Balaji" uid="3427745" lat="30.3391462" lon="78.0430629"/>
 <node id="6985164538" visible="true" version="1" changeset="77193427" timestamp="2019-11-17T16:30:35Z" user="Arun Balaji" uid="3427745" lat="30.3391850" lon="78.0430294"/>
 <node id="6985164539" visible="true" version="1" changeset="77193427" timestamp="2019-11-17T16:30:35Z" user="Arun Balaji" uid="3427745" lat="30.3392991" lon="78.0429665"/>
 <node id="6985164540" visible="true" version="1" changeset="77193427" timestamp="2019-11-17T16:30:35Z" user="Arun Balaji" uid="3427745" lat="30.3392227" lon="78.0429846"/>
 <node id="6985164541" visible="true" version="1" changeset="77193427" timestamp="2019-11-17T16:30:35Z" user="Arun Balaji" uid="3427745" lat="30.3392388" lon="78.0430757"/>
 <node id="6985164542" visible="true" version="1" changeset="77193427" timestamp="2019-11-17T16:30:35Z" user="Arun Balaji" uid="3427745" lat="30.3393152" lon="78.0430575"/>
 <node id="6985164543" visible="true" version="1" changeset="77193427" timestamp="2019-11-17T16:30:35Z" user="Arun Balaji" uid="3427745" lat="30.3392355" lon="78.0426551"/>
 <node id="6985164544" visible="true" version="1" changeset="77193427" timestamp="2019-11-17T16:30:35Z" user="Arun Balaji" uid="3427745" lat="30.3391904" lon="78.0427343"/>
 <node id="6985164545" visible="true" version="1" changeset="77193427" timestamp="2019-11-17T16:30:35Z" user="Arun Balaji" uid="3427745" lat="30.3392579" lon="78.0427860"/>
 <node id="6985164546" visible="true" version="1" changeset="77193427" timestamp="2019-11-17T16:30:35Z" user="Arun Balaji" uid="3427745" lat="30.3393031" lon="78.0427068"/>
 <node id="6985164547" visible="true" version="1" changeset="77193427" timestamp="2019-11-17T16:30:35Z" user="Arun Balaji" uid="3427745" lat="30.3393477" lon="78.0427164"/>
 <node id="6985164548" visible="true" version="1" changeset="77193427" timestamp="2019-11-17T16:30:35Z" user="Arun Balaji" uid="3427745" lat="30.3393026" lon="78.0428002"/>
 <node id="6985164549" visible="true" version="1" changeset="77193427" timestamp="2019-11-17T16:30:35Z" user="Arun Balaji" uid="3427745" lat="30.3393627" lon="78.0428436"/>
 <node id="6985164550" visible="true" version="1" changeset="77193427" timestamp="2019-11-17T16:30:35Z" user="Arun Balaji" uid="3427745" lat="30.3394078" lon="78.0427598"/>
 <node id="6985164551" visible="true" version="1" changeset="77193427" timestamp="2019-11-17T16:30:35Z" user="Arun Balaji" uid="3427745" lat="30.3396060" lon="78.0427365"/>
 <node id="6985164552" visible="true" version="1" changeset="77193427" timestamp="2019-11-17T16:30:35Z" user="Arun Balaji" uid="3427745" lat="30.3394746" lon="78.0426507"/>
 <node id="6985164553" visible="true" version="1" changeset="77193427" timestamp="2019-11-17T16:30:35Z" user="Arun Balaji" uid="3427745" lat="30.3395073" lon="78.0425835"/>
 <node id="6985164554" visible="true" version="1" changeset="77193427" timestamp="2019-11-17T16:30:35Z" user="Arun Balaji" uid="3427745" lat="30.3396387" lon="78.0426693"/>
 <node id="6985164555" visible="true" version="1" changeset="77193427" timestamp="2019-11-17T16:30:35Z" user="Arun Balaji" uid="3427745" lat="30.3396428" lon="78.0426617"/>
 <node id="6985164556" visible="true" version="1" changeset="77193427" timestamp="2019-11-17T16:30:35Z" user="Arun Balaji" uid="3427745" lat="30.3394877" lon="78.0425564"/>
 <node id="6985164557" visible="true" version="1" changeset="77193427" timestamp="2019-11-17T16:30:35Z" user="Arun Balaji" uid="3427745" lat="30.3395218" lon="78.0424889"/>
 <node id="6985164558" visible="true" version="1" changeset="77193427" timestamp="2019-11-17T16:30:35Z" user="Arun Balaji" uid="3427745" lat="30.3396769" lon="78.0425942"/>
 <node id="6985164559" visible="true" version="1" changeset="77193427" timestamp="2019-11-17T16:30:35Z" user="Arun Balaji" uid="3427745" lat="30.3395988" lon="78.0423697"/>
 <node id="6985164560" visible="true" version="1" changeset="77193427" timestamp="2019-11-17T16:30:35Z" user="Arun Balaji" uid="3427745" lat="30.3395496" lon="78.0424669"/>
 <node id="6985164561" visible="true" version="1" changeset="77193427" timestamp="2019-11-17T16:30:35Z" user="Arun Balaji" uid="3427745" lat="30.3396057" lon="78.0425050"/>
 <node id="6985164562" visible="true" version="1" changeset="77193427" timestamp="2019-11-17T16:30:35Z" user="Arun Balaji" uid="3427745" lat="30.3396549" lon="78.0424078"/>
 <node id="6985164563" visible="true" version="1" changeset="77193427" timestamp="2019-11-17T16:30:35Z" user="Arun Balaji" uid="3427745" lat="30.3397498" lon="78.0424832"/>
 <node id="6985164564" visible="true" version="1" changeset="77193427" timestamp="2019-11-17T16:30:35Z" user="Arun Balaji" uid="3427745" lat="30.3396919" lon="78.0425932"/>
 <node id="6985164565" visible="true" version="1" changeset="77193427" timestamp="2019-11-17T16:30:35Z" user="Arun Balaji" uid="3427745" lat="30.3396098" lon="78.0425352"/>
 <node id="6985164566" visible="true" version="1" changeset="77193427" timestamp="2019-11-17T16:30:35Z" user="Arun Balaji" uid="3427745" lat="30.3396676" lon="78.0424252"/>
 <node id="6985164567" visible="true" version="1" changeset="77193427" timestamp="2019-11-17T16:30:35Z" user="Arun Balaji" uid="3427745" lat="30.3398523" lon="78.0424122"/>
 <node id="6985164568" visible="true" version="1" changeset="77193427" timestamp="2019-11-17T16:30:35Z" user="Arun Balaji" uid="3427745" lat="30.3397296" lon="78.0423364"/>
 <node id="6985164569" visible="true" version="1" changeset="77193427" timestamp="2019-11-17T16:30:35Z" user="Arun Balaji" uid="3427745" lat="30.3397724" lon="78.0422435"/>
 <node id="6985164570" visible="true" version="1" changeset="77193427" timestamp="2019-11-17T16:30:35Z" user="Arun Balaji" uid="3427745" lat="30.3398951" lon="78.0423193"/>
 <node id="6985164571" visible="true" version="1" changeset="77193427" timestamp="2019-11-17T16:30:35Z" user="Arun Balaji" uid="3427745" lat="30.3399079" lon="78.0423121"/>
 <node id="6985164572" visible="true" version="1" changeset="77193427" timestamp="2019-11-17T16:30:35Z" user="Arun Balaji" uid="3427745" lat="30.3397870" lon="78.0422250"/>
 <node id="6985164573" visible="true" version="1" changeset="77193427" timestamp="2019-11-17T16:30:35Z" user="Arun Balaji" uid="3427745" lat="30.3398199" lon="78.0421637"/>
 <node id="6985164574" visible="true" version="1" changeset="77193427" timestamp="2019-11-17T16:30:35Z" user="Arun Balaji" uid="3427745" lat="30.3399408" lon="78.0422509"/>
 <node id="6985164597" visible="true" version="1" changeset="77193427" timestamp="2019-11-17T16:30:35Z" user="Arun Balaji" uid="3427745" lat="30.3401757" lon="78.0421691"/>
 <node id="6985164598" visible="true" version="1" changeset="77193427" timestamp="2019-11-17T16:30:35Z" user="Arun Balaji" uid="3427745" lat="30.3401196" lon="78.0422891"/>
 <node id="6985164599" visible="true" version="1" changeset="77193427" timestamp="2019-11-17T16:30:35Z" user="Arun Balaji" uid="3427745" lat="30.3402018" lon="78.0423407"/>
 <node id="6985164600" visible="true" version="1" changeset="77193427" timestamp="2019-11-17T16:30:35Z" user="Arun Balaji" uid="3427745" lat="30.3402579" lon="78.0422207"/>
 <node id="6985164609" visible="true" version="1" changeset="77193427" timestamp="2019-11-17T16:30:35Z" user="Arun Balaji" uid="3427745" lat="30.3404547" lon="78.0425757"/>
 <node id="6985164610" visible="true" version="1" changeset="77193427" timestamp="2019-11-17T16:30:35Z" user="Arun Balaji" uid="3427745" lat="30.3403853" lon="78.0427031"/>
 <node id="6985164611" visible="true" version="1" changeset="77193427" timestamp="2019-11-17T16:30:35Z" user="Arun Balaji" uid="3427745" lat="30.3403042" lon="78.0426438"/>
 <node id="6985164612" visible="true" version="1" changeset="77193427" timestamp="2019-11-17T16:30:35Z" user="Arun Balaji" uid="3427745" lat="30.3403737" lon="78.0425164"/>
 <node id="6985164613" visible="true" version="1" changeset="77193427" timestamp="2019-11-17T16:30:35Z" user="Arun Balaji" uid="3427745" lat="30.3405139" lon="78.0424335"/>
 <node id="6985164614" visible="true" version="1" changeset="77193427" timestamp="2019-11-17T16:30:35Z" user="Arun Balaji" uid="3427745" lat="30.3404589" lon="78.0425434"/>
 <node id="6985164615" visible="true" version="1" changeset="77193427" timestamp="2019-11-17T16:30:35Z" user="Arun Balaji" uid="3427745" lat="30.3403847" lon="78.0424936"/>
 <node id="6985164616" visible="true" version="1" changeset="77193427" timestamp="2019-11-17T16:30:35Z" user="Arun Balaji" uid="3427745" lat="30.3404397" lon="78.0423836"/>
 <node id="6985164617" visible="true" version="1" changeset="77193427" timestamp="2019-11-17T16:30:35Z" user="Arun Balaji" uid="3427745" lat="30.3404054" lon="78.0423719"/>
 <node id="6985164618" visible="true" version="1" changeset="77193427" timestamp="2019-11-17T16:30:35Z" user="Arun Balaji" uid="3427745" lat="30.3403527" lon="78.0424825"/>
 <node id="6985164619" visible="true" version="1" changeset="77193427" timestamp="2019-11-17T16:30:35Z" user="Arun Balaji" uid="3427745" lat="30.3402903" lon="78.0424426"/>
 <node id="6985164620" visible="true" version="1" changeset="77193427" timestamp="2019-11-17T16:30:35Z" user="Arun Balaji" uid="3427745" lat="30.3403430" lon="78.0423320"/>
 <node id="6985164621" visible="true" version="1" changeset="77193427" timestamp="2019-11-17T16:30:35Z" user="Arun Balaji" uid="3427745" lat="30.3403447" lon="78.0425229"/>
 <node id="6985164622" visible="true" version="1" changeset="77193427" timestamp="2019-11-17T16:30:35Z" user="Arun Balaji" uid="3427745" lat="30.3402827" lon="78.0426442"/>
 <node id="6985164623" visible="true" version="1" changeset="77193427" timestamp="2019-11-17T16:30:35Z" user="Arun Balaji" uid="3427745" lat="30.3402116" lon="78.0425955"/>
 <node id="6985164624" visible="true" version="1" changeset="77193427" timestamp="2019-11-17T16:30:35Z" user="Arun Balaji" uid="3427745" lat="30.3402736" lon="78.0424742"/>
 <node id="6985164625" visible="true" version="1" changeset="77193427" timestamp="2019-11-17T16:30:35Z" user="Arun Balaji" uid="3427745" lat="30.3400072" lon="78.0431344"/>
 <node id="6985164626" visible="true" version="1" changeset="77193427" timestamp="2019-11-17T16:30:35Z" user="Arun Balaji" uid="3427745" lat="30.3400866" lon="78.0431937"/>
 <node id="6985164627" visible="true" version="1" changeset="77193427" timestamp="2019-11-17T16:30:35Z" user="Arun Balaji" uid="3427745" lat="30.3401458" lon="78.0430873"/>
 <node id="6985164628" visible="true" version="1" changeset="77193427" timestamp="2019-11-17T16:30:35Z" user="Arun Balaji" uid="3427745" lat="30.3400664" lon="78.0430280"/>
 <node id="6985164629" visible="true" version="1" changeset="77193427" timestamp="2019-11-17T16:30:35Z" user="Arun Balaji" uid="3427745" lat="30.3400675" lon="78.0429528"/>
 <node id="6985164630" visible="true" version="1" changeset="77193427" timestamp="2019-11-17T16:30:35Z" user="Arun Balaji" uid="3427745" lat="30.3400119" lon="78.0430574"/>
 <node id="6985164631" visible="true" version="1" changeset="77193427" timestamp="2019-11-17T16:30:35Z" user="Arun Balaji" uid="3427745" lat="30.3399425" lon="78.0430079"/>
 <node id="6985164632" visible="true" version="1" changeset="77193427" timestamp="2019-11-17T16:30:35Z" user="Arun Balaji" uid="3427745" lat="30.3399981" lon="78.0429033"/>
 <node id="6985164633" visible="true" version="1" changeset="77193427" timestamp="2019-11-17T16:30:35Z" user="Arun Balaji" uid="3427745" lat="30.3400953" lon="78.0427023"/>
 <node id="6985164634" visible="true" version="1" changeset="77193427" timestamp="2019-11-17T16:30:35Z" user="Arun Balaji" uid="3427745" lat="30.3400374" lon="78.0428244"/>
 <node id="6985164635" visible="true" version="1" changeset="77193427" timestamp="2019-11-17T16:30:35Z" user="Arun Balaji" uid="3427745" lat="30.3401098" lon="78.0428705"/>
 <node id="6985164636" visible="true" version="1" changeset="77193427" timestamp="2019-11-17T16:30:35Z" user="Arun Balaji" uid="3427745" lat="30.3401677" lon="78.0427484"/>
 <node id="6985164637" visible="true" version="1" changeset="77193427" timestamp="2019-11-17T16:30:35Z" user="Arun Balaji" uid="3427745" lat="30.3399664" lon="78.0428297"/>
 <node id="6985164638" visible="true" version="1" changeset="77193427" timestamp="2019-11-17T16:30:35Z" user="Arun Balaji" uid="3427745" lat="30.3398987" lon="78.0427814"/>
 <node id="6985164639" visible="true" version="1" changeset="77193427" timestamp="2019-11-17T16:30:35Z" user="Arun Balaji" uid="3427745" lat="30.3399408" lon="78.0427022"/>
 <node id="6985164640" visible="true" version="1" changeset="77193427" timestamp="2019-11-17T16:30:35Z" user="Arun Balaji" uid="3427745" lat="30.3400085" lon="78.0427504"/>
 <node id="6985164641" visible="true" version="1" changeset="77193427" timestamp="2019-11-17T16:30:35Z" user="Arun Balaji" uid="3427745" lat="30.3398326" lon="78.0431144"/>
 <node id="6985164642" visible="true" version="1" changeset="77193427" timestamp="2019-11-17T16:30:35Z" user="Arun Balaji" uid="3427745" lat="30.3397331" lon="78.0430486"/>
 <node id="6985164643" visible="true" version="1" changeset="77193427" timestamp="2019-11-17T16:30:35Z" user="Arun Balaji" uid="3427745" lat="30.3397643" lon="78.0429851"/>
 <node id="6985164644" visible="true" version="1" changeset="77193427" timestamp="2019-11-17T16:30:35Z" user="Arun Balaji" uid="3427745" lat="30.3398638" lon="78.0430508"/>
 <node id="6985164645" visible="true" version="1" changeset="77193427" timestamp="2019-11-17T16:30:35Z" user="Arun Balaji" uid="3427745" lat="30.3397088" lon="78.0430169"/>
 <node id="6985164646" visible="true" version="1" changeset="77193427" timestamp="2019-11-17T16:30:35Z" user="Arun Balaji" uid="3427745" lat="30.3396237" lon="78.0429519"/>
 <node id="6985164647" visible="true" version="1" changeset="77193427" timestamp="2019-11-17T16:30:35Z" user="Arun Balaji" uid="3427745" lat="30.3396815" lon="78.0428503"/>
 <node id="6985164648" visible="true" version="1" changeset="77193427" timestamp="2019-11-17T16:30:35Z" user="Arun Balaji" uid="3427745" lat="30.3397666" lon="78.0429154"/>
 <node id="6985164649" visible="true" version="1" changeset="77193427" timestamp="2019-11-17T16:30:35Z" user="Arun Balaji" uid="3427745" lat="30.3397724" lon="78.0429056"/>
 <node id="6985164650" visible="true" version="1" changeset="77193427" timestamp="2019-11-17T16:30:35Z" user="Arun Balaji" uid="3427745" lat="30.3396873" lon="78.0428412"/>
 <node id="6985164651" visible="true" version="1" changeset="77193427" timestamp="2019-11-17T16:30:35Z" user="Arun Balaji" uid="3427745" lat="30.3397498" lon="78.0427303"/>
 <node id="6985164652" visible="true" version="1" changeset="77193427" timestamp="2019-11-17T16:30:35Z" user="Arun Balaji" uid="3427745" lat="30.3398349" lon="78.0427947"/>
 <node id="6985164653" visible="true" version="1" changeset="77193427" timestamp="2019-11-17T16:30:35Z" user="Arun Balaji" uid="3427745" lat="30.3398221" lon="78.0427669"/>
 <node id="6985164654" visible="true" version="1" changeset="77193427" timestamp="2019-11-17T16:30:35Z" user="Arun Balaji" uid="3427745" lat="30.3397463" lon="78.0427086"/>
 <node id="6985164655" visible="true" version="1" changeset="77193427" timestamp="2019-11-17T16:30:35Z" user="Arun Balaji" uid="3427745" lat="30.3397846" lon="78.0426418"/>
 <node id="6985164656" visible="true" version="1" changeset="77193427" timestamp="2019-11-17T16:30:35Z" user="Arun Balaji" uid="3427745" lat="30.3398604" lon="78.0427001"/>
 <node id="6985164685" visible="true" version="1" changeset="77193427" timestamp="2019-11-17T16:30:35Z" user="Arun Balaji" uid="3427745" lat="30.3374933" lon="78.0442052"/>
 <node id="6985164686" visible="true" version="1" changeset="77193427" timestamp="2019-11-17T16:30:35Z" user="Arun Balaji" uid="3427745" lat="30.3374215" lon="78.0443205"/>
 <node id="6985164687" visible="true" version="1" changeset="77193427" timestamp="2019-11-17T16:30:35Z" user="Arun Balaji" uid="3427745" lat="30.3373441" lon="78.0442558"/>
 <node id="6985164688" visible="true" version="1" changeset="77193427" timestamp="2019-11-17T16:30:35Z" user="Arun Balaji" uid="3427745" lat="30.3374158" lon="78.0441405"/>
 <node id="6985164689" visible="true" version="1" changeset="77193427" timestamp="2019-11-17T16:30:35Z" user="Arun Balaji" uid="3427745" lat="30.3375450" lon="78.0441621"/>
 <node id="6985164690" visible="true" version="1" changeset="77193427" timestamp="2019-11-17T16:30:35Z" user="Arun Balaji" uid="3427745" lat="30.3374999" lon="78.0442882"/>
 <node id="6985164691" visible="true" version="1" changeset="77193427" timestamp="2019-11-17T16:30:35Z" user="Arun Balaji" uid="3427745" lat="30.3375860" lon="78.0443296"/>
 <node id="6985164692" visible="true" version="1" changeset="77193427" timestamp="2019-11-17T16:30:35Z" user="Arun Balaji" uid="3427745" lat="30.3376311" lon="78.0442035"/>
 <node id="6985164693" visible="true" version="1" changeset="77193427" timestamp="2019-11-17T16:30:35Z" user="Arun Balaji" uid="3427745" lat="30.3374179" lon="78.0440547"/>
 <node id="6985164694" visible="true" version="1" changeset="77193427" timestamp="2019-11-17T16:30:35Z" user="Arun Balaji" uid="3427745" lat="30.3374049" lon="78.0440735"/>
 <node id="6985164695" visible="true" version="1" changeset="77193427" timestamp="2019-11-17T16:30:35Z" user="Arun Balaji" uid="3427745" lat="30.3374626" lon="78.0441270"/>
 <node id="6985164696" visible="true" version="1" changeset="77193427" timestamp="2019-11-17T16:30:35Z" user="Arun Balaji" uid="3427745" lat="30.3373830" lon="78.0440224"/>
 <node id="6985164697" visible="true" version="1" changeset="77193427" timestamp="2019-11-17T16:30:35Z" user="Arun Balaji" uid="3427745" lat="30.3374274" lon="78.0439581"/>
 <node id="6985164698" visible="true" version="1" changeset="77193427" timestamp="2019-11-17T16:30:35Z" user="Arun Balaji" uid="3427745" lat="30.3375200" lon="78.0440439"/>
 <node id="6985164699" visible="true" version="1" changeset="77193427" timestamp="2019-11-17T16:30:35Z" user="Arun Balaji" uid="3427745" lat="30.3376585" lon="78.0433544"/>
 <node id="6985164700" visible="true" version="1" changeset="77193427" timestamp="2019-11-17T16:30:35Z" user="Arun Balaji" uid="3427745" lat="30.3377279" lon="78.0435904"/>
 <node id="6985164701" visible="true" version="1" changeset="77193427" timestamp="2019-11-17T16:30:35Z" user="Arun Balaji" uid="3427745" lat="30.3376358" lon="78.0436268"/>
 <node id="6985164702" visible="true" version="1" changeset="77193427" timestamp="2019-11-17T16:30:35Z" user="Arun Balaji" uid="3427745" lat="30.3375663" lon="78.0433908"/>
 <node id="6985177037" visible="true" version="1" changeset="77193603" timestamp="2019-11-17T16:37:29Z" user="Arun Balaji" uid="3427745" lat="30.3396374" lon="78.0448245"/>
 <node id="6985177038" visible="true" version="1" changeset="77193603" timestamp="2019-11-17T16:37:29Z" user="Arun Balaji" uid="3427745" lat="30.3396657" lon="78.0449278"/>
 <node id="6985177039" visible="true" version="1" changeset="77193603" timestamp="2019-11-17T16:37:29Z" user="Arun Balaji" uid="3427745" lat="30.3395895" lon="78.0449559"/>
 <node id="6985177040" visible="true" version="1" changeset="77193603" timestamp="2019-11-17T16:37:29Z" user="Arun Balaji" uid="3427745" lat="30.3395612" lon="78.0448526"/>
 <node id="6985177041" visible="true" version="1" changeset="77193603" timestamp="2019-11-17T16:37:29Z" user="Arun Balaji" uid="3427745" lat="30.3396738" lon="78.0435539"/>
 <node id="6985177042" visible="true" version="1" changeset="77193603" timestamp="2019-11-17T16:37:29Z" user="Arun Balaji" uid="3427745" lat="30.3396061" lon="78.0434775"/>
 <node id="6985177043" visible="true" version="1" changeset="77193603" timestamp="2019-11-17T16:37:29Z" user="Arun Balaji" uid="3427745" lat="30.3396700" lon="78.0434015"/>
 <node id="6985177044" visible="true" version="1" changeset="77193603" timestamp="2019-11-17T16:37:29Z" user="Arun Balaji" uid="3427745" lat="30.3397377" lon="78.0434780"/>
 <node id="6985177045" visible="true" version="1" changeset="77193603" timestamp="2019-11-17T16:37:29Z" user="Arun Balaji" uid="3427745" lat="30.3398326" lon="78.0433456"/>
 <node id="6985177046" visible="true" version="1" changeset="77193603" timestamp="2019-11-17T16:37:29Z" user="Arun Balaji" uid="3427745" lat="30.3398029" lon="78.0433178"/>
 <node id="6985177047" visible="true" version="1" changeset="77193603" timestamp="2019-11-17T16:37:29Z" user="Arun Balaji" uid="3427745" lat="30.3397874" lon="78.0434313"/>
 <node id="6985177048" visible="true" version="1" changeset="77193603" timestamp="2019-11-17T16:37:29Z" user="Arun Balaji" uid="3427745" lat="30.3397658" lon="78.0434086"/>
 <node id="6985177049" visible="true" version="1" changeset="77193603" timestamp="2019-11-17T16:37:29Z" user="Arun Balaji" uid="3427745" lat="30.3396312" lon="78.0433343"/>
 <node id="6985177050" visible="true" version="1" changeset="77193603" timestamp="2019-11-17T16:37:29Z" user="Arun Balaji" uid="3427745" lat="30.3397585" lon="78.0434682"/>
 <node id="6985177051" visible="true" version="1" changeset="77193603" timestamp="2019-11-17T16:37:29Z" user="Arun Balaji" uid="3427745" lat="30.3396810" lon="78.0432708"/>
 <node id="6985177052" visible="true" version="1" changeset="77193603" timestamp="2019-11-17T16:37:29Z" user="Arun Balaji" uid="3427745" lat="30.3397030" lon="78.0432844"/>
 <node id="6985177053" visible="true" version="1" changeset="77193603" timestamp="2019-11-17T16:37:29Z" user="Arun Balaji" uid="3427745" lat="30.3398073" lon="78.0433819"/>
 <node id="6985177054" visible="true" version="1" changeset="77193603" timestamp="2019-11-17T16:37:29Z" user="Arun Balaji" uid="3427745" lat="30.3398216" lon="78.0432909"/>
 <node id="6985177055" visible="true" version="1" changeset="77193603" timestamp="2019-11-17T16:37:29Z" user="Arun Balaji" uid="3427745" lat="30.3397469" lon="78.0432212"/>
 <node id="6985177056" visible="true" version="1" changeset="77193603" timestamp="2019-11-17T16:37:29Z" user="Arun Balaji" uid="3427745" lat="30.3396662" lon="78.0431908"/>
 <node id="6985177057" visible="true" version="1" changeset="77193603" timestamp="2019-11-17T16:37:29Z" user="Arun Balaji" uid="3427745" lat="30.3395855" lon="78.0433082"/>
 <node id="6985177058" visible="true" version="1" changeset="77193603" timestamp="2019-11-17T16:37:29Z" user="Arun Balaji" uid="3427745" lat="30.3395305" lon="78.0432574"/>
 <node id="6985177059" visible="true" version="1" changeset="77193603" timestamp="2019-11-17T16:37:29Z" user="Arun Balaji" uid="3427745" lat="30.3396112" lon="78.0431400"/>
 <node id="6985177060" visible="true" version="1" changeset="77193603" timestamp="2019-11-17T16:37:29Z" user="Arun Balaji" uid="3427745" lat="30.3395450" lon="78.0430575"/>
 <node id="6985177061" visible="true" version="1" changeset="77193603" timestamp="2019-11-17T16:37:29Z" user="Arun Balaji" uid="3427745" lat="30.3395646" lon="78.0430305"/>
 <node id="6985177062" visible="true" version="1" changeset="77193603" timestamp="2019-11-17T16:37:29Z" user="Arun Balaji" uid="3427745" lat="30.3395770" lon="78.0430888"/>
 <node id="6985177063" visible="true" version="1" changeset="77193603" timestamp="2019-11-17T16:37:29Z" user="Arun Balaji" uid="3427745" lat="30.3395214" lon="78.0431654"/>
 <node id="6985177064" visible="true" version="1" changeset="77193603" timestamp="2019-11-17T16:37:29Z" user="Arun Balaji" uid="3427745" lat="30.3394541" lon="78.0430998"/>
 <node id="6985177065" visible="true" version="1" changeset="77193603" timestamp="2019-11-17T16:37:29Z" user="Arun Balaji" uid="3427745" lat="30.3395293" lon="78.0429961"/>
 <node id="6985177066" visible="true" version="1" changeset="77193603" timestamp="2019-11-17T16:37:29Z" user="Arun Balaji" uid="3427745" lat="30.3390559" lon="78.0427145"/>
 <node id="6985177067" visible="true" version="1" changeset="77193603" timestamp="2019-11-17T16:37:29Z" user="Arun Balaji" uid="3427745" lat="30.3390015" lon="78.0426622"/>
 <node id="6985177068" visible="true" version="1" changeset="77193603" timestamp="2019-11-17T16:37:29Z" user="Arun Balaji" uid="3427745" lat="30.3390334" lon="78.0426177"/>
 <node id="6985177069" visible="true" version="1" changeset="77193603" timestamp="2019-11-17T16:37:29Z" user="Arun Balaji" uid="3427745" lat="30.3390878" lon="78.0426700"/>
 <node id="6985177070" visible="true" version="1" changeset="77193603" timestamp="2019-11-17T16:37:29Z" user="Arun Balaji" uid="3427745" lat="30.3392163" lon="78.0426206"/>
 <node id="6985177071" visible="true" version="1" changeset="77193603" timestamp="2019-11-17T16:37:29Z" user="Arun Balaji" uid="3427745" lat="30.3391625" lon="78.0427165"/>
 <node id="6985177072" visible="true" version="1" changeset="77193603" timestamp="2019-11-17T16:37:29Z" user="Arun Balaji" uid="3427745" lat="30.3391034" lon="78.0426720"/>
 <node id="6985177073" visible="true" version="1" changeset="77193603" timestamp="2019-11-17T16:37:29Z" user="Arun Balaji" uid="3427745" lat="30.3391572" lon="78.0425761"/>
 <node id="6985177074" visible="true" version="1" changeset="77193603" timestamp="2019-11-17T16:37:29Z" user="Arun Balaji" uid="3427745" lat="30.3390452" lon="78.0429779"/>
 <node id="6985177075" visible="true" version="1" changeset="77193603" timestamp="2019-11-17T16:37:29Z" user="Arun Balaji" uid="3427745" lat="30.3389757" lon="78.0430329"/>
 <node id="6985177076" visible="true" version="1" changeset="77193603" timestamp="2019-11-17T16:37:29Z" user="Arun Balaji" uid="3427745" lat="30.3389396" lon="78.0429717"/>
 <node id="6985177077" visible="true" version="1" changeset="77193603" timestamp="2019-11-17T16:37:29Z" user="Arun Balaji" uid="3427745" lat="30.3390091" lon="78.0429167"/>
 <node id="6985177078" visible="true" version="1" changeset="77193603" timestamp="2019-11-17T16:37:29Z" user="Arun Balaji" uid="3427745" lat="30.3389763" lon="78.0428867"/>
 <node id="6985177079" visible="true" version="1" changeset="77193603" timestamp="2019-11-17T16:37:29Z" user="Arun Balaji" uid="3427745" lat="30.3389300" lon="78.0429497"/>
 <node id="6985177080" visible="true" version="1" changeset="77193603" timestamp="2019-11-17T16:37:29Z" user="Arun Balaji" uid="3427745" lat="30.3388748" lon="78.0428953"/>
 <node id="6985177081" visible="true" version="1" changeset="77193603" timestamp="2019-11-17T16:37:29Z" user="Arun Balaji" uid="3427745" lat="30.3389211" lon="78.0428322"/>
 <node id="6985177082" visible="true" version="1" changeset="77193603" timestamp="2019-11-17T16:37:29Z" user="Arun Balaji" uid="3427745" lat="30.3389309" lon="78.0428138"/>
 <node id="6985177083" visible="true" version="1" changeset="77193603" timestamp="2019-11-17T16:37:29Z" user="Arun Balaji" uid="3427745" lat="30.3389969" lon="78.0428748"/>
 <node id="6985177084" visible="true" version="1" changeset="77193603" timestamp="2019-11-17T16:37:29Z" user="Arun Balaji" uid="3427745" lat="30.3390392" lon="78.0428135"/>
 <node id="6985177085" visible="true" version="1" changeset="77193603" timestamp="2019-11-17T16:37:29Z" user="Arun Balaji" uid="3427745" lat="30.3389732" lon="78.0427524"/>
 <node id="6985177086" visible="true" version="1" changeset="77193603" timestamp="2019-11-17T16:37:29Z" user="Arun Balaji" uid="3427745" lat="30.3388318" lon="78.0426812"/>
 <node id="6985177087" visible="true" version="1" changeset="77193603" timestamp="2019-11-17T16:37:29Z" user="Arun Balaji" uid="3427745" lat="30.3387565" lon="78.0427751"/>
 <node id="6985177088" visible="true" version="1" changeset="77193603" timestamp="2019-11-17T16:37:29Z" user="Arun Balaji" uid="3427745" lat="30.3386925" lon="78.0427062"/>
 <node id="6985177089" visible="true" version="1" changeset="77193603" timestamp="2019-11-17T16:37:29Z" user="Arun Balaji" uid="3427745" lat="30.3387677" lon="78.0426123"/>
 <node id="6985177090" visible="true" version="1" changeset="77193603" timestamp="2019-11-17T16:37:29Z" user="Arun Balaji" uid="3427745" lat="30.3386164" lon="78.0425163"/>
 <node id="6985177091" visible="true" version="1" changeset="77193603" timestamp="2019-11-17T16:37:29Z" user="Arun Balaji" uid="3427745" lat="30.3385383" lon="78.0425947"/>
 <node id="6985177092" visible="true" version="1" changeset="77193603" timestamp="2019-11-17T16:37:29Z" user="Arun Balaji" uid="3427745" lat="30.3384923" lon="78.0425332"/>
 <node id="6985177093" visible="true" version="1" changeset="77193603" timestamp="2019-11-17T16:37:29Z" user="Arun Balaji" uid="3427745" lat="30.3385704" lon="78.0424547"/>
 <node id="6985177094" visible="true" version="1" changeset="77193603" timestamp="2019-11-17T16:37:29Z" user="Arun Balaji" uid="3427745" lat="30.3387156" lon="78.0423588"/>
 <node id="6985177095" visible="true" version="1" changeset="77193603" timestamp="2019-11-17T16:37:29Z" user="Arun Balaji" uid="3427745" lat="30.3386438" lon="78.0422951"/>
 <node id="6985177096" visible="true" version="1" changeset="77193603" timestamp="2019-11-17T16:37:29Z" user="Arun Balaji" uid="3427745" lat="30.3386757" lon="78.0422468"/>
 <node id="6985177097" visible="true" version="1" changeset="77193603" timestamp="2019-11-17T16:37:29Z" user="Arun Balaji" uid="3427745" lat="30.3387475" lon="78.0423106"/>
 <node id="6987804106" visible="true" version="1" changeset="77239730" timestamp="2019-11-18T17:12:49Z" user="Arun Balaji" uid="3427745" lat="30.3374164" lon="78.0431848"/>
 <node id="6987804107" visible="true" version="1" changeset="77239730" timestamp="2019-11-18T17:12:49Z" user="Arun Balaji" uid="3427745" lat="30.3373545" lon="78.0432686"/>
 <node id="6987804108" visible="true" version="1" changeset="77239730" timestamp="2019-11-18T17:12:49Z" user="Arun Balaji" uid="3427745" lat="30.3372972" lon="78.0432118"/>
 <node id="6987804109" visible="true" version="1" changeset="77239730" timestamp="2019-11-18T17:12:49Z" user="Arun Balaji" uid="3427745" lat="30.3373591" lon="78.0431280"/>
 <node id="6987804118" visible="true" version="1" changeset="77239730" timestamp="2019-11-18T17:12:49Z" user="Arun Balaji" uid="3427745" lat="30.3373407" lon="78.0437098"/>
 <node id="6987804119" visible="true" version="1" changeset="77239730" timestamp="2019-11-18T17:12:49Z" user="Arun Balaji" uid="3427745" lat="30.3372395" lon="78.0435831"/>
 <node id="6987804120" visible="true" version="1" changeset="77239730" timestamp="2019-11-18T17:12:49Z" user="Arun Balaji" uid="3427745" lat="30.3373099" lon="78.0435075"/>
 <node id="6987804121" visible="true" version="1" changeset="77239730" timestamp="2019-11-18T17:12:49Z" user="Arun Balaji" uid="3427745" lat="30.3374112" lon="78.0436342"/>
 <node id="6989661890" visible="true" version="1" changeset="77273554" timestamp="2019-11-19T12:10:43Z" user="Arun Balaji" uid="3427745" lat="30.3383640" lon="78.0476223"/>
 <node id="6989661891" visible="true" version="1" changeset="77273554" timestamp="2019-11-19T12:10:43Z" user="Arun Balaji" uid="3427745" lat="30.3382610" lon="78.0477524"/>
 <node id="6989661892" visible="true" version="1" changeset="77273554" timestamp="2019-11-19T12:10:43Z" user="Arun Balaji" uid="3427745" lat="30.3381844" lon="78.0476709"/>
 <node id="6989661893" visible="true" version="1" changeset="77273554" timestamp="2019-11-19T12:10:43Z" user="Arun Balaji" uid="3427745" lat="30.3382874" lon="78.0475409"/>
 <node id="6989661894" visible="true" version="1" changeset="77273554" timestamp="2019-11-19T12:10:43Z" user="Arun Balaji" uid="3427745" lat="30.3384694" lon="78.0476904"/>
 <node id="6989661895" visible="true" version="1" changeset="77273554" timestamp="2019-11-19T12:10:43Z" user="Arun Balaji" uid="3427745" lat="30.3383768" lon="78.0478252"/>
 <node id="6989661896" visible="true" version="1" changeset="77273554" timestamp="2019-11-19T12:10:43Z" user="Arun Balaji" uid="3427745" lat="30.3382990" lon="78.0477534"/>
 <node id="6989661897" visible="true" version="1" changeset="77273554" timestamp="2019-11-19T12:10:43Z" user="Arun Balaji" uid="3427745" lat="30.3383916" lon="78.0476186"/>
 <node id="6989661898" visible="true" version="1" changeset="77273554" timestamp="2019-11-19T12:10:43Z" user="Arun Balaji" uid="3427745" lat="30.3386083" lon="78.0476493"/>
 <node id="6989661899" visible="true" version="1" changeset="77273554" timestamp="2019-11-19T12:10:43Z" user="Arun Balaji" uid="3427745" lat="30.3385585" lon="78.0477183"/>
 <node id="6989661900" visible="true" version="1" changeset="77273554" timestamp="2019-11-19T12:10:43Z" user="Arun Balaji" uid="3427745" lat="30.3385137" lon="78.0476750"/>
 <node id="6989661901" visible="true" version="1" changeset="77273554" timestamp="2019-11-19T12:10:43Z" user="Arun Balaji" uid="3427745" lat="30.3385635" lon="78.0476059"/>
 <node id="6989661902" visible="true" version="1" changeset="77273554" timestamp="2019-11-19T12:10:43Z" user="Arun Balaji" uid="3427745" lat="30.3387811" lon="78.0474968"/>
 <node id="6989661903" visible="true" version="1" changeset="77273554" timestamp="2019-11-19T12:10:43Z" user="Arun Balaji" uid="3427745" lat="30.3386740" lon="78.0476423"/>
 <node id="6989661904" visible="true" version="1" changeset="77273554" timestamp="2019-11-19T12:10:43Z" user="Arun Balaji" uid="3427745" lat="30.3385964" lon="78.0475657"/>
 <node id="6989661905" visible="true" version="1" changeset="77273554" timestamp="2019-11-19T12:10:43Z" user="Arun Balaji" uid="3427745" lat="30.3387035" lon="78.0474202"/>
 <node id="6989661906" visible="true" version="1" changeset="77273554" timestamp="2019-11-19T12:10:43Z" user="Arun Balaji" uid="3427745" lat="30.3379190" lon="78.0460720"/>
 <node id="6989661907" visible="true" version="1" changeset="77273554" timestamp="2019-11-19T12:10:43Z" user="Arun Balaji" uid="3427745" lat="30.3377975" lon="78.0459312"/>
 <node id="6989661908" visible="true" version="1" changeset="77273554" timestamp="2019-11-19T12:10:43Z" user="Arun Balaji" uid="3427745" lat="30.3378696" lon="78.0458477"/>
 <node id="6989661909" visible="true" version="1" changeset="77273554" timestamp="2019-11-19T12:10:43Z" user="Arun Balaji" uid="3427745" lat="30.3379911" lon="78.0459885"/>
 <node id="6989661910" visible="true" version="1" changeset="77273554" timestamp="2019-11-19T12:10:43Z" user="Arun Balaji" uid="3427745" lat="30.3383423" lon="78.0454177"/>
 <node id="6989661911" visible="true" version="1" changeset="77273554" timestamp="2019-11-19T12:10:43Z" user="Arun Balaji" uid="3427745" lat="30.3382398" lon="78.0455475"/>
 <node id="6989661912" visible="true" version="1" changeset="77273554" timestamp="2019-11-19T12:10:43Z" user="Arun Balaji" uid="3427745" lat="30.3381575" lon="78.0454601"/>
 <node id="6989661913" visible="true" version="1" changeset="77273554" timestamp="2019-11-19T12:10:43Z" user="Arun Balaji" uid="3427745" lat="30.3382601" lon="78.0453304"/>
 <node id="6989661914" visible="true" version="1" changeset="77273554" timestamp="2019-11-19T12:10:43Z" user="Arun Balaji" uid="3427745" lat="30.3384271" lon="78.0457100"/>
 <node id="6989661915" visible="true" version="1" changeset="77273554" timestamp="2019-11-19T12:10:43Z" user="Arun Balaji" uid="3427745" lat="30.3383223" lon="78.0458361"/>
 <node id="6989661916" visible="true" version="1" changeset="77273554" timestamp="2019-11-19T12:10:43Z" user="Arun Balaji" uid="3427745" lat="30.3382498" lon="78.0457552"/>
 <node id="6989661917" visible="true" version="1" changeset="77273554" timestamp="2019-11-19T12:10:43Z" user="Arun Balaji" uid="3427745" lat="30.3383545" lon="78.0456291"/>
 <node id="6989661918" visible="true" version="1" changeset="77273554" timestamp="2019-11-19T12:10:43Z" user="Arun Balaji" uid="3427745" lat="30.3384821" lon="78.0461742"/>
 <node id="6989661919" visible="true" version="1" changeset="77273554" timestamp="2019-11-19T12:10:43Z" user="Arun Balaji" uid="3427745" lat="30.3384092" lon="78.0462721"/>
 <node id="6989661920" visible="true" version="1" changeset="77273554" timestamp="2019-11-19T12:10:43Z" user="Arun Balaji" uid="3427745" lat="30.3383221" lon="78.0461850"/>
 <node id="6989661921" visible="true" version="1" changeset="77273554" timestamp="2019-11-19T12:10:43Z" user="Arun Balaji" uid="3427745" lat="30.3383950" lon="78.0460871"/>
 <node id="6989661922" visible="true" version="1" changeset="77273554" timestamp="2019-11-19T12:10:43Z" user="Arun Balaji" uid="3427745" lat="30.3377918" lon="78.0451842"/>
 <node id="6989661923" visible="true" version="1" changeset="77273554" timestamp="2019-11-19T12:10:43Z" user="Arun Balaji" uid="3427745" lat="30.3376998" lon="78.0450708"/>
 <node id="6989661924" visible="true" version="1" changeset="77273554" timestamp="2019-11-19T12:10:43Z" user="Arun Balaji" uid="3427745" lat="30.3376305" lon="78.0451463"/>
 <node id="6989661925" visible="true" version="1" changeset="77273554" timestamp="2019-11-19T12:10:43Z" user="Arun Balaji" uid="3427745" lat="30.3377226" lon="78.0452596"/>
 <node id="6989661944" visible="true" version="1" changeset="77273554" timestamp="2019-11-19T12:10:43Z" user="Arun Balaji" uid="3427745" lat="30.3373903" lon="78.0466164"/>
 <node id="6989661945" visible="true" version="1" changeset="77273554" timestamp="2019-11-19T12:10:43Z" user="Arun Balaji" uid="3427745" lat="30.3372762" lon="78.0465667"/>
 <node id="6989661946" visible="true" version="1" changeset="77273554" timestamp="2019-11-19T12:10:43Z" user="Arun Balaji" uid="3427745" lat="30.3373093" lon="78.0464646"/>
 <node id="6989661947" visible="true" version="1" changeset="77273554" timestamp="2019-11-19T12:10:43Z" user="Arun Balaji" uid="3427745" lat="30.3374234" lon="78.0465142"/>
 <node id="6989661948" visible="true" version="1" changeset="77273554" timestamp="2019-11-19T12:10:43Z" user="Arun Balaji" uid="3427745" lat="30.3375511" lon="78.0465649"/>
 <node id="6989661949" visible="true" version="1" changeset="77273554" timestamp="2019-11-19T12:10:43Z" user="Arun Balaji" uid="3427745" lat="30.3374962" lon="78.0467164"/>
 <node id="6989661950" visible="true" version="1" changeset="77273554" timestamp="2019-11-19T12:10:43Z" user="Arun Balaji" uid="3427745" lat="30.3374210" lon="78.0466799"/>
 <node id="6989661951" visible="true" version="1" changeset="77273554" timestamp="2019-11-19T12:10:43Z" user="Arun Balaji" uid="3427745" lat="30.3374760" lon="78.0465283"/>
 <node id="6989667478" visible="true" version="1" changeset="77273554" timestamp="2019-11-19T12:10:43Z" user="Arun Balaji" uid="3427745" lat="30.3377706" lon="78.0445203"/>
 <node id="6989667479" visible="true" version="1" changeset="77273554" timestamp="2019-11-19T12:10:43Z" user="Arun Balaji" uid="3427745" lat="30.3377957" lon="78.0444785"/>
 <node id="6989667480" visible="true" version="1" changeset="77273554" timestamp="2019-11-19T12:10:43Z" user="Arun Balaji" uid="3427745" lat="30.3377411" lon="78.0444966"/>
 <node id="6989667481" visible="true" version="1" changeset="77273554" timestamp="2019-11-19T12:10:43Z" user="Arun Balaji" uid="3427745" lat="30.3377662" lon="78.0444547"/>
 <node id="6989667482" visible="true" version="1" changeset="77273554" timestamp="2019-11-19T12:10:43Z" user="Arun Balaji" uid="3427745" lat="30.3375663" lon="78.0445150"/>
 <node id="6989667483" visible="true" version="1" changeset="77273554" timestamp="2019-11-19T12:10:43Z" user="Arun Balaji" uid="3427745" lat="30.3376768" lon="78.0446038"/>
 <node id="6989667484" visible="true" version="1" changeset="77273554" timestamp="2019-11-19T12:10:43Z" user="Arun Balaji" uid="3427745" lat="30.3378036" lon="78.0443923"/>
 <node id="6989667485" visible="true" version="1" changeset="77273554" timestamp="2019-11-19T12:10:43Z" user="Arun Balaji" uid="3427745" lat="30.3376930" lon="78.0443034"/>
 <node id="6989667486" visible="true" version="1" changeset="77273554" timestamp="2019-11-19T12:10:43Z" user="Arun Balaji" uid="3427745" lat="30.3374620" lon="78.0448433"/>
 <node id="6989667487" visible="true" version="1" changeset="77273554" timestamp="2019-11-19T12:10:43Z" user="Arun Balaji" uid="3427745" lat="30.3375553" lon="78.0449183"/>
 <node id="6989667488" visible="true" version="1" changeset="77273554" timestamp="2019-11-19T12:10:43Z" user="Arun Balaji" uid="3427745" lat="30.3376497" lon="78.0447607"/>
 <node id="6989667489" visible="true" version="1" changeset="77273554" timestamp="2019-11-19T12:10:43Z" user="Arun Balaji" uid="3427745" lat="30.3375565" lon="78.0446856"/>
 <node id="6989667490" visible="true" version="1" changeset="77273554" timestamp="2019-11-19T12:10:43Z" user="Arun Balaji" uid="3427745" lat="30.3373945" lon="78.0447857"/>
 <node id="6989667491" visible="true" version="1" changeset="77273554" timestamp="2019-11-19T12:10:43Z" user="Arun Balaji" uid="3427745" lat="30.3374074" lon="78.0447961"/>
 <node id="6989667492" visible="true" version="1" changeset="77273554" timestamp="2019-11-19T12:10:43Z" user="Arun Balaji" uid="3427745" lat="30.3373784" lon="78.0448126"/>
 <node id="6989667493" visible="true" version="1" changeset="77273554" timestamp="2019-11-19T12:10:43Z" user="Arun Balaji" uid="3427745" lat="30.3372854" lon="78.0447378"/>
 <node id="6989667494" visible="true" version="1" changeset="77273554" timestamp="2019-11-19T12:10:43Z" user="Arun Balaji" uid="3427745" lat="30.3373331" lon="78.0446582"/>
 <node id="6989667495" visible="true" version="1" changeset="77273554" timestamp="2019-11-19T12:10:43Z" user="Arun Balaji" uid="3427745" lat="30.3374390" lon="78.0447433"/>
 <node id="6989667496" visible="true" version="1" changeset="77273554" timestamp="2019-11-19T12:10:43Z" user="Arun Balaji" uid="3427745" lat="30.3374443" lon="78.0447170"/>
 <node id="6989667497" visible="true" version="1" changeset="77273554" timestamp="2019-11-19T12:10:43Z" user="Arun Balaji" uid="3427745" lat="30.3373367" lon="78.0446211"/>
 <node id="6989667498" visible="true" version="1" changeset="77273554" timestamp="2019-11-19T12:10:43Z" user="Arun Balaji" uid="3427745" lat="30.3373828" lon="78.0445515"/>
 <node id="6989667499" visible="true" version="1" changeset="77273554" timestamp="2019-11-19T12:10:43Z" user="Arun Balaji" uid="3427745" lat="30.3374905" lon="78.0446474"/>
 <node id="6990553778" visible="true" version="1" changeset="77285766" timestamp="2019-11-19T17:59:56Z" user="Arun Balaji" uid="3427745" lat="30.3413273" lon="78.0421776"/>
 <node id="6990553779" visible="true" version="1" changeset="77285766" timestamp="2019-11-19T17:59:56Z" user="Arun Balaji" uid="3427745" lat="30.3412457" lon="78.0422527"/>
 <node id="6990553780" visible="true" version="1" changeset="77285766" timestamp="2019-11-19T17:59:56Z" user="Arun Balaji" uid="3427745" lat="30.3412927" lon="78.0423213"/>
 <node id="6990553781" visible="true" version="1" changeset="77285766" timestamp="2019-11-19T17:59:56Z" user="Arun Balaji" uid="3427745" lat="30.3413743" lon="78.0422462"/>
 <node id="6990553782" visible="true" version="1" changeset="77285766" timestamp="2019-11-19T17:59:56Z" user="Arun Balaji" uid="3427745" lat="30.3415176" lon="78.0423884"/>
 <node id="6990553783" visible="true" version="1" changeset="77285766" timestamp="2019-11-19T17:59:56Z" user="Arun Balaji" uid="3427745" lat="30.3414533" lon="78.0423368"/>
 <node id="6990553784" visible="true" version="1" changeset="77285766" timestamp="2019-11-19T17:59:56Z" user="Arun Balaji" uid="3427745" lat="30.3414923" lon="78.0422717"/>
 <node id="6990553785" visible="true" version="1" changeset="77285766" timestamp="2019-11-19T17:59:56Z" user="Arun Balaji" uid="3427745" lat="30.3415566" lon="78.0423233"/>
 <node id="6990553786" visible="true" version="1" changeset="77285766" timestamp="2019-11-19T17:59:56Z" user="Arun Balaji" uid="3427745" lat="30.3415216" lon="78.0425287"/>
 <node id="6990553787" visible="true" version="1" changeset="77285766" timestamp="2019-11-19T17:59:56Z" user="Arun Balaji" uid="3427745" lat="30.3414787" lon="78.0426360"/>
 <node id="6990553788" visible="true" version="1" changeset="77285766" timestamp="2019-11-19T17:59:56Z" user="Arun Balaji" uid="3427745" lat="30.3415485" lon="78.0426733"/>
 <node id="6990553789" visible="true" version="1" changeset="77285766" timestamp="2019-11-19T17:59:56Z" user="Arun Balaji" uid="3427745" lat="30.3415913" lon="78.0425660"/>
 <node id="6990553790" visible="true" version="1" changeset="77285766" timestamp="2019-11-19T17:59:56Z" user="Arun Balaji" uid="3427745" lat="30.3413366" lon="78.0423914"/>
 <node id="6990553791" visible="true" version="1" changeset="77285766" timestamp="2019-11-19T17:59:56Z" user="Arun Balaji" uid="3427745" lat="30.3412839" lon="78.0425262"/>
 <node id="6990553792" visible="true" version="1" changeset="77285766" timestamp="2019-11-19T17:59:56Z" user="Arun Balaji" uid="3427745" lat="30.3413586" lon="78.0425654"/>
 <node id="6990553793" visible="true" version="1" changeset="77285766" timestamp="2019-11-19T17:59:56Z" user="Arun Balaji" uid="3427745" lat="30.3414113" lon="78.0424306"/>
 <node id="6990553794" visible="true" version="1" changeset="77285766" timestamp="2019-11-19T17:59:56Z" user="Arun Balaji" uid="3427745" lat="30.3414415" lon="78.0424176"/>
 <node id="6990553795" visible="true" version="1" changeset="77285766" timestamp="2019-11-19T17:59:56Z" user="Arun Balaji" uid="3427745" lat="30.3413824" lon="78.0425705"/>
 <node id="6990553796" visible="true" version="1" changeset="77285766" timestamp="2019-11-19T17:59:56Z" user="Arun Balaji" uid="3427745" lat="30.3414709" lon="78.0426163"/>
 <node id="6990553797" visible="true" version="1" changeset="77285766" timestamp="2019-11-19T17:59:56Z" user="Arun Balaji" uid="3427745" lat="30.3415299" lon="78.0424634"/>
 <node id="6990553798" visible="true" version="1" changeset="77285766" timestamp="2019-11-19T17:59:56Z" user="Arun Balaji" uid="3427745" lat="30.3409798" lon="78.0423102"/>
 <node id="6990553799" visible="true" version="1" changeset="77285766" timestamp="2019-11-19T17:59:56Z" user="Arun Balaji" uid="3427745" lat="30.3409312" lon="78.0422666"/>
 <node id="6990553800" visible="true" version="1" changeset="77285766" timestamp="2019-11-19T17:59:56Z" user="Arun Balaji" uid="3427745" lat="30.3409663" lon="78.0422140"/>
 <node id="6990553801" visible="true" version="1" changeset="77285766" timestamp="2019-11-19T17:59:56Z" user="Arun Balaji" uid="3427745" lat="30.3410149" lon="78.0422576"/>
 <node id="6990553819" visible="true" version="1" changeset="77285766" timestamp="2019-11-19T17:59:56Z" user="Arun Balaji" uid="3427745" lat="30.3410711" lon="78.0428706"/>
 <node id="6990553820" visible="true" version="1" changeset="77285766" timestamp="2019-11-19T17:59:56Z" user="Arun Balaji" uid="3427745" lat="30.3410022" lon="78.0427553"/>
 <node id="6990553821" visible="true" version="1" changeset="77285766" timestamp="2019-11-19T17:59:56Z" user="Arun Balaji" uid="3427745" lat="30.3409321" lon="78.0428115"/>
 <node id="6990553822" visible="true" version="1" changeset="77285766" timestamp="2019-11-19T17:59:56Z" user="Arun Balaji" uid="3427745" lat="30.3410010" lon="78.0429268"/>
 <node id="6990553823" visible="true" version="1" changeset="77285766" timestamp="2019-11-19T17:59:56Z" user="Arun Balaji" uid="3427745" lat="30.3409912" lon="78.0429502"/>
 <node id="6990553824" visible="true" version="1" changeset="77285766" timestamp="2019-11-19T17:59:56Z" user="Arun Balaji" uid="3427745" lat="30.3409246" lon="78.0428516"/>
 <node id="6990553825" visible="true" version="1" changeset="77285766" timestamp="2019-11-19T17:59:56Z" user="Arun Balaji" uid="3427745" lat="30.3408476" lon="78.0429214"/>
 <node id="6990553826" visible="true" version="1" changeset="77285766" timestamp="2019-11-19T17:59:56Z" user="Arun Balaji" uid="3427745" lat="30.3409142" lon="78.0430200"/>
 <node id="6990553827" visible="true" version="1" changeset="77285766" timestamp="2019-11-19T17:59:56Z" user="Arun Balaji" uid="3427745" lat="30.3409025" lon="78.0430345"/>
 <node id="6990553828" visible="true" version="1" changeset="77285766" timestamp="2019-11-19T17:59:56Z" user="Arun Balaji" uid="3427745" lat="30.3408395" lon="78.0429339"/>
 <node id="6990553829" visible="true" version="1" changeset="77285766" timestamp="2019-11-19T17:59:56Z" user="Arun Balaji" uid="3427745" lat="30.3407579" lon="78.0430026"/>
 <node id="6990553830" visible="true" version="1" changeset="77285766" timestamp="2019-11-19T17:59:56Z" user="Arun Balaji" uid="3427745" lat="30.3408210" lon="78.0431031"/>
 <node id="6990553831" visible="true" version="1" changeset="77285766" timestamp="2019-11-19T17:59:56Z" user="Arun Balaji" uid="3427745" lat="30.3407394" lon="78.0431680"/>
 <node id="6990553832" visible="true" version="1" changeset="77285766" timestamp="2019-11-19T17:59:56Z" user="Arun Balaji" uid="3427745" lat="30.3406832" lon="78.0430956"/>
 <node id="6990553833" visible="true" version="1" changeset="77285766" timestamp="2019-11-19T17:59:56Z" user="Arun Balaji" uid="3427745" lat="30.3407475" lon="78.0430287"/>
 <node id="6990553834" visible="true" version="1" changeset="77285766" timestamp="2019-11-19T17:59:56Z" user="Arun Balaji" uid="3427745" lat="30.3408037" lon="78.0431011"/>
 <node id="6990553835" visible="true" version="1" changeset="77285766" timestamp="2019-11-19T17:59:56Z" user="Arun Balaji" uid="3427745" lat="30.3405795" lon="78.0430119"/>
 <node id="6990553836" visible="true" version="1" changeset="77285766" timestamp="2019-11-19T17:59:56Z" user="Arun Balaji" uid="3427745" lat="30.3404342" lon="78.0432721"/>
 <node id="6990553837" visible="true" version="1" changeset="77285766" timestamp="2019-11-19T17:59:56Z" user="Arun Balaji" uid="3427745" lat="30.3404987" lon="78.0433204"/>
 <node id="6990553838" visible="true" version="1" changeset="77285766" timestamp="2019-11-19T17:59:56Z" user="Arun Balaji" uid="3427745" lat="30.3406439" lon="78.0430602"/>
 <node id="6990553839" visible="true" version="1" changeset="77285766" timestamp="2019-11-19T17:59:56Z" user="Arun Balaji" uid="3427745" lat="30.3404918" lon="78.0426055"/>
 <node id="6990553840" visible="true" version="1" changeset="77285766" timestamp="2019-11-19T17:59:56Z" user="Arun Balaji" uid="3427745" lat="30.3404513" lon="78.0426953"/>
 <node id="6990553841" visible="true" version="1" changeset="77285766" timestamp="2019-11-19T17:59:56Z" user="Arun Balaji" uid="3427745" lat="30.3405224" lon="78.0427384"/>
 <node id="6990553842" visible="true" version="1" changeset="77285766" timestamp="2019-11-19T17:59:56Z" user="Arun Balaji" uid="3427745" lat="30.3405629" lon="78.0426485"/>
 <node id="6990553843" visible="true" version="1" changeset="77285766" timestamp="2019-11-19T17:59:56Z" user="Arun Balaji" uid="3427745" lat="30.3406660" lon="78.0426663"/>
 <node id="6990553844" visible="true" version="1" changeset="77285766" timestamp="2019-11-19T17:59:56Z" user="Arun Balaji" uid="3427745" lat="30.3406046" lon="78.0426267"/>
 <node id="6990553845" visible="true" version="1" changeset="77285766" timestamp="2019-11-19T17:59:56Z" user="Arun Balaji" uid="3427745" lat="30.3406341" lon="78.0425654"/>
 <node id="6990553846" visible="true" version="1" changeset="77285766" timestamp="2019-11-19T17:59:56Z" user="Arun Balaji" uid="3427745" lat="30.3406954" lon="78.0426049"/>
 <node id="6990553847" visible="true" version="1" changeset="77285766" timestamp="2019-11-19T17:59:56Z" user="Arun Balaji" uid="3427745" lat="30.3408015" lon="78.0423730"/>
 <node id="6990553848" visible="true" version="1" changeset="77285766" timestamp="2019-11-19T17:59:56Z" user="Arun Balaji" uid="3427745" lat="30.3407489" lon="78.0424763"/>
 <node id="6990553849" visible="true" version="1" changeset="77285766" timestamp="2019-11-19T17:59:56Z" user="Arun Balaji" uid="3427745" lat="30.3406850" lon="78.0424326"/>
 <node id="6990553850" visible="true" version="1" changeset="77285766" timestamp="2019-11-19T17:59:56Z" user="Arun Balaji" uid="3427745" lat="30.3407377" lon="78.0423293"/>
 <node id="6990553851" visible="true" version="1" changeset="77285766" timestamp="2019-11-19T17:59:56Z" user="Arun Balaji" uid="3427745" lat="30.3406362" lon="78.0425135"/>
 <node id="6990553852" visible="true" version="1" changeset="77285766" timestamp="2019-11-19T17:59:56Z" user="Arun Balaji" uid="3427745" lat="30.3405865" lon="78.0426201"/>
 <node id="6990553853" visible="true" version="1" changeset="77285766" timestamp="2019-11-19T17:59:56Z" user="Arun Balaji" uid="3427745" lat="30.3405045" lon="78.0425687"/>
 <node id="6990553854" visible="true" version="1" changeset="77285766" timestamp="2019-11-19T17:59:56Z" user="Arun Balaji" uid="3427745" lat="30.3405542" lon="78.0424621"/>
 <node id="6990553855" visible="true" version="1" changeset="77285766" timestamp="2019-11-19T17:59:56Z" user="Arun Balaji" uid="3427745" lat="30.3407039" lon="78.0423447"/>
 <node id="6990553856" visible="true" version="1" changeset="77285766" timestamp="2019-11-19T17:59:56Z" user="Arun Balaji" uid="3427745" lat="30.3406478" lon="78.0424567"/>
 <node id="6990553857" visible="true" version="1" changeset="77285766" timestamp="2019-11-19T17:59:56Z" user="Arun Balaji" uid="3427745" lat="30.3405681" lon="78.0424031"/>
 <node id="6990553858" visible="true" version="1" changeset="77285766" timestamp="2019-11-19T17:59:56Z" user="Arun Balaji" uid="3427745" lat="30.3406243" lon="78.0422911"/>
 <node id="7004470270" visible="true" version="1" changeset="77463928" timestamp="2019-11-23T17:00:17Z" user="Arun Balaji" uid="3427745" lat="30.3376248" lon="78.0454920"/>
 <node id="7004470271" visible="true" version="1" changeset="77463928" timestamp="2019-11-23T17:00:17Z" user="Arun Balaji" uid="3427745" lat="30.3375385" lon="78.0455168"/>
 <node id="7004470272" visible="true" version="1" changeset="77463928" timestamp="2019-11-23T17:00:17Z" user="Arun Balaji" uid="3427745" lat="30.3375530" lon="78.0455842"/>
 <node id="7004470273" visible="true" version="1" changeset="77463928" timestamp="2019-11-23T17:00:17Z" user="Arun Balaji" uid="3427745" lat="30.3376392" lon="78.0455594"/>
 <node id="7004470274" visible="true" version="1" changeset="77463928" timestamp="2019-11-23T17:00:17Z" user="Arun Balaji" uid="3427745" lat="30.3377173" lon="78.0456073"/>
 <node id="7004470275" visible="true" version="1" changeset="77463928" timestamp="2019-11-23T17:00:17Z" user="Arun Balaji" uid="3427745" lat="30.3376415" lon="78.0456978"/>
 <node id="7004470276" visible="true" version="1" changeset="77463928" timestamp="2019-11-23T17:00:17Z" user="Arun Balaji" uid="3427745" lat="30.3376930" lon="78.0457558"/>
 <node id="7004470277" visible="true" version="1" changeset="77463928" timestamp="2019-11-23T17:00:17Z" user="Arun Balaji" uid="3427745" lat="30.3377689" lon="78.0456653"/>
 <node id="7004470278" visible="true" version="1" changeset="77463928" timestamp="2019-11-23T17:00:17Z" user="Arun Balaji" uid="3427745" lat="30.3376642" lon="78.0458766"/>
 <node id="7004470279" visible="true" version="1" changeset="77463928" timestamp="2019-11-23T17:00:17Z" user="Arun Balaji" uid="3427745" lat="30.3375757" lon="78.0457814"/>
 <node id="7004470280" visible="true" version="1" changeset="77463928" timestamp="2019-11-23T17:00:17Z" user="Arun Balaji" uid="3427745" lat="30.3375327" lon="78.0458350"/>
 <node id="7004470281" visible="true" version="1" changeset="77463928" timestamp="2019-11-23T17:00:17Z" user="Arun Balaji" uid="3427745" lat="30.3376213" lon="78.0459302"/>
 <node id="7004470282" visible="true" version="1" changeset="77463928" timestamp="2019-11-23T17:00:17Z" user="Arun Balaji" uid="3427745" lat="30.3374327" lon="78.0461002"/>
 <node id="7004470283" visible="true" version="1" changeset="77463928" timestamp="2019-11-23T17:00:17Z" user="Arun Balaji" uid="3427745" lat="30.3374082" lon="78.0460728"/>
 <node id="7004470284" visible="true" version="1" changeset="77463928" timestamp="2019-11-23T17:00:17Z" user="Arun Balaji" uid="3427745" lat="30.3374532" lon="78.0460756"/>
 <node id="7004481885" visible="true" version="1" changeset="77463928" timestamp="2019-11-23T17:00:17Z" user="Arun Balaji" uid="3427745" lat="30.3373477" lon="78.0461455"/>
 <node id="7004481886" visible="true" version="1" changeset="77463928" timestamp="2019-11-23T17:00:17Z" user="Arun Balaji" uid="3427745" lat="30.3374118" lon="78.0462172"/>
 <node id="7004481887" visible="true" version="1" changeset="77463928" timestamp="2019-11-23T17:00:17Z" user="Arun Balaji" uid="3427745" lat="30.3374928" lon="78.0461200"/>
 <node id="7004481888" visible="true" version="1" changeset="77463928" timestamp="2019-11-23T17:00:17Z" user="Arun Balaji" uid="3427745" lat="30.3375524" lon="78.0462866"/>
 <node id="7004481889" visible="true" version="1" changeset="77463928" timestamp="2019-11-23T17:00:17Z" user="Arun Balaji" uid="3427745" lat="30.3375055" lon="78.0464221"/>
 <node id="7004481890" visible="true" version="1" changeset="77463928" timestamp="2019-11-23T17:00:17Z" user="Arun Balaji" uid="3427745" lat="30.3374181" lon="78.0463815"/>
 <node id="7004481891" visible="true" version="1" changeset="77463928" timestamp="2019-11-23T17:00:17Z" user="Arun Balaji" uid="3427745" lat="30.3374650" lon="78.0462460"/>
 <node id="7004481892" visible="true" version="1" changeset="77463928" timestamp="2019-11-23T17:00:17Z" user="Arun Balaji" uid="3427745" lat="30.3374384" lon="78.0462689"/>
 <node id="7004481893" visible="true" version="1" changeset="77463928" timestamp="2019-11-23T17:00:17Z" user="Arun Balaji" uid="3427745" lat="30.3374118" lon="78.0463494"/>
 <node id="7004481894" visible="true" version="1" changeset="77463928" timestamp="2019-11-23T17:00:17Z" user="Arun Balaji" uid="3427745" lat="30.3373331" lon="78.0463144"/>
 <node id="7004481895" visible="true" version="1" changeset="77463928" timestamp="2019-11-23T17:00:17Z" user="Arun Balaji" uid="3427745" lat="30.3373597" lon="78.0462340"/>
 <node id="7004481904" visible="true" version="1" changeset="77463928" timestamp="2019-11-23T17:00:17Z" user="Arun Balaji" uid="3427745" lat="30.3389816" lon="78.0460277"/>
 <node id="7004481905" visible="true" version="1" changeset="77463928" timestamp="2019-11-23T17:00:17Z" user="Arun Balaji" uid="3427745" lat="30.3388739" lon="78.0461592"/>
 <node id="7004481906" visible="true" version="1" changeset="77463928" timestamp="2019-11-23T17:00:17Z" user="Arun Balaji" uid="3427745" lat="30.3389529" lon="78.0462460"/>
 <node id="7004481907" visible="true" version="1" changeset="77463928" timestamp="2019-11-23T17:00:17Z" user="Arun Balaji" uid="3427745" lat="30.3390606" lon="78.0461146"/>
 <node id="7004481908" visible="true" version="1" changeset="77463928" timestamp="2019-11-23T17:00:17Z" user="Arun Balaji" uid="3427745" lat="30.3390031" lon="78.0454636"/>
 <node id="7004481909" visible="true" version="1" changeset="77463928" timestamp="2019-11-23T17:00:17Z" user="Arun Balaji" uid="3427745" lat="30.3388989" lon="78.0455951"/>
 <node id="7004481910" visible="true" version="1" changeset="77463928" timestamp="2019-11-23T17:00:17Z" user="Arun Balaji" uid="3427745" lat="30.3389877" lon="78.0456895"/>
 <node id="7004481911" visible="true" version="1" changeset="77463928" timestamp="2019-11-23T17:00:17Z" user="Arun Balaji" uid="3427745" lat="30.3390918" lon="78.0455580"/>
 <node id="7004481936" visible="true" version="1" changeset="77463928" timestamp="2019-11-23T17:00:17Z" user="Arun Balaji" uid="3427745" lat="30.3413569" lon="78.0440876"/>
 <node id="7004481937" visible="true" version="1" changeset="77463928" timestamp="2019-11-23T17:00:17Z" user="Arun Balaji" uid="3427745" lat="30.3412845" lon="78.0441405"/>
 <node id="7004481938" visible="true" version="1" changeset="77463928" timestamp="2019-11-23T17:00:17Z" user="Arun Balaji" uid="3427745" lat="30.3413251" lon="78.0442149"/>
 <node id="7004481939" visible="true" version="1" changeset="77463928" timestamp="2019-11-23T17:00:17Z" user="Arun Balaji" uid="3427745" lat="30.3413974" lon="78.0441619"/>
 <node id="7004481940" visible="true" version="1" changeset="77463928" timestamp="2019-11-23T17:00:17Z" user="Arun Balaji" uid="3427745" lat="30.3413356" lon="78.0442258"/>
 <node id="7004481941" visible="true" version="1" changeset="77463928" timestamp="2019-11-23T17:00:17Z" user="Arun Balaji" uid="3427745" lat="30.3412610" lon="78.0442848"/>
 <node id="7004481942" visible="true" version="1" changeset="77463928" timestamp="2019-11-23T17:00:17Z" user="Arun Balaji" uid="3427745" lat="30.3412921" lon="78.0443376"/>
 <node id="7004481943" visible="true" version="1" changeset="77463928" timestamp="2019-11-23T17:00:17Z" user="Arun Balaji" uid="3427745" lat="30.3413667" lon="78.0442786"/>
 <node id="7004481944" visible="true" version="1" changeset="77463928" timestamp="2019-11-23T17:00:17Z" user="Arun Balaji" uid="3427745" lat="30.3414001" lon="78.0444366"/>
 <node id="7004481945" visible="true" version="1" changeset="77463928" timestamp="2019-11-23T17:00:17Z" user="Arun Balaji" uid="3427745" lat="30.3413388" lon="78.0444863"/>
 <node id="7004481946" visible="true" version="1" changeset="77463928" timestamp="2019-11-23T17:00:17Z" user="Arun Balaji" uid="3427745" lat="30.3413054" lon="78.0444308"/>
 <node id="7004481947" visible="true" version="1" changeset="77463928" timestamp="2019-11-23T17:00:17Z" user="Arun Balaji" uid="3427745" lat="30.3413667" lon="78.0443812"/>
 <node id="7004481948" visible="true" version="1" changeset="77463928" timestamp="2019-11-23T17:00:17Z" user="Arun Balaji" uid="3427745" lat="30.3414841" lon="78.0444858"/>
 <node id="7004481949" visible="true" version="1" changeset="77463928" timestamp="2019-11-23T17:00:17Z" user="Arun Balaji" uid="3427745" lat="30.3414251" lon="78.0445461"/>
 <node id="7004481950" visible="true" version="1" changeset="77463928" timestamp="2019-11-23T17:00:17Z" user="Arun Balaji" uid="3427745" lat="30.3413812" lon="78.0444885"/>
 <node id="7004481951" visible="true" version="1" changeset="77463928" timestamp="2019-11-23T17:00:17Z" user="Arun Balaji" uid="3427745" lat="30.3414402" lon="78.0444282"/>
 <node id="7004481952" visible="true" version="1" changeset="77463928" timestamp="2019-11-23T17:00:17Z" user="Arun Balaji" uid="3427745" lat="30.3412486" lon="78.0426543"/>
 <node id="7004481953" visible="true" version="1" changeset="77463928" timestamp="2019-11-23T17:00:17Z" user="Arun Balaji" uid="3427745" lat="30.3411977" lon="78.0427958"/>
 <node id="7004481954" visible="true" version="1" changeset="77463928" timestamp="2019-11-23T17:00:17Z" user="Arun Balaji" uid="3427745" lat="30.3412620" lon="78.0428269"/>
 <node id="7004481955" visible="true" version="1" changeset="77463928" timestamp="2019-11-23T17:00:17Z" user="Arun Balaji" uid="3427745" lat="30.3413129" lon="78.0426854"/>
 <node id="7004481956" visible="true" version="1" changeset="77463928" timestamp="2019-11-23T17:00:17Z" user="Arun Balaji" uid="3427745" lat="30.3414722" lon="78.0427664"/>
 <node id="7004481957" visible="true" version="1" changeset="77463928" timestamp="2019-11-23T17:00:17Z" user="Arun Balaji" uid="3427745" lat="30.3414201" lon="78.0428609"/>
 <node id="7004481958" visible="true" version="1" changeset="77463928" timestamp="2019-11-23T17:00:17Z" user="Arun Balaji" uid="3427745" lat="30.3414674" lon="78.0428959"/>
 <node id="7004481959" visible="true" version="1" changeset="77463928" timestamp="2019-11-23T17:00:17Z" user="Arun Balaji" uid="3427745" lat="30.3415195" lon="78.0428014"/>
 <node id="7004481960" visible="true" version="1" changeset="77463928" timestamp="2019-11-23T17:00:17Z" user="Arun Balaji" uid="3427745" lat="30.3415568" lon="78.0428167"/>
 <node id="7004481961" visible="true" version="1" changeset="77463928" timestamp="2019-11-23T17:00:17Z" user="Arun Balaji" uid="3427745" lat="30.3415110" lon="78.0429394"/>
 <node id="7004481962" visible="true" version="1" changeset="77463928" timestamp="2019-11-23T17:00:17Z" user="Arun Balaji" uid="3427745" lat="30.3415930" lon="78.0429804"/>
 <node id="7004481963" visible="true" version="1" changeset="77463928" timestamp="2019-11-23T17:00:17Z" user="Arun Balaji" uid="3427745" lat="30.3416387" lon="78.0428577"/>
 <node id="7479937298" visible="true" version="1" changeset="84622990" timestamp="2020-05-04T12:15:07Z" user="Maps Maker" uid="9572140" lat="30.3409589" lon="78.0506694">
  <tag k="addr:district" v="Dehradun"/>
  <tag k="addr:full" v="16, New Cantonment Road, Ravindrapuri, Hathibarkala, Dehradun"/>
  <tag k="addr:postcode" v="248001"/>
  <tag k="addr:state" v="Uttarakhand"/>
  <tag k="amenity" v="clinic"/>
  <tag k="name" v="Amoli Clinic"/>
  <tag k="source" v="Local Knowledge"/>
 </node>
 <node id="9168906837" visible="true" version="3" changeset="126203873" timestamp="2022-09-15T04:10:48Z" user="VLD258" uid="10979442" lat="30.3447471" lon="78.0476907"/>
 <node id="9168906849" visible="true" version="4" changeset="126209536" timestamp="2022-09-15T07:22:11Z" user="VLD258" uid="10979442" lat="30.3430237" lon="78.0488446"/>
 <node id="9168906855" visible="true" version="3" changeset="126205682" timestamp="2022-09-15T05:31:54Z" user="VLD258" uid="10979442" lat="30.3390781" lon="78.0474134"/>
 <node id="9168906856" visible="true" version="2" changeset="126205682" timestamp="2022-09-15T05:31:54Z" user="VLD258" uid="10979442" lat="30.3385188" lon="78.0480406"/>
 <node id="9168906857" visible="true" version="2" changeset="126205682" timestamp="2022-09-15T05:31:54Z" user="VLD258" uid="10979442" lat="30.3384259" lon="78.0481606"/>
 <node id="9168906858" visible="true" version="2" changeset="126205682" timestamp="2022-09-15T05:31:54Z" user="VLD258" uid="10979442" lat="30.3382435" lon="78.0482766"/>
 <node id="9168906859" visible="true" version="2" changeset="126205682" timestamp="2022-09-15T05:31:54Z" user="VLD258" uid="10979442" lat="30.3381151" lon="78.0482445"/>
 <node id="9168906861" visible="true" version="3" changeset="126206210" timestamp="2022-09-15T05:51:36Z" user="VLD258" uid="10979442" lat="30.3378439" lon="78.0479881"/>
 <node id="9168906863" visible="true" version="3" changeset="126206210" timestamp="2022-09-15T05:51:36Z" user="VLD258" uid="10979442" lat="30.3379035" lon="78.0477586"/>
 <node id="9168906864" visible="true" version="2" changeset="126206210" timestamp="2022-09-15T05:51:36Z" user="VLD258" uid="10979442" lat="30.3379457" lon="78.0476187"/>
 <node id="9168906865" visible="true" version="2" changeset="126205501" timestamp="2022-09-15T05:24:57Z" user="VLD258" uid="10979442" lat="30.3394689" lon="78.0508494"/>
 <node id="9170873255" visible="true" version="3" changeset="126204234" timestamp="2022-09-15T04:29:51Z" user="VLD258" uid="10979442" lat="30.3377142" lon="78.0409930"/>
 <node id="10024178879" visible="true" version="1" changeset="126176131" timestamp="2022-09-14T11:12:25Z" user="VLD258" uid="10979442" lat="30.3389081" lon="78.0526631"/>
 <node id="10024178880" visible="true" version="1" changeset="126176131" timestamp="2022-09-14T11:12:25Z" user="VLD258" uid="10979442" lat="30.3389401" lon="78.0527249"/>
 <node id="10024178881" visible="true" version="1" changeset="126176131" timestamp="2022-09-14T11:12:25Z" user="VLD258" uid="10979442" lat="30.3390283" lon="78.0527451"/>
 <node id="10024178882" visible="true" version="1" changeset="126176131" timestamp="2022-09-14T11:12:25Z" user="VLD258" uid="10979442" lat="30.3394053" lon="78.0527385"/>
 <node id="10024178883" visible="true" version="1" changeset="126176131" timestamp="2022-09-14T11:12:25Z" user="VLD258" uid="10979442" lat="30.3394671" lon="78.0527493"/>
 <node id="10024178884" visible="true" version="1" changeset="126176131" timestamp="2022-09-14T11:12:25Z" user="VLD258" uid="10979442" lat="30.3395747" lon="78.0528244"/>
 <node id="10026058714" visible="true" version="1" changeset="126203169" timestamp="2022-09-15T03:18:31Z" user="VLD258" uid="10979442" lat="30.3460621" lon="78.0457214"/>
 <node id="10026058715" visible="true" version="1" changeset="126203169" timestamp="2022-09-15T03:18:31Z" user="VLD258" uid="10979442" lat="30.3457854" lon="78.0458654"/>
 <node id="10026058716" visible="true" version="1" changeset="126203169" timestamp="2022-09-15T03:18:31Z" user="VLD258" uid="10979442" lat="30.3455475" lon="78.0464130"/>
 <node id="10026059617" visible="true" version="1" changeset="126203169" timestamp="2022-09-15T03:18:31Z" user="VLD258" uid="10979442" lat="30.3457206" lon="78.0468801"/>
 <node id="10026059618" visible="true" version="1" changeset="126203169" timestamp="2022-09-15T03:18:31Z" user="VLD258" uid="10979442" lat="30.3457470" lon="78.0471540"/>
 <node id="10026059619" visible="true" version="1" changeset="126203169" timestamp="2022-09-15T03:18:31Z" user="VLD258" uid="10979442" lat="30.3441090" lon="78.0480283"/>
 <node id="10026059620" visible="true" version="1" changeset="126203169" timestamp="2022-09-15T03:18:31Z" user="VLD258" uid="10979442" lat="30.3404971" lon="78.0509213"/>
 <node id="10026059621" visible="true" version="1" changeset="126203169" timestamp="2022-09-15T03:18:31Z" user="VLD258" uid="10979442" lat="30.3407585" lon="78.0506855"/>
 <node id="10026059622" visible="true" version="1" changeset="126203169" timestamp="2022-09-15T03:18:31Z" user="VLD258" uid="10979442" lat="30.3401975" lon="78.0512284"/>
 <node id="10026059623" visible="true" version="1" changeset="126203169" timestamp="2022-09-15T03:18:31Z" user="VLD258" uid="10979442" lat="30.3401128" lon="78.0513087"/>
 <node id="10026059624" visible="true" version="2" changeset="126203281" timestamp="2022-09-15T03:27:01Z" user="VLD258" uid="10979442" lat="30.3398715" lon="78.0515195"/>
 <node id="10026059625" visible="true" version="1" changeset="126203169" timestamp="2022-09-15T03:18:31Z" user="VLD258" uid="10979442" lat="30.3395679" lon="78.0517296"/>
 <node id="10026059626" visible="true" version="1" changeset="126203169" timestamp="2022-09-15T03:18:31Z" user="VLD258" uid="10979442" lat="30.3393795" lon="78.0518435"/>
 <node id="10026070449" visible="true" version="1" changeset="126203434" timestamp="2022-09-15T03:40:33Z" user="VLD258" uid="10979442" lat="30.3458765" lon="78.0457968"/>
 <node id="10026084102" visible="true" version="1" changeset="126204356" timestamp="2022-09-15T04:36:01Z" user="VLD258" uid="10979442" lat="30.3397759" lon="78.0417832"/>
 <node id="10026084343" visible="true" version="1" changeset="126204059" timestamp="2022-09-15T04:22:26Z" user="VLD258" uid="10979442" lat="30.3373124" lon="78.0417643"/>
 <node id="10026084344" visible="true" version="1" changeset="126204059" timestamp="2022-09-15T04:22:26Z" user="VLD258" uid="10979442" lat="30.3373241" lon="78.0419373"/>
 <node id="10026084345" visible="true" version="1" changeset="126204059" timestamp="2022-09-15T04:22:26Z" user="VLD258" uid="10979442" lat="30.3373843" lon="78.0415286"/>
 <node id="10026084346" visible="true" version="1" changeset="126204059" timestamp="2022-09-15T04:22:26Z" user="VLD258" uid="10979442" lat="30.3378133" lon="78.0408930"/>
 <node id="10026084347" visible="true" version="1" changeset="126204059" timestamp="2022-09-15T04:22:26Z" user="VLD258" uid="10979442" lat="30.3379805" lon="78.0407808"/>
 <node id="10026084348" visible="true" version="1" changeset="126204059" timestamp="2022-09-15T04:22:26Z" user="VLD258" uid="10979442" lat="30.3382355" lon="78.0407526"/>
 <node id="10026084349" visible="true" version="1" changeset="126204059" timestamp="2022-09-15T04:22:26Z" user="VLD258" uid="10979442" lat="30.3389467" lon="78.0409134"/>
 <node id="10026084350" visible="true" version="1" changeset="126204059" timestamp="2022-09-15T04:22:26Z" user="VLD258" uid="10979442" lat="30.3391086" lon="78.0409084"/>
 <node id="10026094393" visible="true" version="1" changeset="126204634" timestamp="2022-09-15T04:50:30Z" user="VLD258" uid="10979442" lat="30.3392679" lon="78.0426205"/>
 <node id="10026094398" visible="true" version="1" changeset="126204634" timestamp="2022-09-15T04:50:30Z" user="VLD258" uid="10979442" lat="30.3390502" lon="78.0424622"/>
 <node id="10026094399" visible="true" version="1" changeset="126204634" timestamp="2022-09-15T04:50:30Z" user="VLD258" uid="10979442" lat="30.3390342" lon="78.0424376"/>
 <node id="10026094400" visible="true" version="1" changeset="126204634" timestamp="2022-09-15T04:50:30Z" user="VLD258" uid="10979442" lat="30.3390606" lon="78.0424758"/>
 <node id="10026094401" visible="true" version="1" changeset="126204634" timestamp="2022-09-15T04:50:30Z" user="VLD258" uid="10979442" lat="30.3389958" lon="78.0423863"/>
 <node id="10026094402" visible="true" version="1" changeset="126204634" timestamp="2022-09-15T04:50:30Z" user="VLD258" uid="10979442" lat="30.3393494" lon="78.0426456"/>
 <node id="10026094403" visible="true" version="1" changeset="126204634" timestamp="2022-09-15T04:50:30Z" user="VLD258" uid="10979442" lat="30.3393977" lon="78.0426673"/>
 <node id="10026094404" visible="true" version="1" changeset="126204634" timestamp="2022-09-15T04:50:30Z" user="VLD258" uid="10979442" lat="30.3394233" lon="78.0426957"/>
 <node id="10026094405" visible="true" version="1" changeset="126204634" timestamp="2022-09-15T04:50:30Z" user="VLD258" uid="10979442" lat="30.3394322" lon="78.0428293"/>
 <node id="10026094406" visible="true" version="1" changeset="126204634" timestamp="2022-09-15T04:50:30Z" user="VLD258" uid="10979442" lat="30.3393749" lon="78.0428991"/>
 <node id="10026094407" visible="true" version="1" changeset="126204634" timestamp="2022-09-15T04:50:30Z" user="VLD258" uid="10979442" lat="30.3393684" lon="78.0430081"/>
 <node id="10026094408" visible="true" version="1" changeset="126204634" timestamp="2022-09-15T04:50:30Z" user="VLD258" uid="10979442" lat="30.3393649" lon="78.0430807"/>
 <node id="10026094409" visible="true" version="1" changeset="126204634" timestamp="2022-09-15T04:50:30Z" user="VLD258" uid="10979442" lat="30.3393523" lon="78.0431612"/>
 <node id="10026094410" visible="true" version="1" changeset="126204634" timestamp="2022-09-15T04:50:30Z" user="VLD258" uid="10979442" lat="30.3393692" lon="78.0433048"/>
 <node id="10026094411" visible="true" version="1" changeset="126204634" timestamp="2022-09-15T04:50:30Z" user="VLD258" uid="10979442" lat="30.3393907" lon="78.0433404"/>
 <node id="10026094412" visible="true" version="1" changeset="126204634" timestamp="2022-09-15T04:50:30Z" user="VLD258" uid="10979442" lat="30.3394347" lon="78.0434008"/>
 <node id="10026094413" visible="true" version="1" changeset="126204634" timestamp="2022-09-15T04:50:30Z" user="VLD258" uid="10979442" lat="30.3394649" lon="78.0435338"/>
 <node id="10026094414" visible="true" version="1" changeset="126204634" timestamp="2022-09-15T04:50:30Z" user="VLD258" uid="10979442" lat="30.3394729" lon="78.0436589"/>
 <node id="10026094415" visible="true" version="1" changeset="126204634" timestamp="2022-09-15T04:50:30Z" user="VLD258" uid="10979442" lat="30.3394905" lon="78.0438587"/>
 <node id="10026094416" visible="true" version="1" changeset="126204634" timestamp="2022-09-15T04:50:30Z" user="VLD258" uid="10979442" lat="30.3395186" lon="78.0439256"/>
 <node id="10026095007" visible="true" version="1" changeset="126204959" timestamp="2022-09-15T05:03:06Z" user="VLD258" uid="10979442" lat="30.3403192" lon="78.0422280"/>
 <node id="10026095008" visible="true" version="1" changeset="126204959" timestamp="2022-09-15T05:03:06Z" user="VLD258" uid="10979442" lat="30.3405345" lon="78.0423811"/>
 <node id="10026095009" visible="true" version="1" changeset="126204959" timestamp="2022-09-15T05:03:06Z" user="VLD258" uid="10979442" lat="30.3414626" lon="78.0417521"/>
 <node id="10026095010" visible="true" version="1" changeset="126204959" timestamp="2022-09-15T05:03:06Z" user="VLD258" uid="10979442" lat="30.3414929" lon="78.0420683"/>
 <node id="10026095011" visible="true" version="1" changeset="126204959" timestamp="2022-09-15T05:03:06Z" user="VLD258" uid="10979442" lat="30.3415012" lon="78.0421344"/>
 <node id="10026095012" visible="true" version="1" changeset="126204959" timestamp="2022-09-15T05:03:06Z" user="VLD258" uid="10979442" lat="30.3415433" lon="78.0422447"/>
 <node id="10026095013" visible="true" version="1" changeset="126204959" timestamp="2022-09-15T05:03:06Z" user="VLD258" uid="10979442" lat="30.3417567" lon="78.0425441"/>
 <node id="10026095014" visible="true" version="1" changeset="126204959" timestamp="2022-09-15T05:03:06Z" user="VLD258" uid="10979442" lat="30.3418035" lon="78.0426173"/>
 <node id="10026095015" visible="true" version="1" changeset="126204959" timestamp="2022-09-15T05:03:06Z" user="VLD258" uid="10979442" lat="30.3418224" lon="78.0426696"/>
 <node id="10026095016" visible="true" version="1" changeset="126204959" timestamp="2022-09-15T05:03:06Z" user="VLD258" uid="10979442" lat="30.3418083" lon="78.0427768"/>
 <node id="10026104363" visible="true" version="1" changeset="126204234" timestamp="2022-09-15T04:29:51Z" user="VLD258" uid="10979442" lat="30.3407801" lon="78.0480394"/>
 <node id="10026104364" visible="true" version="1" changeset="126204234" timestamp="2022-09-15T04:29:51Z" user="VLD258" uid="10979442" lat="30.3406335" lon="78.0481981"/>
 <node id="10026104365" visible="true" version="1" changeset="126204234" timestamp="2022-09-15T04:29:51Z" user="VLD258" uid="10979442" lat="30.3405008" lon="78.0482812"/>
 <node id="10026104366" visible="true" version="1" changeset="126204234" timestamp="2022-09-15T04:29:51Z" user="VLD258" uid="10979442" lat="30.3404264" lon="78.0483355"/>
 <node id="10026104367" visible="true" version="1" changeset="126204234" timestamp="2022-09-15T04:29:51Z" user="VLD258" uid="10979442" lat="30.3399745" lon="78.0487826"/>
 <node id="10026104368" visible="true" version="1" changeset="126204234" timestamp="2022-09-15T04:29:51Z" user="VLD258" uid="10979442" lat="30.3399062" lon="78.0488659"/>
 <node id="10026104369" visible="true" version="1" changeset="126204234" timestamp="2022-09-15T04:29:51Z" user="VLD258" uid="10979442" lat="30.3414782" lon="78.0478498"/>
 <node id="10026104370" visible="true" version="1" changeset="126204234" timestamp="2022-09-15T04:29:51Z" user="VLD258" uid="10979442" lat="30.3414834" lon="78.0478084"/>
 <node id="10026104371" visible="true" version="1" changeset="126204234" timestamp="2022-09-15T04:29:51Z" user="VLD258" uid="10979442" lat="30.3414867" lon="78.0478291"/>
 <node id="10026104372" visible="true" version="1" changeset="126204234" timestamp="2022-09-15T04:29:51Z" user="VLD258" uid="10979442" lat="30.3412513" lon="78.0481590"/>
 <node id="10026104373" visible="true" version="1" changeset="126204234" timestamp="2022-09-15T04:29:51Z" user="VLD258" uid="10979442" lat="30.3412367" lon="78.0481694"/>
 <node id="10026104374" visible="true" version="1" changeset="126204234" timestamp="2022-09-15T04:29:51Z" user="VLD258" uid="10979442" lat="30.3412160" lon="78.0481711"/>
 <node id="10026104375" visible="true" version="1" changeset="126204234" timestamp="2022-09-15T04:29:51Z" user="VLD258" uid="10979442" lat="30.3399630" lon="78.0476563"/>
 <node id="10026104376" visible="true" version="1" changeset="126204234" timestamp="2022-09-15T04:29:51Z" user="VLD258" uid="10979442" lat="30.3399833" lon="78.0475549"/>
 <node id="10026104377" visible="true" version="1" changeset="126204234" timestamp="2022-09-15T04:29:51Z" user="VLD258" uid="10979442" lat="30.3399803" lon="78.0476081"/>
 <node id="10026104378" visible="true" version="2" changeset="126216849" timestamp="2022-09-15T10:19:12Z" user="VLD258" uid="10979442" lat="30.3385952" lon="78.0459289"/>
 <node id="10026104379" visible="true" version="2" changeset="126216849" timestamp="2022-09-15T10:19:12Z" user="VLD258" uid="10979442" lat="30.3389932" lon="78.0452896"/>
 <node id="10026104380" visible="true" version="1" changeset="126204234" timestamp="2022-09-15T04:29:51Z" user="VLD258" uid="10979442" lat="30.3392289" lon="78.0449724"/>
 <node id="10026125917" visible="true" version="1" changeset="126204634" timestamp="2022-09-15T04:50:30Z" user="VLD258" uid="10979442" lat="30.3395930" lon="78.0441266"/>
 <node id="10026125918" visible="true" version="1" changeset="126204634" timestamp="2022-09-15T04:50:30Z" user="VLD258" uid="10979442" lat="30.3395759" lon="78.0442609"/>
 <node id="10026125919" visible="true" version="1" changeset="126204634" timestamp="2022-09-15T04:50:30Z" user="VLD258" uid="10979442" lat="30.3395720" lon="78.0443270"/>
 <node id="10026125920" visible="true" version="1" changeset="126204634" timestamp="2022-09-15T04:50:30Z" user="VLD258" uid="10979442" lat="30.3396155" lon="78.0444755"/>
 <node id="10026125921" visible="true" version="1" changeset="126204634" timestamp="2022-09-15T04:50:30Z" user="VLD258" uid="10979442" lat="30.3396365" lon="78.0445645"/>
 <node id="10026125922" visible="true" version="1" changeset="126204634" timestamp="2022-09-15T04:50:30Z" user="VLD258" uid="10979442" lat="30.3396304" lon="78.0446758"/>
 <node id="10026125923" visible="true" version="1" changeset="126204634" timestamp="2022-09-15T04:50:30Z" user="VLD258" uid="10979442" lat="30.3396761" lon="78.0447704"/>
 <node id="10026125924" visible="true" version="1" changeset="126204634" timestamp="2022-09-15T04:50:30Z" user="VLD258" uid="10979442" lat="30.3397476" lon="78.0448094"/>
 <node id="10026125925" visible="true" version="1" changeset="126204634" timestamp="2022-09-15T04:50:30Z" user="VLD258" uid="10979442" lat="30.3397681" lon="78.0449779"/>
 <node id="10026125926" visible="true" version="1" changeset="126204634" timestamp="2022-09-15T04:50:30Z" user="VLD258" uid="10979442" lat="30.3399050" lon="78.0451188"/>
 <node id="10026125927" visible="true" version="1" changeset="126204634" timestamp="2022-09-15T04:50:30Z" user="VLD258" uid="10979442" lat="30.3397240" lon="78.0447900"/>
 <node id="10026125928" visible="true" version="1" changeset="126204634" timestamp="2022-09-15T04:50:30Z" user="VLD258" uid="10979442" lat="30.3397960" lon="78.0450337"/>
 <node id="10026125929" visible="true" version="1" changeset="126204634" timestamp="2022-09-15T04:50:30Z" user="VLD258" uid="10979442" lat="30.3397621" lon="78.0449293"/>
 <node id="10026125930" visible="true" version="1" changeset="126204634" timestamp="2022-09-15T04:50:30Z" user="VLD258" uid="10979442" lat="30.3397814" lon="78.0450110"/>
 <node id="10026125931" visible="true" version="1" changeset="126204634" timestamp="2022-09-15T04:50:30Z" user="VLD258" uid="10979442" lat="30.3398266" lon="78.0450655"/>
 <node id="10026125932" visible="true" version="1" changeset="126204634" timestamp="2022-09-15T04:50:30Z" user="VLD258" uid="10979442" lat="30.3397687" lon="78.0448771"/>
 <node id="10026125933" visible="true" version="1" changeset="126204634" timestamp="2022-09-15T04:50:30Z" user="VLD258" uid="10979442" lat="30.3397669" lon="78.0448436"/>
 <node id="10026125934" visible="true" version="1" changeset="126204634" timestamp="2022-09-15T04:50:30Z" user="VLD258" uid="10979442" lat="30.3396881" lon="78.0447769"/>
 <node id="10026125935" visible="true" version="1" changeset="126204634" timestamp="2022-09-15T04:50:30Z" user="VLD258" uid="10979442" lat="30.3396455" lon="78.0447392"/>
 <node id="10026125936" visible="true" version="1" changeset="126204634" timestamp="2022-09-15T04:50:30Z" user="VLD258" uid="10979442" lat="30.3396598" lon="78.0447581"/>
 <node id="10026125937" visible="true" version="1" changeset="126204634" timestamp="2022-09-15T04:50:30Z" user="VLD258" uid="10979442" lat="30.3396361" lon="78.0447171"/>
 <node id="10026125938" visible="true" version="1" changeset="126204634" timestamp="2022-09-15T04:50:30Z" user="VLD258" uid="10979442" lat="30.3396354" lon="78.0446197"/>
 <node id="10026125939" visible="true" version="1" changeset="126204634" timestamp="2022-09-15T04:50:30Z" user="VLD258" uid="10979442" lat="30.3395872" lon="78.0444094"/>
 <node id="10026125940" visible="true" version="1" changeset="126204634" timestamp="2022-09-15T04:50:30Z" user="VLD258" uid="10979442" lat="30.3396292" lon="78.0445176"/>
 <node id="10026125941" visible="true" version="1" changeset="126204634" timestamp="2022-09-15T04:50:30Z" user="VLD258" uid="10979442" lat="30.3395602" lon="78.0440137"/>
 <node id="10026125942" visible="true" version="1" changeset="126204634" timestamp="2022-09-15T04:50:30Z" user="VLD258" uid="10979442" lat="30.3395820" lon="78.0440657"/>
 <node id="10026125943" visible="true" version="1" changeset="126204634" timestamp="2022-09-15T04:50:30Z" user="VLD258" uid="10979442" lat="30.3395891" lon="78.0441869"/>
 <node id="10026125944" visible="true" version="1" changeset="126204634" timestamp="2022-09-15T04:50:30Z" user="VLD258" uid="10979442" lat="30.3394802" lon="78.0437577"/>
 <node id="10026125945" visible="true" version="1" changeset="126204634" timestamp="2022-09-15T04:50:30Z" user="VLD258" uid="10979442" lat="30.3394559" lon="78.0434457"/>
 <node id="10026125946" visible="true" version="1" changeset="126204634" timestamp="2022-09-15T04:50:30Z" user="VLD258" uid="10979442" lat="30.3394624" lon="78.0434929"/>
 <node id="10026125947" visible="true" version="1" changeset="126204634" timestamp="2022-09-15T04:50:30Z" user="VLD258" uid="10979442" lat="30.3393559" lon="78.0432573"/>
 <node id="10026125948" visible="true" version="1" changeset="126204634" timestamp="2022-09-15T04:50:30Z" user="VLD258" uid="10979442" lat="30.3393524" lon="78.0432072"/>
 <node id="10026125949" visible="true" version="1" changeset="126204634" timestamp="2022-09-15T04:50:30Z" user="VLD258" uid="10979442" lat="30.3393610" lon="78.0431153"/>
 <node id="10026125950" visible="true" version="1" changeset="126204634" timestamp="2022-09-15T04:50:30Z" user="VLD258" uid="10979442" lat="30.3393868" lon="78.0428742"/>
 <node id="10026125951" visible="true" version="1" changeset="126204634" timestamp="2022-09-15T04:50:30Z" user="VLD258" uid="10979442" lat="30.3393708" lon="78.0429294"/>
 <node id="10026125952" visible="true" version="1" changeset="126204634" timestamp="2022-09-15T04:50:30Z" user="VLD258" uid="10979442" lat="30.3394115" lon="78.0428598"/>
 <node id="10026125953" visible="true" version="1" changeset="126204634" timestamp="2022-09-15T04:50:30Z" user="VLD258" uid="10979442" lat="30.3394271" lon="78.0428452"/>
 <node id="10026125954" visible="true" version="1" changeset="126204634" timestamp="2022-09-15T04:50:30Z" user="VLD258" uid="10979442" lat="30.3394212" lon="78.0428532"/>
 <node id="10026125955" visible="true" version="1" changeset="126204634" timestamp="2022-09-15T04:50:30Z" user="VLD258" uid="10979442" lat="30.3393778" lon="78.0428859"/>
 <node id="10026125956" visible="true" version="1" changeset="126204634" timestamp="2022-09-15T04:50:30Z" user="VLD258" uid="10979442" lat="30.3394284" lon="78.0427198"/>
 <node id="10026125957" visible="true" version="1" changeset="126204634" timestamp="2022-09-15T04:50:30Z" user="VLD258" uid="10979442" lat="30.3394102" lon="78.0426789"/>
 <node id="10026125958" visible="true" version="1" changeset="126204634" timestamp="2022-09-15T04:50:30Z" user="VLD258" uid="10979442" lat="30.3393715" lon="78.0426539"/>
 <node id="10026125959" visible="true" version="1" changeset="126204634" timestamp="2022-09-15T04:50:30Z" user="VLD258" uid="10979442" lat="30.3393139" lon="78.0426401"/>
 <node id="10026125960" visible="true" version="1" changeset="126204634" timestamp="2022-09-15T04:50:30Z" user="VLD258" uid="10979442" lat="30.3392883" lon="78.0426323"/>
 <node id="10026125961" visible="true" version="1" changeset="126204634" timestamp="2022-09-15T04:50:30Z" user="VLD258" uid="10979442" lat="30.3391634" lon="78.0425548"/>
 <node id="10026125962" visible="true" version="1" changeset="126204634" timestamp="2022-09-15T04:50:30Z" user="VLD258" uid="10979442" lat="30.3393487" lon="78.0418996"/>
 <node id="10026125963" visible="true" version="1" changeset="126204634" timestamp="2022-09-15T04:50:30Z" user="VLD258" uid="10979442" lat="30.3393450" lon="78.0418317"/>
 <node id="10026125964" visible="true" version="1" changeset="126204634" timestamp="2022-09-15T04:50:30Z" user="VLD258" uid="10979442" lat="30.3393556" lon="78.0418753"/>
 <node id="10026125965" visible="true" version="1" changeset="126204634" timestamp="2022-09-15T04:50:30Z" user="VLD258" uid="10979442" lat="30.3393549" lon="78.0418535"/>
 <node id="10026125969" visible="true" version="1" changeset="126204634" timestamp="2022-09-15T04:50:30Z" user="VLD258" uid="10979442" lat="30.3389318" lon="78.0424582"/>
 <node id="10026125970" visible="true" version="1" changeset="126204634" timestamp="2022-09-15T04:50:30Z" user="VLD258" uid="10979442" lat="30.3388959" lon="78.0425266"/>
 <node id="10026125971" visible="true" version="1" changeset="126204634" timestamp="2022-09-15T04:50:30Z" user="VLD258" uid="10979442" lat="30.3388983" lon="78.0426165"/>
 <node id="10026125972" visible="true" version="1" changeset="126204634" timestamp="2022-09-15T04:50:30Z" user="VLD258" uid="10979442" lat="30.3389520" lon="78.0427002"/>
 <node id="10026125973" visible="true" version="1" changeset="126204634" timestamp="2022-09-15T04:50:30Z" user="VLD258" uid="10979442" lat="30.3390773" lon="78.0428437"/>
 <node id="10026125974" visible="true" version="1" changeset="126204634" timestamp="2022-09-15T04:50:30Z" user="VLD258" uid="10979442" lat="30.3390383" lon="78.0429236"/>
 <node id="10026125975" visible="true" version="1" changeset="126204634" timestamp="2022-09-15T04:50:30Z" user="VLD258" uid="10979442" lat="30.3389130" lon="78.0424868"/>
 <node id="10026125976" visible="true" version="1" changeset="126204634" timestamp="2022-09-15T04:50:30Z" user="VLD258" uid="10979442" lat="30.3388925" lon="78.0425662"/>
 <node id="10026125977" visible="true" version="1" changeset="126204634" timestamp="2022-09-15T04:50:30Z" user="VLD258" uid="10979442" lat="30.3389199" lon="78.0426585"/>
 <node id="10026125978" visible="true" version="1" changeset="126204634" timestamp="2022-09-15T04:50:30Z" user="VLD258" uid="10979442" lat="30.3390687" lon="78.0428679"/>
 <node id="10026125979" visible="true" version="1" changeset="126204634" timestamp="2022-09-15T04:50:30Z" user="VLD258" uid="10979442" lat="30.3390715" lon="78.0428171"/>
 <node id="10026125980" visible="true" version="1" changeset="126204634" timestamp="2022-09-15T04:50:30Z" user="VLD258" uid="10979442" lat="30.3390768" lon="78.0428270"/>
 <node id="10026125981" visible="true" version="1" changeset="126204634" timestamp="2022-09-15T04:50:30Z" user="VLD258" uid="10979442" lat="30.3388416" lon="78.0422358"/>
 <node id="10026125982" visible="true" version="1" changeset="126204634" timestamp="2022-09-15T04:50:30Z" user="VLD258" uid="10979442" lat="30.3387203" lon="78.0424321"/>
 <node id="10026125983" visible="true" version="1" changeset="126204634" timestamp="2022-09-15T04:50:30Z" user="VLD258" uid="10979442" lat="30.3398239" lon="78.0418779"/>
 <node id="10026125984" visible="true" version="1" changeset="126204634" timestamp="2022-09-15T04:50:30Z" user="VLD258" uid="10979442" lat="30.3398314" lon="78.0419703"/>
 <node id="10026125985" visible="true" version="1" changeset="126204634" timestamp="2022-09-15T04:50:30Z" user="VLD258" uid="10979442" lat="30.3396682" lon="78.0422952"/>
 <node id="10026125986" visible="true" version="1" changeset="126204634" timestamp="2022-09-15T04:50:30Z" user="VLD258" uid="10979442" lat="30.3396815" lon="78.0423725"/>
 <node id="10026125987" visible="true" version="1" changeset="126204634" timestamp="2022-09-15T04:50:30Z" user="VLD258" uid="10979442" lat="30.3396692" lon="78.0423534"/>
 <node id="10026125988" visible="true" version="1" changeset="126204634" timestamp="2022-09-15T04:50:30Z" user="VLD258" uid="10979442" lat="30.3396640" lon="78.0423348"/>
 <node id="10026125989" visible="true" version="1" changeset="126204634" timestamp="2022-09-15T04:50:30Z" user="VLD258" uid="10979442" lat="30.3411503" lon="78.0426215"/>
 <node id="10026125990" visible="true" version="1" changeset="126204634" timestamp="2022-09-15T04:50:30Z" user="VLD258" uid="10979442" lat="30.3407150" lon="78.0429782"/>
 <node id="10026125991" visible="true" version="1" changeset="126204634" timestamp="2022-09-15T04:50:30Z" user="VLD258" uid="10979442" lat="30.3406374" lon="78.0429738"/>
 <node id="10026125992" visible="true" version="1" changeset="126204634" timestamp="2022-09-15T04:50:30Z" user="VLD258" uid="10979442" lat="30.3395910" lon="78.0429249"/>
 <node id="10026125993" visible="true" version="1" changeset="126204634" timestamp="2022-09-15T04:50:30Z" user="VLD258" uid="10979442" lat="30.3395898" lon="78.0429800"/>
 <node id="10026125994" visible="true" version="1" changeset="126204634" timestamp="2022-09-15T04:50:30Z" user="VLD258" uid="10979442" lat="30.3396839" lon="78.0431766"/>
 <node id="10026125995" visible="true" version="1" changeset="126204634" timestamp="2022-09-15T04:50:30Z" user="VLD258" uid="10979442" lat="30.3396616" lon="78.0432436"/>
 <node id="10026125996" visible="true" version="1" changeset="126204634" timestamp="2022-09-15T04:50:30Z" user="VLD258" uid="10979442" lat="30.3396810" lon="78.0432065"/>
 <node id="10026125997" visible="true" version="1" changeset="126204634" timestamp="2022-09-15T04:50:30Z" user="VLD258" uid="10979442" lat="30.3403361" lon="78.0427904"/>
 <node id="10026125998" visible="true" version="1" changeset="126204634" timestamp="2022-09-15T04:50:30Z" user="VLD258" uid="10979442" lat="30.3401757" lon="78.0430854"/>
 <node id="10026127992" visible="true" version="1" changeset="126206210" timestamp="2022-09-15T05:51:36Z" user="VLD258" uid="10979442" lat="30.3379444" lon="78.0477104"/>
 <node id="10026127993" visible="true" version="1" changeset="126206210" timestamp="2022-09-15T05:51:36Z" user="VLD258" uid="10979442" lat="30.3380476" lon="78.0477357"/>
 <node id="10026127994" visible="true" version="1" changeset="126206210" timestamp="2022-09-15T05:51:36Z" user="VLD258" uid="10979442" lat="30.3382206" lon="78.0478458"/>
 <node id="10026127995" visible="true" version="1" changeset="126206210" timestamp="2022-09-15T05:51:36Z" user="VLD258" uid="10979442" lat="30.3379750" lon="78.0477088"/>
 <node id="10026127996" visible="true" version="1" changeset="126206210" timestamp="2022-09-15T05:51:36Z" user="VLD258" uid="10979442" lat="30.3379188" lon="78.0477292"/>
 <node id="10026127997" visible="true" version="1" changeset="126206210" timestamp="2022-09-15T05:51:36Z" user="VLD258" uid="10979442" lat="30.3380156" lon="78.0477211"/>
 <node id="10026127998" visible="true" version="1" changeset="126206210" timestamp="2022-09-15T05:51:36Z" user="VLD258" uid="10979442" lat="30.3386183" lon="78.0467785"/>
 <node id="10026127999" visible="true" version="1" changeset="126206210" timestamp="2022-09-15T05:51:36Z" user="VLD258" uid="10979442" lat="30.3385437" lon="78.0468466"/>
 <node id="10026128000" visible="true" version="1" changeset="126206210" timestamp="2022-09-15T05:51:36Z" user="VLD258" uid="10979442" lat="30.3385064" lon="78.0468849"/>
 <node id="10026128001" visible="true" version="1" changeset="126206210" timestamp="2022-09-15T05:51:36Z" user="VLD258" uid="10979442" lat="30.3383396" lon="78.0471462"/>
 <node id="10026128002" visible="true" version="1" changeset="126206210" timestamp="2022-09-15T05:51:36Z" user="VLD258" uid="10979442" lat="30.3381164" lon="78.0475248"/>
 <node id="10026128003" visible="true" version="1" changeset="126206210" timestamp="2022-09-15T05:51:36Z" user="VLD258" uid="10979442" lat="30.3380021" lon="78.0476190"/>
 <node id="10026128004" visible="true" version="1" changeset="126206210" timestamp="2022-09-15T05:51:36Z" user="VLD258" uid="10979442" lat="30.3380396" lon="78.0476062"/>
 <node id="10026128005" visible="true" version="1" changeset="126206210" timestamp="2022-09-15T05:51:36Z" user="VLD258" uid="10979442" lat="30.3376786" lon="78.0475551"/>
 <node id="10026128006" visible="true" version="1" changeset="126206210" timestamp="2022-09-15T05:51:36Z" user="VLD258" uid="10979442" lat="30.3373593" lon="78.0474362"/>
 <node id="10026128007" visible="true" version="1" changeset="126206210" timestamp="2022-09-15T05:51:36Z" user="VLD258" uid="10979442" lat="30.3370640" lon="78.0472143"/>
 <node id="10026128008" visible="true" version="1" changeset="126206210" timestamp="2022-09-15T05:51:36Z" user="VLD258" uid="10979442" lat="30.3370257" lon="78.0472038"/>
 <node id="10026128009" visible="true" version="1" changeset="126206210" timestamp="2022-09-15T05:51:36Z" user="VLD258" uid="10979442" lat="30.3369974" lon="78.0472104"/>
 <node id="10026128010" visible="true" version="1" changeset="126206210" timestamp="2022-09-15T05:51:36Z" user="VLD258" uid="10979442" lat="30.3369532" lon="78.0472167"/>
 <node id="10026128011" visible="true" version="1" changeset="126206210" timestamp="2022-09-15T05:51:36Z" user="VLD258" uid="10979442" lat="30.3369255" lon="78.0472118"/>
 <node id="10026128012" visible="true" version="1" changeset="126206210" timestamp="2022-09-15T05:51:36Z" user="VLD258" uid="10979442" lat="30.3369042" lon="78.0472060"/>
 <node id="10026128013" visible="true" version="1" changeset="126206210" timestamp="2022-09-15T05:51:36Z" user="VLD258" uid="10979442" lat="30.3367179" lon="78.0471188"/>
 <node id="10026128014" visible="true" version="1" changeset="126206210" timestamp="2022-09-15T05:51:36Z" user="VLD258" uid="10979442" lat="30.3367034" lon="78.0471256"/>
 <node id="10026128015" visible="true" version="1" changeset="126206210" timestamp="2022-09-15T05:51:36Z" user="VLD258" uid="10979442" lat="30.3366691" lon="78.0471655"/>
 <node id="10026128016" visible="true" version="1" changeset="126206210" timestamp="2022-09-15T05:51:36Z" user="VLD258" uid="10979442" lat="30.3366372" lon="78.0471959"/>
 <node id="10026135717" visible="true" version="1" changeset="126204959" timestamp="2022-09-15T05:03:06Z" user="VLD258" uid="10979442" lat="30.3417801" lon="78.0428621"/>
 <node id="10026135718" visible="true" version="1" changeset="126204959" timestamp="2022-09-15T05:03:06Z" user="VLD258" uid="10979442" lat="30.3417471" lon="78.0429821"/>
 <node id="10026135719" visible="true" version="1" changeset="126204959" timestamp="2022-09-15T05:03:06Z" user="VLD258" uid="10979442" lat="30.3417020" lon="78.0432761"/>
 <node id="10026135720" visible="true" version="1" changeset="126204959" timestamp="2022-09-15T05:03:06Z" user="VLD258" uid="10979442" lat="30.3416545" lon="78.0438412"/>
 <node id="10026135721" visible="true" version="1" changeset="126204959" timestamp="2022-09-15T05:03:06Z" user="VLD258" uid="10979442" lat="30.3417504" lon="78.0448163"/>
 <node id="10026135722" visible="true" version="1" changeset="126204959" timestamp="2022-09-15T05:03:06Z" user="VLD258" uid="10979442" lat="30.3417496" lon="78.0456372"/>
 <node id="10026135723" visible="true" version="1" changeset="126204959" timestamp="2022-09-15T05:03:06Z" user="VLD258" uid="10979442" lat="30.3417021" lon="78.0460255"/>
 <node id="10026135724" visible="true" version="1" changeset="126204959" timestamp="2022-09-15T05:03:06Z" user="VLD258" uid="10979442" lat="30.3417200" lon="78.0462471"/>
 <node id="10026135725" visible="true" version="1" changeset="126204959" timestamp="2022-09-15T05:03:06Z" user="VLD258" uid="10979442" lat="30.3417572" lon="78.0464002"/>
 <node id="10026135726" visible="true" version="1" changeset="126204959" timestamp="2022-09-15T05:03:06Z" user="VLD258" uid="10979442" lat="30.3417241" lon="78.0466187"/>
 <node id="10026135727" visible="true" version="1" changeset="126204959" timestamp="2022-09-15T05:03:06Z" user="VLD258" uid="10979442" lat="30.3414970" lon="78.0469074"/>
 <node id="10026135728" visible="true" version="1" changeset="126204959" timestamp="2022-09-15T05:03:06Z" user="VLD258" uid="10979442" lat="30.3414815" lon="78.0470836"/>
 <node id="10026135729" visible="true" version="1" changeset="126204959" timestamp="2022-09-15T05:03:06Z" user="VLD258" uid="10979442" lat="30.3415274" lon="78.0473322"/>
 <node id="10026135730" visible="true" version="1" changeset="126204959" timestamp="2022-09-15T05:03:06Z" user="VLD258" uid="10979442" lat="30.3418375" lon="78.0474685"/>
 <node id="10026135731" visible="true" version="1" changeset="126204959" timestamp="2022-09-15T05:03:06Z" user="VLD258" uid="10979442" lat="30.3417110" lon="78.0474471"/>
 <node id="10026135732" visible="true" version="1" changeset="126204959" timestamp="2022-09-15T05:03:06Z" user="VLD258" uid="10979442" lat="30.3416224" lon="78.0474048"/>
 <node id="10026135733" visible="true" version="1" changeset="126204959" timestamp="2022-09-15T05:03:06Z" user="VLD258" uid="10979442" lat="30.3415687" lon="78.0473749"/>
 <node id="10026135734" visible="true" version="1" changeset="126204959" timestamp="2022-09-15T05:03:06Z" user="VLD258" uid="10979442" lat="30.3414935" lon="78.0472199"/>
 <node id="10026135735" visible="true" version="1" changeset="126204959" timestamp="2022-09-15T05:03:06Z" user="VLD258" uid="10979442" lat="30.3415084" lon="78.0472840"/>
 <node id="10026135736" visible="true" version="1" changeset="126204959" timestamp="2022-09-15T05:03:06Z" user="VLD258" uid="10979442" lat="30.3415366" lon="78.0468275"/>
 <node id="10026135737" visible="true" version="1" changeset="126204959" timestamp="2022-09-15T05:03:06Z" user="VLD258" uid="10979442" lat="30.3414790" lon="78.0469883"/>
 <node id="10026135738" visible="true" version="1" changeset="126204959" timestamp="2022-09-15T05:03:06Z" user="VLD258" uid="10979442" lat="30.3417682" lon="78.0464680"/>
 <node id="10026135739" visible="true" version="1" changeset="126204959" timestamp="2022-09-15T05:03:06Z" user="VLD258" uid="10979442" lat="30.3417654" lon="78.0465179"/>
 <node id="10026135740" visible="true" version="1" changeset="126204959" timestamp="2022-09-15T05:03:06Z" user="VLD258" uid="10979442" lat="30.3417530" lon="78.0465699"/>
 <node id="10026135741" visible="true" version="1" changeset="126204959" timestamp="2022-09-15T05:03:06Z" user="VLD258" uid="10979442" lat="30.3417000" lon="78.0461283"/>
 <node id="10026135742" visible="true" version="1" changeset="126204959" timestamp="2022-09-15T05:03:06Z" user="VLD258" uid="10979442" lat="30.3417260" lon="78.0458290"/>
 <node id="10026135743" visible="true" version="1" changeset="126204959" timestamp="2022-09-15T05:03:06Z" user="VLD258" uid="10979442" lat="30.3417099" lon="78.0459352"/>
 <node id="10026135744" visible="true" version="1" changeset="126204959" timestamp="2022-09-15T05:03:06Z" user="VLD258" uid="10979442" lat="30.3417636" lon="78.0451839"/>
 <node id="10026135745" visible="true" version="1" changeset="126204959" timestamp="2022-09-15T05:03:06Z" user="VLD258" uid="10979442" lat="30.3417624" lon="78.0454196"/>
 <node id="10026135746" visible="true" version="1" changeset="126204959" timestamp="2022-09-15T05:03:06Z" user="VLD258" uid="10979442" lat="30.3417463" lon="78.0444846"/>
 <node id="10026135747" visible="true" version="1" changeset="126204959" timestamp="2022-09-15T05:03:06Z" user="VLD258" uid="10979442" lat="30.3417319" lon="78.0442750"/>
 <node id="10026135748" visible="true" version="1" changeset="126204959" timestamp="2022-09-15T05:03:06Z" user="VLD258" uid="10979442" lat="30.3416948" lon="78.0440576"/>
 <node id="10026135749" visible="true" version="1" changeset="126204959" timestamp="2022-09-15T05:03:06Z" user="VLD258" uid="10979442" lat="30.3416727" lon="78.0439284"/>
 <node id="10026135750" visible="true" version="1" changeset="126204959" timestamp="2022-09-15T05:03:06Z" user="VLD258" uid="10979442" lat="30.3417175" lon="78.0441799"/>
 <node id="10026135751" visible="true" version="1" changeset="126204959" timestamp="2022-09-15T05:03:06Z" user="VLD258" uid="10979442" lat="30.3416600" lon="78.0435460"/>
 <node id="10026135752" visible="true" version="1" changeset="126204959" timestamp="2022-09-15T05:03:06Z" user="VLD258" uid="10979442" lat="30.3416460" lon="78.0436905"/>
 <node id="10026135753" visible="true" version="1" changeset="126204959" timestamp="2022-09-15T05:03:06Z" user="VLD258" uid="10979442" lat="30.3416474" lon="78.0437839"/>
 <node id="10026135754" visible="true" version="1" changeset="126204959" timestamp="2022-09-15T05:03:06Z" user="VLD258" uid="10979442" lat="30.3416771" lon="78.0434291"/>
 <node id="10026135755" visible="true" version="1" changeset="126204959" timestamp="2022-09-15T05:03:06Z" user="VLD258" uid="10979442" lat="30.3418239" lon="78.0427237"/>
 <node id="10026135756" visible="true" version="1" changeset="126204959" timestamp="2022-09-15T05:03:06Z" user="VLD258" uid="10979442" lat="30.3416020" lon="78.0423340"/>
 <node id="10026135757" visible="true" version="1" changeset="126204959" timestamp="2022-09-15T05:03:06Z" user="VLD258" uid="10979442" lat="30.3415190" lon="78.0421952"/>
 <node id="10026135758" visible="true" version="1" changeset="126204959" timestamp="2022-09-15T05:03:06Z" user="VLD258" uid="10979442" lat="30.3415747" lon="78.0422969"/>
 <node id="10026135763" visible="true" version="1" changeset="126204959" timestamp="2022-09-15T05:03:06Z" user="VLD258" uid="10979442" lat="30.3374154" lon="78.0414573"/>
 <node id="10026135772" visible="true" version="1" changeset="126204959" timestamp="2022-09-15T05:03:06Z" user="VLD258" uid="10979442" lat="30.3416833" lon="78.0439905"/>
 <node id="10026135773" visible="true" version="1" changeset="126204959" timestamp="2022-09-15T05:03:06Z" user="VLD258" uid="10979442" lat="30.3413767" lon="78.0442073"/>
 <node id="10026150525" visible="true" version="2" changeset="126205501" timestamp="2022-09-15T05:24:57Z" user="VLD258" uid="10979442" lat="30.3379841" lon="78.0520647"/>
 <node id="10026157533" visible="true" version="1" changeset="126205501" timestamp="2022-09-15T05:24:57Z" user="VLD258" uid="10979442" lat="30.3379769" lon="78.0520547"/>
 <node id="10026157534" visible="true" version="1" changeset="126205501" timestamp="2022-09-15T05:24:57Z" user="VLD258" uid="10979442" lat="30.3379877" lon="78.0521874"/>
 <node id="10026157535" visible="true" version="1" changeset="126205501" timestamp="2022-09-15T05:24:57Z" user="VLD258" uid="10979442" lat="30.3379810" lon="78.0520580"/>
 <node id="10026157536" visible="true" version="1" changeset="126205501" timestamp="2022-09-15T05:24:57Z" user="VLD258" uid="10979442" lat="30.3379812" lon="78.0521763"/>
 <node id="10026157537" visible="true" version="1" changeset="126205501" timestamp="2022-09-15T05:24:57Z" user="VLD258" uid="10979442" lat="30.3379944" lon="78.0521931"/>
 <node id="10026157538" visible="true" version="1" changeset="126205501" timestamp="2022-09-15T05:24:57Z" user="VLD258" uid="10979442" lat="30.3380773" lon="78.0525320"/>
 <node id="10026157539" visible="true" version="1" changeset="126205501" timestamp="2022-09-15T05:24:57Z" user="VLD258" uid="10979442" lat="30.3379692" lon="78.0526323"/>
 <node id="10026157540" visible="true" version="1" changeset="126205501" timestamp="2022-09-15T05:24:57Z" user="VLD258" uid="10979442" lat="30.3379399" lon="78.0526903"/>
 <node id="10026157543" visible="true" version="1" changeset="126205501" timestamp="2022-09-15T05:24:57Z" user="VLD258" uid="10979442" lat="30.3375746" lon="78.0517908"/>
 <node id="10026157544" visible="true" version="1" changeset="126205501" timestamp="2022-09-15T05:24:57Z" user="VLD258" uid="10979442" lat="30.3376128" lon="78.0518343"/>
 <node id="10026157545" visible="true" version="1" changeset="126205501" timestamp="2022-09-15T05:24:57Z" user="VLD258" uid="10979442" lat="30.3373144" lon="78.0508625"/>
 <node id="10026157546" visible="true" version="1" changeset="126205501" timestamp="2022-09-15T05:24:57Z" user="VLD258" uid="10979442" lat="30.3373716" lon="78.0508592"/>
 <node id="10026157547" visible="true" version="1" changeset="126205501" timestamp="2022-09-15T05:24:57Z" user="VLD258" uid="10979442" lat="30.3374223" lon="78.0508519"/>
 <node id="10026157548" visible="true" version="1" changeset="126205501" timestamp="2022-09-15T05:24:57Z" user="VLD258" uid="10979442" lat="30.3373394" lon="78.0508576"/>
 <node id="10026157549" visible="true" version="1" changeset="126205501" timestamp="2022-09-15T05:24:57Z" user="VLD258" uid="10979442" lat="30.3374009" lon="78.0508583"/>
 <node id="10026157550" visible="true" version="1" changeset="126205501" timestamp="2022-09-15T05:24:57Z" user="VLD258" uid="10979442" lat="30.3375130" lon="78.0507779"/>
 <node id="10026157551" visible="true" version="1" changeset="126205501" timestamp="2022-09-15T05:24:57Z" user="VLD258" uid="10979442" lat="30.3374916" lon="78.0507830"/>
 <node id="10026157552" visible="true" version="1" changeset="126205501" timestamp="2022-09-15T05:24:57Z" user="VLD258" uid="10979442" lat="30.3377811" lon="78.0507354"/>
 <node id="10026157553" visible="true" version="1" changeset="126205501" timestamp="2022-09-15T05:24:57Z" user="VLD258" uid="10979442" lat="30.3378036" lon="78.0507385"/>
 <node id="10026157554" visible="true" version="1" changeset="126205501" timestamp="2022-09-15T05:24:57Z" user="VLD258" uid="10979442" lat="30.3378228" lon="78.0507466"/>
 <node id="10026157555" visible="true" version="1" changeset="126205501" timestamp="2022-09-15T05:24:57Z" user="VLD258" uid="10979442" lat="30.3384578" lon="78.0512420"/>
 <node id="10026157556" visible="true" version="1" changeset="126205501" timestamp="2022-09-15T05:24:57Z" user="VLD258" uid="10979442" lat="30.3385657" lon="78.0513112"/>
 <node id="10026157557" visible="true" version="1" changeset="126205501" timestamp="2022-09-15T05:24:57Z" user="VLD258" uid="10979442" lat="30.3370556" lon="78.0507181"/>
 <node id="10026157558" visible="true" version="1" changeset="126205501" timestamp="2022-09-15T05:24:57Z" user="VLD258" uid="10979442" lat="30.3378213" lon="78.0519743"/>
 <node id="10026157559" visible="true" version="1" changeset="126205501" timestamp="2022-09-15T05:24:57Z" user="VLD258" uid="10979442" lat="30.3377614" lon="78.0519437"/>
 <node id="10026157560" visible="true" version="1" changeset="126205501" timestamp="2022-09-15T05:24:57Z" user="VLD258" uid="10979442" lat="30.3398244" lon="78.0500283"/>
 <node id="10026157561" visible="true" version="1" changeset="126205501" timestamp="2022-09-15T05:24:57Z" user="VLD258" uid="10979442" lat="30.3397926" lon="78.0500309"/>
 <node id="10026157562" visible="true" version="1" changeset="126205501" timestamp="2022-09-15T05:24:57Z" user="VLD258" uid="10979442" lat="30.3396507" lon="78.0501247"/>
 <node id="10026157563" visible="true" version="1" changeset="126205501" timestamp="2022-09-15T05:24:57Z" user="VLD258" uid="10979442" lat="30.3396150" lon="78.0501218"/>
 <node id="10026157564" visible="true" version="1" changeset="126205501" timestamp="2022-09-15T05:24:57Z" user="VLD258" uid="10979442" lat="30.3396258" lon="78.0501284"/>
 <node id="10026157565" visible="true" version="1" changeset="126205501" timestamp="2022-09-15T05:24:57Z" user="VLD258" uid="10979442" lat="30.3397649" lon="78.0500367"/>
 <node id="10026157566" visible="true" version="1" changeset="126205501" timestamp="2022-09-15T05:24:57Z" user="VLD258" uid="10979442" lat="30.3394809" lon="78.0499584"/>
 <node id="10026157567" visible="true" version="1" changeset="126205501" timestamp="2022-09-15T05:24:57Z" user="VLD258" uid="10979442" lat="30.3394382" lon="78.0499454"/>
 <node id="10026157568" visible="true" version="1" changeset="126205501" timestamp="2022-09-15T05:24:57Z" user="VLD258" uid="10979442" lat="30.3394619" lon="78.0499465"/>
 <node id="10026157569" visible="true" version="1" changeset="126205501" timestamp="2022-09-15T05:24:57Z" user="VLD258" uid="10979442" lat="30.3390984" lon="78.0504489"/>
 <node id="10026157570" visible="true" version="1" changeset="126205501" timestamp="2022-09-15T05:24:57Z" user="VLD258" uid="10979442" lat="30.3390917" lon="78.0504050"/>
 <node id="10026157571" visible="true" version="1" changeset="126205501" timestamp="2022-09-15T05:24:57Z" user="VLD258" uid="10979442" lat="30.3390920" lon="78.0504297"/>
 <node id="10026157933" visible="true" version="1" changeset="126205682" timestamp="2022-09-15T05:31:54Z" user="VLD258" uid="10979442" lat="30.3383002" lon="78.0487914"/>
 <node id="10026157934" visible="true" version="1" changeset="126205682" timestamp="2022-09-15T05:31:54Z" user="VLD258" uid="10979442" lat="30.3382275" lon="78.0487948"/>
 <node id="10026157935" visible="true" version="1" changeset="126205682" timestamp="2022-09-15T05:31:54Z" user="VLD258" uid="10979442" lat="30.3382474" lon="78.0487804"/>
 <node id="10026157936" visible="true" version="1" changeset="126205682" timestamp="2022-09-15T05:31:54Z" user="VLD258" uid="10979442" lat="30.3382813" lon="78.0487790"/>
 <node id="10026157937" visible="true" version="1" changeset="126205682" timestamp="2022-09-15T05:31:54Z" user="VLD258" uid="10979442" lat="30.3379376" lon="78.0481425"/>
 <node id="10026157938" visible="true" version="1" changeset="126205682" timestamp="2022-09-15T05:31:54Z" user="VLD258" uid="10979442" lat="30.3380326" lon="78.0482064"/>
 <node id="10026157939" visible="true" version="1" changeset="126205682" timestamp="2022-09-15T05:31:54Z" user="VLD258" uid="10979442" lat="30.3383610" lon="78.0482299"/>
 <node id="10026157940" visible="true" version="1" changeset="126205682" timestamp="2022-09-15T05:31:54Z" user="VLD258" uid="10979442" lat="30.3383081" lon="78.0482611"/>
 <node id="10026157941" visible="true" version="1" changeset="126205682" timestamp="2022-09-15T05:31:54Z" user="VLD258" uid="10979442" lat="30.3378852" lon="78.0480846"/>
 <node id="10026157942" visible="true" version="1" changeset="126205682" timestamp="2022-09-15T05:31:54Z" user="VLD258" uid="10979442" lat="30.3378570" lon="78.0480365"/>
 <node id="10026157943" visible="true" version="2" changeset="126206210" timestamp="2022-09-15T05:51:36Z" user="VLD258" uid="10979442" lat="30.3378499" lon="78.0479389"/>
 <node id="10026159170" visible="true" version="1" changeset="126205617" timestamp="2022-09-15T05:29:16Z" user="VLD258" uid="10979442" lat="30.3389843" lon="78.0505669"/>
 <node id="10026159171" visible="true" version="1" changeset="126205617" timestamp="2022-09-15T05:29:16Z" user="VLD258" uid="10979442" lat="30.3389847" lon="78.0506000"/>
 <node id="10026159172" visible="true" version="1" changeset="126205617" timestamp="2022-09-15T05:29:16Z" user="VLD258" uid="10979442" lat="30.3389864" lon="78.0505858"/>
 <node id="10026159173" visible="true" version="1" changeset="126205617" timestamp="2022-09-15T05:29:16Z" user="VLD258" uid="10979442" lat="30.3387115" lon="78.0501560"/>
 <node id="10026159174" visible="true" version="1" changeset="126205617" timestamp="2022-09-15T05:29:16Z" user="VLD258" uid="10979442" lat="30.3387103" lon="78.0501928"/>
 <node id="10026159175" visible="true" version="1" changeset="126205617" timestamp="2022-09-15T05:29:16Z" user="VLD258" uid="10979442" lat="30.3387053" lon="78.0501752"/>
 <node id="10026159176" visible="true" version="1" changeset="126205617" timestamp="2022-09-15T05:29:16Z" user="VLD258" uid="10979442" lat="30.3387066" lon="78.0501843"/>
 <node id="10026159177" visible="true" version="1" changeset="126205617" timestamp="2022-09-15T05:29:16Z" user="VLD258" uid="10979442" lat="30.3386128" lon="78.0500683"/>
 <node id="10026159178" visible="true" version="1" changeset="126205617" timestamp="2022-09-15T05:29:16Z" user="VLD258" uid="10979442" lat="30.3382279" lon="78.0505512"/>
 <node id="10026159179" visible="true" version="1" changeset="126205617" timestamp="2022-09-15T05:29:16Z" user="VLD258" uid="10979442" lat="30.3387594" lon="78.0492869"/>
 <node id="10026159180" visible="true" version="1" changeset="126205617" timestamp="2022-09-15T05:29:16Z" user="VLD258" uid="10979442" lat="30.3387374" lon="78.0493017"/>
 <node id="10026159181" visible="true" version="1" changeset="126205617" timestamp="2022-09-15T05:29:16Z" user="VLD258" uid="10979442" lat="30.3387157" lon="78.0493046"/>
 <node id="10026159182" visible="true" version="1" changeset="126205617" timestamp="2022-09-15T05:29:16Z" user="VLD258" uid="10979442" lat="30.3385839" lon="78.0492201"/>
 <node id="10026159183" visible="true" version="1" changeset="126205617" timestamp="2022-09-15T05:29:16Z" user="VLD258" uid="10979442" lat="30.3385334" lon="78.0491998"/>
 <node id="10026159184" visible="true" version="1" changeset="126205617" timestamp="2022-09-15T05:29:16Z" user="VLD258" uid="10979442" lat="30.3385644" lon="78.0492081"/>
 <node id="10026159185" visible="true" version="1" changeset="126205617" timestamp="2022-09-15T05:29:16Z" user="VLD258" uid="10979442" lat="30.3385499" lon="78.0491999"/>
 <node id="10026159186" visible="true" version="1" changeset="126205617" timestamp="2022-09-15T05:29:16Z" user="VLD258" uid="10979442" lat="30.3377178" lon="78.0501697"/>
 <node id="10026159187" visible="true" version="1" changeset="126205617" timestamp="2022-09-15T05:29:16Z" user="VLD258" uid="10979442" lat="30.3376828" lon="78.0501734"/>
 <node id="10026159188" visible="true" version="2" changeset="126205682" timestamp="2022-09-15T05:31:54Z" user="VLD258" uid="10979442" lat="30.3377032" lon="78.0501747"/>
 <node id="10026185117" visible="true" version="1" changeset="126206210" timestamp="2022-09-15T05:51:36Z" user="VLD258" uid="10979442" lat="30.3366219" lon="78.0472089"/>
 <node id="10026185118" visible="true" version="1" changeset="126206210" timestamp="2022-09-15T05:51:36Z" user="VLD258" uid="10979442" lat="30.3365626" lon="78.0472245"/>
 <node id="10026185119" visible="true" version="1" changeset="126206210" timestamp="2022-09-15T05:51:36Z" user="VLD258" uid="10979442" lat="30.3365870" lon="78.0472237"/>
 <node id="10026185120" visible="true" version="1" changeset="126206210" timestamp="2022-09-15T05:51:36Z" user="VLD258" uid="10979442" lat="30.3365460" lon="78.0472211"/>
 <node id="10026185121" visible="true" version="1" changeset="126206210" timestamp="2022-09-15T05:51:36Z" user="VLD258" uid="10979442" lat="30.3364306" lon="78.0472640"/>
 <node id="10026185122" visible="true" version="1" changeset="126206210" timestamp="2022-09-15T05:51:36Z" user="VLD258" uid="10979442" lat="30.3364744" lon="78.0472238"/>
 <node id="10026185123" visible="true" version="1" changeset="126206210" timestamp="2022-09-15T05:51:36Z" user="VLD258" uid="10979442" lat="30.3364482" lon="78.0472419"/>
 <node id="10026185124" visible="true" version="1" changeset="126206210" timestamp="2022-09-15T05:51:36Z" user="VLD258" uid="10979442" lat="30.3365231" lon="78.0472147"/>
 <node id="10026185125" visible="true" version="1" changeset="126206210" timestamp="2022-09-15T05:51:36Z" user="VLD258" uid="10979442" lat="30.3364015" lon="78.0473204"/>
 <node id="10026185126" visible="true" version="1" changeset="126206210" timestamp="2022-09-15T05:51:36Z" user="VLD258" uid="10979442" lat="30.3362835" lon="78.0475531"/>
 <node id="10026185127" visible="true" version="1" changeset="126206210" timestamp="2022-09-15T05:51:36Z" user="VLD258" uid="10979442" lat="30.3362266" lon="78.0475853"/>
 <node id="10026185128" visible="true" version="1" changeset="126206210" timestamp="2022-09-15T05:51:36Z" user="VLD258" uid="10979442" lat="30.3359068" lon="78.0475769"/>
 <node id="10026185129" visible="true" version="1" changeset="126206210" timestamp="2022-09-15T05:51:36Z" user="VLD258" uid="10979442" lat="30.3360679" lon="78.0475875"/>
 <node id="10026185130" visible="true" version="1" changeset="126206210" timestamp="2022-09-15T05:51:36Z" user="VLD258" uid="10979442" lat="30.3356370" lon="78.0475443"/>
 <node id="10026185131" visible="true" version="1" changeset="126206210" timestamp="2022-09-15T05:51:36Z" user="VLD258" uid="10979442" lat="30.3356803" lon="78.0475345"/>
 <node id="10026185132" visible="true" version="1" changeset="126206210" timestamp="2022-09-15T05:51:36Z" user="VLD258" uid="10979442" lat="30.3356652" lon="78.0475296"/>
 <node id="10026185133" visible="true" version="1" changeset="126206210" timestamp="2022-09-15T05:51:36Z" user="VLD258" uid="10979442" lat="30.3357803" lon="78.0475640"/>
 <node id="10026185134" visible="true" version="1" changeset="126206210" timestamp="2022-09-15T05:51:36Z" user="VLD258" uid="10979442" lat="30.3358418" lon="78.0475718"/>
 <node id="10026201810" visible="true" version="1" changeset="126206814" timestamp="2022-09-15T06:11:04Z" user="VLD258" uid="10979442" lat="30.3380039" lon="78.0443510"/>
 <node id="10026201811" visible="true" version="1" changeset="126206814" timestamp="2022-09-15T06:11:04Z" user="VLD258" uid="10979442" lat="30.3379697" lon="78.0443772"/>
 <node id="10026201812" visible="true" version="1" changeset="126206814" timestamp="2022-09-15T06:11:04Z" user="VLD258" uid="10979442" lat="30.3379200" lon="78.0444521"/>
 <node id="10026201813" visible="true" version="1" changeset="126206814" timestamp="2022-09-15T06:11:04Z" user="VLD258" uid="10979442" lat="30.3379500" lon="78.0443975"/>
 <node id="10026201814" visible="true" version="1" changeset="126206814" timestamp="2022-09-15T06:11:04Z" user="VLD258" uid="10979442" lat="30.3379324" lon="78.0444255"/>
 <node id="10026201815" visible="true" version="1" changeset="126206814" timestamp="2022-09-15T06:11:04Z" user="VLD258" uid="10979442" lat="30.3378649" lon="78.0446086"/>
 <node id="10026201816" visible="true" version="1" changeset="126206814" timestamp="2022-09-15T06:11:04Z" user="VLD258" uid="10979442" lat="30.3377749" lon="78.0448280"/>
 <node id="10026203323" visible="true" version="1" changeset="126206972" timestamp="2022-09-15T06:15:24Z" user="VLD258" uid="10979442" lat="30.3360175" lon="78.0459241"/>
 <node id="10026203324" visible="true" version="1" changeset="126206972" timestamp="2022-09-15T06:15:24Z" user="VLD258" uid="10979442" lat="30.3360787" lon="78.0459941"/>
 <node id="10026203325" visible="true" version="1" changeset="126206972" timestamp="2022-09-15T06:15:24Z" user="VLD258" uid="10979442" lat="30.3359718" lon="78.0458859"/>
 <node id="10026203326" visible="true" version="1" changeset="126206972" timestamp="2022-09-15T06:15:24Z" user="VLD258" uid="10979442" lat="30.3360994" lon="78.0460385"/>
 <node id="10026203327" visible="true" version="1" changeset="126206972" timestamp="2022-09-15T06:15:24Z" user="VLD258" uid="10979442" lat="30.3361076" lon="78.0460813"/>
 <node id="10026203328" visible="true" version="1" changeset="126206972" timestamp="2022-09-15T06:15:24Z" user="VLD258" uid="10979442" lat="30.3361077" lon="78.0461494"/>
 <node id="10026203329" visible="true" version="1" changeset="126206972" timestamp="2022-09-15T06:15:24Z" user="VLD258" uid="10979442" lat="30.3361080" lon="78.0461878"/>
 <node id="10026203330" visible="true" version="1" changeset="126206972" timestamp="2022-09-15T06:15:24Z" user="VLD258" uid="10979442" lat="30.3361500" lon="78.0462851"/>
 <node id="10026203331" visible="true" version="1" changeset="126206972" timestamp="2022-09-15T06:15:24Z" user="VLD258" uid="10979442" lat="30.3361726" lon="78.0463118"/>
 <node id="10026203332" visible="true" version="1" changeset="126206972" timestamp="2022-09-15T06:15:24Z" user="VLD258" uid="10979442" lat="30.3361271" lon="78.0462548"/>
 <node id="10026203333" visible="true" version="1" changeset="126206972" timestamp="2022-09-15T06:15:24Z" user="VLD258" uid="10979442" lat="30.3362368" lon="78.0463755"/>
 <node id="10026203334" visible="true" version="1" changeset="126206972" timestamp="2022-09-15T06:15:24Z" user="VLD258" uid="10979442" lat="30.3362672" lon="78.0463930"/>
 <node id="10026203335" visible="true" version="1" changeset="126206972" timestamp="2022-09-15T06:15:24Z" user="VLD258" uid="10979442" lat="30.3363474" lon="78.0463933"/>
 <node id="10026203336" visible="true" version="1" changeset="126206972" timestamp="2022-09-15T06:15:24Z" user="VLD258" uid="10979442" lat="30.3366445" lon="78.0463089"/>
 <node id="10026206617" visible="true" version="1" changeset="126206814" timestamp="2022-09-15T06:11:04Z" user="VLD258" uid="10979442" lat="30.3376610" lon="78.0450284"/>
 <node id="10026206618" visible="true" version="1" changeset="126206814" timestamp="2022-09-15T06:11:04Z" user="VLD258" uid="10979442" lat="30.3376360" lon="78.0450365"/>
 <node id="10026206619" visible="true" version="1" changeset="126206814" timestamp="2022-09-15T06:11:04Z" user="VLD258" uid="10979442" lat="30.3376500" lon="78.0450370"/>
 <node id="10026206620" visible="true" version="1" changeset="126206814" timestamp="2022-09-15T06:11:04Z" user="VLD258" uid="10979442" lat="30.3374306" lon="78.0449178"/>
 <node id="10026206621" visible="true" version="1" changeset="126206814" timestamp="2022-09-15T06:11:04Z" user="VLD258" uid="10979442" lat="30.3374475" lon="78.0449151"/>
 <node id="10026206622" visible="true" version="1" changeset="126206814" timestamp="2022-09-15T06:11:04Z" user="VLD258" uid="10979442" lat="30.3374386" lon="78.0449155"/>
 <node id="10026206623" visible="true" version="1" changeset="126206814" timestamp="2022-09-15T06:11:04Z" user="VLD258" uid="10979442" lat="30.3373050" lon="78.0451148"/>
 <node id="10026206624" visible="true" version="1" changeset="126206814" timestamp="2022-09-15T06:11:04Z" user="VLD258" uid="10979442" lat="30.3372910" lon="78.0451185"/>
 <node id="10026206625" visible="true" version="1" changeset="126206814" timestamp="2022-09-15T06:11:04Z" user="VLD258" uid="10979442" lat="30.3372983" lon="78.0451175"/>
 <node id="10026206626" visible="true" version="1" changeset="126206814" timestamp="2022-09-15T06:11:04Z" user="VLD258" uid="10979442" lat="30.3372080" lon="78.0450950"/>
 <node id="10026206627" visible="true" version="1" changeset="126206814" timestamp="2022-09-15T06:11:04Z" user="VLD258" uid="10979442" lat="30.3372327" lon="78.0450931"/>
 <node id="10026206628" visible="true" version="1" changeset="126206814" timestamp="2022-09-15T06:11:04Z" user="VLD258" uid="10979442" lat="30.3372145" lon="78.0450897"/>
 <node id="10026206629" visible="true" version="1" changeset="126206814" timestamp="2022-09-15T06:11:04Z" user="VLD258" uid="10979442" lat="30.3372191" lon="78.0450882"/>
 <node id="10026206630" visible="true" version="1" changeset="126206814" timestamp="2022-09-15T06:11:04Z" user="VLD258" uid="10979442" lat="30.3369963" lon="78.0454513"/>
 <node id="10026206631" visible="true" version="1" changeset="126206814" timestamp="2022-09-15T06:11:04Z" user="VLD258" uid="10979442" lat="30.3370033" lon="78.0455014"/>
 <node id="10026206632" visible="true" version="1" changeset="126206814" timestamp="2022-09-15T06:11:04Z" user="VLD258" uid="10979442" lat="30.3369967" lon="78.0454909"/>
 <node id="10026206633" visible="true" version="1" changeset="126206814" timestamp="2022-09-15T06:11:04Z" user="VLD258" uid="10979442" lat="30.3369932" lon="78.0454800"/>
 <node id="10026206634" visible="true" version="1" changeset="126206814" timestamp="2022-09-15T06:11:04Z" user="VLD258" uid="10979442" lat="30.3370875" lon="78.0455689"/>
 <node id="10026206635" visible="true" version="1" changeset="126206814" timestamp="2022-09-15T06:11:04Z" user="VLD258" uid="10979442" lat="30.3370966" lon="78.0456050"/>
 <node id="10026206636" visible="true" version="1" changeset="126206814" timestamp="2022-09-15T06:11:04Z" user="VLD258" uid="10979442" lat="30.3370984" lon="78.0455940"/>
 <node id="10026206637" visible="true" version="1" changeset="126206814" timestamp="2022-09-15T06:11:04Z" user="VLD258" uid="10979442" lat="30.3370973" lon="78.0455846"/>
 <node id="10026206638" visible="true" version="1" changeset="126206814" timestamp="2022-09-15T06:11:04Z" user="VLD258" uid="10979442" lat="30.3367324" lon="78.0462625"/>
 <node id="10026206639" visible="true" version="1" changeset="126206814" timestamp="2022-09-15T06:11:04Z" user="VLD258" uid="10979442" lat="30.3366779" lon="78.0462934"/>
 <node id="10026206640" visible="true" version="1" changeset="126206814" timestamp="2022-09-15T06:11:04Z" user="VLD258" uid="10979442" lat="30.3368253" lon="78.0462464"/>
 <node id="10026206641" visible="true" version="1" changeset="126206814" timestamp="2022-09-15T06:11:04Z" user="VLD258" uid="10979442" lat="30.3365415" lon="78.0463333"/>
 <node id="10026206663" visible="true" version="1" changeset="126206814" timestamp="2022-09-15T06:11:04Z" user="VLD258" uid="10979442" lat="30.3343676" lon="78.0446255"/>
 <node id="10026206664" visible="true" version="1" changeset="126206814" timestamp="2022-09-15T06:11:04Z" user="VLD258" uid="10979442" lat="30.3345309" lon="78.0446877"/>
 <node id="10026206665" visible="true" version="1" changeset="126206814" timestamp="2022-09-15T06:11:04Z" user="VLD258" uid="10979442" lat="30.3349424" lon="78.0447787"/>
 <node id="10026206666" visible="true" version="1" changeset="126206814" timestamp="2022-09-15T06:11:04Z" user="VLD258" uid="10979442" lat="30.3350420" lon="78.0448414"/>
 <node id="10026214454" visible="true" version="1" changeset="126207489" timestamp="2022-09-15T06:30:15Z" user="VLD258" uid="10979442" lat="30.3383859" lon="78.0452543"/>
 <node id="10026214455" visible="true" version="1" changeset="126207489" timestamp="2022-09-15T06:30:15Z" user="VLD258" uid="10979442" lat="30.3377277" lon="78.0458358"/>
 <node id="10026214456" visible="true" version="1" changeset="126207489" timestamp="2022-09-15T06:30:15Z" user="VLD258" uid="10979442" lat="30.3376906" lon="78.0458400"/>
 <node id="10026214457" visible="true" version="1" changeset="126207489" timestamp="2022-09-15T06:30:15Z" user="VLD258" uid="10979442" lat="30.3375827" lon="78.0457644"/>
 <node id="10026214458" visible="true" version="1" changeset="126207489" timestamp="2022-09-15T06:30:15Z" user="VLD258" uid="10979442" lat="30.3373174" lon="78.0460586"/>
 <node id="10026214459" visible="true" version="1" changeset="126207489" timestamp="2022-09-15T06:30:15Z" user="VLD258" uid="10979442" lat="30.3382138" lon="78.0452321"/>
 <node id="10026214460" visible="true" version="1" changeset="126207489" timestamp="2022-09-15T06:30:15Z" user="VLD258" uid="10979442" lat="30.3383336" lon="78.0452757"/>
 <node id="10026214461" visible="true" version="1" changeset="126207489" timestamp="2022-09-15T06:30:15Z" user="VLD258" uid="10979442" lat="30.3382677" lon="78.0452320"/>
 <node id="10026214462" visible="true" version="1" changeset="126207489" timestamp="2022-09-15T06:30:15Z" user="VLD258" uid="10979442" lat="30.3382478" lon="78.0452200"/>
 <node id="10026214463" visible="true" version="1" changeset="126207489" timestamp="2022-09-15T06:30:15Z" user="VLD258" uid="10979442" lat="30.3383217" lon="78.0452695"/>
 <node id="10026214464" visible="true" version="1" changeset="126207489" timestamp="2022-09-15T06:30:15Z" user="VLD258" uid="10979442" lat="30.3383456" lon="78.0452746"/>
 <node id="10026214465" visible="true" version="1" changeset="126207489" timestamp="2022-09-15T06:30:15Z" user="VLD258" uid="10979442" lat="30.3382325" lon="78.0452213"/>
 <node id="10026214466" visible="true" version="1" changeset="126207489" timestamp="2022-09-15T06:30:15Z" user="VLD258" uid="10979442" lat="30.3377166" lon="78.0458441"/>
 <node id="10026214467" visible="true" version="1" changeset="126207489" timestamp="2022-09-15T06:30:15Z" user="VLD258" uid="10979442" lat="30.3377007" lon="78.0458447"/>
 <node id="10026214468" visible="true" version="1" changeset="126207489" timestamp="2022-09-15T06:30:15Z" user="VLD258" uid="10979442" lat="30.3375601" lon="78.0457706"/>
 <node id="10026214469" visible="true" version="1" changeset="126207489" timestamp="2022-09-15T06:30:15Z" user="VLD258" uid="10979442" lat="30.3375909" lon="78.0457699"/>
 <node id="10026214470" visible="true" version="1" changeset="126207489" timestamp="2022-09-15T06:30:15Z" user="VLD258" uid="10979442" lat="30.3375695" lon="78.0457629"/>
 <node id="10026214471" visible="true" version="1" changeset="126207489" timestamp="2022-09-15T06:30:15Z" user="VLD258" uid="10979442" lat="30.3374781" lon="78.0458679"/>
 <node id="10026252771" visible="true" version="1" changeset="126207882" timestamp="2022-09-15T06:40:57Z" user="VLD258" uid="10979442" lat="30.3341818" lon="78.0444834"/>
 <node id="10026261117" visible="true" version="1" changeset="126208168" timestamp="2022-09-15T06:49:50Z" user="VLD258" uid="10979442" lat="30.3346527" lon="78.0447028"/>
 <node id="10026303078" visible="true" version="1" changeset="126209237" timestamp="2022-09-15T07:15:12Z" user="VLD258" uid="10979442" lat="30.3421075" lon="78.0506154"/>
 <node id="10026303084" visible="true" version="1" changeset="126209237" timestamp="2022-09-15T07:15:12Z" user="VLD258" uid="10979442" lat="30.3431818" lon="78.0512030"/>
 <node id="10026303085" visible="true" version="1" changeset="126209237" timestamp="2022-09-15T07:15:12Z" user="VLD258" uid="10979442" lat="30.3431369" lon="78.0512313"/>
 <node id="10026303086" visible="true" version="1" changeset="126209237" timestamp="2022-09-15T07:15:12Z" user="VLD258" uid="10979442" lat="30.3431060" lon="78.0512265"/>
 <node id="10026303087" visible="true" version="1" changeset="126209237" timestamp="2022-09-15T07:15:12Z" user="VLD258" uid="10979442" lat="30.3429898" lon="78.0512008"/>
 <node id="10026303088" visible="true" version="1" changeset="126209237" timestamp="2022-09-15T07:15:12Z" user="VLD258" uid="10979442" lat="30.3429352" lon="78.0511877"/>
 <node id="10026303089" visible="true" version="1" changeset="126209237" timestamp="2022-09-15T07:15:12Z" user="VLD258" uid="10979442" lat="30.3428748" lon="78.0511795"/>
 <node id="10026303090" visible="true" version="1" changeset="126209237" timestamp="2022-09-15T07:15:12Z" user="VLD258" uid="10979442" lat="30.3427768" lon="78.0511695"/>
 <node id="10026303091" visible="true" version="1" changeset="126209237" timestamp="2022-09-15T07:15:12Z" user="VLD258" uid="10979442" lat="30.3426940" lon="78.0512053"/>
 <node id="10026303092" visible="true" version="1" changeset="126209237" timestamp="2022-09-15T07:15:12Z" user="VLD258" uid="10979442" lat="30.3425120" lon="78.0515697"/>
 <node id="10026303093" visible="true" version="1" changeset="126209237" timestamp="2022-09-15T07:15:12Z" user="VLD258" uid="10979442" lat="30.3427097" lon="78.0511887"/>
 <node id="10026303095" visible="true" version="1" changeset="126209237" timestamp="2022-09-15T07:15:12Z" user="VLD258" uid="10979442" lat="30.3424132" lon="78.0516565"/>
 <node id="10026303096" visible="true" version="1" changeset="126209237" timestamp="2022-09-15T07:15:12Z" user="VLD258" uid="10979442" lat="30.3423842" lon="78.0516746"/>
 <node id="10026303097" visible="true" version="1" changeset="126209237" timestamp="2022-09-15T07:15:12Z" user="VLD258" uid="10979442" lat="30.3421616" lon="78.0521540"/>
 <node id="10026303098" visible="true" version="1" changeset="126209237" timestamp="2022-09-15T07:15:12Z" user="VLD258" uid="10979442" lat="30.3421184" lon="78.0522194"/>
 <node id="10026303100" visible="true" version="1" changeset="126209237" timestamp="2022-09-15T07:15:12Z" user="VLD258" uid="10979442" lat="30.3414951" lon="78.0526076"/>
 <node id="10026303103" visible="true" version="1" changeset="126209237" timestamp="2022-09-15T07:15:12Z" user="VLD258" uid="10979442" lat="30.3417286" lon="78.0526258"/>
 <node id="10026303104" visible="true" version="1" changeset="126209237" timestamp="2022-09-15T07:15:12Z" user="VLD258" uid="10979442" lat="30.3416327" lon="78.0525596"/>
 <node id="10026303105" visible="true" version="1" changeset="126209237" timestamp="2022-09-15T07:15:12Z" user="VLD258" uid="10979442" lat="30.3416206" lon="78.0525535"/>
 <node id="10026303106" visible="true" version="1" changeset="126209237" timestamp="2022-09-15T07:15:12Z" user="VLD258" uid="10979442" lat="30.3415444" lon="78.0525859"/>
 <node id="10026303107" visible="true" version="1" changeset="126209237" timestamp="2022-09-15T07:15:12Z" user="VLD258" uid="10979442" lat="30.3414586" lon="78.0526085"/>
 <node id="10026303108" visible="true" version="1" changeset="126209237" timestamp="2022-09-15T07:15:12Z" user="VLD258" uid="10979442" lat="30.3413788" lon="78.0525690"/>
 <node id="10026303109" visible="true" version="1" changeset="126209237" timestamp="2022-09-15T07:15:12Z" user="VLD258" uid="10979442" lat="30.3413447" lon="78.0525036"/>
 <node id="10026303110" visible="true" version="1" changeset="126209237" timestamp="2022-09-15T07:15:12Z" user="VLD258" uid="10979442" lat="30.3413175" lon="78.0523818"/>
 <node id="10026303111" visible="true" version="1" changeset="126209237" timestamp="2022-09-15T07:15:12Z" user="VLD258" uid="10979442" lat="30.3413484" lon="78.0521870"/>
 <node id="10026303112" visible="true" version="1" changeset="126209237" timestamp="2022-09-15T07:15:12Z" user="VLD258" uid="10979442" lat="30.3416964" lon="78.0526175"/>
 <node id="10026303113" visible="true" version="1" changeset="126209237" timestamp="2022-09-15T07:15:12Z" user="VLD258" uid="10979442" lat="30.3417108" lon="78.0526240"/>
 <node id="10026303114" visible="true" version="1" changeset="126209237" timestamp="2022-09-15T07:15:12Z" user="VLD258" uid="10979442" lat="30.3415783" lon="78.0525583"/>
 <node id="10026303115" visible="true" version="1" changeset="126209237" timestamp="2022-09-15T07:15:12Z" user="VLD258" uid="10979442" lat="30.3415973" lon="78.0525510"/>
 <node id="10026303116" visible="true" version="1" changeset="126209237" timestamp="2022-09-15T07:15:12Z" user="VLD258" uid="10979442" lat="30.3416106" lon="78.0525518"/>
 <node id="10026306597" visible="true" version="1" changeset="126209536" timestamp="2022-09-15T07:22:11Z" user="VLD258" uid="10979442" lat="30.3404522" lon="78.0509653"/>
 <node id="10026306598" visible="true" version="1" changeset="126209536" timestamp="2022-09-15T07:22:11Z" user="VLD258" uid="10979442" lat="30.3405899" lon="78.0511568"/>
 <node id="10026306599" visible="true" version="1" changeset="126209536" timestamp="2022-09-15T07:22:11Z" user="VLD258" uid="10979442" lat="30.3406503" lon="78.0512674"/>
 <node id="10026306600" visible="true" version="1" changeset="126209536" timestamp="2022-09-15T07:22:11Z" user="VLD258" uid="10979442" lat="30.3407331" lon="78.0513743"/>
 <node id="10026306601" visible="true" version="1" changeset="126209536" timestamp="2022-09-15T07:22:11Z" user="VLD258" uid="10979442" lat="30.3408099" lon="78.0513914"/>
 <node id="10026306602" visible="true" version="1" changeset="126209536" timestamp="2022-09-15T07:22:11Z" user="VLD258" uid="10979442" lat="30.3413298" lon="78.0510265"/>
 <node id="10026306603" visible="true" version="1" changeset="126209536" timestamp="2022-09-15T07:22:11Z" user="VLD258" uid="10979442" lat="30.3415350" lon="78.0507702"/>
 <node id="10026306604" visible="true" version="1" changeset="126209536" timestamp="2022-09-15T07:22:11Z" user="VLD258" uid="10979442" lat="30.3416193" lon="78.0507683"/>
 <node id="10026306605" visible="true" version="1" changeset="126209536" timestamp="2022-09-15T07:22:11Z" user="VLD258" uid="10979442" lat="30.3417044" lon="78.0508271"/>
 <node id="10026306606" visible="true" version="1" changeset="126209536" timestamp="2022-09-15T07:22:11Z" user="VLD258" uid="10979442" lat="30.3417999" lon="78.0508501"/>
 <node id="10026306607" visible="true" version="1" changeset="126209536" timestamp="2022-09-15T07:22:11Z" user="VLD258" uid="10979442" lat="30.3418530" lon="78.0508359"/>
 <node id="10026306608" visible="true" version="1" changeset="126209536" timestamp="2022-09-15T07:22:11Z" user="VLD258" uid="10979442" lat="30.3418305" lon="78.0508472"/>
 <node id="10026306609" visible="true" version="1" changeset="126209536" timestamp="2022-09-15T07:22:11Z" user="VLD258" uid="10979442" lat="30.3417343" lon="78.0508412"/>
 <node id="10026306610" visible="true" version="1" changeset="126209536" timestamp="2022-09-15T07:22:11Z" user="VLD258" uid="10979442" lat="30.3416685" lon="78.0508000"/>
 <node id="10026306611" visible="true" version="1" changeset="126209536" timestamp="2022-09-15T07:22:11Z" user="VLD258" uid="10979442" lat="30.3416476" lon="78.0507846"/>
 <node id="10026306612" visible="true" version="1" changeset="126209536" timestamp="2022-09-15T07:22:11Z" user="VLD258" uid="10979442" lat="30.3415892" lon="78.0507588"/>
 <node id="10026306613" visible="true" version="1" changeset="126209536" timestamp="2022-09-15T07:22:11Z" user="VLD258" uid="10979442" lat="30.3415605" lon="78.0507583"/>
 <node id="10026306614" visible="true" version="1" changeset="126209536" timestamp="2022-09-15T07:22:11Z" user="VLD258" uid="10979442" lat="30.3415104" lon="78.0507935"/>
 <node id="10026306615" visible="true" version="1" changeset="126209536" timestamp="2022-09-15T07:22:11Z" user="VLD258" uid="10979442" lat="30.3414729" lon="78.0508557"/>
 <node id="10026306616" visible="true" version="1" changeset="126209536" timestamp="2022-09-15T07:22:11Z" user="VLD258" uid="10979442" lat="30.3414158" lon="78.0509327"/>
 <node id="10026310817" visible="true" version="1" changeset="126209237" timestamp="2022-09-15T07:15:12Z" user="VLD258" uid="10979442" lat="30.3415632" lon="78.0525727"/>
 <node id="10026310818" visible="true" version="1" changeset="126209237" timestamp="2022-09-15T07:15:12Z" user="VLD258" uid="10979442" lat="30.3415200" lon="78.0526000"/>
 <node id="10026310819" visible="true" version="1" changeset="126209237" timestamp="2022-09-15T07:15:12Z" user="VLD258" uid="10979442" lat="30.3414196" lon="78.0525978"/>
 <node id="10026310822" visible="true" version="1" changeset="126209237" timestamp="2022-09-15T07:15:12Z" user="VLD258" uid="10979442" lat="30.3415492" lon="78.0518485"/>
 <node id="10026310823" visible="true" version="1" changeset="126209237" timestamp="2022-09-15T07:15:12Z" user="VLD258" uid="10979442" lat="30.3413288" lon="78.0522589"/>
 <node id="10026310824" visible="true" version="1" changeset="126209237" timestamp="2022-09-15T07:15:12Z" user="VLD258" uid="10979442" lat="30.3413202" lon="78.0523305"/>
 <node id="10026310825" visible="true" version="1" changeset="126209237" timestamp="2022-09-15T07:15:12Z" user="VLD258" uid="10979442" lat="30.3413253" lon="78.0524416"/>
 <node id="10026310827" visible="true" version="1" changeset="126209237" timestamp="2022-09-15T07:15:12Z" user="VLD258" uid="10979442" lat="30.3411668" lon="78.0524237"/>
 <node id="10026320917" visible="true" version="1" changeset="126209536" timestamp="2022-09-15T07:22:11Z" user="VLD258" uid="10979442" lat="30.3409357" lon="78.0513690"/>
 <node id="10026320918" visible="true" version="1" changeset="126209536" timestamp="2022-09-15T07:22:11Z" user="VLD258" uid="10979442" lat="30.3409622" lon="78.0513573"/>
 <node id="10026320919" visible="true" version="1" changeset="126209536" timestamp="2022-09-15T07:22:11Z" user="VLD258" uid="10979442" lat="30.3408622" lon="78.0513835"/>
 <node id="10026320920" visible="true" version="1" changeset="126209536" timestamp="2022-09-15T07:22:11Z" user="VLD258" uid="10979442" lat="30.3407680" lon="78.0513868"/>
 <node id="10026320921" visible="true" version="1" changeset="126209536" timestamp="2022-09-15T07:22:11Z" user="VLD258" uid="10979442" lat="30.3407085" lon="78.0513564"/>
 <node id="10026320922" visible="true" version="1" changeset="126209536" timestamp="2022-09-15T07:22:11Z" user="VLD258" uid="10979442" lat="30.3410586" lon="78.0514579"/>
 <node id="10026320923" visible="true" version="1" changeset="126209536" timestamp="2022-09-15T07:22:11Z" user="VLD258" uid="10979442" lat="30.3412052" lon="78.0515211"/>
 <node id="10026320924" visible="true" version="1" changeset="126209536" timestamp="2022-09-15T07:22:11Z" user="VLD258" uid="10979442" lat="30.3412781" lon="78.0515036"/>
 <node id="10026320925" visible="true" version="1" changeset="126209536" timestamp="2022-09-15T07:22:11Z" user="VLD258" uid="10979442" lat="30.3414495" lon="78.0513459"/>
 <node id="10026320926" visible="true" version="1" changeset="126209536" timestamp="2022-09-15T07:22:11Z" user="VLD258" uid="10979442" lat="30.3410986" lon="78.0514862"/>
 <node id="10026320927" visible="true" version="1" changeset="126209536" timestamp="2022-09-15T07:22:11Z" user="VLD258" uid="10979442" lat="30.3411500" lon="78.0515059"/>
 <node id="10026320928" visible="true" version="1" changeset="126209536" timestamp="2022-09-15T07:22:11Z" user="VLD258" uid="10979442" lat="30.3412514" lon="78.0515169"/>
 <node id="10026320929" visible="true" version="1" changeset="126209536" timestamp="2022-09-15T07:22:11Z" user="VLD258" uid="10979442" lat="30.3412283" lon="78.0515213"/>
 <node id="10026320930" visible="true" version="1" changeset="126209536" timestamp="2022-09-15T07:22:11Z" user="VLD258" uid="10979442" lat="30.3419796" lon="78.0511342"/>
 <node id="10026320931" visible="true" version="1" changeset="126209536" timestamp="2022-09-15T07:22:11Z" user="VLD258" uid="10979442" lat="30.3417648" lon="78.0508490"/>
 <node id="10026320932" visible="true" version="1" changeset="126209536" timestamp="2022-09-15T07:22:11Z" user="VLD258" uid="10979442" lat="30.3416247" lon="78.0509201"/>
 <node id="10026320933" visible="true" version="1" changeset="126209536" timestamp="2022-09-15T07:22:11Z" user="VLD258" uid="10979442" lat="30.3416197" lon="78.0509778"/>
 <node id="10026320934" visible="true" version="1" changeset="126209536" timestamp="2022-09-15T07:22:11Z" user="VLD258" uid="10979442" lat="30.3417148" lon="78.0511287"/>
 <node id="10026320935" visible="true" version="1" changeset="126209536" timestamp="2022-09-15T07:22:11Z" user="VLD258" uid="10979442" lat="30.3417203" lon="78.0512786"/>
 <node id="10026320936" visible="true" version="1" changeset="126209536" timestamp="2022-09-15T07:22:11Z" user="VLD258" uid="10979442" lat="30.3418391" lon="78.0514518"/>
 <node id="10026320937" visible="true" version="1" changeset="126209536" timestamp="2022-09-15T07:22:11Z" user="VLD258" uid="10979442" lat="30.3416193" lon="78.0509546"/>
 <node id="10026320938" visible="true" version="1" changeset="126209536" timestamp="2022-09-15T07:22:11Z" user="VLD258" uid="10979442" lat="30.3416314" lon="78.0510157"/>
 <node id="10026320939" visible="true" version="1" changeset="126209536" timestamp="2022-09-15T07:22:11Z" user="VLD258" uid="10979442" lat="30.3416234" lon="78.0509970"/>
 <node id="10026320940" visible="true" version="1" changeset="126209536" timestamp="2022-09-15T07:22:11Z" user="VLD258" uid="10979442" lat="30.3417012" lon="78.0510880"/>
 <node id="10026320941" visible="true" version="1" changeset="126209536" timestamp="2022-09-15T07:22:11Z" user="VLD258" uid="10979442" lat="30.3417101" lon="78.0511030"/>
 <node id="10026320942" visible="true" version="1" changeset="126209536" timestamp="2022-09-15T07:22:11Z" user="VLD258" uid="10979442" lat="30.3417085" lon="78.0512109"/>
 <node id="10026320943" visible="true" version="1" changeset="126209536" timestamp="2022-09-15T07:22:11Z" user="VLD258" uid="10979442" lat="30.3417077" lon="78.0512405"/>
 <node id="10026320944" visible="true" version="1" changeset="126209536" timestamp="2022-09-15T07:22:11Z" user="VLD258" uid="10979442" lat="30.3417105" lon="78.0512592"/>
 <node id="10026320947" visible="true" version="1" changeset="126209536" timestamp="2022-09-15T07:22:11Z" user="VLD258" uid="10979442" lat="30.3422419" lon="78.0519069"/>
 <node id="10026320953" visible="true" version="1" changeset="126209536" timestamp="2022-09-15T07:22:11Z" user="VLD258" uid="10979442" lat="30.3411644" lon="78.0503580"/>
 <node id="10026320954" visible="true" version="1" changeset="126209536" timestamp="2022-09-15T07:22:11Z" user="VLD258" uid="10979442" lat="30.3414195" lon="78.0506986"/>
 <node id="10026320955" visible="true" version="1" changeset="126209536" timestamp="2022-09-15T07:22:11Z" user="VLD258" uid="10979442" lat="30.3410667" lon="78.0512768"/>
 <node id="10026412843" visible="true" version="2" changeset="126212216" timestamp="2022-09-15T08:30:29Z" user="VLD258" uid="10979442" lat="30.3412137" lon="78.0560276"/>
 <node id="10026412844" visible="true" version="2" changeset="126212216" timestamp="2022-09-15T08:30:29Z" user="VLD258" uid="10979442" lat="30.3410495" lon="78.0558735"/>
 <node id="10026415981" visible="true" version="1" changeset="126212216" timestamp="2022-09-15T08:30:29Z" user="VLD258" uid="10979442" lat="30.3411332" lon="78.0559553"/>
 <node id="10026595369" visible="true" version="1" changeset="126215749" timestamp="2022-09-15T09:53:03Z" user="VLD258" uid="10979442" lat="30.3408866" lon="78.0445769"/>
 <node id="10026595370" visible="true" version="1" changeset="126215749" timestamp="2022-09-15T09:53:03Z" user="VLD258" uid="10979442" lat="30.3410820" lon="78.0445945"/>
 <node id="10026595371" visible="true" version="1" changeset="126215749" timestamp="2022-09-15T09:53:03Z" user="VLD258" uid="10979442" lat="30.3410419" lon="78.0445705"/>
 <node id="10026595372" visible="true" version="1" changeset="126215749" timestamp="2022-09-15T09:53:03Z" user="VLD258" uid="10979442" lat="30.3414205" lon="78.0449683"/>
 <node id="10026595373" visible="true" version="1" changeset="126215749" timestamp="2022-09-15T09:53:03Z" user="VLD258" uid="10979442" lat="30.3414893" lon="78.0460874"/>
 <node id="10026595374" visible="true" version="1" changeset="126215749" timestamp="2022-09-15T09:53:03Z" user="VLD258" uid="10979442" lat="30.3414788" lon="78.0462743"/>
 <node id="10026595375" visible="true" version="1" changeset="126215749" timestamp="2022-09-15T09:53:03Z" user="VLD258" uid="10979442" lat="30.3405675" lon="78.0444821"/>
 <node id="10026595376" visible="true" version="1" changeset="126215749" timestamp="2022-09-15T09:53:03Z" user="VLD258" uid="10979442" lat="30.3407249" lon="78.0445522"/>
 <node id="10026595377" visible="true" version="1" changeset="126215749" timestamp="2022-09-15T09:53:03Z" user="VLD258" uid="10979442" lat="30.3408030" lon="78.0446106"/>
 <node id="10026595378" visible="true" version="1" changeset="126215749" timestamp="2022-09-15T09:53:03Z" user="VLD258" uid="10979442" lat="30.3401648" lon="78.0444051"/>
 <node id="10026595379" visible="true" version="1" changeset="126215749" timestamp="2022-09-15T09:53:03Z" user="VLD258" uid="10979442" lat="30.3403157" lon="78.0451545"/>
 <node id="10026630658" visible="true" version="1" changeset="126216436" timestamp="2022-09-15T10:10:00Z" user="VLD258" uid="10979442" lat="30.3406658" lon="78.0455431"/>
 <node id="10026630659" visible="true" version="1" changeset="126216436" timestamp="2022-09-15T10:10:00Z" user="VLD258" uid="10979442" lat="30.3410720" lon="78.0457343"/>
 <node id="10026630660" visible="true" version="1" changeset="126216436" timestamp="2022-09-15T10:10:00Z" user="VLD258" uid="10979442" lat="30.3410681" lon="78.0458683"/>
 <node id="10026630661" visible="true" version="1" changeset="126216436" timestamp="2022-09-15T10:10:00Z" user="VLD258" uid="10979442" lat="30.3410146" lon="78.0456636"/>
 <node id="10026630663" visible="true" version="1" changeset="126216436" timestamp="2022-09-15T10:10:00Z" user="VLD258" uid="10979442" lat="30.3405601" lon="78.0454850"/>
 <node id="10026630664" visible="true" version="1" changeset="126216436" timestamp="2022-09-15T10:10:00Z" user="VLD258" uid="10979442" lat="30.3405001" lon="78.0454476"/>
 <node id="10026630665" visible="true" version="1" changeset="126216436" timestamp="2022-09-15T10:10:00Z" user="VLD258" uid="10979442" lat="30.3410801" lon="78.0457990"/>
 <node id="10026630666" visible="true" version="1" changeset="126216436" timestamp="2022-09-15T10:10:00Z" user="VLD258" uid="10979442" lat="30.3408950" lon="78.0463051"/>
 <node id="10026630667" visible="true" version="1" changeset="126216436" timestamp="2022-09-15T10:10:00Z" user="VLD258" uid="10979442" lat="30.3408397" lon="78.0463213"/>
 <node id="10026630668" visible="true" version="2" changeset="126216738" timestamp="2022-09-15T10:16:53Z" user="VLD258" uid="10979442" lat="30.3404201" lon="78.0466936"/>
 <node id="10026630669" visible="true" version="1" changeset="126216436" timestamp="2022-09-15T10:10:00Z" user="VLD258" uid="10979442" lat="30.3406236" lon="78.0463446"/>
 <node id="10026630670" visible="true" version="1" changeset="126216436" timestamp="2022-09-15T10:10:00Z" user="VLD258" uid="10979442" lat="30.3406588" lon="78.0463130"/>
 <node id="10026630671" visible="true" version="1" changeset="126216436" timestamp="2022-09-15T10:10:00Z" user="VLD258" uid="10979442" lat="30.3375164" lon="78.0493992"/>
 <node id="10026630672" visible="true" version="1" changeset="126216436" timestamp="2022-09-15T10:10:00Z" user="VLD258" uid="10979442" lat="30.3372665" lon="78.0490660"/>
 <node id="10026630673" visible="true" version="1" changeset="126216436" timestamp="2022-09-15T10:10:00Z" user="VLD258" uid="10979442" lat="30.3372654" lon="78.0491349"/>
 <node id="10026630674" visible="true" version="1" changeset="126216436" timestamp="2022-09-15T10:10:00Z" user="VLD258" uid="10979442" lat="30.3374429" lon="78.0493718"/>
 <node id="10026630675" visible="true" version="1" changeset="126216436" timestamp="2022-09-15T10:10:00Z" user="VLD258" uid="10979442" lat="30.3375578" lon="78.0494105"/>
 <node id="10026630676" visible="true" version="1" changeset="126216436" timestamp="2022-09-15T10:10:00Z" user="VLD258" uid="10979442" lat="30.3376210" lon="78.0494363"/>
 <node id="10026630677" visible="true" version="1" changeset="126216436" timestamp="2022-09-15T10:10:00Z" user="VLD258" uid="10979442" lat="30.3373877" lon="78.0493328"/>
 <node id="10026630678" visible="true" version="1" changeset="126216436" timestamp="2022-09-15T10:10:00Z" user="VLD258" uid="10979442" lat="30.3376451" lon="78.0494543"/>
 <node id="10026630679" visible="true" version="1" changeset="126216436" timestamp="2022-09-15T10:10:00Z" user="VLD258" uid="10979442" lat="30.3372546" lon="78.0490158"/>
 <node id="10026630680" visible="true" version="1" changeset="126216436" timestamp="2022-09-15T10:10:00Z" user="VLD258" uid="10979442" lat="30.3372734" lon="78.0492407"/>
 <node id="10026630681" visible="true" version="1" changeset="126216436" timestamp="2022-09-15T10:10:00Z" user="VLD258" uid="10979442" lat="30.3373066" lon="78.0492737"/>
 <node id="10026630682" visible="true" version="1" changeset="126216436" timestamp="2022-09-15T10:10:00Z" user="VLD258" uid="10979442" lat="30.3372612" lon="78.0491694"/>
 <node id="10026630685" visible="true" version="1" changeset="126216436" timestamp="2022-09-15T10:10:00Z" user="VLD258" uid="10979442" lat="30.3375263" lon="78.0486879"/>
 <node id="10026630686" visible="true" version="1" changeset="126216436" timestamp="2022-09-15T10:10:00Z" user="VLD258" uid="10979442" lat="30.3377106" lon="78.0487914"/>
 <node id="10026630687" visible="true" version="1" changeset="126216436" timestamp="2022-09-15T10:10:00Z" user="VLD258" uid="10979442" lat="30.3375857" lon="78.0486856"/>
 <node id="10026630688" visible="true" version="1" changeset="126216436" timestamp="2022-09-15T10:10:00Z" user="VLD258" uid="10979442" lat="30.3375556" lon="78.0486748"/>
 <node id="10026630689" visible="true" version="1" changeset="126216436" timestamp="2022-09-15T10:10:00Z" user="VLD258" uid="10979442" lat="30.3375703" lon="78.0486769"/>
 <node id="10026630690" visible="true" version="1" changeset="126216436" timestamp="2022-09-15T10:10:00Z" user="VLD258" uid="10979442" lat="30.3375414" lon="78.0486787"/>
 <node id="10026630691" visible="true" version="1" changeset="126216436" timestamp="2022-09-15T10:10:00Z" user="VLD258" uid="10979442" lat="30.3375094" lon="78.0475038"/>
 <node id="10026630692" visible="true" version="1" changeset="126216436" timestamp="2022-09-15T10:10:00Z" user="VLD258" uid="10979442" lat="30.3374408" lon="78.0477593"/>
 <node id="10026630693" visible="true" version="1" changeset="126216436" timestamp="2022-09-15T10:10:00Z" user="VLD258" uid="10979442" lat="30.3374079" lon="78.0479272"/>
 <node id="10026630694" visible="true" version="1" changeset="126216436" timestamp="2022-09-15T10:10:00Z" user="VLD258" uid="10979442" lat="30.3374244" lon="78.0478391"/>
 <node id="10026647051" visible="true" version="1" changeset="126216738" timestamp="2022-09-15T10:16:53Z" user="VLD258" uid="10979442" lat="30.3400518" lon="78.0467692"/>
 <node id="10026647052" visible="true" version="1" changeset="126216738" timestamp="2022-09-15T10:16:53Z" user="VLD258" uid="10979442" lat="30.3401781" lon="78.0463243"/>
 <node id="10026647053" visible="true" version="1" changeset="126216738" timestamp="2022-09-15T10:16:53Z" user="VLD258" uid="10979442" lat="30.3402040" lon="78.0463707"/>
 <node id="10026647054" visible="true" version="1" changeset="126216738" timestamp="2022-09-15T10:16:53Z" user="VLD258" uid="10979442" lat="30.3402261" lon="78.0464611"/>
 <node id="10026647055" visible="true" version="1" changeset="126216738" timestamp="2022-09-15T10:16:53Z" user="VLD258" uid="10979442" lat="30.3402139" lon="78.0464128"/>
 <node id="10026647056" visible="true" version="1" changeset="126216738" timestamp="2022-09-15T10:16:53Z" user="VLD258" uid="10979442" lat="30.3401918" lon="78.0463424"/>
 <node id="10026647057" visible="true" version="1" changeset="126216738" timestamp="2022-09-15T10:16:53Z" user="VLD258" uid="10979442" lat="30.3402793" lon="78.0465538"/>
 <node id="10026647058" visible="true" version="1" changeset="126216738" timestamp="2022-09-15T10:16:53Z" user="VLD258" uid="10979442" lat="30.3402563" lon="78.0465278"/>
 <node id="10026647059" visible="true" version="1" changeset="126216738" timestamp="2022-09-15T10:16:53Z" user="VLD258" uid="10979442" lat="30.3412066" lon="78.0472031"/>
 <node id="10026647060" visible="true" version="1" changeset="126216738" timestamp="2022-09-15T10:16:53Z" user="VLD258" uid="10979442" lat="30.3410706" lon="78.0475215"/>
 <node id="10026647061" visible="true" version="1" changeset="126216849" timestamp="2022-09-15T10:19:12Z" user="VLD258" uid="10979442" lat="30.3388024" lon="78.0456197"/>
 <node id="10026647062" visible="true" version="1" changeset="126216849" timestamp="2022-09-15T10:19:12Z" user="VLD258" uid="10979442" lat="30.3388479" lon="78.0455179"/>
 <node id="10026647063" visible="true" version="1" changeset="126216849" timestamp="2022-09-15T10:19:12Z" user="VLD258" uid="10979442" lat="30.3389245" lon="78.0453850"/>
 <node id="10026647064" visible="true" version="1" changeset="126216849" timestamp="2022-09-15T10:19:12Z" user="VLD258" uid="10979442" lat="30.3387762" lon="78.0456727"/>
 <node id="10196569536" visible="true" version="1" changeset="129027614" timestamp="2022-11-17T08:24:50Z" user="Manithak" uid="10516176" lat="30.3439938" lon="78.0481019"/>
 <node id="10273261769" visible="true" version="1" changeset="130248731" timestamp="2022-12-19T13:11:25Z" user="Kavithaptpm" uid="12266079" lat="30.3366974" lon="78.0481208"/>
 <node id="10542472898" visible="true" version="1" changeset="131174331" timestamp="2023-01-12T07:38:51Z" user="Kavithaptpm" uid="12266079" lat="30.3420288" lon="78.0445914"/>
 <node id="10542472899" visible="true" version="1" changeset="131174331" timestamp="2023-01-12T07:38:51Z" user="Kavithaptpm" uid="12266079" lat="30.3417475" lon="78.0445801"/>
 <node id="11079071640" visible="true" version="1" changeset="139262470" timestamp="2023-07-31T16:35:49Z" user="madba008" uid="13957543" lat="30.3400496" lon="78.0536091"/>
 <node id="11166503920" visible="true" version="1" changeset="140792879" timestamp="2023-09-04T08:41:52Z" user="Harish Karnatak" uid="106263" lat="30.3375391" lon="78.0488970"/>
 <node id="11166503921" visible="true" version="1" changeset="140792879" timestamp="2023-09-04T08:41:52Z" user="Harish Karnatak" uid="106263" lat="30.3374389" lon="78.0488609"/>
 <node id="11166503922" visible="true" version="1" changeset="140792879" timestamp="2023-09-04T08:41:52Z" user="Harish Karnatak" uid="106263" lat="30.3374979" lon="78.0489325"/>
 <node id="12152957495" visible="true" version="1" changeset="156123535" timestamp="2024-09-03T04:03:47Z" user="Kamal Pandey" uid="8598172" lat="30.3406597" lon="78.0446139"/>
 <node id="12152957496" visible="true" version="1" changeset="156123535" timestamp="2024-09-03T04:03:47Z" user="Kamal Pandey" uid="8598172" lat="30.3408403" lon="78.0449170"/>
 <node id="12152957497" visible="true" version="1" changeset="156123535" timestamp="2024-09-03T04:03:47Z" user="Kamal Pandey" uid="8598172" lat="30.3409907" lon="78.0450404"/>
 <node id="12152957498" visible="true" version="1" changeset="156123535" timestamp="2024-09-03T04:03:47Z" user="Kamal Pandey" uid="8598172" lat="30.3411528" lon="78.0451316"/>
 <node id="12152957499" visible="true" version="1" changeset="156123535" timestamp="2024-09-03T04:03:47Z" user="Kamal Pandey" uid="8598172" lat="30.3412430" lon="78.0451664"/>
 <node id="12152957500" visible="true" version="1" changeset="156123535" timestamp="2024-09-03T04:03:47Z" user="Kamal Pandey" uid="8598172" lat="30.3411991" lon="78.0454025"/>
 <node id="12152968601" visible="true" version="1" changeset="156123535" timestamp="2024-09-03T04:03:47Z" user="Kamal Pandey" uid="8598172" lat="30.3408310" lon="78.0452013"/>
 <node id="12152968602" visible="true" version="1" changeset="156123535" timestamp="2024-09-03T04:03:47Z" user="Kamal Pandey" uid="8598172" lat="30.3406412" lon="78.0450296"/>
 <node id="12152968603" visible="true" version="1" changeset="156123535" timestamp="2024-09-03T04:03:47Z" user="Kamal Pandey" uid="8598172" lat="30.3405208" lon="78.0448043"/>
 <node id="12152968604" visible="true" version="1" changeset="156123535" timestamp="2024-09-03T04:03:47Z" user="Kamal Pandey" uid="8598172" lat="30.3404705" lon="78.0447019"/>
 <node id="12152968605" visible="true" version="1" changeset="156123535" timestamp="2024-09-03T04:03:47Z" user="Kamal Pandey" uid="8598172" lat="30.3405949" lon="78.0446568"/>
 <node id="12198775768" visible="true" version="1" changeset="157077557" timestamp="2024-09-25T11:29:58Z" user="Harish Karnatak" uid="106263" lat="30.3406598" lon="78.0458506"/>
 <node id="12198775769" visible="true" version="1" changeset="157077557" timestamp="2024-09-25T11:29:58Z" user="Harish Karnatak" uid="106263" lat="30.3407490" lon="78.0458424"/>
 <node id="12198775770" visible="true" version="1" changeset="157077557" timestamp="2024-09-25T11:29:58Z" user="Harish Karnatak" uid="106263" lat="30.3407991" lon="78.0458331"/>
 <node id="12198775771" visible="true" version="1" changeset="157077557" timestamp="2024-09-25T11:29:58Z" user="Harish Karnatak" uid="106263" lat="30.3408016" lon="78.0456988"/>
 <node id="12198775772" visible="true" version="1" changeset="157077557" timestamp="2024-09-25T11:29:58Z" user="Harish Karnatak" uid="106263" lat="30.3406677" lon="78.0456967"/>
 <node id="12198775773" visible="true" version="1" changeset="157077557" timestamp="2024-09-25T11:29:58Z" user="Harish Karnatak" uid="106263" lat="30.3406224" lon="78.0456887"/>
 <node id="12222182685" visible="true" version="1" changeset="157457080" timestamp="2024-10-04T11:40:04Z" user="Shubhangam Garg" uid="22029285" lat="30.3412506" lon="78.0451580"/>
 <node id="12222182686" visible="true" version="1" changeset="157457080" timestamp="2024-10-04T11:40:04Z" user="Shubhangam Garg" uid="22029285" lat="30.3411951" lon="78.0454155"/>
 <node id="12222182687" visible="true" version="1" changeset="157457080" timestamp="2024-10-04T11:40:04Z" user="Shubhangam Garg" uid="22029285" lat="30.3410469" lon="78.0453297"/>
 <node id="12222182688" visible="true" version="1" changeset="157457080" timestamp="2024-10-04T11:40:04Z" user="Shubhangam Garg" uid="22029285" lat="30.3409219" lon="78.0452492"/>
 <node id="12222182689" visible="true" version="1" changeset="157457080" timestamp="2024-10-04T11:40:04Z" user="Shubhangam Garg" uid="22029285" lat="30.3408108" lon="78.0451526"/>
 <node id="12222182690" visible="true" version="1" changeset="157457080" timestamp="2024-10-04T11:40:04Z" user="Shubhangam Garg" uid="22029285" lat="30.3407414" lon="78.0451097"/>
 <node id="12222182691" visible="true" version="1" changeset="157457080" timestamp="2024-10-04T11:40:04Z" user="Shubhangam Garg" uid="22029285" lat="30.3405284" lon="78.0453082"/>
 <node id="12222182692" visible="true" version="1" changeset="157457080" timestamp="2024-10-04T11:40:04Z" user="Shubhangam Garg" uid="22029285" lat="30.3403988" lon="78.0451580"/>
 <node id="12222182693" visible="true" version="1" changeset="157457080" timestamp="2024-10-04T11:40:04Z" user="Shubhangam Garg" uid="22029285" lat="30.3405978" lon="78.0449702"/>
 <node id="12222182694" visible="true" version="1" changeset="157457080" timestamp="2024-10-04T11:40:04Z" user="Shubhangam Garg" uid="22029285" lat="30.3404636" lon="78.0447181"/>
 <node id="12222182695" visible="true" version="1" changeset="157457080" timestamp="2024-10-04T11:40:04Z" user="Shubhangam Garg" uid="22029285" lat="30.3406626" lon="78.0446108"/>
 <node id="12222182696" visible="true" version="1" changeset="157457080" timestamp="2024-10-04T11:40:04Z" user="Shubhangam Garg" uid="22029285" lat="30.3407506" lon="78.0448147"/>
 <node id="12222182697" visible="true" version="1" changeset="157457080" timestamp="2024-10-04T11:40:04Z" user="Shubhangam Garg" uid="22029285" lat="30.3408386" lon="78.0449273"/>
 <node id="12222182698" visible="true" version="1" changeset="157457080" timestamp="2024-10-04T11:40:04Z" user="Shubhangam Garg" uid="22029285" lat="30.3409312" lon="78.0450078"/>
 <node id="12222182699" visible="true" version="1" changeset="157457080" timestamp="2024-10-04T11:40:04Z" user="Shubhangam Garg" uid="22029285" lat="30.3410978" lon="78.0450936"/>
 <node id="13985999211" visible="true" version="1" changeset="185041610" timestamp="2026-07-03T13:55:45Z" user="Bala1991" uid="18673267" lat="30.3405764" lon="78.0456282"/>
 <node id="13985999212" visible="true" version="1" changeset="185041610" timestamp="2026-07-03T13:55:45Z" user="Bala1991" uid="18673267" lat="30.3406137" lon="78.0456465"/>
 <way id="107158844" visible="true" version="23" changeset="153187028" timestamp="2024-06-26T07:01:55Z" user="nileshbarawkar" uid="16275544">
  <nd ref="1231993758"/>
  <nd ref="5966259306"/>
  <nd ref="10026084350"/>
  <nd ref="1231993784"/>
  <nd ref="10026084349"/>
  <nd ref="1231993759"/>
  <nd ref="3633988201"/>
  <nd ref="6807260360"/>
  <nd ref="10026084348"/>
  <nd ref="1231993768"/>
  <nd ref="10026084347"/>
  <nd ref="1231993770"/>
  <nd ref="10026084346"/>
  <nd ref="9170873255"/>
  <nd ref="1231993773"/>
  <nd ref="2569073280"/>
  <nd ref="1231993775"/>
  <nd ref="10026135763"/>
  <nd ref="10026084345"/>
  <nd ref="1231993778"/>
  <nd ref="10026084343"/>
  <nd ref="2569073166"/>
  <nd ref="10026084344"/>
  <nd ref="1231993781"/>
  <nd ref="3633988209"/>
  <nd ref="6805328402"/>
  <nd ref="2569073176"/>
  <nd ref="10026214454"/>
  <nd ref="10026104378"/>
  <nd ref="6669078102"/>
  <nd ref="9168906855"/>
  <nd ref="1399999477"/>
  <nd ref="3633846805"/>
  <nd ref="3639317473"/>
  <nd ref="3639317475"/>
  <nd ref="3639317479"/>
  <nd ref="3639317480"/>
  <nd ref="3639317483"/>
  <nd ref="1231993782"/>
  <tag k="highway" v="tertiary"/>
  <tag k="name" v="Kalidas Road"/>
  <tag k="name:etymology:wikidata" v="Q7011"/>
  <tag k="name:ta" v="காளிதாஸ் சாலை"/>
  <tag k="width" v="3"/>
 </way>
 <way id="126241964" visible="true" version="8" changeset="126205682" timestamp="2022-09-15T05:31:54Z" user="VLD258" uid="10979442">
  <nd ref="6805384920"/>
  <nd ref="10026157936"/>
  <nd ref="10026157933"/>
  <nd ref="1399999495"/>
  <tag k="highway" v="residential"/>
  <tag k="surface" v="asphalt"/>
 </way>
 <way id="126241966" visible="true" version="16" changeset="179625621" timestamp="2026-03-10T08:45:10Z" user="Jorisbo" uid="1983103">
  <nd ref="1399999487"/>
  <nd ref="3429928627"/>
  <nd ref="1399999483"/>
  <nd ref="1399999464"/>
  <nd ref="1966250383"/>
  <nd ref="3429928626"/>
  <nd ref="1399999465"/>
  <nd ref="3429928628"/>
  <nd ref="3429928629"/>
  <nd ref="1399999480"/>
  <nd ref="3429928630"/>
  <nd ref="10026595369"/>
  <nd ref="1399999471"/>
  <nd ref="3429928632"/>
  <nd ref="4899281485"/>
  <nd ref="1399999493"/>
  <nd ref="3429928635"/>
  <nd ref="3429928636"/>
  <nd ref="1399999462"/>
  <nd ref="4899281491"/>
  <nd ref="5947862364"/>
  <nd ref="10026595373"/>
  <nd ref="1399999479"/>
  <nd ref="10026595374"/>
  <nd ref="1966250400"/>
  <nd ref="1399999494"/>
  <nd ref="1399999482"/>
  <nd ref="10026647059"/>
  <nd ref="4899281483"/>
  <nd ref="10026647060"/>
  <nd ref="1399999463"/>
  <nd ref="1966250367"/>
  <tag k="access" v="permissive"/>
  <tag k="highway" v="service"/>
  <tag k="lanes" v="2"/>
  <tag k="motorcar" v="yes"/>
  <tag k="surface" v="asphalt"/>
 </way>
 <way id="229201336" visible="true" version="7" changeset="139262470" timestamp="2023-07-31T16:35:49Z" user="madba008" uid="13957543">
  <nd ref="2378243008"/>
  <nd ref="2378243015"/>
  <nd ref="10024178879"/>
  <nd ref="2378243019"/>
  <nd ref="10024178880"/>
  <nd ref="2378243023"/>
  <nd ref="10024178881"/>
  <nd ref="2378243027"/>
  <nd ref="2378243030"/>
  <nd ref="10024178882"/>
  <nd ref="10024178883"/>
  <nd ref="2378243035"/>
  <nd ref="10024178884"/>
  <nd ref="2378243038"/>
  <nd ref="2378243042"/>
  <nd ref="11079071640"/>
  <nd ref="2378243141"/>
  <nd ref="2378243047"/>
  <nd ref="2378243004"/>
  <nd ref="6810637070"/>
  <nd ref="6810637074"/>
  <nd ref="2378243055"/>
  <nd ref="2378243059"/>
  <nd ref="10026412844"/>
  <nd ref="10026415981"/>
  <nd ref="10026412843"/>
  <nd ref="6807496518"/>
  <nd ref="2378243063"/>
  <tag k="highway" v="residential"/>
 </way>
 <way id="250475340" visible="true" version="3" changeset="126206814" timestamp="2022-09-15T06:11:04Z" user="VLD258" uid="10979442">
  <nd ref="2569073176"/>
  <nd ref="10026201810"/>
  <nd ref="10026201811"/>
  <nd ref="10026201813"/>
  <nd ref="10026201814"/>
  <nd ref="10026201812"/>
  <nd ref="2569073326"/>
  <nd ref="10026201815"/>
  <nd ref="2569073352"/>
  <nd ref="10026201816"/>
  <nd ref="2569073242"/>
  <nd ref="10026206617"/>
  <nd ref="10026206619"/>
  <nd ref="10026206618"/>
  <nd ref="2569073193"/>
  <nd ref="2569073141"/>
  <nd ref="10026206621"/>
  <nd ref="10026206622"/>
  <nd ref="10026206620"/>
  <nd ref="2569073201"/>
  <nd ref="2569073346"/>
  <nd ref="10026206623"/>
  <nd ref="10026206625"/>
  <nd ref="10026206624"/>
  <nd ref="2569073344"/>
  <nd ref="10026206627"/>
  <nd ref="2569073257"/>
  <nd ref="10026206629"/>
  <nd ref="10026206628"/>
  <nd ref="10026206626"/>
  <nd ref="2569073255"/>
  <nd ref="10026206630"/>
  <nd ref="2569073258"/>
  <nd ref="10026206633"/>
  <nd ref="10026206632"/>
  <nd ref="10026206631"/>
  <nd ref="10026206634"/>
  <nd ref="2569073261"/>
  <nd ref="10026206637"/>
  <nd ref="10026206636"/>
  <nd ref="10026206635"/>
  <nd ref="2569073270"/>
  <tag k="highway" v="residential"/>
  <tag k="source" v="Bing"/>
  <tag k="surface" v="asphalt"/>
 </way>
 <way id="250475355" visible="true" version="7" changeset="126208168" timestamp="2022-09-15T06:49:50Z" user="VLD258" uid="10979442">
  <nd ref="2569073273"/>
  <nd ref="2569073309"/>
  <nd ref="3639332126"/>
  <nd ref="2569073224"/>
  <nd ref="10026252771"/>
  <nd ref="2569073168"/>
  <nd ref="10026206663"/>
  <nd ref="2569073184"/>
  <nd ref="10026206664"/>
  <nd ref="10026261117"/>
  <nd ref="2569073144"/>
  <nd ref="2569073171"/>
  <nd ref="10026206665"/>
  <nd ref="10026206666"/>
  <nd ref="2569073321"/>
  <nd ref="6805329120"/>
  <nd ref="2569073244"/>
  <nd ref="2569073178"/>
  <nd ref="2569073256"/>
  <nd ref="2569073158"/>
  <nd ref="10026203325"/>
  <nd ref="2569073162"/>
  <nd ref="10026203323"/>
  <nd ref="2569073349"/>
  <nd ref="10026203324"/>
  <nd ref="10026203326"/>
  <nd ref="10026203327"/>
  <nd ref="10026203328"/>
  <nd ref="10026203329"/>
  <nd ref="2569073311"/>
  <nd ref="10026203332"/>
  <nd ref="10026203330"/>
  <nd ref="10026203331"/>
  <nd ref="2569073304"/>
  <nd ref="10026203333"/>
  <nd ref="10026203334"/>
  <nd ref="2569073323"/>
  <nd ref="10026203335"/>
  <nd ref="2569073345"/>
  <nd ref="10026206641"/>
  <nd ref="2569073307"/>
  <nd ref="10026203336"/>
  <nd ref="10026206639"/>
  <nd ref="10026206638"/>
  <nd ref="2569073235"/>
  <nd ref="10026206640"/>
  <nd ref="2569073263"/>
  <nd ref="6805329118"/>
  <nd ref="2569073203"/>
  <tag k="highway" v="residential"/>
  <tag k="source" v="Bing"/>
 </way>
 <way id="335876650" visible="true" version="4" changeset="63115115" timestamp="2018-10-02T07:14:34Z" user="Arun Balaji" uid="3427745">
  <nd ref="5948005094"/>
  <nd ref="3500362955"/>
  <nd ref="5948005099"/>
  <nd ref="3429876964"/>
  <nd ref="3429876961"/>
  <nd ref="3429876960"/>
  <nd ref="3429876959"/>
  <nd ref="3429876958"/>
  <nd ref="3429876957"/>
  <nd ref="3429876956"/>
  <nd ref="3429876955"/>
  <nd ref="3429876954"/>
  <nd ref="3429876953"/>
  <nd ref="3429876951"/>
  <nd ref="3429876950"/>
  <nd ref="3429876949"/>
  <nd ref="3429876965"/>
  <nd ref="5948005100"/>
  <nd ref="5948005101"/>
  <nd ref="5948005091"/>
  <nd ref="5948005092"/>
  <nd ref="5948005093"/>
  <nd ref="5948005098"/>
  <nd ref="5948005097"/>
  <nd ref="5948005096"/>
  <nd ref="5948005095"/>
  <nd ref="5948005094"/>
  <tag k="building" v="yes"/>
  <tag k="name" v="GeoInformatics Department (GID)"/>
  <tag k="note" v="GID Building"/>
 </way>
 <way id="335879032" visible="true" version="4" changeset="63113422" timestamp="2018-10-02T05:48:56Z" user="Arun Balaji" uid="3427745">
  <nd ref="3429896197"/>
  <nd ref="3429896201"/>
  <nd ref="3429896202"/>
  <nd ref="3429896204"/>
  <nd ref="3429896197"/>
  <tag k="amenity" v="library"/>
  <tag k="building" v="yes"/>
  <tag k="building:levels" v="2"/>
  <tag k="name" v="Library"/>
 </way>
 <way id="335879033" visible="true" version="2" changeset="63096759" timestamp="2018-10-01T14:40:40Z" user="Arun Balaji" uid="3427745">
  <nd ref="3429896205"/>
  <nd ref="3429896206"/>
  <nd ref="3429896207"/>
  <nd ref="3429896208"/>
  <nd ref="3429896205"/>
  <tag k="building" v="yes"/>
  <tag k="building:levels" v="2"/>
  <tag k="name" v="Gymnasium"/>
 </way>
 <way id="335879776" visible="true" version="4" changeset="63115115" timestamp="2018-10-02T07:14:34Z" user="Arun Balaji" uid="3427745">
  <nd ref="3429903597"/>
  <nd ref="3429903598"/>
  <nd ref="3429903599"/>
  <nd ref="3429903600"/>
  <nd ref="3429903601"/>
  <nd ref="3429903602"/>
  <nd ref="3429903604"/>
  <nd ref="3429903605"/>
  <nd ref="3429903606"/>
  <nd ref="3429903607"/>
  <nd ref="5948004583"/>
  <nd ref="3429903608"/>
  <nd ref="3429903609"/>
  <nd ref="3429903610"/>
  <nd ref="3429903611"/>
  <nd ref="3429903612"/>
  <nd ref="3429903613"/>
  <nd ref="3429903597"/>
  <tag k="building" v="residential"/>
  <tag k="building:levels" v="2"/>
  <tag k="name" v="IIRS Director's Residence"/>
 </way>
 <way id="335880464" visible="true" version="5" changeset="63115526" timestamp="2018-10-02T07:32:23Z" user="Arun Balaji" uid="3427745">
  <nd ref="3429903691"/>
  <nd ref="5948004976"/>
  <nd ref="5948004975"/>
  <nd ref="5948004977"/>
  <nd ref="5948004978"/>
  <nd ref="3429903692"/>
  <nd ref="3429907093"/>
  <nd ref="3429907094"/>
  <nd ref="5947862377"/>
  <nd ref="5947862376"/>
  <nd ref="5948004979"/>
  <nd ref="3429903691"/>
  <tag k="amenity" v="food_court"/>
  <tag k="building" v="yes"/>
  <tag k="building:levels" v="1"/>
  <tag k="name" v="IIRS Canteen"/>
 </way>
 <way id="335880781" visible="true" version="2" changeset="30831625" timestamp="2015-05-06T06:27:44Z" user="Raj@" uid="2893933">
  <nd ref="3429909957"/>
  <nd ref="3429909958"/>
  <nd ref="3429909959"/>
  <nd ref="3429909960"/>
  <nd ref="3429909961"/>
  <nd ref="3429909962"/>
  <nd ref="3429909963"/>
  <nd ref="3429909964"/>
  <nd ref="3429909965"/>
  <nd ref="3429909966"/>
  <nd ref="3429909967"/>
  <nd ref="3429909968"/>
  <nd ref="3429909969"/>
  <nd ref="3429909970"/>
  <nd ref="3429909971"/>
  <nd ref="3429909972"/>
  <nd ref="3429909973"/>
  <nd ref="3429909957"/>
  <tag k="addr:city" v="Dehradun"/>
  <tag k="addr:housenumber" v="4"/>
  <tag k="addr:postcode" v="248001"/>
  <tag k="addr:street" v="Kalidas Road"/>
  <tag k="building" v="yes"/>
  <tag k="building:levels" v="3"/>
  <tag k="name" v="B- BLOCK (ALAKNANDA HOSTEL)"/>
  <tag k="note" v="B- BLOCK (ALAKNANDA HOSTEL), IIRS CAMPUS It hosts students residence"/>
  <tag k="website" v="www.iirs.gov.in"/>
 </way>
 <way id="335880782" visible="true" version="4" changeset="49627029" timestamp="2017-06-18T05:28:50Z" user="rowers2" uid="2445224">
  <nd ref="3429909974"/>
  <nd ref="3429909976"/>
  <nd ref="3429909977"/>
  <nd ref="3429909978"/>
  <nd ref="3429909979"/>
  <nd ref="3429909974"/>
  <tag k="amenity" v="parking"/>
  <tag k="name" v="Car Parking"/>
 </way>
 <way id="335881836" visible="true" version="5" changeset="63115526" timestamp="2018-10-02T07:32:23Z" user="Arun Balaji" uid="3427745">
  <nd ref="5948004952"/>
  <nd ref="5948004954"/>
  <nd ref="5948004959"/>
  <nd ref="5948004955"/>
  <nd ref="5948004961"/>
  <nd ref="5948004956"/>
  <nd ref="5948004958"/>
  <nd ref="5948004953"/>
  <nd ref="5948004960"/>
  <nd ref="5948004957"/>
  <nd ref="5948004951"/>
  <nd ref="3429917508"/>
  <nd ref="3429917509"/>
  <nd ref="3429917510"/>
  <nd ref="3429917511"/>
  <nd ref="3429917512"/>
  <nd ref="5947862342"/>
  <nd ref="5947862347"/>
  <nd ref="5947862346"/>
  <nd ref="5948004920"/>
  <nd ref="5948004919"/>
  <nd ref="5947862345"/>
  <nd ref="5947862344"/>
  <nd ref="5947862343"/>
  <nd ref="3429917513"/>
  <nd ref="3429917514"/>
  <nd ref="5947862350"/>
  <nd ref="5947862348"/>
  <nd ref="5947862349"/>
  <nd ref="5947862351"/>
  <nd ref="5947862352"/>
  <nd ref="3429917515"/>
  <nd ref="3429917516"/>
  <nd ref="5948004952"/>
  <tag k="building" v="yes"/>
  <tag k="building:levels" v="4"/>
  <tag k="name" v="Main Block"/>
 </way>
 <way id="335881972" visible="true" version="5" changeset="63115526" timestamp="2018-10-02T07:32:23Z" user="Arun Balaji" uid="3427745">
  <nd ref="3429918486"/>
  <nd ref="3429918487"/>
  <nd ref="3429918488"/>
  <nd ref="3429918489"/>
  <nd ref="3429918486"/>
  <tag k="building" v="yes"/>
  <tag k="building:levels" v="2"/>
  <tag k="department" v="Urban and Regional Studies Department"/>
  <tag k="name" v="Auditorium"/>
 </way>
 <way id="335883294" visible="true" version="10" changeset="179625621" timestamp="2026-03-10T08:45:10Z" user="Jorisbo" uid="1983103">
  <nd ref="3429929560"/>
  <nd ref="3429929561"/>
  <nd ref="3429929562"/>
  <nd ref="3429929563"/>
  <nd ref="3429929564"/>
  <nd ref="3429929565"/>
  <nd ref="10026595378"/>
  <nd ref="3429929566"/>
  <nd ref="3429929567"/>
  <nd ref="3429929568"/>
  <nd ref="3429929569"/>
  <nd ref="3429929570"/>
  <nd ref="5948005109"/>
  <nd ref="3429944484"/>
  <nd ref="10026595375"/>
  <nd ref="3429929572"/>
  <nd ref="3429929573"/>
  <nd ref="10026595376"/>
  <nd ref="10026595377"/>
  <nd ref="3429932724"/>
  <nd ref="3429932726"/>
  <nd ref="3429932725"/>
  <nd ref="1399999471"/>
  <tag k="access" v="permissive"/>
  <tag k="highway" v="service"/>
  <tag k="lanes" v="2"/>
  <tag k="motorcar" v="yes"/>
  <tag k="surface" v="asphalt"/>
 </way>
 <way id="335885850" visible="true" version="2" changeset="63115115" timestamp="2018-10-02T07:14:35Z" user="Arun Balaji" uid="3427745">
  <nd ref="3429947719"/>
  <nd ref="3429947720"/>
  <nd ref="3429947721"/>
  <nd ref="3429947723"/>
  <nd ref="3429947724"/>
  <nd ref="3429947725"/>
  <nd ref="3429947726"/>
  <nd ref="3429947727"/>
  <nd ref="3429947729"/>
  <nd ref="3429947728"/>
  <nd ref="3429947730"/>
  <nd ref="3429947731"/>
  <nd ref="3429947719"/>
  <tag k="building" v="yes"/>
  <tag k="name" v="CSSTEAP"/>
 </way>
 <way id="337934517" visible="true" version="2" changeset="63115115" timestamp="2018-10-02T07:14:35Z" user="Arun Balaji" uid="3427745">
  <nd ref="3450120365"/>
  <nd ref="3450120366"/>
  <nd ref="3450120367"/>
  <nd ref="3450120368"/>
  <nd ref="3450120369"/>
  <nd ref="3450120370"/>
  <nd ref="3450120371"/>
  <nd ref="3450120372"/>
  <nd ref="3450120373"/>
  <nd ref="3450120374"/>
  <nd ref="3450120376"/>
  <nd ref="3450120377"/>
  <nd ref="3450120378"/>
  <nd ref="3450120365"/>
  <tag k="building" v="house"/>
  <tag k="name" v="IIRS Golden Jubilee Hostel"/>
 </way>
 <way id="338086494" visible="true" version="1" changeset="30156717" timestamp="2015-04-12T07:03:35Z" user="akshara" uid="2773531">
  <nd ref="3451516376"/>
  <nd ref="3451516377"/>
  <nd ref="3451516378"/>
  <nd ref="3451516379"/>
  <nd ref="3451516380"/>
  <nd ref="3451516381"/>
  <nd ref="3451516382"/>
  <nd ref="3451516383"/>
  <nd ref="3451516384"/>
  <nd ref="3451516376"/>
  <tag k="building" v="commercial"/>
  <tag k="name" v="South Indian Bank Guest House"/>
 </way>
 <way id="342740709" visible="true" version="6" changeset="185041610" timestamp="2026-07-03T13:55:45Z" user="Bala1991" uid="18673267">
  <nd ref="3497011712"/>
  <nd ref="12198775771"/>
  <nd ref="3497011713"/>
  <nd ref="12198775770"/>
  <nd ref="12198775769"/>
  <nd ref="12198775768"/>
  <nd ref="3497011714"/>
  <nd ref="3497011715"/>
  <nd ref="3497011716"/>
  <nd ref="3497011717"/>
  <nd ref="3497011718"/>
  <nd ref="13985999211"/>
  <nd ref="5948004937"/>
  <nd ref="5948004938"/>
  <nd ref="5948004939"/>
  <nd ref="5948004940"/>
  <nd ref="5948004941"/>
  <nd ref="5948004942"/>
  <nd ref="5948004943"/>
  <nd ref="5948004944"/>
  <nd ref="5948004945"/>
  <nd ref="5948004946"/>
  <nd ref="5948004936"/>
  <nd ref="5948004935"/>
  <nd ref="5948004934"/>
  <nd ref="5948004933"/>
  <nd ref="13985999212"/>
  <nd ref="3497011719"/>
  <nd ref="12198775773"/>
  <nd ref="12198775772"/>
  <nd ref="3497011712"/>
  <tag k="building" v="yes"/>
  <tag k="building:levels" v="4"/>
  <tag k="name" v="E-Block, Godavari Hostel"/>
  <tag k="tourism" v="hostel"/>
 </way>
 <way id="343136072" visible="true" version="3" changeset="30831422" timestamp="2015-05-06T06:20:48Z" user="Raj@" uid="2893933">
  <nd ref="3500359500"/>
  <nd ref="3500359501"/>
  <nd ref="3500359502"/>
  <nd ref="3500359503"/>
  <nd ref="3500359500"/>
  <tag k="addr:city" v="Dehradun"/>
  <tag k="addr:housenumber" v="4"/>
  <tag k="addr:postcode" v="248001"/>
  <tag k="addr:street" v="Kalidas Road,IIRS CAMPUS"/>
  <tag k="building" v="yes"/>
  <tag k="building:levels" v="3"/>
  <tag k="name" v="C-BLOCK (BHAGIRATI HOSTEL)"/>
  <tag k="note" v="C-BLOCK (BHAGIRATI HOSTEL) IIRS CAMPUS"/>
  <tag k="website" v="www.iirs.gov.in"/>
 </way>
 <way id="343136078" visible="true" version="3" changeset="63115115" timestamp="2018-10-02T07:14:35Z" user="Arun Balaji" uid="3427745">
  <nd ref="3500358765"/>
  <nd ref="3500358766"/>
  <nd ref="5948004904"/>
  <nd ref="5948004906"/>
  <nd ref="5948004905"/>
  <nd ref="5948004907"/>
  <nd ref="5948004903"/>
  <nd ref="3500358768"/>
  <nd ref="3500358765"/>
  <tag k="building" v="yes"/>
 </way>
 <way id="343136190" visible="true" version="3" changeset="49299974" timestamp="2017-06-06T09:38:25Z" user="pratikyadav" uid="2905914">
  <nd ref="3500360438"/>
  <nd ref="3500360439"/>
  <nd ref="3500360440"/>
  <nd ref="3500360441"/>
  <nd ref="3500360438"/>
  <tag k="area" v="yes"/>
  <tag k="leisure" v="pitch"/>
  <tag k="name" v="Badminton Court"/>
  <tag k="note" v="Badminton court"/>
  <tag k="sport" v="badminton"/>
 </way>
 <way id="343136831" visible="true" version="4" changeset="113574496" timestamp="2021-11-09T17:12:17Z" user="user_389895" uid="389895">
  <nd ref="3500361926"/>
  <nd ref="3500361927"/>
  <nd ref="3500361928"/>
  <nd ref="3500361929"/>
  <nd ref="3500361926"/>
  <tag k="amenity" v="parking"/>
 </way>
 <way id="343137057" visible="true" version="1" changeset="30830534" timestamp="2015-05-06T05:41:09Z" user="Nikita Agarwal" uid="2893945">
  <nd ref="3500362947"/>
  <nd ref="3500362948"/>
  <nd ref="3500362949"/>
  <nd ref="3500362950"/>
  <nd ref="3500362947"/>
  <tag k="building" v="yes"/>
 </way>
 <way id="343137058" visible="true" version="1" changeset="30830534" timestamp="2015-05-06T05:41:09Z" user="Nikita Agarwal" uid="2893945">
  <nd ref="3500362951"/>
  <nd ref="3500362952"/>
  <nd ref="3500362953"/>
  <nd ref="3500362954"/>
  <nd ref="3500362951"/>
  <tag k="building" v="yes"/>
 </way>
 <way id="343137091" visible="true" version="2" changeset="63115115" timestamp="2018-10-02T07:14:35Z" user="Arun Balaji" uid="3427745">
  <nd ref="3500365587"/>
  <nd ref="5948004891"/>
  <nd ref="5948004890"/>
  <nd ref="3500365588"/>
  <nd ref="3500365589"/>
  <nd ref="5948004888"/>
  <nd ref="5948004886"/>
  <nd ref="5948004887"/>
  <nd ref="5948004889"/>
  <nd ref="3500365590"/>
  <nd ref="3500365587"/>
  <tag k="building" v="yes"/>
 </way>
 <way id="343137182" visible="true" version="1" changeset="30830573" timestamp="2015-05-06T05:42:22Z" user="Nikita Agarwal" uid="2893945">
  <nd ref="3500366257"/>
  <nd ref="3500366258"/>
  <nd ref="3500366259"/>
  <nd ref="3500366260"/>
  <nd ref="3500366261"/>
  <nd ref="3500366262"/>
  <nd ref="3500366257"/>
  <tag k="building" v="yes"/>
 </way>
 <way id="343137231" visible="true" version="4" changeset="63115115" timestamp="2018-10-02T07:14:35Z" user="Arun Balaji" uid="3427745">
  <nd ref="3500362972"/>
  <nd ref="5948004911"/>
  <nd ref="3500362973"/>
  <nd ref="3500362974"/>
  <nd ref="3500362975"/>
  <nd ref="3500362976"/>
  <nd ref="3500362977"/>
  <nd ref="3500362978"/>
  <nd ref="3500362979"/>
  <nd ref="3500362980"/>
  <nd ref="3500362981"/>
  <nd ref="3500362982"/>
  <nd ref="5948004909"/>
  <nd ref="3500362987"/>
  <nd ref="3500362988"/>
  <nd ref="3500362989"/>
  <nd ref="3500362990"/>
  <nd ref="3500362991"/>
  <nd ref="3500362992"/>
  <nd ref="3500366995"/>
  <nd ref="3500366996"/>
  <nd ref="3500366997"/>
  <nd ref="3500367000"/>
  <nd ref="3500367001"/>
  <nd ref="3500367002"/>
  <nd ref="3500367003"/>
  <nd ref="3500367005"/>
  <nd ref="3500367006"/>
  <nd ref="3500367013"/>
  <nd ref="3500367014"/>
  <nd ref="3500367015"/>
  <nd ref="5948004908"/>
  <nd ref="3500367021"/>
  <nd ref="3500367022"/>
  <nd ref="3500367025"/>
  <nd ref="3500367026"/>
  <nd ref="5948004910"/>
  <nd ref="3500362972"/>
  <tag k="addr:city" v="Dehradun"/>
  <tag k="addr:housenumber" v="IIRS campus"/>
  <tag k="addr:postcode" v="248001"/>
  <tag k="addr:street" v="Kalidas Road"/>
  <tag k="building" v="residential"/>
  <tag k="building:levels" v="4"/>
  <tag k="name" v="International Hostel"/>
 </way>
 <way id="343137595" visible="true" version="1" changeset="30830650" timestamp="2015-05-06T05:46:53Z" user="Nikita Agarwal" uid="2893945">
  <nd ref="3500368771"/>
  <nd ref="3500368772"/>
  <nd ref="3500368773"/>
  <nd ref="3500368774"/>
  <nd ref="3500368771"/>
  <tag k="building" v="yes"/>
 </way>
 <way id="343137596" visible="true" version="1" changeset="30830650" timestamp="2015-05-06T05:46:53Z" user="Nikita Agarwal" uid="2893945">
  <nd ref="3500368775"/>
  <nd ref="3500368776"/>
  <nd ref="3500368777"/>
  <nd ref="3500368778"/>
  <nd ref="3500368775"/>
  <tag k="building" v="yes"/>
 </way>
 <way id="343137597" visible="true" version="1" changeset="30830650" timestamp="2015-05-06T05:46:53Z" user="Nikita Agarwal" uid="2893945">
  <nd ref="3500368779"/>
  <nd ref="3500368780"/>
  <nd ref="3500368781"/>
  <nd ref="3500368782"/>
  <nd ref="3500368779"/>
  <tag k="building" v="yes"/>
 </way>
 <way id="343139375" visible="true" version="2" changeset="30830953" timestamp="2015-05-06T06:03:03Z" user="Sugandh2791" uid="2893916">
  <nd ref="3500400699"/>
  <nd ref="3500400700"/>
  <nd ref="3500400701"/>
  <nd ref="3500400702"/>
  <nd ref="3500400703"/>
  <nd ref="3500400704"/>
  <nd ref="3500400705"/>
  <nd ref="3500400706"/>
  <nd ref="3500400699"/>
  <tag k="building" v="commercial"/>
  <tag k="name" v="Khalsa Building Material &amp; Welding Works"/>
  <tag k="note" v="Khalsa Building Material &amp; Welding Works"/>
 </way>
 <way id="343140053" visible="true" version="1" changeset="30830835" timestamp="2015-05-06T05:58:12Z" user="geohacker" uid="146675">
  <nd ref="3500402227"/>
  <nd ref="3500402228"/>
  <nd ref="3500402229"/>
  <nd ref="3500402230"/>
  <nd ref="3500402227"/>
  <tag k="building" v="yes"/>
 </way>
 <way id="343140054" visible="true" version="1" changeset="30830835" timestamp="2015-05-06T05:58:12Z" user="geohacker" uid="146675">
  <nd ref="3500402231"/>
  <nd ref="3500402232"/>
  <nd ref="3500402233"/>
  <nd ref="3500402234"/>
  <nd ref="3500402235"/>
  <nd ref="3500402236"/>
  <nd ref="3500402231"/>
  <tag k="building" v="yes"/>
 </way>
 <way id="343140056" visible="true" version="2" changeset="30831471" timestamp="2015-05-06T06:22:36Z" user="nitin1991" uid="2893920">
  <nd ref="3500402237"/>
  <nd ref="3500402238"/>
  <nd ref="3500402239"/>
  <nd ref="3500402240"/>
  <nd ref="3500402237"/>
  <tag k="building" v="commercial"/>
  <tag k="name" v="GROCERY STORE"/>
 </way>
 <way id="343140058" visible="true" version="1" changeset="30830835" timestamp="2015-05-06T05:58:12Z" user="geohacker" uid="146675">
  <nd ref="3500402241"/>
  <nd ref="3500402242"/>
  <nd ref="3500402243"/>
  <nd ref="3500402244"/>
  <nd ref="3500402245"/>
  <nd ref="3500402246"/>
  <nd ref="3500402247"/>
  <nd ref="3500402248"/>
  <nd ref="3500402249"/>
  <nd ref="3500402250"/>
  <nd ref="3500402241"/>
  <tag k="building" v="yes"/>
 </way>
 <way id="343140060" visible="true" version="1" changeset="30830835" timestamp="2015-05-06T05:58:12Z" user="geohacker" uid="146675">
  <nd ref="3500402251"/>
  <nd ref="3500402252"/>
  <nd ref="3500402253"/>
  <nd ref="3500402254"/>
  <nd ref="3500402255"/>
  <nd ref="3500402256"/>
  <nd ref="3500402251"/>
  <tag k="building" v="yes"/>
 </way>
 <way id="343141372" visible="true" version="1" changeset="30830896" timestamp="2015-05-06T06:00:46Z" user="Raj@" uid="2893933">
  <nd ref="3500405702"/>
  <nd ref="3500405703"/>
  <nd ref="3500405704"/>
  <nd ref="3500405705"/>
  <nd ref="3500405706"/>
  <nd ref="3500405707"/>
  <nd ref="3500405708"/>
  <nd ref="3500405709"/>
  <nd ref="3500405702"/>
  <tag k="addr:city" v="Dehradun"/>
  <tag k="addr:housenumber" v="4"/>
  <tag k="addr:postcode" v="248001"/>
  <tag k="addr:street" v="Kalidas Road"/>
  <tag k="building" v="yes"/>
  <tag k="building:levels" v="1"/>
  <tag k="name" v="Power supply room"/>
 </way>
 <way id="343141972" visible="true" version="2" changeset="30831173" timestamp="2015-05-06T06:11:49Z" user="nitin1991" uid="2893920">
  <nd ref="3500410411"/>
  <nd ref="3500410412"/>
  <nd ref="3500410413"/>
  <nd ref="3500410414"/>
  <nd ref="3500410415"/>
  <nd ref="3500410416"/>
  <nd ref="3500410417"/>
  <nd ref="3500410418"/>
  <nd ref="3500410419"/>
  <nd ref="3500410420"/>
  <nd ref="3500410421"/>
  <nd ref="3500410422"/>
  <nd ref="3500410423"/>
  <nd ref="3500410424"/>
  <nd ref="3500410425"/>
  <nd ref="3500410426"/>
  <nd ref="3500410427"/>
  <nd ref="3500410430"/>
  <nd ref="3500410431"/>
  <nd ref="3500410432"/>
  <nd ref="3500410433"/>
  <nd ref="3500410434"/>
  <nd ref="3500410411"/>
  <tag k="addr:city" v="Dehradun"/>
  <tag k="addr:postcode" v="248001"/>
  <tag k="addr:street" v="Kalidas Road"/>
  <tag k="building" v="residential"/>
  <tag k="building:levels" v="3"/>
  <tag k="name" v="Babbar Hostel"/>
 </way>
 <way id="343143273" visible="true" version="3" changeset="63115526" timestamp="2018-10-02T07:32:24Z" user="Arun Balaji" uid="3427745">
  <nd ref="3500422193"/>
  <nd ref="5948004584"/>
  <nd ref="5948004885"/>
  <nd ref="3500422194"/>
  <nd ref="3500422195"/>
  <nd ref="3500422196"/>
  <nd ref="3500422193"/>
  <tag k="building" v="house"/>
  <tag k="name" v="CSSTEAP Director's Residence"/>
 </way>
 <way id="343145700" visible="true" version="1" changeset="30831544" timestamp="2015-05-06T06:25:00Z" user="pruthvi gopal" uid="2893996">
  <nd ref="3500438607"/>
  <nd ref="3500438608"/>
  <nd ref="3500438609"/>
  <nd ref="3500438610"/>
  <nd ref="3500438607"/>
  <tag k="building" v="yes"/>
 </way>
 <way id="343145778" visible="true" version="1" changeset="30831561" timestamp="2015-05-06T06:25:36Z" user="pruthvi gopal" uid="2893996">
  <nd ref="3500438328"/>
  <nd ref="3500438329"/>
  <nd ref="3500438330"/>
  <nd ref="3500438331"/>
  <nd ref="3500438332"/>
  <nd ref="3500438333"/>
  <nd ref="3500438334"/>
  <nd ref="3500438335"/>
  <nd ref="3500438328"/>
  <tag k="building" v="yes"/>
 </way>
 <way id="343145995" visible="true" version="1" changeset="30831630" timestamp="2015-05-06T06:27:54Z" user="pruthvi gopal" uid="2893996">
  <nd ref="3500439443"/>
  <nd ref="3500439444"/>
  <nd ref="3500439445"/>
  <nd ref="3500439446"/>
  <nd ref="3500439443"/>
  <tag k="building" v="residential"/>
 </way>
 <way id="343146015" visible="true" version="1" changeset="30831641" timestamp="2015-05-06T06:28:20Z" user="pruthvi gopal" uid="2893996">
  <nd ref="3500441789"/>
  <nd ref="3500441790"/>
  <nd ref="3500441791"/>
  <nd ref="3500441792"/>
  <nd ref="3500441789"/>
  <tag k="building" v="residential"/>
 </way>
 <way id="343146070" visible="true" version="1" changeset="30831660" timestamp="2015-05-06T06:28:42Z" user="pruthvi gopal" uid="2893996">
  <nd ref="3500442109"/>
  <nd ref="3500442110"/>
  <nd ref="3500442111"/>
  <nd ref="3500442112"/>
  <nd ref="3500442109"/>
  <tag k="building" v="residential"/>
 </way>
 <way id="343402445" visible="true" version="4" changeset="126205501" timestamp="2022-09-15T05:24:57Z" user="VLD258" uid="10979442">
  <nd ref="3639317479"/>
  <nd ref="10026157560"/>
  <nd ref="10026157561"/>
  <nd ref="10026157565"/>
  <nd ref="3502469050"/>
  <nd ref="10026157562"/>
  <nd ref="3502469051"/>
  <nd ref="10026157564"/>
  <nd ref="10026157563"/>
  <nd ref="10026157566"/>
  <nd ref="10026157568"/>
  <nd ref="10026157567"/>
  <nd ref="3502469052"/>
  <nd ref="3502469053"/>
  <nd ref="3502469054"/>
  <tag k="highway" v="residential"/>
  <tag k="surface" v="asphalt"/>
 </way>
 <way id="343402446" visible="true" version="3" changeset="64820537" timestamp="2018-11-23T13:01:23Z" user="Arun Balaji" uid="3427745">
  <nd ref="3502469053"/>
  <nd ref="3502469055"/>
  <tag k="highway" v="residential"/>
  <tag k="surface" v="asphalt"/>
 </way>
 <way id="343402448" visible="true" version="4" changeset="126205501" timestamp="2022-09-15T05:24:57Z" user="VLD258" uid="10979442">
  <nd ref="3639317473"/>
  <nd ref="3502469055"/>
  <tag k="highway" v="residential"/>
  <tag k="surface" v="asphalt"/>
 </way>
 <way id="343402449" visible="true" version="4" changeset="126205617" timestamp="2022-09-15T05:29:16Z" user="VLD258" uid="10979442">
  <nd ref="3502469055"/>
  <nd ref="10026159173"/>
  <nd ref="3502469057"/>
  <nd ref="10026159175"/>
  <nd ref="10026159176"/>
  <nd ref="10026159174"/>
  <nd ref="6092921339"/>
  <nd ref="10026159170"/>
  <nd ref="10026159172"/>
  <nd ref="10026159171"/>
  <nd ref="6092921338"/>
  <nd ref="6092921337"/>
  <tag k="highway" v="residential"/>
  <tag k="surface" v="asphalt"/>
 </way>
 <way id="346168723" visible="true" version="5" changeset="57463461" timestamp="2018-03-23T16:55:12Z" user="Ibrahem_Qasim" uid="3620795">
  <nd ref="3527653086"/>
  <nd ref="3527653087"/>
  <nd ref="3527653088"/>
  <nd ref="3527653089"/>
  <nd ref="3527653090"/>
  <nd ref="3527653091"/>
  <nd ref="3527653092"/>
  <nd ref="3527656293"/>
  <nd ref="3527656294"/>
  <nd ref="3527656295"/>
  <nd ref="3527656296"/>
  <nd ref="3527656297"/>
  <nd ref="3527656298"/>
  <nd ref="3527656299"/>
  <nd ref="3527656300"/>
  <nd ref="3527656301"/>
  <nd ref="3527656302"/>
  <nd ref="3527656303"/>
  <nd ref="3527656304"/>
  <nd ref="3527656305"/>
  <nd ref="3784274342"/>
  <nd ref="3784274343"/>
  <nd ref="1966250367"/>
  <nd ref="3527656306"/>
  <nd ref="3527656307"/>
  <nd ref="3527656308"/>
  <nd ref="3527656309"/>
  <nd ref="3527656310"/>
  <nd ref="3527656311"/>
  <nd ref="3527656312"/>
  <nd ref="3527656313"/>
  <nd ref="3527656314"/>
  <nd ref="3527656315"/>
  <nd ref="3527656316"/>
  <nd ref="3527656317"/>
  <nd ref="3527656318"/>
  <nd ref="3527656319"/>
  <nd ref="3527653086"/>
  <tag k="addr:city" v="Dehradun"/>
  <tag k="addr:housenumber" v="4"/>
  <tag k="addr:postcode" v="248001"/>
  <tag k="addr:street" v="Kalidas Road"/>
  <tag k="amenity" v="college"/>
  <tag k="area" v="yes"/>
  <tag k="barrier" v="wall"/>
  <tag k="name" v="Indian Institute Of Remote Sensing"/>
  <tag k="short_name" v="IIRS"/>
  <tag k="website" v="www.iirs.gov.in"/>
  <tag k="wikidata" v="Q13637855"/>
 </way>
 <way id="358469750" visible="true" version="1" changeset="32403495" timestamp="2015-07-04T06:51:17Z" user="geohacker" uid="146675">
  <nd ref="3633846795"/>
  <nd ref="3633846796"/>
  <nd ref="3633846797"/>
  <nd ref="3633846798"/>
  <nd ref="3633846799"/>
  <nd ref="3633846800"/>
  <nd ref="3633846801"/>
  <nd ref="3633846802"/>
  <nd ref="3633846803"/>
  <nd ref="3633846804"/>
  <nd ref="3633846795"/>
  <tag k="building" v="yes"/>
 </way>
 <way id="358469751" visible="true" version="6" changeset="126205617" timestamp="2022-09-15T05:29:16Z" user="VLD258" uid="10979442">
  <nd ref="3633846805"/>
  <nd ref="1399999495"/>
  <nd ref="10026159179"/>
  <nd ref="10026159180"/>
  <nd ref="10026159181"/>
  <nd ref="3633846807"/>
  <nd ref="10026159182"/>
  <nd ref="10026159184"/>
  <nd ref="10026159185"/>
  <nd ref="10026159183"/>
  <nd ref="3633846808"/>
  <nd ref="3639317470"/>
  <nd ref="3633846811"/>
  <nd ref="10026159186"/>
  <nd ref="10026159188"/>
  <nd ref="10026159187"/>
  <nd ref="6805384942"/>
  <nd ref="6805384940"/>
  <tag k="highway" v="residential"/>
  <tag k="surface" v="asphalt"/>
 </way>
 <way id="358481616" visible="true" version="7" changeset="126204634" timestamp="2022-09-15T04:50:30Z" user="VLD258" uid="10979442">
  <nd ref="3633987489"/>
  <nd ref="5966259299"/>
  <nd ref="3633988194"/>
  <nd ref="10026125986"/>
  <nd ref="10026125987"/>
  <nd ref="10026125988"/>
  <nd ref="3633988195"/>
  <nd ref="10026125985"/>
  <nd ref="3633988196"/>
  <nd ref="3633988197"/>
  <nd ref="10026125984"/>
  <nd ref="3633988198"/>
  <nd ref="10026125983"/>
  <nd ref="10026084102"/>
  <tag k="highway" v="residential"/>
 </way>
 <way id="358481618" visible="true" version="2" changeset="126207489" timestamp="2022-09-15T06:30:15Z" user="VLD258" uid="10979442">
  <nd ref="3633988209"/>
  <nd ref="3633988213"/>
  <nd ref="3633988214"/>
  <tag k="highway" v="residential"/>
 </way>
 <way id="358486412" visible="true" version="5" changeset="126209536" timestamp="2022-09-15T07:22:11Z" user="VLD258" uid="10979442">
  <nd ref="6785053924"/>
  <nd ref="10026303084"/>
  <nd ref="4215286665"/>
  <nd ref="10026303085"/>
  <nd ref="10026303086"/>
  <nd ref="4215286664"/>
  <nd ref="10026303087"/>
  <nd ref="10026303088"/>
  <nd ref="10026303089"/>
  <nd ref="3633999537"/>
  <nd ref="10026303090"/>
  <nd ref="3633999538"/>
  <nd ref="10026303093"/>
  <nd ref="10026303091"/>
  <nd ref="3633999539"/>
  <nd ref="3633999540"/>
  <nd ref="3633999541"/>
  <nd ref="10026303092"/>
  <nd ref="3633999542"/>
  <nd ref="10026303095"/>
  <nd ref="10026303096"/>
  <nd ref="3633999543"/>
  <nd ref="3633999544"/>
  <nd ref="3633999545"/>
  <nd ref="10026320947"/>
  <nd ref="3633999546"/>
  <nd ref="3633999547"/>
  <nd ref="10026303097"/>
  <nd ref="10026303098"/>
  <nd ref="3633999548"/>
  <nd ref="3633999549"/>
  <nd ref="10026303103"/>
  <nd ref="10026303113"/>
  <nd ref="10026303112"/>
  <nd ref="10026303104"/>
  <nd ref="10026303105"/>
  <nd ref="10026303116"/>
  <nd ref="10026303115"/>
  <nd ref="10026303114"/>
  <nd ref="10026310817"/>
  <nd ref="10026303106"/>
  <nd ref="10026310818"/>
  <nd ref="10026303100"/>
  <nd ref="10026303107"/>
  <nd ref="10026310819"/>
  <nd ref="10026303108"/>
  <nd ref="10026303109"/>
  <nd ref="10026310825"/>
  <nd ref="10026303110"/>
  <nd ref="10026310824"/>
  <nd ref="10026310823"/>
  <nd ref="10026303111"/>
  <nd ref="10026310822"/>
  <tag k="highway" v="residential"/>
 </way>
 <way id="358499427" visible="true" version="1" changeset="32406915" timestamp="2015-07-04T11:00:44Z" user="satyaakam" uid="81656">
  <nd ref="3634103369"/>
  <nd ref="3634103371"/>
  <nd ref="3634103373"/>
  <nd ref="3634103375"/>
  <nd ref="3634103376"/>
  <nd ref="3634103374"/>
  <nd ref="3634103372"/>
  <nd ref="3634103370"/>
  <nd ref="3634103369"/>
  <tag k="man_made" v="water_tower"/>
 </way>
 <way id="358499428" visible="true" version="1" changeset="32406915" timestamp="2015-07-04T11:00:44Z" user="satyaakam" uid="81656">
  <nd ref="3634103368"/>
  <nd ref="3634103367"/>
  <nd ref="3634103366"/>
  <nd ref="3634103363"/>
  <nd ref="3634103364"/>
  <nd ref="3634103365"/>
  <nd ref="3634103368"/>
  <tag k="building" v="yes"/>
 </way>
 <way id="358528141" visible="true" version="1" changeset="32410970" timestamp="2015-07-04T16:58:16Z" user="satyaakam" uid="81656">
  <nd ref="3634373454"/>
  <nd ref="3634373456"/>
  <nd ref="3634373450"/>
  <nd ref="3634373446"/>
  <nd ref="3634373454"/>
  <tag k="building" v="yes"/>
 </way>
 <way id="358528147" visible="true" version="1" changeset="32410970" timestamp="2015-07-04T16:58:16Z" user="satyaakam" uid="81656">
  <nd ref="3634373444"/>
  <nd ref="3634373445"/>
  <nd ref="3634373443"/>
  <nd ref="3634373442"/>
  <nd ref="3634373444"/>
  <tag k="building" v="yes"/>
 </way>
 <way id="358528162" visible="true" version="1" changeset="32410970" timestamp="2015-07-04T16:58:17Z" user="satyaakam" uid="81656">
  <nd ref="3634373456"/>
  <nd ref="3634373461"/>
  <nd ref="3634373457"/>
  <nd ref="3634373453"/>
  <nd ref="3634373456"/>
  <tag k="building" v="yes"/>
 </way>
 <way id="359173831" visible="true" version="2" changeset="64820537" timestamp="2018-11-23T13:00:55Z" user="Arun Balaji" uid="3427745">
  <nd ref="3639317483"/>
  <nd ref="3639317486"/>
  <tag k="highway" v="residential"/>
  <tag k="surface" v="asphalt"/>
 </way>
 <way id="359173832" visible="true" version="2" changeset="64820537" timestamp="2018-11-23T13:00:54Z" user="Arun Balaji" uid="3427745">
  <nd ref="3639317480"/>
  <nd ref="3639317484"/>
  <tag k="highway" v="residential"/>
  <tag k="surface" v="asphalt"/>
 </way>
 <way id="359173833" visible="true" version="2" changeset="64820537" timestamp="2018-11-23T13:00:36Z" user="Arun Balaji" uid="3427745">
  <nd ref="3639317482"/>
  <nd ref="3639317485"/>
  <tag k="highway" v="residential"/>
  <tag k="surface" v="asphalt"/>
 </way>
 <way id="359173834" visible="true" version="3" changeset="126204234" timestamp="2022-09-15T04:29:51Z" user="VLD258" uid="10979442">
  <nd ref="3639317487"/>
  <nd ref="3639317488"/>
  <nd ref="10026104374"/>
  <nd ref="10026104373"/>
  <nd ref="10026104372"/>
  <nd ref="10026104369"/>
  <nd ref="10026104371"/>
  <nd ref="10026104370"/>
  <nd ref="3639317490"/>
  <nd ref="3639317489"/>
  <tag k="highway" v="residential"/>
  <tag k="surface" v="asphalt"/>
 </way>
 <way id="359173835" visible="true" version="4" changeset="130248731" timestamp="2022-12-19T13:11:25Z" user="Kavithaptpm" uid="12266079">
  <nd ref="3639317470"/>
  <nd ref="10026630678"/>
  <nd ref="10026630676"/>
  <nd ref="3639317468"/>
  <nd ref="10026630675"/>
  <nd ref="10026630671"/>
  <nd ref="10026630674"/>
  <nd ref="10026630677"/>
  <nd ref="6805384923"/>
  <nd ref="10026630681"/>
  <nd ref="10026630680"/>
  <nd ref="6805384922"/>
  <nd ref="10026630682"/>
  <nd ref="10026630673"/>
  <nd ref="10026630672"/>
  <nd ref="10026630679"/>
  <nd ref="3639317467"/>
  <nd ref="3639317465"/>
  <nd ref="10273261769"/>
  <tag k="highway" v="residential"/>
 </way>
 <way id="375040981" visible="true" version="6" changeset="126204234" timestamp="2022-09-15T04:29:51Z" user="VLD258" uid="10979442">
  <nd ref="1966250367"/>
  <nd ref="3639317487"/>
  <nd ref="1399999474"/>
  <nd ref="10026104363"/>
  <nd ref="3450109550"/>
  <nd ref="10026104364"/>
  <nd ref="10026104365"/>
  <nd ref="10026104366"/>
  <nd ref="1399999488"/>
  <nd ref="3450109549"/>
  <nd ref="3639317482"/>
  <nd ref="10026104367"/>
  <nd ref="10026104368"/>
  <nd ref="1399999476"/>
  <nd ref="3639317477"/>
  <nd ref="3639317475"/>
  <tag k="highway" v="residential"/>
  <tag k="name" v="Indian Institute of Remote Sensing Road"/>
  <tag k="surface" v="asphalt"/>
 </way>
 <way id="375041024" visible="true" version="1" changeset="34604788" timestamp="2015-10-13T07:10:12Z" user="pratikyadav" uid="2905914">
  <nd ref="3784277849"/>
  <nd ref="3784277851"/>
  <nd ref="3784277852"/>
  <nd ref="3784277850"/>
  <nd ref="3784277849"/>
  <tag k="leisure" v="park"/>
 </way>
 <way id="421741119" visible="true" version="1" changeset="39657745" timestamp="2016-05-30T07:18:37Z" user="manoharuss" uid="3769434">
  <nd ref="4214910081"/>
  <nd ref="4214910084"/>
  <nd ref="4214910087"/>
  <nd ref="4214909600"/>
  <nd ref="4214909601"/>
  <nd ref="4214909602"/>
  <nd ref="4214909604"/>
  <nd ref="4214910088"/>
  <nd ref="4214910081"/>
  <tag k="building" v="yes"/>
 </way>
 <way id="421753613" visible="true" version="1" changeset="39659402" timestamp="2016-05-30T08:37:28Z" user="manoharuss" uid="3769434">
  <nd ref="4215009607"/>
  <nd ref="4215009603"/>
  <nd ref="4215009608"/>
  <nd ref="4215009611"/>
  <nd ref="4215009607"/>
  <tag k="building" v="yes"/>
 </way>
 <way id="421753617" visible="true" version="1" changeset="39659402" timestamp="2016-05-30T08:37:28Z" user="manoharuss" uid="3769434">
  <nd ref="4215009605"/>
  <nd ref="4215009601"/>
  <nd ref="4215009612"/>
  <nd ref="4215009615"/>
  <nd ref="4215009605"/>
  <tag k="building" v="yes"/>
 </way>
 <way id="421753619" visible="true" version="1" changeset="39659402" timestamp="2016-05-30T08:37:30Z" user="manoharuss" uid="3769434">
  <nd ref="4215009613"/>
  <nd ref="4215009610"/>
  <nd ref="4215009614"/>
  <nd ref="4215009619"/>
  <nd ref="4215009613"/>
  <tag k="building" v="yes"/>
 </way>
 <way id="421774813" visible="true" version="1" changeset="39662080" timestamp="2016-05-30T10:41:04Z" user="manoharuss" uid="3769434">
  <nd ref="4215182461"/>
  <nd ref="4215182464"/>
  <nd ref="4215182462"/>
  <nd ref="4215182476"/>
  <nd ref="4215182485"/>
  <nd ref="4215182481"/>
  <nd ref="4215182483"/>
  <nd ref="4215182477"/>
  <nd ref="4215182475"/>
  <nd ref="4215182471"/>
  <nd ref="4215182461"/>
  <tag k="building" v="yes"/>
 </way>
 <way id="421774816" visible="true" version="1" changeset="39662080" timestamp="2016-05-30T10:41:05Z" user="manoharuss" uid="3769434">
  <nd ref="4215182374"/>
  <nd ref="4215182369"/>
  <nd ref="4215182371"/>
  <nd ref="4215182368"/>
  <nd ref="4215182375"/>
  <nd ref="4215182379"/>
  <nd ref="4215182383"/>
  <nd ref="4215182389"/>
  <nd ref="4215182386"/>
  <nd ref="4215182380"/>
  <nd ref="4215182377"/>
  <nd ref="4215182381"/>
  <nd ref="4215182374"/>
  <tag k="building" v="yes"/>
 </way>
 <way id="421774817" visible="true" version="1" changeset="39662080" timestamp="2016-05-30T10:41:05Z" user="manoharuss" uid="3769434">
  <nd ref="4215182455"/>
  <nd ref="4215182446"/>
  <nd ref="4215182451"/>
  <nd ref="4215182444"/>
  <nd ref="4215182449"/>
  <nd ref="4215182445"/>
  <nd ref="4215182452"/>
  <nd ref="4215182450"/>
  <nd ref="4215182458"/>
  <nd ref="4215182467"/>
  <nd ref="4215182466"/>
  <nd ref="4215182469"/>
  <nd ref="4215182455"/>
  <tag k="building" v="yes"/>
 </way>
 <way id="421774820" visible="true" version="1" changeset="39662080" timestamp="2016-05-30T10:41:05Z" user="manoharuss" uid="3769434">
  <nd ref="4215182602"/>
  <nd ref="4215181574"/>
  <nd ref="4215182604"/>
  <nd ref="4215181576"/>
  <nd ref="4215181580"/>
  <nd ref="4215181587"/>
  <nd ref="4215182690"/>
  <nd ref="4215181588"/>
  <nd ref="4215182694"/>
  <nd ref="4215182691"/>
  <nd ref="4215182696"/>
  <nd ref="4215182689"/>
  <nd ref="4215181584"/>
  <nd ref="4215181582"/>
  <nd ref="4215182602"/>
  <tag k="building" v="yes"/>
 </way>
 <way id="421774821" visible="true" version="1" changeset="39662080" timestamp="2016-05-30T10:41:05Z" user="manoharuss" uid="3769434">
  <nd ref="4215182572"/>
  <nd ref="4215182581"/>
  <nd ref="4215182589"/>
  <nd ref="4215182579"/>
  <nd ref="4215182572"/>
  <tag k="building" v="yes"/>
 </way>
 <way id="421774824" visible="true" version="1" changeset="39662080" timestamp="2016-05-30T10:41:05Z" user="manoharuss" uid="3769434">
  <nd ref="4215182307"/>
  <nd ref="4215182309"/>
  <nd ref="4215182313"/>
  <nd ref="4215182312"/>
  <nd ref="4215182307"/>
  <tag k="building" v="yes"/>
 </way>
 <way id="421774826" visible="true" version="1" changeset="39662080" timestamp="2016-05-30T10:41:05Z" user="manoharuss" uid="3769434">
  <nd ref="4215182337"/>
  <nd ref="4215182335"/>
  <nd ref="4215182331"/>
  <nd ref="4215182334"/>
  <nd ref="4215182337"/>
  <tag k="building" v="yes"/>
 </way>
 <way id="421774827" visible="true" version="2" changeset="39708950" timestamp="2016-06-01T11:59:28Z" user="manoharuss" uid="3769434">
  <nd ref="4215182493"/>
  <nd ref="4219092515"/>
  <nd ref="4215182496"/>
  <nd ref="4215182506"/>
  <nd ref="4215182498"/>
  <nd ref="4219092521"/>
  <nd ref="4219092520"/>
  <nd ref="4219092519"/>
  <nd ref="4219092518"/>
  <nd ref="4219092517"/>
  <nd ref="4219092516"/>
  <nd ref="4219092513"/>
  <nd ref="4219092514"/>
  <nd ref="4219092512"/>
  <nd ref="4219092511"/>
  <nd ref="4219092509"/>
  <nd ref="4219092510"/>
  <nd ref="4215182493"/>
  <tag k="building" v="yes"/>
 </way>
 <way id="421774829" visible="true" version="1" changeset="39662080" timestamp="2016-05-30T10:41:05Z" user="manoharuss" uid="3769434">
  <nd ref="4215182549"/>
  <nd ref="4215182541"/>
  <nd ref="4215182525"/>
  <nd ref="4215182536"/>
  <nd ref="4215182549"/>
  <tag k="building" v="yes"/>
 </way>
 <way id="421774831" visible="true" version="1" changeset="39662080" timestamp="2016-05-30T10:41:05Z" user="manoharuss" uid="3769434">
  <nd ref="4215182584"/>
  <nd ref="4215182592"/>
  <nd ref="4215182601"/>
  <nd ref="4215182595"/>
  <nd ref="4215182584"/>
  <tag k="building" v="yes"/>
 </way>
 <way id="421774832" visible="true" version="1" changeset="39662080" timestamp="2016-05-30T10:41:05Z" user="manoharuss" uid="3769434">
  <nd ref="4215182315"/>
  <nd ref="4215182311"/>
  <nd ref="4215182314"/>
  <nd ref="4215182316"/>
  <nd ref="4215182315"/>
  <tag k="building" v="yes"/>
 </way>
 <way id="421774834" visible="true" version="1" changeset="39662080" timestamp="2016-05-30T10:41:06Z" user="manoharuss" uid="3769434">
  <nd ref="4215182385"/>
  <nd ref="4215182393"/>
  <nd ref="4215182400"/>
  <nd ref="4215182394"/>
  <nd ref="4215182385"/>
  <tag k="building" v="yes"/>
 </way>
 <way id="421774835" visible="true" version="1" changeset="39662080" timestamp="2016-05-30T10:41:06Z" user="manoharuss" uid="3769434">
  <nd ref="4215182392"/>
  <nd ref="4215182388"/>
  <nd ref="4215182391"/>
  <nd ref="4215182396"/>
  <nd ref="4215182392"/>
  <tag k="building" v="yes"/>
 </way>
 <way id="421774837" visible="true" version="1" changeset="39662080" timestamp="2016-05-30T10:41:06Z" user="manoharuss" uid="3769434">
  <nd ref="4215182574"/>
  <nd ref="4215182590"/>
  <nd ref="4215182599"/>
  <nd ref="4215182582"/>
  <nd ref="4215182574"/>
  <tag k="building" v="yes"/>
 </way>
 <way id="421774838" visible="true" version="1" changeset="39662080" timestamp="2016-05-30T10:41:06Z" user="manoharuss" uid="3769434">
  <nd ref="4215182410"/>
  <nd ref="4215182419"/>
  <nd ref="4215182441"/>
  <nd ref="4215182430"/>
  <nd ref="4215182410"/>
  <tag k="building" v="yes"/>
 </way>
 <way id="421774839" visible="true" version="1" changeset="39662080" timestamp="2016-05-30T10:41:06Z" user="manoharuss" uid="3769434">
  <nd ref="4215182341"/>
  <nd ref="4215182347"/>
  <nd ref="4215182349"/>
  <nd ref="4215182346"/>
  <nd ref="4215182341"/>
  <tag k="building" v="yes"/>
 </way>
 <way id="421774844" visible="true" version="1" changeset="39662080" timestamp="2016-05-30T10:41:06Z" user="manoharuss" uid="3769434">
  <nd ref="4215182542"/>
  <nd ref="4215182531"/>
  <nd ref="4215182546"/>
  <nd ref="4215182557"/>
  <nd ref="4215182542"/>
  <tag k="building" v="yes"/>
 </way>
 <way id="421774845" visible="true" version="1" changeset="39662080" timestamp="2016-05-30T10:41:06Z" user="manoharuss" uid="3769434">
  <nd ref="4215182402"/>
  <nd ref="4215182408"/>
  <nd ref="4215182421"/>
  <nd ref="4215182415"/>
  <nd ref="4215182402"/>
  <tag k="building" v="yes"/>
 </way>
 <way id="421774846" visible="true" version="1" changeset="39662080" timestamp="2016-05-30T10:41:06Z" user="manoharuss" uid="3769434">
  <nd ref="4215182472"/>
  <nd ref="4215182480"/>
  <nd ref="4215182486"/>
  <nd ref="4215182482"/>
  <nd ref="4215182472"/>
  <tag k="building" v="yes"/>
 </way>
 <way id="421774848" visible="true" version="1" changeset="39662080" timestamp="2016-05-30T10:41:06Z" user="manoharuss" uid="3769434">
  <nd ref="4215181572"/>
  <nd ref="4215182596"/>
  <nd ref="4215181571"/>
  <nd ref="4215181583"/>
  <nd ref="4215181572"/>
  <tag k="building" v="yes"/>
 </way>
 <way id="421774849" visible="true" version="1" changeset="39662080" timestamp="2016-05-30T10:41:06Z" user="manoharuss" uid="3769434">
  <nd ref="4215182564"/>
  <nd ref="4215182576"/>
  <nd ref="4215182583"/>
  <nd ref="4215182570"/>
  <nd ref="4215182564"/>
  <tag k="building" v="yes"/>
 </way>
 <way id="421774852" visible="true" version="1" changeset="39662080" timestamp="2016-05-30T10:41:06Z" user="manoharuss" uid="3769434">
  <nd ref="4215182373"/>
  <nd ref="4215182384"/>
  <nd ref="4215182390"/>
  <nd ref="4215182382"/>
  <nd ref="4215182373"/>
  <tag k="building" v="yes"/>
 </way>
 <way id="421774854" visible="true" version="1" changeset="39662080" timestamp="2016-05-30T10:41:07Z" user="manoharuss" uid="3769434">
  <nd ref="4215182558"/>
  <nd ref="4215182566"/>
  <nd ref="4215182571"/>
  <nd ref="4215182562"/>
  <nd ref="4215182558"/>
  <tag k="building" v="yes"/>
 </way>
 <way id="421774869" visible="true" version="1" changeset="39662080" timestamp="2016-05-30T10:41:07Z" user="manoharuss" uid="3769434">
  <nd ref="4215182550"/>
  <nd ref="4215182560"/>
  <nd ref="4215182573"/>
  <nd ref="4215182561"/>
  <nd ref="4215182550"/>
  <tag k="building" v="yes"/>
 </way>
 <way id="421774871" visible="true" version="1" changeset="39662080" timestamp="2016-05-30T10:41:07Z" user="manoharuss" uid="3769434">
  <nd ref="4215182603"/>
  <nd ref="4215181578"/>
  <nd ref="4215181585"/>
  <nd ref="4215181579"/>
  <nd ref="4215182603"/>
  <tag k="building" v="yes"/>
 </way>
 <way id="421774872" visible="true" version="1" changeset="39662080" timestamp="2016-05-30T10:41:07Z" user="manoharuss" uid="3769434">
  <nd ref="4215182354"/>
  <nd ref="4215182361"/>
  <nd ref="4215182367"/>
  <nd ref="4215182364"/>
  <nd ref="4215182354"/>
  <tag k="building" v="yes"/>
 </way>
 <way id="421774873" visible="true" version="1" changeset="39662080" timestamp="2016-05-30T10:41:07Z" user="manoharuss" uid="3769434">
  <nd ref="4215182409"/>
  <nd ref="4215182417"/>
  <nd ref="4215182438"/>
  <nd ref="4215182425"/>
  <nd ref="4215182409"/>
  <tag k="building" v="yes"/>
 </way>
 <way id="421774874" visible="true" version="1" changeset="39662080" timestamp="2016-05-30T10:41:07Z" user="manoharuss" uid="3769434">
  <nd ref="4215182357"/>
  <nd ref="4215182348"/>
  <nd ref="4215182351"/>
  <nd ref="4215182362"/>
  <nd ref="4215182357"/>
  <tag k="building" v="yes"/>
 </way>
 <way id="421774879" visible="true" version="1" changeset="39662080" timestamp="2016-05-30T10:41:08Z" user="manoharuss" uid="3769434">
  <nd ref="4215182336"/>
  <nd ref="4215182339"/>
  <nd ref="4215182344"/>
  <nd ref="4215182340"/>
  <nd ref="4215182336"/>
  <tag k="building" v="yes"/>
 </way>
 <way id="421774880" visible="true" version="1" changeset="39662080" timestamp="2016-05-30T10:41:08Z" user="manoharuss" uid="3769434">
  <nd ref="4215182399"/>
  <nd ref="4215182406"/>
  <nd ref="4215182414"/>
  <nd ref="4215182404"/>
  <nd ref="4215182399"/>
  <tag k="building" v="yes"/>
 </way>
 <way id="421774882" visible="true" version="1" changeset="39662080" timestamp="2016-05-30T10:41:08Z" user="manoharuss" uid="3769434">
  <nd ref="4215182508"/>
  <nd ref="4215182492"/>
  <nd ref="4215182488"/>
  <nd ref="4215182499"/>
  <nd ref="4215182508"/>
  <tag k="building" v="yes"/>
 </way>
 <way id="421774883" visible="true" version="1" changeset="39662080" timestamp="2016-05-30T10:41:08Z" user="manoharuss" uid="3769434">
  <nd ref="4215182585"/>
  <nd ref="4215182597"/>
  <nd ref="4215181573"/>
  <nd ref="4215182598"/>
  <nd ref="4215182585"/>
  <tag k="building" v="yes"/>
 </way>
 <way id="421774885" visible="true" version="1" changeset="39662080" timestamp="2016-05-30T10:41:08Z" user="manoharuss" uid="3769434">
  <nd ref="4215182487"/>
  <nd ref="4215182491"/>
  <nd ref="4215182501"/>
  <nd ref="4215182489"/>
  <nd ref="4215182487"/>
  <tag k="building" v="yes"/>
 </way>
 <way id="421774886" visible="true" version="1" changeset="39662080" timestamp="2016-05-30T10:41:08Z" user="manoharuss" uid="3769434">
  <nd ref="4215182563"/>
  <nd ref="4215182552"/>
  <nd ref="4215182556"/>
  <nd ref="4215182568"/>
  <nd ref="4215182563"/>
  <tag k="building" v="yes"/>
 </way>
 <way id="421774889" visible="true" version="1" changeset="39662080" timestamp="2016-05-30T10:41:08Z" user="manoharuss" uid="3769434">
  <nd ref="4215182305"/>
  <nd ref="4215182306"/>
  <nd ref="4215182310"/>
  <nd ref="4215182308"/>
  <nd ref="4215182305"/>
  <tag k="building" v="yes"/>
 </way>
 <way id="421774890" visible="true" version="1" changeset="39662080" timestamp="2016-05-30T10:41:08Z" user="manoharuss" uid="3769434">
  <nd ref="4215182401"/>
  <nd ref="4215182395"/>
  <nd ref="4215182397"/>
  <nd ref="4215182407"/>
  <nd ref="4215182401"/>
  <tag k="building" v="yes"/>
 </way>
 <way id="421774893" visible="true" version="1" changeset="39662080" timestamp="2016-05-30T10:41:09Z" user="manoharuss" uid="3769434">
  <nd ref="4215182600"/>
  <nd ref="4215181575"/>
  <nd ref="4215181586"/>
  <nd ref="4215181577"/>
  <nd ref="4215182600"/>
  <tag k="building" v="yes"/>
 </way>
 <way id="421774895" visible="true" version="1" changeset="39662080" timestamp="2016-05-30T10:41:10Z" user="manoharuss" uid="3769434">
  <nd ref="4215182698"/>
  <nd ref="4215182709"/>
  <nd ref="4215182715"/>
  <nd ref="4215182701"/>
  <nd ref="4215182698"/>
  <tag k="building" v="yes"/>
 </way>
 <way id="421774900" visible="true" version="1" changeset="39662080" timestamp="2016-05-30T10:41:10Z" user="manoharuss" uid="3769434">
  <nd ref="4215182432"/>
  <nd ref="4215182442"/>
  <nd ref="4215182448"/>
  <nd ref="4215182437"/>
  <nd ref="4215182432"/>
  <tag k="building" v="yes"/>
 </way>
 <way id="421774901" visible="true" version="1" changeset="39662080" timestamp="2016-05-30T10:41:10Z" user="manoharuss" uid="3769434">
  <nd ref="4215182317"/>
  <nd ref="4215182320"/>
  <nd ref="4215182322"/>
  <nd ref="4215182318"/>
  <nd ref="4215182317"/>
  <tag k="building" v="yes"/>
 </way>
 <way id="421774902" visible="true" version="1" changeset="39662080" timestamp="2016-05-30T10:41:10Z" user="manoharuss" uid="3769434">
  <nd ref="4215182370"/>
  <nd ref="4215182376"/>
  <nd ref="4215182387"/>
  <nd ref="4215182378"/>
  <nd ref="4215182370"/>
  <tag k="building" v="yes"/>
 </way>
 <way id="421774903" visible="true" version="1" changeset="39662080" timestamp="2016-05-30T10:41:10Z" user="manoharuss" uid="3769434">
  <nd ref="4215181581"/>
  <nd ref="4215182693"/>
  <nd ref="4215182700"/>
  <nd ref="4215182695"/>
  <nd ref="4215181581"/>
  <tag k="building" v="yes"/>
 </way>
 <way id="421774904" visible="true" version="1" changeset="39662080" timestamp="2016-05-30T10:41:10Z" user="manoharuss" uid="3769434">
  <nd ref="4215182692"/>
  <nd ref="4215182699"/>
  <nd ref="4215182702"/>
  <nd ref="4215182697"/>
  <nd ref="4215182692"/>
  <tag k="building" v="yes"/>
 </way>
 <way id="421774905" visible="true" version="1" changeset="39662080" timestamp="2016-05-30T10:41:10Z" user="manoharuss" uid="3769434">
  <nd ref="4215182398"/>
  <nd ref="4215182403"/>
  <nd ref="4215182413"/>
  <nd ref="4215182405"/>
  <nd ref="4215182398"/>
  <tag k="building" v="yes"/>
 </way>
 <way id="421774908" visible="true" version="1" changeset="39662080" timestamp="2016-05-30T10:41:10Z" user="manoharuss" uid="3769434">
  <nd ref="4215182359"/>
  <nd ref="4215182366"/>
  <nd ref="4215182372"/>
  <nd ref="4215182363"/>
  <nd ref="4215182359"/>
  <tag k="building" v="yes"/>
 </way>
 <way id="421774909" visible="true" version="1" changeset="39662080" timestamp="2016-05-30T10:41:10Z" user="manoharuss" uid="3769434">
  <nd ref="4215182338"/>
  <nd ref="4215182343"/>
  <nd ref="4215182345"/>
  <nd ref="4215182342"/>
  <nd ref="4215182338"/>
  <tag k="building" v="yes"/>
 </way>
 <way id="421774911" visible="true" version="1" changeset="39662080" timestamp="2016-05-30T10:41:10Z" user="manoharuss" uid="3769434">
  <nd ref="4215182507"/>
  <nd ref="4215182523"/>
  <nd ref="4215182509"/>
  <nd ref="4215182500"/>
  <nd ref="4215182504"/>
  <nd ref="4215182495"/>
  <nd ref="4215182507"/>
  <tag k="building" v="yes"/>
 </way>
 <way id="421774913" visible="true" version="1" changeset="39662080" timestamp="2016-05-30T10:41:11Z" user="manoharuss" uid="3769434">
  <nd ref="4215182559"/>
  <nd ref="4215182565"/>
  <nd ref="4215182553"/>
  <nd ref="4215182548"/>
  <nd ref="4215182554"/>
  <nd ref="4215182551"/>
  <nd ref="4215182559"/>
  <tag k="building" v="yes"/>
 </way>
 <way id="421774914" visible="true" version="1" changeset="39662080" timestamp="2016-05-30T10:41:11Z" user="manoharuss" uid="3769434">
  <nd ref="4215182453"/>
  <nd ref="4215182459"/>
  <nd ref="4215182463"/>
  <nd ref="4215182468"/>
  <nd ref="4215182478"/>
  <nd ref="4215182465"/>
  <nd ref="4215182453"/>
  <tag k="building" v="yes"/>
 </way>
 <way id="421774915" visible="true" version="1" changeset="39662080" timestamp="2016-05-30T10:41:11Z" user="manoharuss" uid="3769434">
  <nd ref="4215182529"/>
  <nd ref="4215182540"/>
  <nd ref="4215182544"/>
  <nd ref="4215182547"/>
  <nd ref="4215182555"/>
  <nd ref="4215182545"/>
  <nd ref="4215182529"/>
  <tag k="building" v="yes"/>
 </way>
 <way id="421774916" visible="true" version="1" changeset="39662080" timestamp="2016-05-30T10:41:11Z" user="manoharuss" uid="3769434">
  <nd ref="4215182503"/>
  <nd ref="4215182490"/>
  <nd ref="4215182494"/>
  <nd ref="4215182497"/>
  <nd ref="4215182502"/>
  <nd ref="4215182514"/>
  <nd ref="4215182503"/>
  <tag k="building" v="yes"/>
 </way>
 <way id="421774917" visible="true" version="1" changeset="39662080" timestamp="2016-05-30T10:41:11Z" user="manoharuss" uid="3769434">
  <nd ref="4215182323"/>
  <nd ref="4215182319"/>
  <nd ref="4215182321"/>
  <nd ref="4215182325"/>
  <nd ref="4215182324"/>
  <nd ref="4215182326"/>
  <nd ref="4215182323"/>
  <tag k="building" v="yes"/>
 </way>
 <way id="421774919" visible="true" version="1" changeset="39662080" timestamp="2016-05-30T10:41:11Z" user="manoharuss" uid="3769434">
  <nd ref="4215182521"/>
  <nd ref="4215182510"/>
  <nd ref="4215182516"/>
  <nd ref="4215182520"/>
  <nd ref="4215182532"/>
  <nd ref="4215182538"/>
  <nd ref="4215182521"/>
  <tag k="building" v="yes"/>
 </way>
 <way id="421774920" visible="true" version="1" changeset="39662080" timestamp="2016-05-30T10:41:11Z" user="manoharuss" uid="3769434">
  <nd ref="4215182567"/>
  <nd ref="4215182575"/>
  <nd ref="4215182569"/>
  <nd ref="4215182577"/>
  <nd ref="4215182586"/>
  <nd ref="4215182578"/>
  <nd ref="4215182567"/>
  <tag k="building" v="yes"/>
 </way>
 <way id="421774922" visible="true" version="1" changeset="39662080" timestamp="2016-05-30T10:41:11Z" user="manoharuss" uid="3769434">
  <nd ref="4215182327"/>
  <nd ref="4215182329"/>
  <nd ref="4215182333"/>
  <nd ref="4215182332"/>
  <nd ref="4215182330"/>
  <nd ref="4215182328"/>
  <nd ref="4215182327"/>
  <tag k="building" v="yes"/>
 </way>
 <way id="421774926" visible="true" version="1" changeset="39662080" timestamp="2016-05-30T10:41:11Z" user="manoharuss" uid="3769434">
  <nd ref="4215182505"/>
  <nd ref="4215182517"/>
  <nd ref="4215182534"/>
  <nd ref="4215182524"/>
  <nd ref="4215182518"/>
  <nd ref="4215182511"/>
  <nd ref="4215182505"/>
  <tag k="building" v="yes"/>
 </way>
 <way id="421774928" visible="true" version="1" changeset="39662080" timestamp="2016-05-30T10:41:11Z" user="manoharuss" uid="3769434">
  <nd ref="4215182580"/>
  <nd ref="4215182587"/>
  <nd ref="4215182593"/>
  <nd ref="4215182591"/>
  <nd ref="4215182594"/>
  <nd ref="4215182588"/>
  <nd ref="4215182580"/>
  <tag k="building" v="yes"/>
 </way>
 <way id="421774929" visible="true" version="1" changeset="39662080" timestamp="2016-05-30T10:41:11Z" user="manoharuss" uid="3769434">
  <nd ref="4215182418"/>
  <nd ref="4215182411"/>
  <nd ref="4215182416"/>
  <nd ref="4215182420"/>
  <nd ref="4215182426"/>
  <nd ref="4215182433"/>
  <nd ref="4215182418"/>
  <tag k="building" v="yes"/>
 </way>
 <way id="421774932" visible="true" version="1" changeset="39662080" timestamp="2016-05-30T10:41:12Z" user="manoharuss" uid="3769434">
  <nd ref="4215182543"/>
  <nd ref="4215182537"/>
  <nd ref="4215182533"/>
  <nd ref="4215182530"/>
  <nd ref="4215182519"/>
  <nd ref="4215182535"/>
  <nd ref="4215182543"/>
  <tag k="building" v="yes"/>
 </way>
 <way id="421774936" visible="true" version="1" changeset="39662080" timestamp="2016-05-30T10:41:12Z" user="manoharuss" uid="3769434">
  <nd ref="4215182454"/>
  <nd ref="4215182439"/>
  <nd ref="4215182427"/>
  <nd ref="4215182429"/>
  <nd ref="4215182423"/>
  <nd ref="4215182435"/>
  <nd ref="4215182440"/>
  <nd ref="4215182443"/>
  <nd ref="4215182454"/>
  <tag k="building" v="yes"/>
 </way>
 <way id="421774939" visible="true" version="1" changeset="39662080" timestamp="2016-05-30T10:41:12Z" user="manoharuss" uid="3769434">
  <nd ref="4215182512"/>
  <nd ref="4215182515"/>
  <nd ref="4215182513"/>
  <nd ref="4215182522"/>
  <nd ref="4215182527"/>
  <nd ref="4215182528"/>
  <nd ref="4215182539"/>
  <nd ref="4215182526"/>
  <nd ref="4215182512"/>
  <tag k="building" v="yes"/>
 </way>
 <way id="421774941" visible="true" version="1" changeset="39662080" timestamp="2016-05-30T10:41:12Z" user="manoharuss" uid="3769434">
  <nd ref="4215182456"/>
  <nd ref="4215182473"/>
  <nd ref="4215182484"/>
  <nd ref="4215182474"/>
  <nd ref="4215182479"/>
  <nd ref="4215182470"/>
  <nd ref="4215182457"/>
  <nd ref="4215182460"/>
  <nd ref="4215182456"/>
  <tag k="building" v="yes"/>
 </way>
 <way id="421774943" visible="true" version="1" changeset="39662080" timestamp="2016-05-30T10:41:12Z" user="manoharuss" uid="3769434">
  <nd ref="4215182360"/>
  <nd ref="4215182356"/>
  <nd ref="4215182358"/>
  <nd ref="4215182353"/>
  <nd ref="4215182352"/>
  <nd ref="4215182350"/>
  <nd ref="4215182355"/>
  <nd ref="4215182365"/>
  <nd ref="4215182360"/>
  <tag k="building" v="yes"/>
 </way>
 <way id="421774945" visible="true" version="1" changeset="39662080" timestamp="2016-05-30T10:41:12Z" user="manoharuss" uid="3769434">
  <nd ref="4215182412"/>
  <nd ref="4215182422"/>
  <nd ref="4215182431"/>
  <nd ref="4215182434"/>
  <nd ref="4215182447"/>
  <nd ref="4215182436"/>
  <nd ref="4215182428"/>
  <nd ref="4215182424"/>
  <nd ref="4215182412"/>
  <tag k="building" v="yes"/>
 </way>
 <way id="421777648" visible="true" version="1" changeset="39662260" timestamp="2016-05-30T10:53:58Z" user="manoharuss" uid="3769434">
  <nd ref="4215202464"/>
  <nd ref="4215202462"/>
  <nd ref="4215202463"/>
  <nd ref="4215202467"/>
  <nd ref="4215202464"/>
  <tag k="building" v="yes"/>
 </way>
 <way id="421777649" visible="true" version="1" changeset="39662260" timestamp="2016-05-30T10:53:58Z" user="manoharuss" uid="3769434">
  <nd ref="4215202416"/>
  <nd ref="4215202420"/>
  <nd ref="4215202421"/>
  <nd ref="4215202419"/>
  <nd ref="4215202416"/>
  <tag k="building" v="yes"/>
 </way>
 <way id="421777650" visible="true" version="1" changeset="39662260" timestamp="2016-05-30T10:53:58Z" user="manoharuss" uid="3769434">
  <nd ref="4215202449"/>
  <nd ref="4215202447"/>
  <nd ref="4215202446"/>
  <nd ref="4215202448"/>
  <nd ref="4215202449"/>
  <tag k="building" v="yes"/>
 </way>
 <way id="421777651" visible="true" version="1" changeset="39662260" timestamp="2016-05-30T10:53:58Z" user="manoharuss" uid="3769434">
  <nd ref="4215202433"/>
  <nd ref="4215202437"/>
  <nd ref="4215202436"/>
  <nd ref="4215202427"/>
  <nd ref="4215202433"/>
  <tag k="building" v="yes"/>
 </way>
 <way id="421777652" visible="true" version="1" changeset="39662260" timestamp="2016-05-30T10:53:58Z" user="manoharuss" uid="3769434">
  <nd ref="4215202394"/>
  <nd ref="4215202395"/>
  <nd ref="4215202397"/>
  <nd ref="4215202396"/>
  <nd ref="4215202394"/>
  <tag k="building" v="yes"/>
 </way>
 <way id="421777653" visible="true" version="2" changeset="77139031" timestamp="2019-11-15T16:54:14Z" user="Arun Balaji" uid="3427745">
  <nd ref="4215191288"/>
  <nd ref="4215202391"/>
  <nd ref="4215202393"/>
  <nd ref="4215202392"/>
  <nd ref="6980290905"/>
  <nd ref="4215191288"/>
  <tag k="building" v="yes"/>
 </way>
 <way id="421777654" visible="true" version="1" changeset="39662260" timestamp="2016-05-30T10:53:58Z" user="manoharuss" uid="3769434">
  <nd ref="4215202431"/>
  <nd ref="4215202435"/>
  <nd ref="4215202430"/>
  <nd ref="4215202423"/>
  <nd ref="4215202431"/>
  <tag k="building" v="yes"/>
 </way>
 <way id="421777656" visible="true" version="1" changeset="39662260" timestamp="2016-05-30T10:53:59Z" user="manoharuss" uid="3769434">
  <nd ref="4215202450"/>
  <nd ref="4215202459"/>
  <nd ref="4215202460"/>
  <nd ref="4215202456"/>
  <nd ref="4215202450"/>
  <tag k="building" v="yes"/>
 </way>
 <way id="421777657" visible="true" version="1" changeset="39662260" timestamp="2016-05-30T10:53:59Z" user="manoharuss" uid="3769434">
  <nd ref="4215202465"/>
  <nd ref="4215202468"/>
  <nd ref="4215202469"/>
  <nd ref="4215202466"/>
  <nd ref="4215202465"/>
  <tag k="building" v="yes"/>
 </way>
 <way id="421777658" visible="true" version="1" changeset="39662260" timestamp="2016-05-30T10:53:59Z" user="manoharuss" uid="3769434">
  <nd ref="4215202438"/>
  <nd ref="4215202440"/>
  <nd ref="4215202442"/>
  <nd ref="4215202439"/>
  <nd ref="4215202438"/>
  <tag k="building" v="yes"/>
 </way>
 <way id="421777659" visible="true" version="1" changeset="39662260" timestamp="2016-05-30T10:53:59Z" user="manoharuss" uid="3769434">
  <nd ref="4215202409"/>
  <nd ref="4215202411"/>
  <nd ref="4215202413"/>
  <nd ref="4215202412"/>
  <nd ref="4215202409"/>
  <tag k="building" v="yes"/>
 </way>
 <way id="421777660" visible="true" version="1" changeset="39662260" timestamp="2016-05-30T10:53:59Z" user="manoharuss" uid="3769434">
  <nd ref="4215202414"/>
  <nd ref="4215202417"/>
  <nd ref="4215202418"/>
  <nd ref="4215202415"/>
  <nd ref="4215202414"/>
  <tag k="building" v="yes"/>
 </way>
 <way id="421777661" visible="true" version="1" changeset="39662260" timestamp="2016-05-30T10:53:59Z" user="manoharuss" uid="3769434">
  <nd ref="4215202445"/>
  <nd ref="4215202443"/>
  <nd ref="4215202441"/>
  <nd ref="4215202444"/>
  <nd ref="4215202445"/>
  <tag k="building" v="yes"/>
 </way>
 <way id="421777662" visible="true" version="1" changeset="39662260" timestamp="2016-05-30T10:53:59Z" user="manoharuss" uid="3769434">
  <nd ref="4215202410"/>
  <nd ref="4215202408"/>
  <nd ref="4215202404"/>
  <nd ref="4215202406"/>
  <nd ref="4215202405"/>
  <nd ref="4215202407"/>
  <nd ref="4215202410"/>
  <tag k="building" v="yes"/>
 </way>
 <way id="421777663" visible="true" version="1" changeset="39662260" timestamp="2016-05-30T10:53:59Z" user="manoharuss" uid="3769434">
  <nd ref="4215202398"/>
  <nd ref="4215202402"/>
  <nd ref="4215202403"/>
  <nd ref="4215202401"/>
  <nd ref="4215202399"/>
  <nd ref="4215202400"/>
  <nd ref="4215202398"/>
  <tag k="building" v="yes"/>
 </way>
 <way id="421777664" visible="true" version="1" changeset="39662260" timestamp="2016-05-30T10:53:59Z" user="manoharuss" uid="3769434">
  <nd ref="4215202390"/>
  <nd ref="4215191286"/>
  <nd ref="4215191283"/>
  <nd ref="4215191284"/>
  <nd ref="4215191282"/>
  <nd ref="4215191285"/>
  <nd ref="4215191287"/>
  <nd ref="4215202389"/>
  <nd ref="4215202390"/>
  <tag k="building" v="yes"/>
 </way>
 <way id="421777665" visible="true" version="1" changeset="39662260" timestamp="2016-05-30T10:53:59Z" user="manoharuss" uid="3769434">
  <nd ref="4215202425"/>
  <nd ref="4215202422"/>
  <nd ref="4215202424"/>
  <nd ref="4215202426"/>
  <nd ref="4215202429"/>
  <nd ref="4215202434"/>
  <nd ref="4215202428"/>
  <nd ref="4215202432"/>
  <nd ref="4215202425"/>
  <tag k="building" v="yes"/>
 </way>
 <way id="421777666" visible="true" version="1" changeset="39662260" timestamp="2016-05-30T10:53:59Z" user="manoharuss" uid="3769434">
  <nd ref="4215202458"/>
  <nd ref="4215202461"/>
  <nd ref="4215202454"/>
  <nd ref="4215202451"/>
  <nd ref="4215202453"/>
  <nd ref="4215202452"/>
  <nd ref="4215202457"/>
  <nd ref="4215202455"/>
  <nd ref="4215202458"/>
  <tag k="building" v="yes"/>
 </way>
 <way id="421779527" visible="true" version="1" changeset="39662504" timestamp="2016-05-30T11:05:36Z" user="manoharuss" uid="3769434">
  <nd ref="4215215875"/>
  <nd ref="4215215873"/>
  <nd ref="4215215872"/>
  <nd ref="4215215870"/>
  <nd ref="4215215871"/>
  <nd ref="4215215869"/>
  <nd ref="4215215868"/>
  <nd ref="4215215864"/>
  <nd ref="4215215865"/>
  <nd ref="4215215862"/>
  <nd ref="4215215863"/>
  <nd ref="4215215857"/>
  <nd ref="4215215860"/>
  <nd ref="4215215855"/>
  <nd ref="4215215858"/>
  <nd ref="4215215867"/>
  <nd ref="4215215866"/>
  <nd ref="4215215874"/>
  <nd ref="4215215876"/>
  <nd ref="4215215877"/>
  <nd ref="4215215875"/>
  <tag k="building" v="yes"/>
 </way>
 <way id="421779528" visible="true" version="1" changeset="39662504" timestamp="2016-05-30T11:05:36Z" user="manoharuss" uid="3769434">
  <nd ref="4215216697"/>
  <nd ref="4215216701"/>
  <nd ref="4215216705"/>
  <nd ref="4215216702"/>
  <nd ref="4215216697"/>
  <tag k="building" v="yes"/>
 </way>
 <way id="421779531" visible="true" version="1" changeset="39662504" timestamp="2016-05-30T11:05:36Z" user="manoharuss" uid="3769434">
  <nd ref="4215216696"/>
  <nd ref="4215216693"/>
  <nd ref="4215216699"/>
  <nd ref="4215216700"/>
  <nd ref="4215216696"/>
  <tag k="building" v="yes"/>
 </way>
 <way id="421779532" visible="true" version="1" changeset="39662504" timestamp="2016-05-30T11:05:36Z" user="manoharuss" uid="3769434">
  <nd ref="4215215853"/>
  <nd ref="4215215850"/>
  <nd ref="4215215851"/>
  <nd ref="4215215856"/>
  <nd ref="4215215853"/>
  <tag k="building" v="yes"/>
 </way>
 <way id="421779535" visible="true" version="1" changeset="39662504" timestamp="2016-05-30T11:05:36Z" user="manoharuss" uid="3769434">
  <nd ref="4215215886"/>
  <nd ref="4215216690"/>
  <nd ref="4215215887"/>
  <nd ref="4215215884"/>
  <nd ref="4215215886"/>
  <tag k="building" v="yes"/>
 </way>
 <way id="421779537" visible="true" version="1" changeset="39662504" timestamp="2016-05-30T11:05:36Z" user="manoharuss" uid="3769434">
  <nd ref="4215215843"/>
  <nd ref="4215215847"/>
  <nd ref="4215215849"/>
  <nd ref="4215215848"/>
  <nd ref="4215215843"/>
  <tag k="building" v="yes"/>
 </way>
 <way id="421779540" visible="true" version="1" changeset="39662504" timestamp="2016-05-30T11:05:36Z" user="manoharuss" uid="3769434">
  <nd ref="4215215836"/>
  <nd ref="4215215842"/>
  <nd ref="4215215845"/>
  <nd ref="4215215841"/>
  <nd ref="4215215836"/>
  <tag k="building" v="yes"/>
 </way>
 <way id="421779543" visible="true" version="1" changeset="39662504" timestamp="2016-05-30T11:05:36Z" user="manoharuss" uid="3769434">
  <nd ref="4215215852"/>
  <nd ref="4215215854"/>
  <nd ref="4215215861"/>
  <nd ref="4215215859"/>
  <nd ref="4215215852"/>
  <tag k="building" v="yes"/>
 </way>
 <way id="421779544" visible="true" version="1" changeset="39662504" timestamp="2016-05-30T11:05:36Z" user="manoharuss" uid="3769434">
  <nd ref="4215216694"/>
  <nd ref="4215216698"/>
  <nd ref="4215216695"/>
  <nd ref="4215216692"/>
  <nd ref="4215216694"/>
  <tag k="building" v="yes"/>
 </way>
 <way id="421779546" visible="true" version="1" changeset="39662504" timestamp="2016-05-30T11:05:36Z" user="manoharuss" uid="3769434">
  <nd ref="4215215888"/>
  <nd ref="4215216691"/>
  <nd ref="4215216689"/>
  <nd ref="4215215885"/>
  <nd ref="4215215888"/>
  <tag k="building" v="yes"/>
 </way>
 <way id="421779547" visible="true" version="1" changeset="39662504" timestamp="2016-05-30T11:05:36Z" user="manoharuss" uid="3769434">
  <nd ref="4215215879"/>
  <nd ref="4215215883"/>
  <nd ref="4215215882"/>
  <nd ref="4215215881"/>
  <nd ref="4215215880"/>
  <nd ref="4215215878"/>
  <nd ref="4215215879"/>
  <tag k="building" v="yes"/>
 </way>
 <way id="421779549" visible="true" version="1" changeset="39662504" timestamp="2016-05-30T11:05:37Z" user="manoharuss" uid="3769434">
  <nd ref="4215216703"/>
  <nd ref="4215216707"/>
  <nd ref="4215216709"/>
  <nd ref="4215216708"/>
  <nd ref="4215216706"/>
  <nd ref="4215216704"/>
  <nd ref="4215216703"/>
  <tag k="building" v="yes"/>
 </way>
 <way id="421779551" visible="true" version="1" changeset="39662504" timestamp="2016-05-30T11:05:37Z" user="manoharuss" uid="3769434">
  <nd ref="4215215840"/>
  <nd ref="4215215846"/>
  <nd ref="4215215844"/>
  <nd ref="4215215839"/>
  <nd ref="4215215838"/>
  <nd ref="4215215835"/>
  <nd ref="4215215840"/>
  <tag k="building" v="yes"/>
 </way>
 <way id="421786321" visible="true" version="1" changeset="39663130" timestamp="2016-05-30T11:32:47Z" user="manoharuss" uid="3769434">
  <nd ref="4215253149"/>
  <nd ref="4215253147"/>
  <nd ref="4215253148"/>
  <nd ref="4215251128"/>
  <nd ref="4215253149"/>
  <tag k="building" v="yes"/>
 </way>
 <way id="421786322" visible="true" version="1" changeset="39663130" timestamp="2016-05-30T11:32:48Z" user="manoharuss" uid="3769434">
  <nd ref="4215251138"/>
  <nd ref="4215251146"/>
  <nd ref="4215251133"/>
  <nd ref="4215253150"/>
  <nd ref="4215251138"/>
  <tag k="building" v="yes"/>
 </way>
 <way id="421786323" visible="true" version="1" changeset="39663130" timestamp="2016-05-30T11:32:48Z" user="manoharuss" uid="3769434">
  <nd ref="4215251152"/>
  <nd ref="4215251139"/>
  <nd ref="4215251155"/>
  <nd ref="4215251163"/>
  <nd ref="4215251152"/>
  <tag k="building" v="yes"/>
 </way>
 <way id="421786324" visible="true" version="1" changeset="39663130" timestamp="2016-05-30T11:32:48Z" user="manoharuss" uid="3769434">
  <nd ref="4215253723"/>
  <nd ref="4215253716"/>
  <nd ref="4215250382"/>
  <nd ref="4215253694"/>
  <nd ref="4215253723"/>
  <tag k="building" v="yes"/>
 </way>
 <way id="421786325" visible="true" version="1" changeset="39663130" timestamp="2016-05-30T11:32:48Z" user="manoharuss" uid="3769434">
  <nd ref="4215251131"/>
  <nd ref="4215251127"/>
  <nd ref="4215251130"/>
  <nd ref="4215251135"/>
  <nd ref="4215251131"/>
  <tag k="building" v="yes"/>
 </way>
 <way id="421786330" visible="true" version="1" changeset="39663130" timestamp="2016-05-30T11:32:48Z" user="manoharuss" uid="3769434">
  <nd ref="4215253712"/>
  <nd ref="4215253724"/>
  <nd ref="4215253729"/>
  <nd ref="4215253726"/>
  <nd ref="4215253712"/>
  <tag k="building" v="yes"/>
 </way>
 <way id="421786331" visible="true" version="1" changeset="39663130" timestamp="2016-05-30T11:32:48Z" user="manoharuss" uid="3769434">
  <nd ref="4215251136"/>
  <nd ref="4215251129"/>
  <nd ref="4215251126"/>
  <nd ref="4215251132"/>
  <nd ref="4215251136"/>
  <tag k="building" v="yes"/>
 </way>
 <way id="421786332" visible="true" version="1" changeset="39663130" timestamp="2016-05-30T11:32:48Z" user="manoharuss" uid="3769434">
  <nd ref="4215253511"/>
  <nd ref="4215253506"/>
  <nd ref="4215253510"/>
  <nd ref="4215253513"/>
  <nd ref="4215253511"/>
  <tag k="building" v="yes"/>
 </way>
 <way id="421786333" visible="true" version="1" changeset="39663130" timestamp="2016-05-30T11:32:48Z" user="manoharuss" uid="3769434">
  <nd ref="4215251182"/>
  <nd ref="4215251175"/>
  <nd ref="4215251167"/>
  <nd ref="4215251173"/>
  <nd ref="4215251182"/>
  <tag k="building" v="yes"/>
 </way>
 <way id="421786334" visible="true" version="1" changeset="39663130" timestamp="2016-05-30T11:32:48Z" user="manoharuss" uid="3769434">
  <nd ref="4215253146"/>
  <nd ref="4215253144"/>
  <nd ref="4215253140"/>
  <nd ref="4215253143"/>
  <nd ref="4215253146"/>
  <tag k="building" v="yes"/>
 </way>
 <way id="421786336" visible="true" version="1" changeset="39663130" timestamp="2016-05-30T11:32:48Z" user="manoharuss" uid="3769434">
  <nd ref="4215253703"/>
  <nd ref="4215250379"/>
  <nd ref="4215253698"/>
  <nd ref="4215253719"/>
  <nd ref="4215253703"/>
  <tag k="building" v="yes"/>
 </way>
 <way id="421786338" visible="true" version="1" changeset="39663130" timestamp="2016-05-30T11:32:48Z" user="manoharuss" uid="3769434">
  <nd ref="4215250354"/>
  <nd ref="4215250367"/>
  <nd ref="4215250360"/>
  <nd ref="4215250345"/>
  <nd ref="4215250354"/>
  <tag k="building" v="yes"/>
 </way>
 <way id="421786339" visible="true" version="1" changeset="39663130" timestamp="2016-05-30T11:32:49Z" user="manoharuss" uid="3769434">
  <nd ref="4215251149"/>
  <nd ref="4215251143"/>
  <nd ref="4215251150"/>
  <nd ref="4215251156"/>
  <nd ref="4215251149"/>
  <tag k="building" v="yes"/>
 </way>
 <way id="421786340" visible="true" version="1" changeset="39663130" timestamp="2016-05-30T11:32:49Z" user="manoharuss" uid="3769434">
  <nd ref="4215253737"/>
  <nd ref="4215236897"/>
  <nd ref="4215236899"/>
  <nd ref="4215236893"/>
  <nd ref="4215253737"/>
  <tag k="building" v="yes"/>
 </way>
 <way id="421786341" visible="true" version="1" changeset="39663130" timestamp="2016-05-30T11:32:49Z" user="manoharuss" uid="3769434">
  <nd ref="4215250374"/>
  <nd ref="4215250358"/>
  <nd ref="4215250363"/>
  <nd ref="4215253689"/>
  <nd ref="4215250374"/>
  <tag k="building" v="yes"/>
 </way>
 <way id="421786342" visible="true" version="1" changeset="39663130" timestamp="2016-05-30T11:32:49Z" user="manoharuss" uid="3769434">
  <nd ref="4215250370"/>
  <nd ref="4215250383"/>
  <nd ref="4215253697"/>
  <nd ref="4215250385"/>
  <nd ref="4215250370"/>
  <tag k="building" v="yes"/>
 </way>
 <way id="421786343" visible="true" version="1" changeset="39663130" timestamp="2016-05-30T11:32:49Z" user="manoharuss" uid="3769434">
  <nd ref="4215251159"/>
  <nd ref="4215251154"/>
  <nd ref="4215251158"/>
  <nd ref="4215251164"/>
  <nd ref="4215251159"/>
  <tag k="building" v="yes"/>
 </way>
 <way id="421786345" visible="true" version="1" changeset="39663130" timestamp="2016-05-30T11:32:49Z" user="manoharuss" uid="3769434">
  <nd ref="4215250364"/>
  <nd ref="4215250373"/>
  <nd ref="4215250361"/>
  <nd ref="4215250349"/>
  <nd ref="4215250364"/>
  <tag k="building" v="yes"/>
 </way>
 <way id="421786346" visible="true" version="1" changeset="39663130" timestamp="2016-05-30T11:32:49Z" user="manoharuss" uid="3769434">
  <nd ref="4215253137"/>
  <nd ref="4215253135"/>
  <nd ref="4215253141"/>
  <nd ref="4215253145"/>
  <nd ref="4215253137"/>
  <tag k="building" v="yes"/>
 </way>
 <way id="421786347" visible="true" version="1" changeset="39663130" timestamp="2016-05-30T11:32:49Z" user="manoharuss" uid="3769434">
  <nd ref="4215250355"/>
  <nd ref="4215250362"/>
  <nd ref="4215250377"/>
  <nd ref="4215250368"/>
  <nd ref="4215250355"/>
  <tag k="building" v="yes"/>
 </way>
 <way id="421786348" visible="true" version="1" changeset="39663130" timestamp="2016-05-30T11:32:49Z" user="manoharuss" uid="3769434">
  <nd ref="4215251151"/>
  <nd ref="4215251144"/>
  <nd ref="4215251148"/>
  <nd ref="4215251157"/>
  <nd ref="4215251151"/>
  <tag k="building" v="yes"/>
 </way>
 <way id="421786349" visible="true" version="1" changeset="39663130" timestamp="2016-05-30T11:32:49Z" user="manoharuss" uid="3769434">
  <nd ref="4215253739"/>
  <nd ref="4215253731"/>
  <nd ref="4215253735"/>
  <nd ref="4215236891"/>
  <nd ref="4215253739"/>
  <tag k="building" v="yes"/>
 </way>
 <way id="421786350" visible="true" version="1" changeset="39663130" timestamp="2016-05-30T11:32:49Z" user="manoharuss" uid="3769434">
  <nd ref="4215253728"/>
  <nd ref="4215253736"/>
  <nd ref="4215236890"/>
  <nd ref="4215253730"/>
  <nd ref="4215253728"/>
  <tag k="building" v="yes"/>
 </way>
 <way id="421786351" visible="true" version="1" changeset="39663130" timestamp="2016-05-30T11:32:49Z" user="manoharuss" uid="3769434">
  <nd ref="4215253503"/>
  <nd ref="4215253500"/>
  <nd ref="4215253494"/>
  <nd ref="4215253497"/>
  <nd ref="4215253503"/>
  <tag k="building" v="yes"/>
 </way>
 <way id="421786352" visible="true" version="1" changeset="39663130" timestamp="2016-05-30T11:32:49Z" user="manoharuss" uid="3769434">
  <nd ref="4215253518"/>
  <nd ref="4215250346"/>
  <nd ref="4215250359"/>
  <nd ref="4215250348"/>
  <nd ref="4215253518"/>
  <tag k="building" v="yes"/>
 </way>
 <way id="421786353" visible="true" version="1" changeset="39663130" timestamp="2016-05-30T11:32:49Z" user="manoharuss" uid="3769434">
  <nd ref="4215251165"/>
  <nd ref="4215251177"/>
  <nd ref="4215251174"/>
  <nd ref="4215251160"/>
  <nd ref="4215251165"/>
  <tag k="building" v="yes"/>
 </way>
 <way id="421786354" visible="true" version="1" changeset="39663130" timestamp="2016-05-30T11:32:49Z" user="manoharuss" uid="3769434">
  <nd ref="4215251141"/>
  <nd ref="4215251137"/>
  <nd ref="4215251140"/>
  <nd ref="4215251145"/>
  <nd ref="4215251141"/>
  <tag k="building" v="yes"/>
 </way>
 <way id="421786355" visible="true" version="1" changeset="39663130" timestamp="2016-05-30T11:32:50Z" user="manoharuss" uid="3769434">
  <nd ref="4215253142"/>
  <nd ref="4215253139"/>
  <nd ref="4215253136"/>
  <nd ref="4215253138"/>
  <nd ref="4215253142"/>
  <tag k="building" v="yes"/>
 </way>
 <way id="421786356" visible="true" version="1" changeset="39663130" timestamp="2016-05-30T11:32:50Z" user="manoharuss" uid="3769434">
  <nd ref="4215251179"/>
  <nd ref="4215251183"/>
  <nd ref="4215251181"/>
  <nd ref="4215251184"/>
  <nd ref="4215251187"/>
  <nd ref="4215251186"/>
  <nd ref="4215251179"/>
  <tag k="building" v="yes"/>
 </way>
 <way id="421786357" visible="true" version="1" changeset="39663130" timestamp="2016-05-30T11:32:50Z" user="manoharuss" uid="3769434">
  <nd ref="4215250365"/>
  <nd ref="4215250378"/>
  <nd ref="4215253692"/>
  <nd ref="4215250381"/>
  <nd ref="4215250386"/>
  <nd ref="4215250375"/>
  <nd ref="4215250365"/>
  <tag k="building" v="yes"/>
 </way>
 <way id="421786358" visible="true" version="1" changeset="39663130" timestamp="2016-05-30T11:32:50Z" user="manoharuss" uid="3769434">
  <nd ref="4215253498"/>
  <nd ref="4215253505"/>
  <nd ref="4215253507"/>
  <nd ref="4215253508"/>
  <nd ref="4215253512"/>
  <nd ref="4215253504"/>
  <nd ref="4215253498"/>
  <tag k="building" v="yes"/>
 </way>
 <way id="421786359" visible="true" version="1" changeset="39663130" timestamp="2016-05-30T11:32:50Z" user="manoharuss" uid="3769434">
  <nd ref="4215253707"/>
  <nd ref="4215253720"/>
  <nd ref="4215253704"/>
  <nd ref="4215253691"/>
  <nd ref="4215253701"/>
  <nd ref="4215253702"/>
  <nd ref="4215253707"/>
  <tag k="building" v="yes"/>
 </way>
 <way id="421786360" visible="true" version="1" changeset="39663130" timestamp="2016-05-30T11:32:50Z" user="manoharuss" uid="3769434">
  <nd ref="4215250366"/>
  <nd ref="4215250369"/>
  <nd ref="4215250376"/>
  <nd ref="4215250380"/>
  <nd ref="4215250388"/>
  <nd ref="4215250372"/>
  <nd ref="4215250366"/>
  <tag k="building" v="yes"/>
 </way>
 <way id="421786361" visible="true" version="1" changeset="39663130" timestamp="2016-05-30T11:32:50Z" user="manoharuss" uid="3769434">
  <nd ref="4215253493"/>
  <nd ref="4215253496"/>
  <nd ref="4215253491"/>
  <nd ref="4215251188"/>
  <nd ref="4215253490"/>
  <nd ref="4215253489"/>
  <nd ref="4215253493"/>
  <tag k="building" v="yes"/>
 </way>
 <way id="421786362" visible="true" version="1" changeset="39663130" timestamp="2016-05-30T11:32:50Z" user="manoharuss" uid="3769434">
  <nd ref="4215250344"/>
  <nd ref="4215253514"/>
  <nd ref="4215253517"/>
  <nd ref="4215250347"/>
  <nd ref="4215253524"/>
  <nd ref="4215250353"/>
  <nd ref="4215250344"/>
  <tag k="building" v="yes"/>
 </way>
 <way id="421786363" visible="true" version="1" changeset="39663130" timestamp="2016-05-30T11:32:50Z" user="manoharuss" uid="3769434">
  <nd ref="4215253515"/>
  <nd ref="4215253519"/>
  <nd ref="4215253516"/>
  <nd ref="4215253522"/>
  <nd ref="4215250351"/>
  <nd ref="4215253523"/>
  <nd ref="4215253515"/>
  <tag k="building" v="yes"/>
 </way>
 <way id="421786364" visible="true" version="1" changeset="39663130" timestamp="2016-05-30T11:32:50Z" user="manoharuss" uid="3769434">
  <nd ref="4215253715"/>
  <nd ref="4215253696"/>
  <nd ref="4215253690"/>
  <nd ref="4215250384"/>
  <nd ref="4215250371"/>
  <nd ref="4215253693"/>
  <nd ref="4215253715"/>
  <tag k="building" v="yes"/>
 </way>
 <way id="421786365" visible="true" version="1" changeset="39663130" timestamp="2016-05-30T11:32:50Z" user="manoharuss" uid="3769434">
  <nd ref="4215253502"/>
  <nd ref="4215253509"/>
  <nd ref="4215253501"/>
  <nd ref="4215253499"/>
  <nd ref="4215253495"/>
  <nd ref="4215253492"/>
  <nd ref="4215253502"/>
  <tag k="building" v="yes"/>
 </way>
 <way id="421786366" visible="true" version="1" changeset="39663130" timestamp="2016-05-30T11:32:50Z" user="manoharuss" uid="3769434">
  <nd ref="4215253700"/>
  <nd ref="4215253717"/>
  <nd ref="4215253725"/>
  <nd ref="4215253722"/>
  <nd ref="4215253718"/>
  <nd ref="4215253711"/>
  <nd ref="4215253700"/>
  <tag k="building" v="yes"/>
 </way>
 <way id="421786367" visible="true" version="1" changeset="39663130" timestamp="2016-05-30T11:32:50Z" user="manoharuss" uid="3769434">
  <nd ref="4215253727"/>
  <nd ref="4215253709"/>
  <nd ref="4215253695"/>
  <nd ref="4215253710"/>
  <nd ref="4215253713"/>
  <nd ref="4215253721"/>
  <nd ref="4215253727"/>
  <tag k="building" v="yes"/>
 </way>
 <way id="421786370" visible="true" version="1" changeset="39663130" timestamp="2016-05-30T11:32:50Z" user="manoharuss" uid="3769434">
  <nd ref="4215253741"/>
  <nd ref="4215236894"/>
  <nd ref="4215253738"/>
  <nd ref="4215253733"/>
  <nd ref="4215253734"/>
  <nd ref="4215253732"/>
  <nd ref="4215253741"/>
  <tag k="building" v="yes"/>
 </way>
 <way id="421786371" visible="true" version="1" changeset="39663130" timestamp="2016-05-30T11:32:50Z" user="manoharuss" uid="3769434">
  <nd ref="4215253742"/>
  <nd ref="4215236895"/>
  <nd ref="4215236898"/>
  <nd ref="4215236896"/>
  <nd ref="4215253740"/>
  <nd ref="4215236892"/>
  <nd ref="4215253742"/>
  <tag k="building" v="yes"/>
 </way>
 <way id="421786372" visible="true" version="1" changeset="39663130" timestamp="2016-05-30T11:32:51Z" user="manoharuss" uid="3769434">
  <nd ref="4215250387"/>
  <nd ref="4215253699"/>
  <nd ref="4215253714"/>
  <nd ref="4215253705"/>
  <nd ref="4215253708"/>
  <nd ref="4215253706"/>
  <nd ref="4215250387"/>
  <tag k="building" v="yes"/>
 </way>
 <way id="421786374" visible="true" version="1" changeset="39663130" timestamp="2016-05-30T11:32:51Z" user="manoharuss" uid="3769434">
  <nd ref="4215250356"/>
  <nd ref="4215250352"/>
  <nd ref="4215250357"/>
  <nd ref="4215250350"/>
  <nd ref="4215253520"/>
  <nd ref="4215253525"/>
  <nd ref="4215253521"/>
  <nd ref="4215250343"/>
  <nd ref="4215250356"/>
  <tag k="building" v="yes"/>
 </way>
 <way id="421786376" visible="true" version="1" changeset="39663130" timestamp="2016-05-30T11:32:51Z" user="manoharuss" uid="3769434">
  <nd ref="4215251168"/>
  <nd ref="4215251169"/>
  <nd ref="4215251171"/>
  <nd ref="4215251172"/>
  <nd ref="4215251178"/>
  <nd ref="4215251180"/>
  <nd ref="4215251185"/>
  <nd ref="4215251176"/>
  <nd ref="4215251168"/>
  <tag k="building" v="yes"/>
 </way>
 <way id="421792197" visible="true" version="1" changeset="39663856" timestamp="2016-05-30T12:03:45Z" user="manoharuss" uid="3769434">
  <nd ref="4215286556"/>
  <nd ref="4215286549"/>
  <nd ref="4215286548"/>
  <nd ref="4215286542"/>
  <nd ref="4215286545"/>
  <nd ref="4215286547"/>
  <nd ref="4215286551"/>
  <nd ref="4215286557"/>
  <nd ref="4215286555"/>
  <nd ref="4215286561"/>
  <nd ref="4215286556"/>
  <tag k="building" v="yes"/>
 </way>
 <way id="421792198" visible="true" version="1" changeset="39663856" timestamp="2016-05-30T12:03:45Z" user="manoharuss" uid="3769434">
  <nd ref="4215286532"/>
  <nd ref="4215286528"/>
  <nd ref="4215286527"/>
  <nd ref="4215286518"/>
  <nd ref="4215286522"/>
  <nd ref="4215286523"/>
  <nd ref="4215286530"/>
  <nd ref="4215286533"/>
  <nd ref="4215286531"/>
  <nd ref="4215286537"/>
  <nd ref="4215286532"/>
  <tag k="building" v="yes"/>
 </way>
 <way id="421792199" visible="true" version="1" changeset="39663856" timestamp="2016-05-30T12:03:45Z" user="manoharuss" uid="3769434">
  <nd ref="4215286656"/>
  <nd ref="4215286662"/>
  <nd ref="4215286661"/>
  <nd ref="4215286660"/>
  <nd ref="4215286659"/>
  <nd ref="4215286657"/>
  <nd ref="4215286655"/>
  <nd ref="4215286654"/>
  <nd ref="4215286653"/>
  <nd ref="4215286649"/>
  <nd ref="4215286652"/>
  <nd ref="4215286648"/>
  <nd ref="4215286656"/>
  <tag k="building" v="yes"/>
 </way>
 <way id="421792202" visible="true" version="1" changeset="39663856" timestamp="2016-05-30T12:03:45Z" user="manoharuss" uid="3769434">
  <nd ref="4215286620"/>
  <nd ref="4215286611"/>
  <nd ref="4215286605"/>
  <nd ref="4215286614"/>
  <nd ref="4215286620"/>
  <tag k="building" v="yes"/>
 </way>
 <way id="421792203" visible="true" version="1" changeset="39663856" timestamp="2016-05-30T12:03:45Z" user="manoharuss" uid="3769434">
  <nd ref="4215286490"/>
  <nd ref="4215286495"/>
  <nd ref="4215286387"/>
  <nd ref="4215286380"/>
  <nd ref="4215286490"/>
  <tag k="building" v="yes"/>
 </way>
 <way id="421792206" visible="true" version="1" changeset="39663856" timestamp="2016-05-30T12:03:46Z" user="manoharuss" uid="3769434">
  <nd ref="4215286607"/>
  <nd ref="4215286617"/>
  <nd ref="4215286599"/>
  <nd ref="4215286594"/>
  <nd ref="4215286607"/>
  <tag k="building" v="yes"/>
 </way>
 <way id="421792210" visible="true" version="1" changeset="39663856" timestamp="2016-05-30T12:03:46Z" user="manoharuss" uid="3769434">
  <nd ref="4215286625"/>
  <nd ref="4215286609"/>
  <nd ref="4215286602"/>
  <nd ref="4215286616"/>
  <nd ref="4215286625"/>
  <tag k="building" v="yes"/>
 </way>
 <way id="421792211" visible="true" version="1" changeset="39663856" timestamp="2016-05-30T12:03:46Z" user="manoharuss" uid="3769434">
  <nd ref="4215286534"/>
  <nd ref="4215286521"/>
  <nd ref="4215286529"/>
  <nd ref="4215286540"/>
  <nd ref="4215286534"/>
  <tag k="building" v="yes"/>
 </way>
 <way id="421792213" visible="true" version="1" changeset="39663856" timestamp="2016-05-30T12:03:46Z" user="manoharuss" uid="3769434">
  <nd ref="4215286371"/>
  <nd ref="4215286375"/>
  <nd ref="4215286385"/>
  <nd ref="4215286378"/>
  <nd ref="4215286371"/>
  <tag k="building" v="yes"/>
 </way>
 <way id="421792215" visible="true" version="1" changeset="39663856" timestamp="2016-05-30T12:03:46Z" user="manoharuss" uid="3769434">
  <nd ref="4215286601"/>
  <nd ref="4215286595"/>
  <nd ref="4215286582"/>
  <nd ref="4215286589"/>
  <nd ref="4215286601"/>
  <tag k="building" v="yes"/>
 </way>
 <way id="421792217" visible="true" version="1" changeset="39663856" timestamp="2016-05-30T12:03:46Z" user="manoharuss" uid="3769434">
  <nd ref="4215286618"/>
  <nd ref="4215286634"/>
  <nd ref="4215286629"/>
  <nd ref="4215286608"/>
  <nd ref="4215286618"/>
  <tag k="building" v="yes"/>
 </way>
 <way id="421792224" visible="true" version="1" changeset="39663856" timestamp="2016-05-30T12:03:47Z" user="manoharuss" uid="3769434">
  <nd ref="4215286585"/>
  <nd ref="4215286578"/>
  <nd ref="4215286569"/>
  <nd ref="4215286574"/>
  <nd ref="4215286585"/>
  <tag k="building" v="yes"/>
 </way>
 <way id="421792226" visible="true" version="1" changeset="39663856" timestamp="2016-05-30T12:03:47Z" user="manoharuss" uid="3769434">
  <nd ref="4215286591"/>
  <nd ref="4215286584"/>
  <nd ref="4215286592"/>
  <nd ref="4215286598"/>
  <nd ref="4215286591"/>
  <tag k="building" v="yes"/>
 </way>
 <way id="421792227" visible="true" version="1" changeset="39663856" timestamp="2016-05-30T12:03:47Z" user="manoharuss" uid="3769434">
  <nd ref="4215286562"/>
  <nd ref="4215286553"/>
  <nd ref="4215286566"/>
  <nd ref="4215286572"/>
  <nd ref="4215286562"/>
  <tag k="building" v="yes"/>
 </way>
 <way id="421792228" visible="true" version="1" changeset="39663856" timestamp="2016-05-30T12:03:47Z" user="manoharuss" uid="3769434">
  <nd ref="4215286526"/>
  <nd ref="4215286520"/>
  <nd ref="4215286513"/>
  <nd ref="4215286516"/>
  <nd ref="4215286526"/>
  <tag k="building" v="yes"/>
 </way>
 <way id="421792239" visible="true" version="1" changeset="39663856" timestamp="2016-05-30T12:03:47Z" user="manoharuss" uid="3769434">
  <nd ref="4215286642"/>
  <nd ref="4215286640"/>
  <nd ref="4215286643"/>
  <nd ref="4215286644"/>
  <nd ref="4215286642"/>
  <tag k="building" v="yes"/>
 </way>
 <way id="421792241" visible="true" version="1" changeset="39663856" timestamp="2016-05-30T12:03:47Z" user="manoharuss" uid="3769434">
  <nd ref="4215286525"/>
  <nd ref="4215286517"/>
  <nd ref="4215286514"/>
  <nd ref="4215286519"/>
  <nd ref="4215286525"/>
  <tag k="building" v="yes"/>
 </way>
 <way id="421792242" visible="true" version="1" changeset="39663856" timestamp="2016-05-30T12:03:47Z" user="manoharuss" uid="3769434">
  <nd ref="4215286497"/>
  <nd ref="4215286489"/>
  <nd ref="4215286384"/>
  <nd ref="4215286491"/>
  <nd ref="4215286497"/>
  <tag k="building" v="yes"/>
 </way>
 <way id="421792243" visible="true" version="2" changeset="140792879" timestamp="2023-09-04T08:41:52Z" user="Harish Karnatak" uid="106263">
  <nd ref="4215286496"/>
  <nd ref="11166503921"/>
  <nd ref="4215286388"/>
  <nd ref="4215286503"/>
  <nd ref="4215286509"/>
  <nd ref="11166503920"/>
  <nd ref="11166503922"/>
  <nd ref="4215286496"/>
  <tag k="building" v="yes"/>
 </way>
 <way id="421792247" visible="true" version="1" changeset="39663856" timestamp="2016-05-30T12:03:48Z" user="manoharuss" uid="3769434">
  <nd ref="4215286597"/>
  <nd ref="4215286596"/>
  <nd ref="4215286600"/>
  <nd ref="4215286604"/>
  <nd ref="4215286597"/>
  <tag k="building" v="yes"/>
 </way>
 <way id="421792249" visible="true" version="1" changeset="39663856" timestamp="2016-05-30T12:03:48Z" user="manoharuss" uid="3769434">
  <nd ref="4215286577"/>
  <nd ref="4215286570"/>
  <nd ref="4215286580"/>
  <nd ref="4215286587"/>
  <nd ref="4215286577"/>
  <tag k="building" v="yes"/>
 </way>
 <way id="421792250" visible="true" version="1" changeset="39663856" timestamp="2016-05-30T12:03:48Z" user="manoharuss" uid="3769434">
  <nd ref="4215286550"/>
  <nd ref="4215286544"/>
  <nd ref="4215286552"/>
  <nd ref="4215286559"/>
  <nd ref="4215286550"/>
  <tag k="building" v="yes"/>
 </way>
 <way id="421792254" visible="true" version="1" changeset="39663856" timestamp="2016-05-30T12:03:48Z" user="manoharuss" uid="3769434">
  <nd ref="4215286567"/>
  <nd ref="4215286515"/>
  <nd ref="4215286524"/>
  <nd ref="4215286576"/>
  <nd ref="4215286567"/>
  <tag k="building" v="yes"/>
 </way>
 <way id="421792257" visible="true" version="1" changeset="39663856" timestamp="2016-05-30T12:03:48Z" user="manoharuss" uid="3769434">
  <nd ref="4215286512"/>
  <nd ref="4215286511"/>
  <nd ref="4215286501"/>
  <nd ref="4215286504"/>
  <nd ref="4215286499"/>
  <nd ref="4215286500"/>
  <nd ref="4215286512"/>
  <tag k="building" v="yes"/>
 </way>
 <way id="421792260" visible="true" version="1" changeset="39663856" timestamp="2016-05-30T12:03:48Z" user="manoharuss" uid="3769434">
  <nd ref="4215286645"/>
  <nd ref="4215286646"/>
  <nd ref="4215286647"/>
  <nd ref="4215286651"/>
  <nd ref="4215286658"/>
  <nd ref="4215286650"/>
  <nd ref="4215286645"/>
  <tag k="building" v="yes"/>
 </way>
 <way id="421792261" visible="true" version="1" changeset="39663856" timestamp="2016-05-30T12:03:48Z" user="manoharuss" uid="3769434">
  <nd ref="4215286493"/>
  <nd ref="4215286386"/>
  <nd ref="4215286383"/>
  <nd ref="4215286381"/>
  <nd ref="4215286494"/>
  <nd ref="4215286505"/>
  <nd ref="4215286493"/>
  <tag k="building" v="yes"/>
 </way>
 <way id="421792262" visible="true" version="1" changeset="39663856" timestamp="2016-05-30T12:03:48Z" user="manoharuss" uid="3769434">
  <nd ref="4215286498"/>
  <nd ref="4215286382"/>
  <nd ref="4215286492"/>
  <nd ref="4215286507"/>
  <nd ref="4215286508"/>
  <nd ref="4215286510"/>
  <nd ref="4215286506"/>
  <nd ref="4215286502"/>
  <nd ref="4215286498"/>
  <tag k="building" v="yes"/>
 </way>
 <way id="421792269" visible="true" version="1" changeset="39663856" timestamp="2016-05-30T12:03:49Z" user="manoharuss" uid="3769434">
  <nd ref="4215286633"/>
  <nd ref="4215286626"/>
  <nd ref="4215286621"/>
  <nd ref="4215286624"/>
  <nd ref="4215286619"/>
  <nd ref="4215286622"/>
  <nd ref="4215286628"/>
  <nd ref="4215286630"/>
  <nd ref="4215286633"/>
  <tag k="building" v="yes"/>
 </way>
 <way id="421792270" visible="true" version="1" changeset="39663856" timestamp="2016-05-30T12:03:49Z" user="manoharuss" uid="3769434">
  <nd ref="4215286586"/>
  <nd ref="4215286573"/>
  <nd ref="4215286581"/>
  <nd ref="4215286579"/>
  <nd ref="4215286583"/>
  <nd ref="4215286590"/>
  <nd ref="4215286588"/>
  <nd ref="4215286593"/>
  <nd ref="4215286586"/>
  <tag k="building" v="yes"/>
 </way>
 <way id="421792271" visible="true" version="1" changeset="39663856" timestamp="2016-05-30T12:03:49Z" user="manoharuss" uid="3769434">
  <nd ref="4215286554"/>
  <nd ref="4215286546"/>
  <nd ref="4215286543"/>
  <nd ref="4215286539"/>
  <nd ref="4215286535"/>
  <nd ref="4215286538"/>
  <nd ref="4215286536"/>
  <nd ref="4215286541"/>
  <nd ref="4215286554"/>
  <tag k="building" v="yes"/>
 </way>
 <way id="421792272" visible="true" version="1" changeset="39663856" timestamp="2016-05-30T12:03:49Z" user="manoharuss" uid="3769434">
  <nd ref="4215286575"/>
  <nd ref="4215286571"/>
  <nd ref="4215286568"/>
  <nd ref="4215286564"/>
  <nd ref="4215286558"/>
  <nd ref="4215286563"/>
  <nd ref="4215286560"/>
  <nd ref="4215286565"/>
  <nd ref="4215286575"/>
  <tag k="building" v="yes"/>
 </way>
 <way id="421792273" visible="true" version="1" changeset="39663856" timestamp="2016-05-30T12:03:49Z" user="manoharuss" uid="3769434">
  <nd ref="4215286631"/>
  <nd ref="4215286623"/>
  <nd ref="4215286615"/>
  <nd ref="4215286610"/>
  <nd ref="4215286606"/>
  <nd ref="4215286612"/>
  <nd ref="4215286603"/>
  <nd ref="4215286613"/>
  <nd ref="4215286631"/>
  <tag k="building" v="yes"/>
 </way>
 <way id="421792274" visible="true" version="2" changeset="64900295" timestamp="2018-11-26T14:39:01Z" user="venkanna37" uid="5680733">
  <nd ref="4215286641"/>
  <nd ref="4215286639"/>
  <nd ref="4215286635"/>
  <nd ref="4215286637"/>
  <nd ref="4215286632"/>
  <nd ref="4215286627"/>
  <nd ref="4215286638"/>
  <nd ref="4215286641"/>
  <tag k="building" v="yes"/>
 </way>
 <way id="421794075" visible="true" version="1" changeset="39664154" timestamp="2016-05-30T12:15:38Z" user="manoharuss" uid="3769434">
  <nd ref="4215302750"/>
  <nd ref="4215302747"/>
  <nd ref="4215302749"/>
  <nd ref="4215302751"/>
  <nd ref="4215302750"/>
  <tag k="building" v="yes"/>
 </way>
 <way id="421794079" visible="true" version="1" changeset="39664154" timestamp="2016-05-30T12:15:38Z" user="manoharuss" uid="3769434">
  <nd ref="4215302736"/>
  <nd ref="4215302744"/>
  <nd ref="4215302748"/>
  <nd ref="4215302746"/>
  <nd ref="4215302741"/>
  <nd ref="4215302738"/>
  <nd ref="4215302736"/>
  <tag k="building" v="yes"/>
 </way>
 <way id="421794080" visible="true" version="1" changeset="39664154" timestamp="2016-05-30T12:15:38Z" user="manoharuss" uid="3769434">
  <nd ref="4215302729"/>
  <nd ref="4215302739"/>
  <nd ref="4215302734"/>
  <nd ref="4215302730"/>
  <nd ref="4215302732"/>
  <nd ref="4215302727"/>
  <nd ref="4215302724"/>
  <nd ref="4215302720"/>
  <nd ref="4215302729"/>
  <tag k="building" v="yes"/>
 </way>
 <way id="421794081" visible="true" version="1" changeset="39664154" timestamp="2016-05-30T12:15:38Z" user="manoharuss" uid="3769434">
  <nd ref="4215302731"/>
  <nd ref="4215302725"/>
  <nd ref="4215302728"/>
  <nd ref="4215302722"/>
  <nd ref="4215302723"/>
  <nd ref="4215302721"/>
  <nd ref="4215302726"/>
  <nd ref="4215302735"/>
  <nd ref="4215302731"/>
  <tag k="building" v="yes"/>
 </way>
 <way id="498531517" visible="true" version="2" changeset="126216738" timestamp="2022-09-15T10:16:53Z" user="VLD258" uid="10979442">
  <nd ref="4899281480"/>
  <nd ref="10026647051"/>
  <tag k="access" v="permissive"/>
  <tag k="highway" v="service"/>
 </way>
 <way id="498531518" visible="true" version="4" changeset="126216738" timestamp="2022-09-15T10:16:53Z" user="VLD258" uid="10979442">
  <nd ref="4899281483"/>
  <nd ref="10026630668"/>
  <nd ref="10026647057"/>
  <nd ref="10026647058"/>
  <nd ref="4899281480"/>
  <nd ref="10026647054"/>
  <nd ref="10026647055"/>
  <nd ref="10026647053"/>
  <nd ref="10026647056"/>
  <nd ref="10026647052"/>
  <nd ref="4899281482"/>
  <tag k="access" v="permissive"/>
  <tag k="highway" v="service"/>
 </way>
 <way id="520620513" visible="true" version="1" changeset="51651892" timestamp="2017-09-01T18:12:11Z" user="ssarathh" uid="6366913">
  <nd ref="5073954277"/>
  <nd ref="5073954278"/>
  <nd ref="5073954279"/>
  <nd ref="5073954280"/>
  <nd ref="5073954277"/>
  <tag k="addr:city" v="Dehradun"/>
  <tag k="addr:postcode" v="248001"/>
  <tag k="addr:street" v="Kalidas Road"/>
  <tag k="building" v="commercial"/>
  <tag k="name" v="Mohit Shop"/>
 </way>
 <way id="604983060" visible="true" version="1" changeset="60408693" timestamp="2018-07-04T12:59:49Z" user="Arun Balaji" uid="3427745">
  <nd ref="5739062262"/>
  <nd ref="5739062259"/>
  <nd ref="5739062260"/>
  <nd ref="5739062261"/>
  <nd ref="5739062262"/>
  <tag k="building" v="yes"/>
 </way>
 <way id="604983072" visible="true" version="1" changeset="60408693" timestamp="2018-07-04T12:59:49Z" user="Arun Balaji" uid="3427745">
  <nd ref="5739062310"/>
  <nd ref="5739062309"/>
  <nd ref="5739062308"/>
  <nd ref="5739062307"/>
  <nd ref="5739062310"/>
  <tag k="building" v="yes"/>
 </way>
 <way id="604983073" visible="true" version="1" changeset="60408693" timestamp="2018-07-04T12:59:49Z" user="Arun Balaji" uid="3427745">
  <nd ref="5739062314"/>
  <nd ref="5739062311"/>
  <nd ref="5739062312"/>
  <nd ref="5739062313"/>
  <nd ref="5739062314"/>
  <tag k="building" v="yes"/>
 </way>
 <way id="604983074" visible="true" version="1" changeset="60408693" timestamp="2018-07-04T12:59:49Z" user="Arun Balaji" uid="3427745">
  <nd ref="5739062318"/>
  <nd ref="5739062317"/>
  <nd ref="5739062316"/>
  <nd ref="5739062315"/>
  <nd ref="5739062318"/>
  <tag k="building" v="yes"/>
 </way>
 <way id="629775925" visible="true" version="1" changeset="63113422" timestamp="2018-10-02T05:48:54Z" user="Arun Balaji" uid="3427745">
  <nd ref="5947862364"/>
  <nd ref="5947862363"/>
  <tag k="access" v="permissive"/>
  <tag k="highway" v="service"/>
 </way>
 <way id="629775926" visible="true" version="2" changeset="63115526" timestamp="2018-10-02T07:32:24Z" user="Arun Balaji" uid="3427745">
  <nd ref="3429929569"/>
  <nd ref="5948030117"/>
  <nd ref="5947862365"/>
  <tag k="access" v="permissive"/>
  <tag k="highway" v="service"/>
 </way>
 <way id="629775927" visible="true" version="3" changeset="126215749" timestamp="2022-09-15T09:53:03Z" user="VLD258" uid="10979442">
  <nd ref="5947862372"/>
  <nd ref="5947862368"/>
  <nd ref="5947862367"/>
  <nd ref="10026595379"/>
  <nd ref="5947862366"/>
  <nd ref="5947862365"/>
  <tag k="access" v="permissive"/>
  <tag k="highway" v="service"/>
 </way>
 <way id="629775928" visible="true" version="3" changeset="126216436" timestamp="2022-09-15T10:10:00Z" user="VLD258" uid="10979442">
  <nd ref="4899281488"/>
  <nd ref="10026630661"/>
  <nd ref="10026630658"/>
  <nd ref="10026630663"/>
  <nd ref="10026630664"/>
  <nd ref="5947862372"/>
  <tag k="access" v="permissive"/>
  <tag k="highway" v="service"/>
  <tag k="surface" v="concrete"/>
 </way>
 <way id="629798225" visible="true" version="1" changeset="63115115" timestamp="2018-10-02T07:14:29Z" user="Arun Balaji" uid="3427745">
  <nd ref="5948004569"/>
  <nd ref="5948004566"/>
  <nd ref="5948004567"/>
  <nd ref="5948004568"/>
  <nd ref="5948004569"/>
  <tag k="building" v="yes"/>
 </way>
 <way id="629798226" visible="true" version="3" changeset="179625632" timestamp="2026-03-10T08:45:33Z" user="Jorisbo" uid="1983103">
  <nd ref="1399999482"/>
  <nd ref="5948004570"/>
  <tag k="access" v="permissive"/>
  <tag k="highway" v="service"/>
  <tag k="motorcar" v="yes"/>
 </way>
 <way id="629798227" visible="true" version="2" changeset="63166951" timestamp="2018-10-03T16:52:51Z" user="Arun Balaji" uid="3427745">
  <nd ref="5951999086"/>
  <nd ref="5948004571"/>
  <nd ref="5948004582"/>
  <nd ref="5948004581"/>
  <nd ref="5948004580"/>
  <nd ref="5948004579"/>
  <nd ref="5948004578"/>
  <nd ref="5948004577"/>
  <nd ref="5948004576"/>
  <nd ref="5948004575"/>
  <nd ref="5948004574"/>
  <nd ref="5948004573"/>
  <nd ref="5951999087"/>
  <nd ref="5951999088"/>
  <nd ref="5951999089"/>
  <nd ref="5951999090"/>
  <nd ref="5951999086"/>
  <tag k="building" v="yes"/>
 </way>
 <way id="629798228" visible="true" version="1" changeset="63115115" timestamp="2018-10-02T07:14:29Z" user="Arun Balaji" uid="3427745">
  <nd ref="1399999463"/>
  <nd ref="5948004892"/>
  <tag k="access" v="permissive"/>
  <tag k="highway" v="service"/>
 </way>
 <way id="629798229" visible="true" version="1" changeset="63115115" timestamp="2018-10-02T07:14:29Z" user="Arun Balaji" uid="3427745">
  <nd ref="5948004902"/>
  <nd ref="5948004901"/>
  <nd ref="5948004900"/>
  <nd ref="5948004899"/>
  <nd ref="5948004898"/>
  <nd ref="5948004897"/>
  <nd ref="5948004896"/>
  <nd ref="5948004895"/>
  <nd ref="5948004894"/>
  <nd ref="5948004893"/>
  <nd ref="5948004902"/>
  <tag k="amenity" v="hospital"/>
  <tag k="building" v="yes"/>
 </way>
 <way id="629798230" visible="true" version="1" changeset="63115115" timestamp="2018-10-02T07:14:29Z" user="Arun Balaji" uid="3427745">
  <nd ref="3429964431"/>
  <nd ref="5948004917"/>
  <nd ref="5948004916"/>
  <nd ref="5948004915"/>
  <nd ref="5948004914"/>
  <nd ref="5948004913"/>
  <nd ref="5948004912"/>
  <nd ref="3429929562"/>
  <tag k="access" v="permissive"/>
  <tag k="highway" v="footway"/>
 </way>
 <way id="629798233" visible="true" version="1" changeset="63115115" timestamp="2018-10-02T07:14:30Z" user="Arun Balaji" uid="3427745">
  <nd ref="5948004950"/>
  <nd ref="5948004949"/>
  <nd ref="5948004948"/>
  <nd ref="5948004947"/>
  <nd ref="5948004950"/>
  <tag k="building" v="yes"/>
  <tag k="building:levels" v="1"/>
 </way>
 <way id="629798234" visible="true" version="3" changeset="179625632" timestamp="2026-03-10T08:45:33Z" user="Jorisbo" uid="1983103">
  <nd ref="1399999494"/>
  <nd ref="5948004962"/>
  <tag k="access" v="permissive"/>
  <tag k="highway" v="service"/>
  <tag k="motorcar" v="yes"/>
 </way>
 <way id="629798235" visible="true" version="1" changeset="63115115" timestamp="2018-10-02T07:14:30Z" user="Arun Balaji" uid="3427745">
  <nd ref="5948004966"/>
  <nd ref="5948004965"/>
  <nd ref="5948004964"/>
  <nd ref="5948004963"/>
  <nd ref="5948004966"/>
  <tag k="building" v="yes"/>
  <tag k="building:levels" v="1"/>
 </way>
 <way id="629798236" visible="true" version="1" changeset="63115115" timestamp="2018-10-02T07:14:30Z" user="Arun Balaji" uid="3427745">
  <nd ref="5948004970"/>
  <nd ref="5948004969"/>
  <nd ref="5948004968"/>
  <nd ref="5948004967"/>
  <nd ref="5948004970"/>
  <tag k="amenity" v="parking"/>
 </way>
 <way id="629798237" visible="true" version="2" changeset="113574508" timestamp="2021-11-09T17:12:29Z" user="user_389895" uid="389895">
  <nd ref="5948004974"/>
  <nd ref="5948004973"/>
  <nd ref="5948004972"/>
  <nd ref="5948004971"/>
  <nd ref="5948004974"/>
  <tag k="amenity" v="parking"/>
 </way>
 <way id="629798238" visible="true" version="1" changeset="63115115" timestamp="2018-10-02T07:14:30Z" user="Arun Balaji" uid="3427745">
  <nd ref="5948004983"/>
  <nd ref="5948004982"/>
  <nd ref="5948004981"/>
  <nd ref="5948004980"/>
  <nd ref="5948004983"/>
  <tag k="amenity" v="parking"/>
  <tag k="name" v="Car Parking"/>
 </way>
 <way id="629798239" visible="true" version="4" changeset="179625621" timestamp="2026-03-10T08:45:10Z" user="Jorisbo" uid="1983103">
  <nd ref="3429928635"/>
  <nd ref="5948005090"/>
  <nd ref="10026595372"/>
  <nd ref="5948005089"/>
  <nd ref="5948005088"/>
  <nd ref="5948005086"/>
  <nd ref="10026595370"/>
  <nd ref="10026595371"/>
  <nd ref="5948005085"/>
  <nd ref="5948004984"/>
  <nd ref="10026595369"/>
  <tag k="access" v="permissive"/>
  <tag k="highway" v="service"/>
  <tag k="motorcar" v="yes"/>
  <tag k="surface" v="asphalt"/>
 </way>
 <way id="629798240" visible="true" version="1" changeset="63115115" timestamp="2018-10-02T07:14:30Z" user="Arun Balaji" uid="3427745">
  <nd ref="5948005107"/>
  <nd ref="5948005106"/>
  <nd ref="5948005105"/>
  <nd ref="5948005104"/>
  <nd ref="5948005103"/>
  <nd ref="5948005102"/>
  <nd ref="5948005107"/>
  <tag k="building" v="yes"/>
  <tag k="building:levels" v="1"/>
 </way>
 <way id="629798241" visible="true" version="1" changeset="63115115" timestamp="2018-10-02T07:14:30Z" user="Arun Balaji" uid="3427745">
  <nd ref="5948005108"/>
  <nd ref="3429929564"/>
  <tag k="access" v="permissive"/>
  <tag k="highway" v="footway"/>
 </way>
 <way id="629798242" visible="true" version="1" changeset="63115115" timestamp="2018-10-02T07:14:30Z" user="Arun Balaji" uid="3427745">
  <nd ref="5948004918"/>
  <nd ref="3429964431"/>
  <nd ref="5948005108"/>
  <nd ref="5948005109"/>
  <tag k="access" v="permissive"/>
  <tag k="highway" v="footway"/>
 </way>
 <way id="629801223" visible="true" version="1" changeset="63115526" timestamp="2018-10-02T07:32:23Z" user="Arun Balaji" uid="3427745">
  <nd ref="5948004926"/>
  <nd ref="5948030117"/>
  <tag k="access" v="permissive"/>
  <tag k="highway" v="footway"/>
 </way>
 <way id="630300013" visible="true" version="1" changeset="63166951" timestamp="2018-10-03T16:52:50Z" user="Arun Balaji" uid="3427745">
  <nd ref="5951999085"/>
  <nd ref="5951973684"/>
  <nd ref="5951973683"/>
  <nd ref="5951973682"/>
  <nd ref="5951999085"/>
  <tag k="building" v="yes"/>
 </way>
 <way id="630300014" visible="true" version="1" changeset="63166951" timestamp="2018-10-03T16:52:51Z" user="Arun Balaji" uid="3427745">
  <nd ref="5951999094"/>
  <nd ref="5951999093"/>
  <nd ref="5951999092"/>
  <nd ref="5951999091"/>
  <nd ref="5951999094"/>
  <tag k="building" v="yes"/>
 </way>
 <way id="631845364" visible="true" version="1" changeset="63307516" timestamp="2018-10-08T11:31:59Z" user="venkanna37" uid="5680733">
  <nd ref="5966259299"/>
  <nd ref="5966259298"/>
  <tag k="highway" v="residential"/>
 </way>
 <way id="631845365" visible="true" version="2" changeset="126204634" timestamp="2022-09-15T04:50:30Z" user="VLD258" uid="10979442">
  <nd ref="3633988194"/>
  <nd ref="5966259305"/>
  <nd ref="10026125992"/>
  <nd ref="10026125993"/>
  <nd ref="5966259303"/>
  <nd ref="5966259302"/>
  <nd ref="10026125994"/>
  <nd ref="10026125996"/>
  <nd ref="10026125995"/>
  <nd ref="5966259300"/>
  <tag k="highway" v="residential"/>
 </way>
 <way id="631845367" visible="true" version="2" changeset="126204634" timestamp="2022-09-15T04:50:30Z" user="VLD258" uid="10979442">
  <nd ref="5966259313"/>
  <nd ref="5966259312"/>
  <nd ref="10026125962"/>
  <nd ref="10026125964"/>
  <nd ref="10026125965"/>
  <nd ref="10026125963"/>
  <nd ref="5966259311"/>
  <nd ref="5966259310"/>
  <tag k="highway" v="residential"/>
 </way>
 <way id="631845368" visible="true" version="2" changeset="126204634" timestamp="2022-09-15T04:50:30Z" user="VLD258" uid="10979442">
  <nd ref="5493561035"/>
  <nd ref="10026125981"/>
  <nd ref="10026094401"/>
  <nd ref="5966259313"/>
  <nd ref="10026094399"/>
  <nd ref="10026094398"/>
  <nd ref="10026094400"/>
  <nd ref="10026125961"/>
  <nd ref="10026094393"/>
  <nd ref="10026125960"/>
  <nd ref="10026125959"/>
  <nd ref="10026094402"/>
  <nd ref="10026125958"/>
  <nd ref="10026094403"/>
  <nd ref="10026125957"/>
  <nd ref="10026094404"/>
  <nd ref="10026125956"/>
  <nd ref="10026094405"/>
  <nd ref="10026125953"/>
  <nd ref="10026125954"/>
  <nd ref="10026125952"/>
  <nd ref="10026125950"/>
  <nd ref="10026125955"/>
  <nd ref="10026094406"/>
  <nd ref="10026125951"/>
  <nd ref="10026094407"/>
  <nd ref="10026094408"/>
  <nd ref="10026125949"/>
  <nd ref="10026094409"/>
  <nd ref="10026125948"/>
  <nd ref="10026125947"/>
  <nd ref="10026094410"/>
  <nd ref="10026094411"/>
  <nd ref="10026094412"/>
  <nd ref="10026125945"/>
  <nd ref="10026125946"/>
  <nd ref="10026094413"/>
  <nd ref="10026094414"/>
  <nd ref="10026125944"/>
  <nd ref="10026094415"/>
  <nd ref="10026094416"/>
  <nd ref="10026125941"/>
  <nd ref="10026125942"/>
  <nd ref="10026125917"/>
  <nd ref="10026125943"/>
  <nd ref="10026125918"/>
  <nd ref="10026125919"/>
  <nd ref="10026125939"/>
  <nd ref="10026125920"/>
  <nd ref="10026125940"/>
  <nd ref="10026125921"/>
  <nd ref="10026125938"/>
  <nd ref="10026125922"/>
  <nd ref="10026125937"/>
  <nd ref="10026125935"/>
  <nd ref="10026125936"/>
  <nd ref="10026125923"/>
  <nd ref="10026125934"/>
  <nd ref="10026125927"/>
  <nd ref="10026125924"/>
  <nd ref="10026125933"/>
  <nd ref="10026125932"/>
  <nd ref="10026125929"/>
  <nd ref="10026125925"/>
  <nd ref="10026125930"/>
  <nd ref="10026125928"/>
  <nd ref="10026125931"/>
  <nd ref="10026125926"/>
  <tag k="highway" v="residential"/>
 </way>
 <way id="633281372" visible="true" version="1" changeset="63451534" timestamp="2018-10-12T11:09:52Z" user="Harish Karnatak" uid="106263">
  <nd ref="5978068757"/>
  <nd ref="5978068758"/>
  <nd ref="5978068759"/>
  <nd ref="5978068760"/>
  <nd ref="5978068761"/>
  <nd ref="5978068762"/>
  <nd ref="5978068757"/>
  <tag k="building" v="yes"/>
  <tag k="name" v="Residential House"/>
 </way>
 <way id="649176077" visible="true" version="1" changeset="64900295" timestamp="2018-11-26T14:39:01Z" user="venkanna37" uid="5680733">
  <nd ref="6092921336"/>
  <nd ref="6092921335"/>
  <nd ref="6092921332"/>
  <nd ref="6092921331"/>
  <nd ref="6092921334"/>
  <nd ref="6092921333"/>
  <nd ref="6092921336"/>
  <tag k="addr:housenumber" v="5/599"/>
  <tag k="building" v="yes"/>
  <tag k="building:levels" v="2"/>
 </way>
 <way id="649176499" visible="true" version="2" changeset="126205617" timestamp="2022-09-15T05:29:16Z" user="VLD258" uid="10979442">
  <nd ref="10026159175"/>
  <nd ref="10026159177"/>
  <nd ref="6092923128"/>
  <tag k="highway" v="residential"/>
 </way>
 <way id="656650461" visible="true" version="2" changeset="67121750" timestamp="2019-02-12T06:31:11Z" user="Arun Balaji" uid="3427745">
  <nd ref="6150967951"/>
  <nd ref="6150967952"/>
  <nd ref="6150967953"/>
  <nd ref="6150967954"/>
  <nd ref="6150967955"/>
  <nd ref="6150967956"/>
  <nd ref="6150967957"/>
  <nd ref="6150967958"/>
  <nd ref="6150967959"/>
  <nd ref="6150967960"/>
  <nd ref="6150967951"/>
  <tag k="leisure" v="park"/>
  <tag k="name" v="IIRS Park"/>
 </way>
 <way id="669672369" visible="true" version="10" changeset="129027614" timestamp="2022-11-17T08:24:50Z" user="Manithak" uid="10516176">
  <nd ref="2142227843"/>
  <nd ref="4047503010"/>
  <nd ref="2142227810"/>
  <nd ref="2142227828"/>
  <nd ref="2142227838"/>
  <nd ref="10026058714"/>
  <nd ref="2142227835"/>
  <nd ref="10026070449"/>
  <nd ref="10026058715"/>
  <nd ref="2142227811"/>
  <nd ref="2142227842"/>
  <nd ref="2142227809"/>
  <nd ref="10026058716"/>
  <nd ref="2142227820"/>
  <nd ref="2142227831"/>
  <nd ref="10026059617"/>
  <nd ref="2142227818"/>
  <nd ref="10026059618"/>
  <nd ref="2142227834"/>
  <nd ref="2142227833"/>
  <nd ref="2142227816"/>
  <nd ref="9168906837"/>
  <nd ref="2142227813"/>
  <nd ref="10026059619"/>
  <nd ref="10196569536"/>
  <nd ref="2142227815"/>
  <nd ref="9168906849"/>
  <nd ref="2142227827"/>
  <nd ref="6785053923"/>
  <nd ref="10026320953"/>
  <nd ref="2142227840"/>
  <nd ref="10026059621"/>
  <nd ref="10026059620"/>
  <nd ref="10026306597"/>
  <nd ref="1231993782"/>
  <nd ref="10026059622"/>
  <nd ref="10026059623"/>
  <nd ref="1231998744"/>
  <nd ref="10026059624"/>
  <nd ref="1231998745"/>
  <nd ref="10026059625"/>
  <nd ref="10026059626"/>
  <nd ref="6805384939"/>
  <nd ref="2378243008"/>
  <nd ref="1231998748"/>
  <tag k="fixme" v="continue"/>
  <tag k="highway" v="tertiary"/>
  <tag k="lanes" v="2"/>
  <tag k="name" v="New Contontment Road"/>
  <tag k="width" v="5"/>
 </way>
 <way id="709520483" visible="true" version="6" changeset="126216436" timestamp="2022-09-15T10:10:00Z" user="VLD258" uid="10979442">
  <nd ref="6669078102"/>
  <nd ref="10026127998"/>
  <nd ref="10026127999"/>
  <nd ref="10026128000"/>
  <nd ref="6669078103"/>
  <nd ref="10026128001"/>
  <nd ref="6669078104"/>
  <nd ref="10026128002"/>
  <nd ref="6669078105"/>
  <nd ref="10026128004"/>
  <nd ref="10026128003"/>
  <nd ref="9168906864"/>
  <nd ref="6805328471"/>
  <nd ref="10026128005"/>
  <nd ref="6805328470"/>
  <nd ref="10026630691"/>
  <nd ref="6805328469"/>
  <nd ref="10026128006"/>
  <nd ref="6805328468"/>
  <nd ref="6805328467"/>
  <nd ref="10026128007"/>
  <nd ref="6805328466"/>
  <nd ref="10026128008"/>
  <nd ref="10026128009"/>
  <nd ref="6805328464"/>
  <nd ref="10026128010"/>
  <nd ref="10026128011"/>
  <nd ref="10026128012"/>
  <nd ref="6805328462"/>
  <nd ref="6805328461"/>
  <nd ref="6805328460"/>
  <nd ref="10026128013"/>
  <nd ref="10026128014"/>
  <nd ref="6805328459"/>
  <nd ref="10026128015"/>
  <nd ref="6805328458"/>
  <nd ref="10026128016"/>
  <nd ref="10026185117"/>
  <nd ref="6805328457"/>
  <nd ref="10026185119"/>
  <nd ref="10026185118"/>
  <nd ref="10026185120"/>
  <nd ref="10026185124"/>
  <nd ref="6805328456"/>
  <nd ref="10026185122"/>
  <nd ref="10026185123"/>
  <nd ref="10026185121"/>
  <nd ref="10026185125"/>
  <nd ref="6805328454"/>
  <nd ref="6805328453"/>
  <nd ref="10026185126"/>
  <nd ref="6805328452"/>
  <nd ref="10026185127"/>
  <nd ref="6805328451"/>
  <nd ref="10026185129"/>
  <nd ref="10026185128"/>
  <nd ref="10026185134"/>
  <nd ref="10026185133"/>
  <nd ref="6805328450"/>
  <nd ref="10026185131"/>
  <nd ref="10026185132"/>
  <nd ref="6805328449"/>
  <nd ref="10026185130"/>
  <nd ref="6805328448"/>
  <tag k="highway" v="residential"/>
 </way>
 <way id="720159861" visible="true" version="2" changeset="126216436" timestamp="2022-09-15T10:10:00Z" user="VLD258" uid="10979442">
  <nd ref="4899281488"/>
  <nd ref="10026630659"/>
  <nd ref="10026630665"/>
  <nd ref="10026630660"/>
  <nd ref="6759032938"/>
  <nd ref="6759032937"/>
  <nd ref="10026630666"/>
  <nd ref="6759032936"/>
  <nd ref="10026630667"/>
  <nd ref="6759032935"/>
  <nd ref="6759032934"/>
  <nd ref="10026630670"/>
  <nd ref="10026630669"/>
  <nd ref="10026630668"/>
  <tag k="access" v="permissive"/>
  <tag k="highway" v="service"/>
 </way>
 <way id="720159862" visible="true" version="1" changeset="73914590" timestamp="2019-08-30T10:18:52Z" user="Arun Balaji" uid="3427745">
  <nd ref="6759032942"/>
  <nd ref="6759032939"/>
  <nd ref="6759032940"/>
  <nd ref="6759032941"/>
  <nd ref="6759032942"/>
  <tag k="building" v="yes"/>
 </way>
 <way id="720159863" visible="true" version="1" changeset="73914590" timestamp="2019-08-30T10:18:52Z" user="Arun Balaji" uid="3427745">
  <nd ref="6759032946"/>
  <nd ref="6759032943"/>
  <nd ref="6759032944"/>
  <nd ref="6759032945"/>
  <nd ref="6759032946"/>
  <tag k="building" v="yes"/>
 </way>
 <way id="725823517" visible="true" version="1" changeset="74620401" timestamp="2019-09-18T11:15:06Z" user="Anas Lari" uid="9086392">
  <nd ref="6805328402"/>
  <nd ref="6805328401"/>
  <tag k="highway" v="residential"/>
 </way>
 <way id="725829141" visible="true" version="2" changeset="126205682" timestamp="2022-09-15T05:31:54Z" user="VLD258" uid="10979442">
  <nd ref="6805384920"/>
  <nd ref="10026157935"/>
  <nd ref="10026157934"/>
  <nd ref="6805384919"/>
  <tag k="highway" v="residential"/>
 </way>
 <way id="725829143" visible="true" version="1" changeset="74621257" timestamp="2019-09-18T11:33:11Z" user="Anas Lari" uid="9086392">
  <nd ref="6805384925"/>
  <nd ref="6805384924"/>
  <tag k="highway" v="residential"/>
 </way>
 <way id="725829144" visible="true" version="2" changeset="126205501" timestamp="2022-09-15T05:24:57Z" user="VLD258" uid="10979442">
  <nd ref="6805384933"/>
  <nd ref="6805384926"/>
  <tag k="highway" v="residential"/>
 </way>
 <way id="725829145" visible="true" version="4" changeset="126205501" timestamp="2022-09-15T05:24:57Z" user="VLD258" uid="10979442">
  <nd ref="6805384939"/>
  <nd ref="6810730819"/>
  <nd ref="6805384938"/>
  <nd ref="6805384937"/>
  <nd ref="10026157556"/>
  <nd ref="6805384936"/>
  <nd ref="10026157555"/>
  <nd ref="6805384934"/>
  <nd ref="6805384925"/>
  <nd ref="6805384933"/>
  <nd ref="6805384932"/>
  <nd ref="6805384931"/>
  <nd ref="10026157554"/>
  <nd ref="10026157553"/>
  <nd ref="10026157552"/>
  <nd ref="6805384930"/>
  <nd ref="6805384929"/>
  <nd ref="10026157550"/>
  <nd ref="10026157551"/>
  <nd ref="6805384928"/>
  <nd ref="6810730859"/>
  <nd ref="10026157547"/>
  <nd ref="10026157549"/>
  <nd ref="10026157546"/>
  <nd ref="10026157548"/>
  <nd ref="10026157545"/>
  <nd ref="6810730858"/>
  <nd ref="6810730857"/>
  <tag k="highway" v="residential"/>
 </way>
 <way id="726607221" visible="true" version="2" changeset="126209237" timestamp="2022-09-15T07:15:12Z" user="VLD258" uid="10979442">
  <nd ref="6810637076"/>
  <nd ref="10026310827"/>
  <nd ref="6810637075"/>
  <tag k="highway" v="residential"/>
 </way>
 <way id="726612873" visible="true" version="1" changeset="74705369" timestamp="2019-09-20T05:59:28Z" user="Anas Lari" uid="9086392">
  <nd ref="6810730819"/>
  <nd ref="6810730818"/>
  <tag k="highway" v="residential"/>
 </way>
 <way id="726612874" visible="true" version="1" changeset="74705369" timestamp="2019-09-20T05:59:28Z" user="Anas Lari" uid="9086392">
  <nd ref="6810730825"/>
  <nd ref="6810730824"/>
  <nd ref="6810730823"/>
  <nd ref="6810730822"/>
  <nd ref="6810730821"/>
  <nd ref="6810730820"/>
  <tag k="highway" v="residential"/>
 </way>
 <way id="726612876" visible="true" version="1" changeset="74705369" timestamp="2019-09-20T05:59:28Z" user="Anas Lari" uid="9086392">
  <nd ref="6810730844"/>
  <nd ref="6810730843"/>
  <tag k="bridge" v="yes"/>
  <tag k="highway" v="residential"/>
  <tag k="layer" v="1"/>
 </way>
 <way id="726612877" visible="true" version="3" changeset="126205501" timestamp="2022-09-15T05:24:57Z" user="VLD258" uid="10979442">
  <nd ref="6810730843"/>
  <nd ref="10026157536"/>
  <nd ref="10026157534"/>
  <nd ref="10026157537"/>
  <nd ref="6810730842"/>
  <nd ref="6810730841"/>
  <nd ref="6810730840"/>
  <nd ref="6810730839"/>
  <nd ref="6810730827"/>
  <nd ref="6810730831"/>
  <nd ref="10026157538"/>
  <nd ref="6810730830"/>
  <nd ref="10026157539"/>
  <nd ref="6810730826"/>
  <nd ref="10026157540"/>
  <nd ref="6810730828"/>
  <tag k="highway" v="residential"/>
 </way>
 <way id="726612878" visible="true" version="2" changeset="126205249" timestamp="2022-09-15T05:14:49Z" user="VLD258" uid="10979442">
  <nd ref="6810730848"/>
  <nd ref="6810730845"/>
  <tag k="highway" v="residential"/>
 </way>
 <way id="745794321" visible="true" version="1" changeset="77139031" timestamp="2019-11-15T16:54:14Z" user="Arun Balaji" uid="3427745">
  <nd ref="6980290909"/>
  <nd ref="6980290906"/>
  <nd ref="6980290907"/>
  <nd ref="6980290908"/>
  <nd ref="6980290909"/>
  <tag k="building" v="yes"/>
 </way>
 <way id="745794322" visible="true" version="1" changeset="77139031" timestamp="2019-11-15T16:54:14Z" user="Arun Balaji" uid="3427745">
  <nd ref="6980290913"/>
  <nd ref="6980290912"/>
  <nd ref="6980290911"/>
  <nd ref="6980290910"/>
  <nd ref="6980290913"/>
  <tag k="building" v="yes"/>
 </way>
 <way id="745794323" visible="true" version="1" changeset="77139031" timestamp="2019-11-15T16:54:14Z" user="Arun Balaji" uid="3427745">
  <nd ref="6980290917"/>
  <nd ref="6980290914"/>
  <nd ref="6980290915"/>
  <nd ref="6980290916"/>
  <nd ref="6980290917"/>
  <tag k="building" v="yes"/>
 </way>
 <way id="745794324" visible="true" version="1" changeset="77139031" timestamp="2019-11-15T16:54:14Z" user="Arun Balaji" uid="3427745">
  <nd ref="6980290921"/>
  <nd ref="6980290918"/>
  <nd ref="6980290919"/>
  <nd ref="6980290920"/>
  <nd ref="6980290921"/>
  <tag k="building" v="yes"/>
 </way>
 <way id="745794325" visible="true" version="1" changeset="77139031" timestamp="2019-11-15T16:54:14Z" user="Arun Balaji" uid="3427745">
  <nd ref="6980290925"/>
  <nd ref="6980290922"/>
  <nd ref="6980290923"/>
  <nd ref="6980290924"/>
  <nd ref="6980290925"/>
  <tag k="building" v="yes"/>
 </way>
 <way id="745794326" visible="true" version="1" changeset="77139031" timestamp="2019-11-15T16:54:14Z" user="Arun Balaji" uid="3427745">
  <nd ref="6980290929"/>
  <nd ref="6980290926"/>
  <nd ref="6980290927"/>
  <nd ref="6980290928"/>
  <nd ref="6980290929"/>
  <tag k="building" v="yes"/>
 </way>
 <way id="745794327" visible="true" version="1" changeset="77139031" timestamp="2019-11-15T16:54:14Z" user="Arun Balaji" uid="3427745">
  <nd ref="6980290933"/>
  <nd ref="6980290930"/>
  <nd ref="6980290931"/>
  <nd ref="6980290932"/>
  <nd ref="6980290933"/>
  <tag k="building" v="yes"/>
 </way>
 <way id="745794328" visible="true" version="1" changeset="77139031" timestamp="2019-11-15T16:54:14Z" user="Arun Balaji" uid="3427745">
  <nd ref="6980290937"/>
  <nd ref="6980290936"/>
  <nd ref="6980290935"/>
  <nd ref="6980290934"/>
  <nd ref="6980290937"/>
  <tag k="building" v="yes"/>
 </way>
 <way id="745794329" visible="true" version="1" changeset="77139031" timestamp="2019-11-15T16:54:14Z" user="Arun Balaji" uid="3427745">
  <nd ref="6980290941"/>
  <nd ref="6980290940"/>
  <nd ref="6980290939"/>
  <nd ref="6980290938"/>
  <nd ref="6980290941"/>
  <tag k="building" v="yes"/>
 </way>
 <way id="745794330" visible="true" version="1" changeset="77139031" timestamp="2019-11-15T16:54:14Z" user="Arun Balaji" uid="3427745">
  <nd ref="6980290945"/>
  <nd ref="6980290942"/>
  <nd ref="6980290943"/>
  <nd ref="6980290944"/>
  <nd ref="6980290945"/>
  <tag k="building" v="yes"/>
 </way>
 <way id="745794331" visible="true" version="2" changeset="77170732" timestamp="2019-11-16T17:35:40Z" user="Arun Balaji" uid="3427745">
  <nd ref="6980320811"/>
  <nd ref="6980320810"/>
  <nd ref="6980320809"/>
  <nd ref="6980320808"/>
  <nd ref="6980320807"/>
  <nd ref="6980320806"/>
  <nd ref="6980320805"/>
  <nd ref="6980320804"/>
  <nd ref="6980320803"/>
  <nd ref="6980320802"/>
  <nd ref="6980320801"/>
  <nd ref="6980320800"/>
  <nd ref="6980320799"/>
  <nd ref="6980320798"/>
  <nd ref="6980320797"/>
  <nd ref="6980320796"/>
  <nd ref="6980320795"/>
  <nd ref="6980320794"/>
  <nd ref="6980320793"/>
  <nd ref="6980320792"/>
  <nd ref="6980320791"/>
  <nd ref="6980320790"/>
  <nd ref="6980320789"/>
  <nd ref="6980320788"/>
  <nd ref="6980320787"/>
  <nd ref="6980320786"/>
  <nd ref="6980320785"/>
  <nd ref="6980320784"/>
  <nd ref="6980320783"/>
  <nd ref="6980320782"/>
  <nd ref="6980320781"/>
  <nd ref="6980320780"/>
  <nd ref="6980320779"/>
  <nd ref="6980320778"/>
  <nd ref="6980320777"/>
  <nd ref="6980320776"/>
  <nd ref="6980320775"/>
  <nd ref="6980320774"/>
  <nd ref="6980320773"/>
  <nd ref="6980320772"/>
  <nd ref="6980320771"/>
  <nd ref="6980320770"/>
  <nd ref="6980320769"/>
  <nd ref="6980320768"/>
  <nd ref="6980320767"/>
  <nd ref="6980320766"/>
  <nd ref="6980320765"/>
  <nd ref="6980320764"/>
  <nd ref="6980320763"/>
  <nd ref="6980320762"/>
  <nd ref="6980320761"/>
  <nd ref="6980320760"/>
  <nd ref="6980320759"/>
  <nd ref="6980320758"/>
  <nd ref="6980320757"/>
  <nd ref="6980320756"/>
  <nd ref="6980320755"/>
  <nd ref="6980320754"/>
  <nd ref="6980320753"/>
  <nd ref="6980320752"/>
  <nd ref="6980320751"/>
  <nd ref="6980320750"/>
  <nd ref="6980320749"/>
  <nd ref="6980320748"/>
  <nd ref="6980320747"/>
  <nd ref="6980320746"/>
  <nd ref="6980320745"/>
  <nd ref="6980320744"/>
  <nd ref="6980320743"/>
  <nd ref="6980320742"/>
  <nd ref="6980320741"/>
  <nd ref="6980320740"/>
  <nd ref="6980320739"/>
  <nd ref="6980320738"/>
  <nd ref="6980320737"/>
  <nd ref="6980320736"/>
  <nd ref="6980320735"/>
  <nd ref="6980320734"/>
  <nd ref="6980320733"/>
  <nd ref="6980320732"/>
  <nd ref="6980320731"/>
  <nd ref="6980320730"/>
  <nd ref="6980320729"/>
  <nd ref="6980320728"/>
  <nd ref="6980320727"/>
  <nd ref="6980320726"/>
  <nd ref="6980320725"/>
  <nd ref="6980320724"/>
  <nd ref="6980320723"/>
  <nd ref="6980320722"/>
  <nd ref="6980320721"/>
  <nd ref="6980320720"/>
  <nd ref="6980320719"/>
  <nd ref="6980320718"/>
  <nd ref="6980320717"/>
  <nd ref="6980320716"/>
  <nd ref="6980320715"/>
  <nd ref="6980320714"/>
  <nd ref="6980320713"/>
  <nd ref="6980320712"/>
  <nd ref="6980320711"/>
  <nd ref="6980320710"/>
  <nd ref="6980320709"/>
  <nd ref="6980320708"/>
  <nd ref="6980320707"/>
  <nd ref="6980320706"/>
  <nd ref="6980320705"/>
  <nd ref="6980320704"/>
  <nd ref="6980320703"/>
  <nd ref="6980320702"/>
  <nd ref="6980320701"/>
  <nd ref="6980320700"/>
  <nd ref="6980320699"/>
  <nd ref="6980320698"/>
  <nd ref="6980320697"/>
  <nd ref="6980320696"/>
  <nd ref="6980320695"/>
  <nd ref="6980320694"/>
  <nd ref="6980320692"/>
  <nd ref="6980320691"/>
  <nd ref="6980320690"/>
  <nd ref="6980320689"/>
  <nd ref="6980320688"/>
  <nd ref="6980320687"/>
  <nd ref="6980320686"/>
  <nd ref="6980320685"/>
  <nd ref="6980320684"/>
  <nd ref="6980320683"/>
  <nd ref="6980320682"/>
  <nd ref="6980320681"/>
  <nd ref="6980320680"/>
  <nd ref="6980320679"/>
  <nd ref="6980320678"/>
  <nd ref="6980320677"/>
  <nd ref="6980320676"/>
  <nd ref="6980320675"/>
  <nd ref="6980320674"/>
  <nd ref="6980320673"/>
  <nd ref="6980320672"/>
  <nd ref="6980320671"/>
  <nd ref="6980320670"/>
  <nd ref="6980320669"/>
  <nd ref="6980320668"/>
  <nd ref="6980320667"/>
  <nd ref="6980320666"/>
  <nd ref="6980320665"/>
  <nd ref="6980320664"/>
  <nd ref="6980320663"/>
  <nd ref="6980320662"/>
  <nd ref="6980320661"/>
  <nd ref="6980320660"/>
  <nd ref="6980320659"/>
  <nd ref="6980320658"/>
  <nd ref="6980320657"/>
  <nd ref="6980320656"/>
  <nd ref="6980320655"/>
  <nd ref="6980320654"/>
  <nd ref="6980320653"/>
  <nd ref="6980320652"/>
  <nd ref="6980320651"/>
  <nd ref="6980320650"/>
  <nd ref="6980320649"/>
  <nd ref="6980320648"/>
  <nd ref="6980320647"/>
  <nd ref="6980320646"/>
  <nd ref="6980320645"/>
  <nd ref="6980320644"/>
  <nd ref="6980320643"/>
  <nd ref="6980320642"/>
  <nd ref="6980320641"/>
  <nd ref="6980320640"/>
  <nd ref="6980320639"/>
  <nd ref="6980320638"/>
  <nd ref="6980320637"/>
  <nd ref="6980320636"/>
  <nd ref="6980320635"/>
  <nd ref="6980320634"/>
  <nd ref="6980320633"/>
  <nd ref="6980320632"/>
  <nd ref="6980320631"/>
  <nd ref="6980320630"/>
  <nd ref="6980320629"/>
  <nd ref="6980320628"/>
  <nd ref="6980320627"/>
  <nd ref="6980320626"/>
  <nd ref="6980320625"/>
  <nd ref="6980320624"/>
  <nd ref="6980320623"/>
  <nd ref="6980320622"/>
  <nd ref="6980320621"/>
  <nd ref="6980320620"/>
  <nd ref="6980320619"/>
  <nd ref="6980320618"/>
  <nd ref="6980320617"/>
  <nd ref="6980320616"/>
  <nd ref="6980320615"/>
  <nd ref="6980320614"/>
  <nd ref="6980320613"/>
  <nd ref="6980320612"/>
  <nd ref="6980320611"/>
  <nd ref="6980320610"/>
  <nd ref="6980320609"/>
  <nd ref="6980320608"/>
  <nd ref="6980320607"/>
  <nd ref="6980320606"/>
  <nd ref="6980320605"/>
  <nd ref="6980320604"/>
  <nd ref="6980320603"/>
  <nd ref="6980320602"/>
  <nd ref="6980320601"/>
  <nd ref="6980320600"/>
  <nd ref="6980320599"/>
  <nd ref="6980320598"/>
  <nd ref="6980320597"/>
  <nd ref="6980320596"/>
  <nd ref="6980320595"/>
  <nd ref="6980320594"/>
  <nd ref="6980320593"/>
  <nd ref="6980320592"/>
  <nd ref="6980320591"/>
  <nd ref="6980320590"/>
  <nd ref="6980320589"/>
  <nd ref="6980320588"/>
  <nd ref="6980320587"/>
  <nd ref="6980320586"/>
  <nd ref="6980320585"/>
  <nd ref="6980320584"/>
  <nd ref="6980320583"/>
  <nd ref="6980320582"/>
  <nd ref="6980320581"/>
  <nd ref="6980320580"/>
  <nd ref="6980320579"/>
  <nd ref="6980320578"/>
  <nd ref="6980320577"/>
  <nd ref="6980320576"/>
  <nd ref="6980320575"/>
  <nd ref="6980320574"/>
  <nd ref="6980320573"/>
  <nd ref="6980320572"/>
  <nd ref="6980320571"/>
  <nd ref="6980320570"/>
  <nd ref="6980320569"/>
  <nd ref="6980320568"/>
  <nd ref="6980320567"/>
  <nd ref="6980320566"/>
  <nd ref="6980320565"/>
  <nd ref="6980320564"/>
  <nd ref="6980320563"/>
  <nd ref="6980320562"/>
  <nd ref="6980320561"/>
  <nd ref="6980320560"/>
  <nd ref="6980320559"/>
  <nd ref="6980320558"/>
  <nd ref="6980320557"/>
  <nd ref="6980320556"/>
  <nd ref="6980320555"/>
  <nd ref="6980320554"/>
  <nd ref="6980320553"/>
  <nd ref="6980320552"/>
  <nd ref="6980320551"/>
  <nd ref="6980320550"/>
  <nd ref="6980320549"/>
  <nd ref="6980320548"/>
  <nd ref="6980320547"/>
  <nd ref="6980320546"/>
  <nd ref="6980320545"/>
  <nd ref="6980320544"/>
  <nd ref="6980320543"/>
  <nd ref="6980320542"/>
  <nd ref="6980320541"/>
  <nd ref="6980320540"/>
  <nd ref="6980320539"/>
  <nd ref="6980320538"/>
  <nd ref="6980320537"/>
  <nd ref="6980320536"/>
  <nd ref="6980320535"/>
  <nd ref="6980320534"/>
  <nd ref="6980320533"/>
  <nd ref="6980320532"/>
  <nd ref="6980320531"/>
  <nd ref="6980320530"/>
  <nd ref="6980320529"/>
  <nd ref="6980320528"/>
  <nd ref="6980320527"/>
  <nd ref="6980320526"/>
  <nd ref="6980320525"/>
  <nd ref="6980320524"/>
  <nd ref="6980320523"/>
  <nd ref="6980320522"/>
  <nd ref="6980320521"/>
  <nd ref="6980320520"/>
  <nd ref="6980320519"/>
  <nd ref="6980320518"/>
  <nd ref="6980320517"/>
  <nd ref="6980320516"/>
  <nd ref="6980320515"/>
  <nd ref="6980320514"/>
  <nd ref="6980320513"/>
  <nd ref="6980320512"/>
  <nd ref="6980320511"/>
  <nd ref="6980320510"/>
  <nd ref="6980320509"/>
  <nd ref="6980320508"/>
  <nd ref="6980320507"/>
  <nd ref="6980320506"/>
  <nd ref="6980320505"/>
  <nd ref="6980320504"/>
  <nd ref="6980320503"/>
  <nd ref="6980320502"/>
  <nd ref="6980320501"/>
  <nd ref="6980320500"/>
  <nd ref="6980320499"/>
  <nd ref="6980320498"/>
  <nd ref="6980320497"/>
  <nd ref="6980320496"/>
  <nd ref="6980320495"/>
  <nd ref="6980320494"/>
  <nd ref="6980320493"/>
  <nd ref="6980320492"/>
  <nd ref="6980320491"/>
  <nd ref="6980320490"/>
  <nd ref="6980320489"/>
  <nd ref="6980320488"/>
  <nd ref="6980320487"/>
  <nd ref="6980320486"/>
  <nd ref="6980320485"/>
  <nd ref="6980290984"/>
  <nd ref="6980290983"/>
  <nd ref="6980290982"/>
  <nd ref="6980290981"/>
  <nd ref="6980290980"/>
  <nd ref="6980290979"/>
  <nd ref="6980290978"/>
  <nd ref="6980290977"/>
  <nd ref="6980290976"/>
  <nd ref="6980290975"/>
  <nd ref="6980290974"/>
  <nd ref="6980290973"/>
  <nd ref="6980290972"/>
  <nd ref="6980290971"/>
  <nd ref="6980290970"/>
  <nd ref="6980290969"/>
  <nd ref="6980290968"/>
  <nd ref="6980290967"/>
  <nd ref="6980290966"/>
  <nd ref="6980290965"/>
  <nd ref="6980290964"/>
  <nd ref="6980290963"/>
  <nd ref="6980290962"/>
  <nd ref="6980290961"/>
  <nd ref="6980290960"/>
  <nd ref="6980290959"/>
  <nd ref="6980290958"/>
  <nd ref="6980290957"/>
  <nd ref="6980290956"/>
  <nd ref="6980290955"/>
  <nd ref="6980290954"/>
  <nd ref="6980290953"/>
  <nd ref="6980290952"/>
  <nd ref="6980290951"/>
  <nd ref="6980290950"/>
  <nd ref="6980290949"/>
  <nd ref="6980290948"/>
  <nd ref="6980290947"/>
  <nd ref="6980290946"/>
  <nd ref="6980320811"/>
  <tag k="alt_name" v="7"/>
  <tag k="boundary" v="administrative"/>
  <tag k="name" v="Vijay colony"/>
 </way>
 <way id="745794332" visible="true" version="1" changeset="77139031" timestamp="2019-11-15T16:54:14Z" user="Arun Balaji" uid="3427745">
  <nd ref="6980321103"/>
  <nd ref="6980321102"/>
  <nd ref="6980321101"/>
  <nd ref="6980321100"/>
  <nd ref="6980321099"/>
  <nd ref="6980321098"/>
  <nd ref="6980321097"/>
  <nd ref="6980321096"/>
  <nd ref="6980321095"/>
  <nd ref="6980321094"/>
  <nd ref="6980321093"/>
  <nd ref="6980321092"/>
  <nd ref="6980321091"/>
  <nd ref="6980321090"/>
  <nd ref="6980321089"/>
  <nd ref="6980321088"/>
  <nd ref="6980321087"/>
  <nd ref="6980321086"/>
  <nd ref="6980321085"/>
  <nd ref="6980321084"/>
  <nd ref="6980321083"/>
  <nd ref="6980321082"/>
  <nd ref="6980321081"/>
  <nd ref="6980321080"/>
  <nd ref="6980321079"/>
  <nd ref="6980321078"/>
  <nd ref="6980321077"/>
  <nd ref="6980321076"/>
  <nd ref="6980321075"/>
  <nd ref="6980321074"/>
  <nd ref="6980321073"/>
  <nd ref="6980321072"/>
  <nd ref="6980321071"/>
  <nd ref="6980321070"/>
  <nd ref="6980321069"/>
  <nd ref="6980321068"/>
  <nd ref="6980321067"/>
  <nd ref="6980321066"/>
  <nd ref="6980321065"/>
  <nd ref="6980321064"/>
  <nd ref="6980321063"/>
  <nd ref="6980321062"/>
  <nd ref="6980321061"/>
  <nd ref="6980321060"/>
  <nd ref="6980321059"/>
  <nd ref="6980321058"/>
  <nd ref="6980321057"/>
  <nd ref="6980321056"/>
  <nd ref="6980321055"/>
  <nd ref="6980321054"/>
  <nd ref="6980321053"/>
  <nd ref="6980321052"/>
  <nd ref="6980321051"/>
  <nd ref="6980321050"/>
  <nd ref="6980321049"/>
  <nd ref="6980321048"/>
  <nd ref="6980321047"/>
  <nd ref="6980321046"/>
  <nd ref="6980321045"/>
  <nd ref="6980321044"/>
  <nd ref="6980321043"/>
  <nd ref="6980321042"/>
  <nd ref="6980321041"/>
  <nd ref="6980321040"/>
  <nd ref="6980321039"/>
  <nd ref="6980321038"/>
  <nd ref="6980321037"/>
  <nd ref="6980321036"/>
  <nd ref="6980321035"/>
  <nd ref="6980321034"/>
  <nd ref="6980321033"/>
  <nd ref="6980321032"/>
  <nd ref="6980321031"/>
  <nd ref="6980321030"/>
  <nd ref="6980321029"/>
  <nd ref="6980321028"/>
  <nd ref="6980321027"/>
  <nd ref="6980321026"/>
  <nd ref="6980321025"/>
  <nd ref="6980321024"/>
  <nd ref="6980321023"/>
  <nd ref="6980321022"/>
  <nd ref="6980321021"/>
  <nd ref="6980321020"/>
  <nd ref="6980321019"/>
  <nd ref="6980321018"/>
  <nd ref="6980321017"/>
  <nd ref="6980321016"/>
  <nd ref="6980321015"/>
  <nd ref="6980321014"/>
  <nd ref="6980321013"/>
  <nd ref="6980321012"/>
  <nd ref="6980321011"/>
  <nd ref="6980321010"/>
  <nd ref="6980321009"/>
  <nd ref="6980321008"/>
  <nd ref="6980321007"/>
  <nd ref="6980321006"/>
  <nd ref="6980321005"/>
  <nd ref="6980321004"/>
  <nd ref="6980321003"/>
  <nd ref="6980321002"/>
  <nd ref="6980321001"/>
  <nd ref="6980321000"/>
  <nd ref="6980320999"/>
  <nd ref="6980320998"/>
  <nd ref="6980320997"/>
  <nd ref="6980320996"/>
  <nd ref="6980320995"/>
  <nd ref="6980320994"/>
  <nd ref="6980320993"/>
  <nd ref="6980320992"/>
  <nd ref="6980320991"/>
  <nd ref="6980320990"/>
  <nd ref="6980320989"/>
  <nd ref="6980320988"/>
  <nd ref="6980320987"/>
  <nd ref="6980320986"/>
  <nd ref="6980320985"/>
  <nd ref="6980320984"/>
  <nd ref="6980320983"/>
  <nd ref="6980320982"/>
  <nd ref="6980320981"/>
  <nd ref="6980320980"/>
  <nd ref="6980320979"/>
  <nd ref="6980320978"/>
  <nd ref="6980320977"/>
  <nd ref="6980320976"/>
  <nd ref="6980320975"/>
  <nd ref="6980320974"/>
  <nd ref="6980320973"/>
  <nd ref="6980320972"/>
  <nd ref="6980320971"/>
  <nd ref="6980320970"/>
  <nd ref="6980320969"/>
  <nd ref="6980320968"/>
  <nd ref="6980320967"/>
  <nd ref="6980320966"/>
  <nd ref="6980320965"/>
  <nd ref="6980320964"/>
  <nd ref="6980320963"/>
  <nd ref="6980320962"/>
  <nd ref="6980320961"/>
  <nd ref="6980320960"/>
  <nd ref="6980320959"/>
  <nd ref="6980320958"/>
  <nd ref="6980320957"/>
  <nd ref="6980320956"/>
  <nd ref="6980320955"/>
  <nd ref="6980320954"/>
  <nd ref="6980320953"/>
  <nd ref="6980320952"/>
  <nd ref="6980320951"/>
  <nd ref="6980320950"/>
  <nd ref="6980320949"/>
  <nd ref="6980320948"/>
  <nd ref="6980320947"/>
  <nd ref="6980320946"/>
  <nd ref="6980320945"/>
  <nd ref="6980320944"/>
  <nd ref="6980320943"/>
  <nd ref="6980320942"/>
  <nd ref="6980320941"/>
  <nd ref="6980320940"/>
  <nd ref="6980320939"/>
  <nd ref="6980320938"/>
  <nd ref="6980320937"/>
  <nd ref="6980320936"/>
  <nd ref="6980320935"/>
  <nd ref="6980320934"/>
  <nd ref="6980320933"/>
  <nd ref="6980320932"/>
  <nd ref="6980320931"/>
  <nd ref="6980320930"/>
  <nd ref="6980320929"/>
  <nd ref="6980320928"/>
  <nd ref="6980320927"/>
  <nd ref="6980320926"/>
  <nd ref="6980320925"/>
  <nd ref="6980320924"/>
  <nd ref="6980320923"/>
  <nd ref="6980320922"/>
  <nd ref="6980320921"/>
  <nd ref="6980320920"/>
  <nd ref="6980320919"/>
  <nd ref="6980320918"/>
  <nd ref="6980320917"/>
  <nd ref="6980320916"/>
  <nd ref="6980320915"/>
  <nd ref="6980320914"/>
  <nd ref="6980320913"/>
  <nd ref="6980320912"/>
  <nd ref="6980320911"/>
  <nd ref="6980320910"/>
  <nd ref="6980320909"/>
  <nd ref="6980320908"/>
  <nd ref="6980320907"/>
  <nd ref="6980320906"/>
  <nd ref="6980320905"/>
  <nd ref="6980320904"/>
  <nd ref="6980320903"/>
  <nd ref="6980320902"/>
  <nd ref="6980320901"/>
  <nd ref="6980320900"/>
  <nd ref="6980320899"/>
  <nd ref="6980320898"/>
  <nd ref="6980320897"/>
  <nd ref="6980320896"/>
  <nd ref="6980320895"/>
  <nd ref="6980320894"/>
  <nd ref="6980320893"/>
  <nd ref="6980320892"/>
  <nd ref="6980320891"/>
  <nd ref="6980320890"/>
  <nd ref="6980320889"/>
  <nd ref="6980320888"/>
  <nd ref="6980320887"/>
  <nd ref="6980320886"/>
  <nd ref="6980320885"/>
  <nd ref="6980320884"/>
  <nd ref="6980320883"/>
  <nd ref="6980320882"/>
  <nd ref="6980320881"/>
  <nd ref="6980320880"/>
  <nd ref="6980320879"/>
  <nd ref="6980320878"/>
  <nd ref="6980320877"/>
  <nd ref="6980320876"/>
  <nd ref="6980320875"/>
  <nd ref="6980320874"/>
  <nd ref="6980320873"/>
  <nd ref="6980320872"/>
  <nd ref="6980320871"/>
  <nd ref="6980320870"/>
  <nd ref="6980320869"/>
  <nd ref="6980320868"/>
  <nd ref="6980320867"/>
  <nd ref="6980320866"/>
  <nd ref="6980320865"/>
  <nd ref="6980320864"/>
  <nd ref="6980320863"/>
  <nd ref="6980320862"/>
  <nd ref="6980320861"/>
  <nd ref="6980320860"/>
  <nd ref="6980320859"/>
  <nd ref="6980320858"/>
  <nd ref="6980320857"/>
  <nd ref="6980320856"/>
  <nd ref="6980320855"/>
  <nd ref="6980320854"/>
  <nd ref="6980320853"/>
  <nd ref="6980320852"/>
  <nd ref="6980320851"/>
  <nd ref="6980320850"/>
  <nd ref="6980320849"/>
  <nd ref="6980320848"/>
  <nd ref="6980320847"/>
  <nd ref="6980320846"/>
  <nd ref="6980320845"/>
  <nd ref="6980320844"/>
  <nd ref="6980320843"/>
  <nd ref="6980320842"/>
  <nd ref="6980320841"/>
  <nd ref="6980320840"/>
  <nd ref="6980320839"/>
  <nd ref="6980320838"/>
  <nd ref="6980320837"/>
  <nd ref="6980320836"/>
  <nd ref="6980320835"/>
  <nd ref="6980320834"/>
  <nd ref="6980320833"/>
  <nd ref="6980320832"/>
  <nd ref="6980320831"/>
  <nd ref="6980320830"/>
  <nd ref="6980320829"/>
  <nd ref="6980320828"/>
  <nd ref="6980320827"/>
  <nd ref="6980320826"/>
  <nd ref="6980320825"/>
  <nd ref="6980320824"/>
  <nd ref="6980320823"/>
  <nd ref="6980320822"/>
  <nd ref="6980320821"/>
  <nd ref="6980320820"/>
  <nd ref="6980320819"/>
  <nd ref="6980320818"/>
  <nd ref="6980320817"/>
  <nd ref="6980320816"/>
  <nd ref="6980320815"/>
  <nd ref="6980320814"/>
  <nd ref="6980320813"/>
  <nd ref="6980320812"/>
  <nd ref="6980321103"/>
  <tag k="alt_name" v="6"/>
  <tag k="boundary" v="administrative"/>
  <tag k="name" v="Dobhalwala"/>
 </way>
 <way id="746412289" visible="true" version="1" changeset="77193427" timestamp="2019-11-17T16:30:35Z" user="Arun Balaji" uid="3427745">
  <nd ref="6985161596"/>
  <nd ref="6985161595"/>
  <nd ref="6985161594"/>
  <nd ref="6985161593"/>
  <nd ref="6985161596"/>
  <tag k="building" v="yes"/>
 </way>
 <way id="746412298" visible="true" version="1" changeset="77193427" timestamp="2019-11-17T16:30:35Z" user="Arun Balaji" uid="3427745">
  <nd ref="6985161632"/>
  <nd ref="6985161629"/>
  <nd ref="6985161630"/>
  <nd ref="6985161631"/>
  <nd ref="6985161632"/>
  <tag k="building" v="yes"/>
 </way>
 <way id="746412299" visible="true" version="1" changeset="77193427" timestamp="2019-11-17T16:30:35Z" user="Arun Balaji" uid="3427745">
  <nd ref="6985161636"/>
  <nd ref="6985161635"/>
  <nd ref="6985161634"/>
  <nd ref="6985161633"/>
  <nd ref="6985161636"/>
  <tag k="building" v="yes"/>
 </way>
 <way id="746412300" visible="true" version="1" changeset="77193427" timestamp="2019-11-17T16:30:35Z" user="Arun Balaji" uid="3427745">
  <nd ref="6985161640"/>
  <nd ref="6985161637"/>
  <nd ref="6985161638"/>
  <nd ref="6985161639"/>
  <nd ref="6985161640"/>
  <tag k="building" v="yes"/>
 </way>
 <way id="746412310" visible="true" version="1" changeset="77193427" timestamp="2019-11-17T16:30:35Z" user="Arun Balaji" uid="3427745">
  <nd ref="6985164396"/>
  <nd ref="6985164393"/>
  <nd ref="6985164394"/>
  <nd ref="6985164395"/>
  <nd ref="6985164396"/>
  <tag k="building" v="yes"/>
 </way>
 <way id="746412311" visible="true" version="1" changeset="77193427" timestamp="2019-11-17T16:30:35Z" user="Arun Balaji" uid="3427745">
  <nd ref="6985164400"/>
  <nd ref="6985164397"/>
  <nd ref="6985164398"/>
  <nd ref="6985164399"/>
  <nd ref="6985164400"/>
  <tag k="building" v="yes"/>
 </way>
 <way id="746412312" visible="true" version="1" changeset="77193427" timestamp="2019-11-17T16:30:35Z" user="Arun Balaji" uid="3427745">
  <nd ref="6985164404"/>
  <nd ref="6985164401"/>
  <nd ref="6985164402"/>
  <nd ref="6985164403"/>
  <nd ref="6985164404"/>
  <tag k="building" v="yes"/>
 </way>
 <way id="746412313" visible="true" version="1" changeset="77193427" timestamp="2019-11-17T16:30:35Z" user="Arun Balaji" uid="3427745">
  <nd ref="6985164408"/>
  <nd ref="6985164405"/>
  <nd ref="6985164406"/>
  <nd ref="6985164407"/>
  <nd ref="6985164408"/>
  <tag k="building" v="yes"/>
 </way>
 <way id="746412314" visible="true" version="1" changeset="77193427" timestamp="2019-11-17T16:30:35Z" user="Arun Balaji" uid="3427745">
  <nd ref="6985164412"/>
  <nd ref="6985164409"/>
  <nd ref="6985164410"/>
  <nd ref="6985164411"/>
  <nd ref="6985164412"/>
  <tag k="building" v="yes"/>
 </way>
 <way id="746412315" visible="true" version="1" changeset="77193427" timestamp="2019-11-17T16:30:35Z" user="Arun Balaji" uid="3427745">
  <nd ref="6985164416"/>
  <nd ref="6985164413"/>
  <nd ref="6985164414"/>
  <nd ref="6985164415"/>
  <nd ref="6985164416"/>
  <tag k="building" v="yes"/>
 </way>
 <way id="746412316" visible="true" version="1" changeset="77193427" timestamp="2019-11-17T16:30:35Z" user="Arun Balaji" uid="3427745">
  <nd ref="6985164420"/>
  <nd ref="6985164417"/>
  <nd ref="6985164418"/>
  <nd ref="6985164419"/>
  <nd ref="6985164420"/>
  <tag k="building" v="yes"/>
 </way>
 <way id="746412317" visible="true" version="1" changeset="77193427" timestamp="2019-11-17T16:30:35Z" user="Arun Balaji" uid="3427745">
  <nd ref="6985164424"/>
  <nd ref="6985164421"/>
  <nd ref="6985164422"/>
  <nd ref="6985164423"/>
  <nd ref="6985164424"/>
  <tag k="building" v="yes"/>
 </way>
 <way id="746412318" visible="true" version="1" changeset="77193427" timestamp="2019-11-17T16:30:35Z" user="Arun Balaji" uid="3427745">
  <nd ref="6985164428"/>
  <nd ref="6985164425"/>
  <nd ref="6985164426"/>
  <nd ref="6985164427"/>
  <nd ref="6985164428"/>
  <tag k="building" v="yes"/>
 </way>
 <way id="746412319" visible="true" version="1" changeset="77193427" timestamp="2019-11-17T16:30:35Z" user="Arun Balaji" uid="3427745">
  <nd ref="6985164432"/>
  <nd ref="6985164429"/>
  <nd ref="6985164430"/>
  <nd ref="6985164431"/>
  <nd ref="6985164432"/>
  <tag k="building" v="yes"/>
 </way>
 <way id="746412320" visible="true" version="1" changeset="77193427" timestamp="2019-11-17T16:30:35Z" user="Arun Balaji" uid="3427745">
  <nd ref="6985164436"/>
  <nd ref="6985164433"/>
  <nd ref="6985164434"/>
  <nd ref="6985164435"/>
  <nd ref="6985164436"/>
  <tag k="building" v="yes"/>
 </way>
 <way id="746412321" visible="true" version="1" changeset="77193427" timestamp="2019-11-17T16:30:35Z" user="Arun Balaji" uid="3427745">
  <nd ref="6985164440"/>
  <nd ref="6985164439"/>
  <nd ref="6985164438"/>
  <nd ref="6985164437"/>
  <nd ref="6985164440"/>
  <tag k="building" v="yes"/>
 </way>
 <way id="746412322" visible="true" version="1" changeset="77193427" timestamp="2019-11-17T16:30:35Z" user="Arun Balaji" uid="3427745">
  <nd ref="6985164444"/>
  <nd ref="6985164441"/>
  <nd ref="6985164442"/>
  <nd ref="6985164443"/>
  <nd ref="6985164444"/>
  <tag k="building" v="yes"/>
 </way>
 <way id="746412323" visible="true" version="1" changeset="77193427" timestamp="2019-11-17T16:30:35Z" user="Arun Balaji" uid="3427745">
  <nd ref="6985164448"/>
  <nd ref="6985164447"/>
  <nd ref="6985164446"/>
  <nd ref="6985164445"/>
  <nd ref="6985164448"/>
  <tag k="building" v="yes"/>
 </way>
 <way id="746412324" visible="true" version="1" changeset="77193427" timestamp="2019-11-17T16:30:35Z" user="Arun Balaji" uid="3427745">
  <nd ref="6985164452"/>
  <nd ref="6985164451"/>
  <nd ref="6985164450"/>
  <nd ref="6985164449"/>
  <nd ref="6985164452"/>
  <tag k="building" v="yes"/>
 </way>
 <way id="746412329" visible="true" version="1" changeset="77193427" timestamp="2019-11-17T16:30:35Z" user="Arun Balaji" uid="3427745">
  <nd ref="6985164472"/>
  <nd ref="6985164471"/>
  <nd ref="6985164470"/>
  <nd ref="6985164469"/>
  <nd ref="6985164472"/>
  <tag k="building" v="yes"/>
 </way>
 <way id="746412330" visible="true" version="1" changeset="77193427" timestamp="2019-11-17T16:30:35Z" user="Arun Balaji" uid="3427745">
  <nd ref="6985164476"/>
  <nd ref="6985164473"/>
  <nd ref="6985164474"/>
  <nd ref="6985164475"/>
  <nd ref="6985164476"/>
  <tag k="building" v="yes"/>
 </way>
 <way id="746412345" visible="true" version="1" changeset="77193427" timestamp="2019-11-17T16:30:35Z" user="Arun Balaji" uid="3427745">
  <nd ref="6985164538"/>
  <nd ref="6985164537"/>
  <nd ref="6985164536"/>
  <nd ref="6985164535"/>
  <nd ref="6985164538"/>
  <tag k="building" v="yes"/>
 </way>
 <way id="746412346" visible="true" version="1" changeset="77193427" timestamp="2019-11-17T16:30:35Z" user="Arun Balaji" uid="3427745">
  <nd ref="6985164542"/>
  <nd ref="6985164541"/>
  <nd ref="6985164540"/>
  <nd ref="6985164539"/>
  <nd ref="6985164542"/>
  <tag k="building" v="yes"/>
 </way>
 <way id="746412347" visible="true" version="1" changeset="77193427" timestamp="2019-11-17T16:30:35Z" user="Arun Balaji" uid="3427745">
  <nd ref="6985164546"/>
  <nd ref="6985164545"/>
  <nd ref="6985164544"/>
  <nd ref="6985164543"/>
  <nd ref="6985164546"/>
  <tag k="building" v="yes"/>
 </way>
 <way id="746412348" visible="true" version="1" changeset="77193427" timestamp="2019-11-17T16:30:35Z" user="Arun Balaji" uid="3427745">
  <nd ref="6985164550"/>
  <nd ref="6985164549"/>
  <nd ref="6985164548"/>
  <nd ref="6985164547"/>
  <nd ref="6985164550"/>
  <tag k="building" v="yes"/>
 </way>
 <way id="746412349" visible="true" version="1" changeset="77193427" timestamp="2019-11-17T16:30:35Z" user="Arun Balaji" uid="3427745">
  <nd ref="6985164554"/>
  <nd ref="6985164551"/>
  <nd ref="6985164552"/>
  <nd ref="6985164553"/>
  <nd ref="6985164554"/>
  <tag k="building" v="yes"/>
 </way>
 <way id="746412350" visible="true" version="1" changeset="77193427" timestamp="2019-11-17T16:30:35Z" user="Arun Balaji" uid="3427745">
  <nd ref="6985164558"/>
  <nd ref="6985164555"/>
  <nd ref="6985164556"/>
  <nd ref="6985164557"/>
  <nd ref="6985164558"/>
  <tag k="building" v="yes"/>
 </way>
 <way id="746412351" visible="true" version="1" changeset="77193427" timestamp="2019-11-17T16:30:35Z" user="Arun Balaji" uid="3427745">
  <nd ref="6985164562"/>
  <nd ref="6985164561"/>
  <nd ref="6985164560"/>
  <nd ref="6985164559"/>
  <nd ref="6985164562"/>
  <tag k="building" v="yes"/>
 </way>
 <way id="746412352" visible="true" version="1" changeset="77193427" timestamp="2019-11-17T16:30:35Z" user="Arun Balaji" uid="3427745">
  <nd ref="6985164566"/>
  <nd ref="6985164563"/>
  <nd ref="6985164564"/>
  <nd ref="6985164565"/>
  <nd ref="6985164566"/>
  <tag k="building" v="yes"/>
 </way>
 <way id="746412353" visible="true" version="1" changeset="77193427" timestamp="2019-11-17T16:30:35Z" user="Arun Balaji" uid="3427745">
  <nd ref="6985164570"/>
  <nd ref="6985164567"/>
  <nd ref="6985164568"/>
  <nd ref="6985164569"/>
  <nd ref="6985164570"/>
  <tag k="building" v="yes"/>
 </way>
 <way id="746412354" visible="true" version="1" changeset="77193427" timestamp="2019-11-17T16:30:35Z" user="Arun Balaji" uid="3427745">
  <nd ref="6985164574"/>
  <nd ref="6985164571"/>
  <nd ref="6985164572"/>
  <nd ref="6985164573"/>
  <nd ref="6985164574"/>
  <tag k="building" v="yes"/>
 </way>
 <way id="746412360" visible="true" version="1" changeset="77193427" timestamp="2019-11-17T16:30:35Z" user="Arun Balaji" uid="3427745">
  <nd ref="6985164600"/>
  <nd ref="6985164599"/>
  <nd ref="6985164598"/>
  <nd ref="6985164597"/>
  <nd ref="6985164600"/>
  <tag k="building" v="yes"/>
 </way>
 <way id="746412363" visible="true" version="1" changeset="77193427" timestamp="2019-11-17T16:30:35Z" user="Arun Balaji" uid="3427745">
  <nd ref="6985164612"/>
  <nd ref="6985164609"/>
  <nd ref="6985164610"/>
  <nd ref="6985164611"/>
  <nd ref="6985164612"/>
  <tag k="building" v="yes"/>
 </way>
 <way id="746412364" visible="true" version="1" changeset="77193427" timestamp="2019-11-17T16:30:35Z" user="Arun Balaji" uid="3427745">
  <nd ref="6985164616"/>
  <nd ref="6985164613"/>
  <nd ref="6985164614"/>
  <nd ref="6985164615"/>
  <nd ref="6985164616"/>
  <tag k="building" v="yes"/>
 </way>
 <way id="746412365" visible="true" version="1" changeset="77193427" timestamp="2019-11-17T16:30:35Z" user="Arun Balaji" uid="3427745">
  <nd ref="6985164620"/>
  <nd ref="6985164617"/>
  <nd ref="6985164618"/>
  <nd ref="6985164619"/>
  <nd ref="6985164620"/>
  <tag k="building" v="yes"/>
 </way>
 <way id="746412366" visible="true" version="1" changeset="77193427" timestamp="2019-11-17T16:30:35Z" user="Arun Balaji" uid="3427745">
  <nd ref="6985164624"/>
  <nd ref="6985164621"/>
  <nd ref="6985164622"/>
  <nd ref="6985164623"/>
  <nd ref="6985164624"/>
  <tag k="building" v="yes"/>
 </way>
 <way id="746412367" visible="true" version="1" changeset="77193427" timestamp="2019-11-17T16:30:35Z" user="Arun Balaji" uid="3427745">
  <nd ref="6985164628"/>
  <nd ref="6985164627"/>
  <nd ref="6985164626"/>
  <nd ref="6985164625"/>
  <nd ref="6985164628"/>
  <tag k="building" v="yes"/>
 </way>
 <way id="746412368" visible="true" version="1" changeset="77193427" timestamp="2019-11-17T16:30:35Z" user="Arun Balaji" uid="3427745">
  <nd ref="6985164632"/>
  <nd ref="6985164629"/>
  <nd ref="6985164630"/>
  <nd ref="6985164631"/>
  <nd ref="6985164632"/>
  <tag k="building" v="yes"/>
 </way>
 <way id="746412369" visible="true" version="1" changeset="77193427" timestamp="2019-11-17T16:30:35Z" user="Arun Balaji" uid="3427745">
  <nd ref="6985164636"/>
  <nd ref="6985164635"/>
  <nd ref="6985164634"/>
  <nd ref="6985164633"/>
  <nd ref="6985164636"/>
  <tag k="building" v="yes"/>
 </way>
 <way id="746412370" visible="true" version="1" changeset="77193427" timestamp="2019-11-17T16:30:35Z" user="Arun Balaji" uid="3427745">
  <nd ref="6985164640"/>
  <nd ref="6985164637"/>
  <nd ref="6985164638"/>
  <nd ref="6985164639"/>
  <nd ref="6985164640"/>
  <tag k="building" v="yes"/>
 </way>
 <way id="746412371" visible="true" version="1" changeset="77193427" timestamp="2019-11-17T16:30:35Z" user="Arun Balaji" uid="3427745">
  <nd ref="6985164644"/>
  <nd ref="6985164641"/>
  <nd ref="6985164642"/>
  <nd ref="6985164643"/>
  <nd ref="6985164644"/>
  <tag k="building" v="yes"/>
 </way>
 <way id="746412372" visible="true" version="1" changeset="77193427" timestamp="2019-11-17T16:30:35Z" user="Arun Balaji" uid="3427745">
  <nd ref="6985164648"/>
  <nd ref="6985164645"/>
  <nd ref="6985164646"/>
  <nd ref="6985164647"/>
  <nd ref="6985164648"/>
  <tag k="building" v="yes"/>
 </way>
 <way id="746412373" visible="true" version="1" changeset="77193427" timestamp="2019-11-17T16:30:35Z" user="Arun Balaji" uid="3427745">
  <nd ref="6985164652"/>
  <nd ref="6985164649"/>
  <nd ref="6985164650"/>
  <nd ref="6985164651"/>
  <nd ref="6985164652"/>
  <tag k="building" v="yes"/>
 </way>
 <way id="746412374" visible="true" version="1" changeset="77193427" timestamp="2019-11-17T16:30:35Z" user="Arun Balaji" uid="3427745">
  <nd ref="6985164656"/>
  <nd ref="6985164653"/>
  <nd ref="6985164654"/>
  <nd ref="6985164655"/>
  <nd ref="6985164656"/>
  <tag k="building" v="yes"/>
 </way>
 <way id="746412382" visible="true" version="1" changeset="77193427" timestamp="2019-11-17T16:30:35Z" user="Arun Balaji" uid="3427745">
  <nd ref="6985164688"/>
  <nd ref="6985164685"/>
  <nd ref="6985164686"/>
  <nd ref="6985164687"/>
  <nd ref="6985164688"/>
  <tag k="building" v="yes"/>
 </way>
 <way id="746412383" visible="true" version="1" changeset="77193427" timestamp="2019-11-17T16:30:35Z" user="Arun Balaji" uid="3427745">
  <nd ref="6985164692"/>
  <nd ref="6985164691"/>
  <nd ref="6985164690"/>
  <nd ref="6985164689"/>
  <nd ref="6985164692"/>
  <tag k="building" v="yes"/>
 </way>
 <way id="746412384" visible="true" version="1" changeset="77193427" timestamp="2019-11-17T16:30:35Z" user="Arun Balaji" uid="3427745">
  <nd ref="6985164698"/>
  <nd ref="6985164695"/>
  <nd ref="6985164694"/>
  <nd ref="6985164693"/>
  <nd ref="6985164696"/>
  <nd ref="6985164697"/>
  <nd ref="6985164698"/>
  <tag k="building" v="yes"/>
 </way>
 <way id="746412385" visible="true" version="1" changeset="77193427" timestamp="2019-11-17T16:30:35Z" user="Arun Balaji" uid="3427745">
  <nd ref="6985164702"/>
  <nd ref="6985164699"/>
  <nd ref="6985164700"/>
  <nd ref="6985164701"/>
  <nd ref="6985164702"/>
  <tag k="building" v="yes"/>
 </way>
 <way id="746413904" visible="true" version="1" changeset="77193603" timestamp="2019-11-17T16:37:29Z" user="Arun Balaji" uid="3427745">
  <nd ref="6985177040"/>
  <nd ref="6985177037"/>
  <nd ref="6985177038"/>
  <nd ref="6985177039"/>
  <nd ref="6985177040"/>
  <tag k="building" v="yes"/>
 </way>
 <way id="746413905" visible="true" version="1" changeset="77193603" timestamp="2019-11-17T16:37:29Z" user="Arun Balaji" uid="3427745">
  <nd ref="6985177044"/>
  <nd ref="6985177041"/>
  <nd ref="6985177042"/>
  <nd ref="6985177043"/>
  <nd ref="6985177044"/>
  <tag k="building" v="yes"/>
 </way>
 <way id="746413906" visible="true" version="1" changeset="77193603" timestamp="2019-11-17T16:37:29Z" user="Arun Balaji" uid="3427745">
  <nd ref="6985177051"/>
  <nd ref="3527656293"/>
  <nd ref="6985177048"/>
  <nd ref="6985177047"/>
  <nd ref="6985177050"/>
  <nd ref="6985177049"/>
  <nd ref="6985177051"/>
  <tag k="building" v="yes"/>
 </way>
 <way id="746413907" visible="true" version="1" changeset="77193603" timestamp="2019-11-17T16:37:29Z" user="Arun Balaji" uid="3427745">
  <nd ref="6985177055"/>
  <nd ref="6985177054"/>
  <nd ref="6985177046"/>
  <nd ref="6985177045"/>
  <nd ref="6985177053"/>
  <nd ref="6985177052"/>
  <nd ref="6985177055"/>
  <tag k="building" v="yes"/>
 </way>
 <way id="746413908" visible="true" version="1" changeset="77193603" timestamp="2019-11-17T16:37:29Z" user="Arun Balaji" uid="3427745">
  <nd ref="6985177059"/>
  <nd ref="6985177056"/>
  <nd ref="6985177057"/>
  <nd ref="6985177058"/>
  <nd ref="6985177059"/>
  <tag k="building" v="yes"/>
 </way>
 <way id="746413909" visible="true" version="1" changeset="77193603" timestamp="2019-11-17T16:37:29Z" user="Arun Balaji" uid="3427745">
  <nd ref="6985177065"/>
  <nd ref="6985177061"/>
  <nd ref="6985177060"/>
  <nd ref="6985177062"/>
  <nd ref="6985177063"/>
  <nd ref="6985177064"/>
  <nd ref="6985177065"/>
  <tag k="building" v="yes"/>
 </way>
 <way id="746413910" visible="true" version="1" changeset="77193603" timestamp="2019-11-17T16:37:29Z" user="Arun Balaji" uid="3427745">
  <nd ref="6985177069"/>
  <nd ref="6985177066"/>
  <nd ref="6985177067"/>
  <nd ref="6985177068"/>
  <nd ref="6985177069"/>
  <tag k="building" v="yes"/>
 </way>
 <way id="746413911" visible="true" version="1" changeset="77193603" timestamp="2019-11-17T16:37:29Z" user="Arun Balaji" uid="3427745">
  <nd ref="6985177073"/>
  <nd ref="6985177070"/>
  <nd ref="6985177071"/>
  <nd ref="6985177072"/>
  <nd ref="6985177073"/>
  <tag k="building" v="yes"/>
 </way>
 <way id="746413912" visible="true" version="1" changeset="77193603" timestamp="2019-11-17T16:37:29Z" user="Arun Balaji" uid="3427745">
  <nd ref="6985177077"/>
  <nd ref="6985177074"/>
  <nd ref="6985177075"/>
  <nd ref="6985177076"/>
  <nd ref="6985177077"/>
  <tag k="building" v="yes"/>
 </way>
 <way id="746413913" visible="true" version="1" changeset="77193603" timestamp="2019-11-17T16:37:29Z" user="Arun Balaji" uid="3427745">
  <nd ref="6985177081"/>
  <nd ref="6985177078"/>
  <nd ref="6985177079"/>
  <nd ref="6985177080"/>
  <nd ref="6985177081"/>
  <tag k="building" v="yes"/>
 </way>
 <way id="746413914" visible="true" version="1" changeset="77193603" timestamp="2019-11-17T16:37:29Z" user="Arun Balaji" uid="3427745">
  <nd ref="6985177085"/>
  <nd ref="6985177084"/>
  <nd ref="6985177083"/>
  <nd ref="6985177082"/>
  <nd ref="6985177085"/>
  <tag k="building" v="yes"/>
 </way>
 <way id="746413915" visible="true" version="1" changeset="77193603" timestamp="2019-11-17T16:37:29Z" user="Arun Balaji" uid="3427745">
  <nd ref="6985177089"/>
  <nd ref="6985177086"/>
  <nd ref="6985177087"/>
  <nd ref="6985177088"/>
  <nd ref="6985177089"/>
  <tag k="building" v="yes"/>
 </way>
 <way id="746413916" visible="true" version="1" changeset="77193603" timestamp="2019-11-17T16:37:29Z" user="Arun Balaji" uid="3427745">
  <nd ref="6985177093"/>
  <nd ref="6985177090"/>
  <nd ref="6985177091"/>
  <nd ref="6985177092"/>
  <nd ref="6985177093"/>
  <tag k="building" v="yes"/>
 </way>
 <way id="746413917" visible="true" version="1" changeset="77193603" timestamp="2019-11-17T16:37:29Z" user="Arun Balaji" uid="3427745">
  <nd ref="6985177097"/>
  <nd ref="6985177094"/>
  <nd ref="6985177095"/>
  <nd ref="6985177096"/>
  <nd ref="6985177097"/>
  <tag k="building" v="yes"/>
 </way>
 <way id="746718766" visible="true" version="1" changeset="77239730" timestamp="2019-11-18T17:12:49Z" user="Arun Balaji" uid="3427745">
  <nd ref="6987804109"/>
  <nd ref="6987804106"/>
  <nd ref="6987804107"/>
  <nd ref="6987804108"/>
  <nd ref="6987804109"/>
  <tag k="building" v="yes"/>
 </way>
 <way id="746718769" visible="true" version="1" changeset="77239730" timestamp="2019-11-18T17:12:49Z" user="Arun Balaji" uid="3427745">
  <nd ref="6987804121"/>
  <nd ref="6987804118"/>
  <nd ref="6987804119"/>
  <nd ref="6987804120"/>
  <nd ref="6987804121"/>
  <tag k="building" v="yes"/>
 </way>
 <way id="746953486" visible="true" version="1" changeset="77273554" timestamp="2019-11-19T12:10:43Z" user="Arun Balaji" uid="3427745">
  <nd ref="6989661893"/>
  <nd ref="6989661890"/>
  <nd ref="6989661891"/>
  <nd ref="6989661892"/>
  <nd ref="6989661893"/>
  <tag k="building" v="yes"/>
 </way>
 <way id="746953487" visible="true" version="1" changeset="77273554" timestamp="2019-11-19T12:10:43Z" user="Arun Balaji" uid="3427745">
  <nd ref="6989661897"/>
  <nd ref="6989661894"/>
  <nd ref="6989661895"/>
  <nd ref="6989661896"/>
  <nd ref="6989661897"/>
  <tag k="building" v="yes"/>
 </way>
 <way id="746953488" visible="true" version="1" changeset="77273554" timestamp="2019-11-19T12:10:43Z" user="Arun Balaji" uid="3427745">
  <nd ref="6989661901"/>
  <nd ref="6989661898"/>
  <nd ref="6989661899"/>
  <nd ref="6989661900"/>
  <nd ref="6989661901"/>
  <tag k="building" v="yes"/>
 </way>
 <way id="746953489" visible="true" version="1" changeset="77273554" timestamp="2019-11-19T12:10:43Z" user="Arun Balaji" uid="3427745">
  <nd ref="6989661905"/>
  <nd ref="6989661902"/>
  <nd ref="6989661903"/>
  <nd ref="6989661904"/>
  <nd ref="6989661905"/>
  <tag k="building" v="yes"/>
 </way>
 <way id="746953490" visible="true" version="1" changeset="77273554" timestamp="2019-11-19T12:10:43Z" user="Arun Balaji" uid="3427745">
  <nd ref="6989661909"/>
  <nd ref="6989661906"/>
  <nd ref="6989661907"/>
  <nd ref="6989661908"/>
  <nd ref="6989661909"/>
  <tag k="building" v="yes"/>
 </way>
 <way id="746953491" visible="true" version="1" changeset="77273554" timestamp="2019-11-19T12:10:43Z" user="Arun Balaji" uid="3427745">
  <nd ref="6989661913"/>
  <nd ref="6989661910"/>
  <nd ref="6989661911"/>
  <nd ref="6989661912"/>
  <nd ref="6989661913"/>
  <tag k="building" v="yes"/>
 </way>
 <way id="746953492" visible="true" version="1" changeset="77273554" timestamp="2019-11-19T12:10:43Z" user="Arun Balaji" uid="3427745">
  <nd ref="6989661917"/>
  <nd ref="6989661914"/>
  <nd ref="6989661915"/>
  <nd ref="6989661916"/>
  <nd ref="6989661917"/>
  <tag k="building" v="yes"/>
 </way>
 <way id="746953493" visible="true" version="1" changeset="77273554" timestamp="2019-11-19T12:10:43Z" user="Arun Balaji" uid="3427745">
  <nd ref="6989661921"/>
  <nd ref="6989661918"/>
  <nd ref="6989661919"/>
  <nd ref="6989661920"/>
  <nd ref="6989661921"/>
  <tag k="building" v="yes"/>
 </way>
 <way id="746953494" visible="true" version="1" changeset="77273554" timestamp="2019-11-19T12:10:43Z" user="Arun Balaji" uid="3427745">
  <nd ref="6989661925"/>
  <nd ref="6989661924"/>
  <nd ref="6989661923"/>
  <nd ref="6989661922"/>
  <nd ref="6989661925"/>
  <tag k="building" v="yes"/>
 </way>
 <way id="746953499" visible="true" version="1" changeset="77273554" timestamp="2019-11-19T12:10:43Z" user="Arun Balaji" uid="3427745">
  <nd ref="6989661947"/>
  <nd ref="6989661944"/>
  <nd ref="6989661945"/>
  <nd ref="6989661946"/>
  <nd ref="6989661947"/>
  <tag k="building" v="yes"/>
 </way>
 <way id="746953500" visible="true" version="1" changeset="77273554" timestamp="2019-11-19T12:10:43Z" user="Arun Balaji" uid="3427745">
  <nd ref="6989661951"/>
  <nd ref="6989661948"/>
  <nd ref="6989661949"/>
  <nd ref="6989661950"/>
  <nd ref="6989661951"/>
  <tag k="building" v="yes"/>
 </way>
 <way id="746953532" visible="true" version="1" changeset="77273554" timestamp="2019-11-19T12:10:43Z" user="Arun Balaji" uid="3427745">
  <nd ref="6989667485"/>
  <nd ref="6989667484"/>
  <nd ref="6989667481"/>
  <nd ref="6989667479"/>
  <nd ref="6989667478"/>
  <nd ref="6989667480"/>
  <nd ref="6989667483"/>
  <nd ref="6989667482"/>
  <nd ref="6989667485"/>
  <tag k="building" v="yes"/>
 </way>
 <way id="746953533" visible="true" version="1" changeset="77273554" timestamp="2019-11-19T12:10:43Z" user="Arun Balaji" uid="3427745">
  <nd ref="6989667489"/>
  <nd ref="6989667488"/>
  <nd ref="6989667487"/>
  <nd ref="6989667486"/>
  <nd ref="6989667489"/>
  <tag k="building" v="yes"/>
 </way>
 <way id="746953534" visible="true" version="1" changeset="77273554" timestamp="2019-11-19T12:10:43Z" user="Arun Balaji" uid="3427745">
  <nd ref="6989667495"/>
  <nd ref="6989667491"/>
  <nd ref="6989667490"/>
  <nd ref="6989667492"/>
  <nd ref="6989667493"/>
  <nd ref="6989667494"/>
  <nd ref="6989667495"/>
  <tag k="building" v="yes"/>
 </way>
 <way id="746953535" visible="true" version="1" changeset="77273554" timestamp="2019-11-19T12:10:43Z" user="Arun Balaji" uid="3427745">
  <nd ref="6989667499"/>
  <nd ref="6989667496"/>
  <nd ref="6989667497"/>
  <nd ref="6989667498"/>
  <nd ref="6989667499"/>
  <tag k="building" v="yes"/>
 </way>
 <way id="747084697" visible="true" version="1" changeset="77285766" timestamp="2019-11-19T17:59:56Z" user="Arun Balaji" uid="3427745">
  <nd ref="6990553781"/>
  <nd ref="6990553780"/>
  <nd ref="6990553779"/>
  <nd ref="6990553778"/>
  <nd ref="6990553781"/>
  <tag k="building" v="yes"/>
 </way>
 <way id="747084698" visible="true" version="1" changeset="77285766" timestamp="2019-11-19T17:59:56Z" user="Arun Balaji" uid="3427745">
  <nd ref="6990553785"/>
  <nd ref="6990553782"/>
  <nd ref="6990553783"/>
  <nd ref="6990553784"/>
  <nd ref="6990553785"/>
  <tag k="building" v="yes"/>
 </way>
 <way id="747084699" visible="true" version="1" changeset="77285766" timestamp="2019-11-19T17:59:56Z" user="Arun Balaji" uid="3427745">
  <nd ref="6990553789"/>
  <nd ref="6990553788"/>
  <nd ref="6990553787"/>
  <nd ref="6990553786"/>
  <nd ref="6990553789"/>
  <tag k="building" v="yes"/>
 </way>
 <way id="747084700" visible="true" version="1" changeset="77285766" timestamp="2019-11-19T17:59:56Z" user="Arun Balaji" uid="3427745">
  <nd ref="6990553793"/>
  <nd ref="6990553792"/>
  <nd ref="6990553791"/>
  <nd ref="6990553790"/>
  <nd ref="6990553793"/>
  <tag k="building" v="yes"/>
 </way>
 <way id="747084701" visible="true" version="1" changeset="77285766" timestamp="2019-11-19T17:59:56Z" user="Arun Balaji" uid="3427745">
  <nd ref="6990553797"/>
  <nd ref="6990553796"/>
  <nd ref="6990553795"/>
  <nd ref="6990553794"/>
  <nd ref="6990553797"/>
  <tag k="building" v="yes"/>
 </way>
 <way id="747084702" visible="true" version="1" changeset="77285766" timestamp="2019-11-19T17:59:56Z" user="Arun Balaji" uid="3427745">
  <nd ref="6990553801"/>
  <nd ref="6990553798"/>
  <nd ref="6990553799"/>
  <nd ref="6990553800"/>
  <nd ref="6990553801"/>
  <tag k="building" v="yes"/>
 </way>
 <way id="747084707" visible="true" version="1" changeset="77285766" timestamp="2019-11-19T17:59:56Z" user="Arun Balaji" uid="3427745">
  <nd ref="6990553822"/>
  <nd ref="6990553821"/>
  <nd ref="6990553820"/>
  <nd ref="6990553819"/>
  <nd ref="6990553822"/>
  <tag k="building" v="yes"/>
 </way>
 <way id="747084708" visible="true" version="1" changeset="77285766" timestamp="2019-11-19T17:59:56Z" user="Arun Balaji" uid="3427745">
  <nd ref="6990553826"/>
  <nd ref="6990553825"/>
  <nd ref="6990553824"/>
  <nd ref="6990553823"/>
  <nd ref="6990553826"/>
  <tag k="building" v="yes"/>
 </way>
 <way id="747084709" visible="true" version="1" changeset="77285766" timestamp="2019-11-19T17:59:56Z" user="Arun Balaji" uid="3427745">
  <nd ref="6990553830"/>
  <nd ref="6990553829"/>
  <nd ref="6990553828"/>
  <nd ref="6990553827"/>
  <nd ref="6990553830"/>
  <tag k="building" v="yes"/>
 </way>
 <way id="747084710" visible="true" version="1" changeset="77285766" timestamp="2019-11-19T17:59:56Z" user="Arun Balaji" uid="3427745">
  <nd ref="6990553834"/>
  <nd ref="6990553831"/>
  <nd ref="6990553832"/>
  <nd ref="6990553833"/>
  <nd ref="6990553834"/>
  <tag k="building" v="yes"/>
 </way>
 <way id="747084711" visible="true" version="1" changeset="77285766" timestamp="2019-11-19T17:59:56Z" user="Arun Balaji" uid="3427745">
  <nd ref="6990553838"/>
  <nd ref="6990553837"/>
  <nd ref="6990553836"/>
  <nd ref="6990553835"/>
  <nd ref="6990553838"/>
  <tag k="building" v="yes"/>
 </way>
 <way id="747084712" visible="true" version="1" changeset="77285766" timestamp="2019-11-19T17:59:56Z" user="Arun Balaji" uid="3427745">
  <nd ref="6990553842"/>
  <nd ref="6990553841"/>
  <nd ref="6990553840"/>
  <nd ref="6990553839"/>
  <nd ref="6990553842"/>
  <tag k="building" v="yes"/>
 </way>
 <way id="747084713" visible="true" version="1" changeset="77285766" timestamp="2019-11-19T17:59:56Z" user="Arun Balaji" uid="3427745">
  <nd ref="6990553846"/>
  <nd ref="6990553843"/>
  <nd ref="6990553844"/>
  <nd ref="6990553845"/>
  <nd ref="6990553846"/>
  <tag k="building" v="yes"/>
 </way>
 <way id="747084714" visible="true" version="1" changeset="77285766" timestamp="2019-11-19T17:59:56Z" user="Arun Balaji" uid="3427745">
  <nd ref="6990553850"/>
  <nd ref="6990553847"/>
  <nd ref="6990553848"/>
  <nd ref="6990553849"/>
  <nd ref="6990553850"/>
  <tag k="building" v="yes"/>
 </way>
 <way id="747084715" visible="true" version="1" changeset="77285766" timestamp="2019-11-19T17:59:56Z" user="Arun Balaji" uid="3427745">
  <nd ref="6990553854"/>
  <nd ref="6990553851"/>
  <nd ref="6990553852"/>
  <nd ref="6990553853"/>
  <nd ref="6990553854"/>
  <tag k="building" v="yes"/>
 </way>
 <way id="747084716" visible="true" version="1" changeset="77285766" timestamp="2019-11-19T17:59:56Z" user="Arun Balaji" uid="3427745">
  <nd ref="6990553858"/>
  <nd ref="6990553855"/>
  <nd ref="6990553856"/>
  <nd ref="6990553857"/>
  <nd ref="6990553858"/>
  <tag k="building" v="yes"/>
 </way>
 <way id="749019486" visible="true" version="1" changeset="77463928" timestamp="2019-11-23T17:00:17Z" user="Arun Balaji" uid="3427745">
  <nd ref="7004470273"/>
  <nd ref="7004470272"/>
  <nd ref="7004470271"/>
  <nd ref="7004470270"/>
  <nd ref="7004470273"/>
  <tag k="building" v="yes"/>
 </way>
 <way id="749019487" visible="true" version="1" changeset="77463928" timestamp="2019-11-23T17:00:17Z" user="Arun Balaji" uid="3427745">
  <nd ref="7004470277"/>
  <nd ref="7004470276"/>
  <nd ref="7004470275"/>
  <nd ref="7004470274"/>
  <nd ref="7004470277"/>
  <tag k="building" v="yes"/>
 </way>
 <way id="749019488" visible="true" version="1" changeset="77463928" timestamp="2019-11-23T17:00:17Z" user="Arun Balaji" uid="3427745">
  <nd ref="7004470281"/>
  <nd ref="7004470280"/>
  <nd ref="7004470279"/>
  <nd ref="7004470278"/>
  <nd ref="7004470281"/>
  <tag k="building" v="yes"/>
 </way>
 <way id="749019489" visible="true" version="1" changeset="77463928" timestamp="2019-11-23T17:00:17Z" user="Arun Balaji" uid="3427745">
  <nd ref="7004481887"/>
  <nd ref="7004481886"/>
  <nd ref="7004481885"/>
  <nd ref="7004470283"/>
  <nd ref="7004470282"/>
  <nd ref="7004470284"/>
  <nd ref="7004481887"/>
  <tag k="building" v="yes"/>
 </way>
 <way id="749019490" visible="true" version="1" changeset="77463928" timestamp="2019-11-23T17:00:17Z" user="Arun Balaji" uid="3427745">
  <nd ref="7004481891"/>
  <nd ref="7004481888"/>
  <nd ref="7004481889"/>
  <nd ref="7004481890"/>
  <nd ref="7004481891"/>
  <tag k="building" v="yes"/>
 </way>
 <way id="749019491" visible="true" version="1" changeset="77463928" timestamp="2019-11-23T17:00:17Z" user="Arun Balaji" uid="3427745">
  <nd ref="7004481895"/>
  <nd ref="7004481892"/>
  <nd ref="7004481893"/>
  <nd ref="7004481894"/>
  <nd ref="7004481895"/>
  <tag k="building" v="yes"/>
 </way>
 <way id="749019494" visible="true" version="1" changeset="77463928" timestamp="2019-11-23T17:00:17Z" user="Arun Balaji" uid="3427745">
  <nd ref="7004481907"/>
  <nd ref="7004481906"/>
  <nd ref="7004481905"/>
  <nd ref="7004481904"/>
  <nd ref="7004481907"/>
  <tag k="building" v="yes"/>
 </way>
 <way id="749019495" visible="true" version="1" changeset="77463928" timestamp="2019-11-23T17:00:17Z" user="Arun Balaji" uid="3427745">
  <nd ref="7004481911"/>
  <nd ref="7004481910"/>
  <nd ref="7004481909"/>
  <nd ref="7004481908"/>
  <nd ref="7004481911"/>
  <tag k="building" v="yes"/>
 </way>
 <way id="749019502" visible="true" version="1" changeset="77463928" timestamp="2019-11-23T17:00:17Z" user="Arun Balaji" uid="3427745">
  <nd ref="7004481939"/>
  <nd ref="7004481938"/>
  <nd ref="7004481937"/>
  <nd ref="7004481936"/>
  <nd ref="7004481939"/>
  <tag k="building" v="yes"/>
 </way>
 <way id="749019503" visible="true" version="1" changeset="77463928" timestamp="2019-11-23T17:00:17Z" user="Arun Balaji" uid="3427745">
  <nd ref="7004481943"/>
  <nd ref="7004481942"/>
  <nd ref="7004481941"/>
  <nd ref="7004481940"/>
  <nd ref="7004481943"/>
  <tag k="building" v="yes"/>
 </way>
 <way id="749019504" visible="true" version="1" changeset="77463928" timestamp="2019-11-23T17:00:17Z" user="Arun Balaji" uid="3427745">
  <nd ref="7004481947"/>
  <nd ref="7004481944"/>
  <nd ref="7004481945"/>
  <nd ref="7004481946"/>
  <nd ref="7004481947"/>
  <tag k="building" v="yes"/>
 </way>
 <way id="749019505" visible="true" version="1" changeset="77463928" timestamp="2019-11-23T17:00:17Z" user="Arun Balaji" uid="3427745">
  <nd ref="7004481951"/>
  <nd ref="7004481948"/>
  <nd ref="7004481949"/>
  <nd ref="7004481950"/>
  <nd ref="7004481951"/>
  <tag k="building" v="yes"/>
 </way>
 <way id="749019506" visible="true" version="1" changeset="77463928" timestamp="2019-11-23T17:00:17Z" user="Arun Balaji" uid="3427745">
  <nd ref="7004481955"/>
  <nd ref="7004481954"/>
  <nd ref="7004481953"/>
  <nd ref="7004481952"/>
  <nd ref="7004481955"/>
  <tag k="building" v="yes"/>
 </way>
 <way id="749019507" visible="true" version="1" changeset="77463928" timestamp="2019-11-23T17:00:17Z" user="Arun Balaji" uid="3427745">
  <nd ref="7004481959"/>
  <nd ref="7004481958"/>
  <nd ref="7004481957"/>
  <nd ref="7004481956"/>
  <nd ref="7004481959"/>
  <tag k="building" v="yes"/>
 </way>
 <way id="749019508" visible="true" version="1" changeset="77463928" timestamp="2019-11-23T17:00:17Z" user="Arun Balaji" uid="3427745">
  <nd ref="7004481963"/>
  <nd ref="7004481962"/>
  <nd ref="7004481961"/>
  <nd ref="7004481960"/>
  <nd ref="7004481963"/>
  <tag k="building" v="yes"/>
 </way>
 <way id="992386532" visible="true" version="3" changeset="126206210" timestamp="2022-09-15T05:51:36Z" user="VLD258" uid="10979442">
  <nd ref="9168906855"/>
  <nd ref="9168906856"/>
  <nd ref="9168906857"/>
  <nd ref="10026157939"/>
  <nd ref="10026157940"/>
  <nd ref="9168906858"/>
  <nd ref="9168906859"/>
  <nd ref="10026157938"/>
  <nd ref="10026157937"/>
  <nd ref="10026157941"/>
  <nd ref="10026157942"/>
  <nd ref="9168906861"/>
  <nd ref="10026157943"/>
  <nd ref="9168906863"/>
  <nd ref="10026127996"/>
  <nd ref="10026127992"/>
  <nd ref="10026127995"/>
  <nd ref="10026127997"/>
  <nd ref="10026127993"/>
  <nd ref="10026127994"/>
  <tag k="highway" v="service"/>
  <tag k="source" v="maxar"/>
 </way>
 <way id="992386533" visible="true" version="2" changeset="126205501" timestamp="2022-09-15T05:24:57Z" user="VLD258" uid="10979442">
  <nd ref="3502469054"/>
  <nd ref="10026157570"/>
  <nd ref="10026157571"/>
  <nd ref="10026157569"/>
  <nd ref="9168906865"/>
  <tag k="highway" v="residential"/>
  <tag k="source" v="maxar"/>
 </way>
 <way id="1094673107" visible="true" version="1" changeset="126204234" timestamp="2022-09-15T04:29:51Z" user="VLD258" uid="10979442">
  <nd ref="3639317474"/>
  <nd ref="3639317481"/>
  <nd ref="10026104376"/>
  <nd ref="10026104377"/>
  <nd ref="10026104375"/>
  <nd ref="1399999477"/>
  <tag k="highway" v="residential"/>
  <tag k="surface" v="asphalt"/>
 </way>
 <way id="1094673108" visible="true" version="3" changeset="126219534" timestamp="2022-09-15T11:14:50Z" user="VLD258" uid="10979442">
  <nd ref="10026104378"/>
  <nd ref="10026647064"/>
  <nd ref="10026647061"/>
  <nd ref="10026647062"/>
  <nd ref="10026647063"/>
  <nd ref="10026104379"/>
  <nd ref="10026104380"/>
  <tag k="highway" v="residential"/>
  <tag k="source" v="maxar"/>
 </way>
 <way id="1094674236" visible="true" version="2" changeset="126204634" timestamp="2022-09-15T04:50:30Z" user="VLD258" uid="10979442">
  <nd ref="3633987477"/>
  <nd ref="3633987478"/>
  <nd ref="3633987479"/>
  <nd ref="3633987480"/>
  <nd ref="10026125989"/>
  <nd ref="3633987481"/>
  <nd ref="3633987482"/>
  <nd ref="3633987483"/>
  <nd ref="3633987484"/>
  <nd ref="10026125990"/>
  <nd ref="3633987485"/>
  <nd ref="10026125991"/>
  <nd ref="3633987486"/>
  <nd ref="3633987487"/>
  <nd ref="10026125997"/>
  <nd ref="3633987489"/>
  <tag k="highway" v="residential"/>
 </way>
 <way id="1094675162" visible="true" version="1" changeset="126204634" timestamp="2022-09-15T04:50:30Z" user="VLD258" uid="10979442">
  <nd ref="10026094401"/>
  <nd ref="10026125969"/>
  <nd ref="10026125975"/>
  <nd ref="10026125970"/>
  <nd ref="10026125976"/>
  <nd ref="10026125971"/>
  <nd ref="10026125977"/>
  <nd ref="10026125972"/>
  <nd ref="10026125979"/>
  <nd ref="10026125980"/>
  <nd ref="10026125973"/>
  <nd ref="10026125978"/>
  <nd ref="10026125974"/>
  <tag k="highway" v="residential"/>
  <tag k="source" v="maxar"/>
 </way>
 <way id="1094675163" visible="true" version="1" changeset="126204634" timestamp="2022-09-15T04:50:30Z" user="VLD258" uid="10979442">
  <nd ref="10026125981"/>
  <nd ref="10026125982"/>
  <tag k="highway" v="residential"/>
  <tag k="source" v="maxar"/>
 </way>
 <way id="1094675164" visible="true" version="2" changeset="126204959" timestamp="2022-09-15T05:03:06Z" user="VLD258" uid="10979442">
  <nd ref="3633987489"/>
  <nd ref="10026095007"/>
  <nd ref="3633987492"/>
  <tag k="highway" v="residential"/>
 </way>
 <way id="1094675165" visible="true" version="1" changeset="126204634" timestamp="2022-09-15T04:50:30Z" user="VLD258" uid="10979442">
  <nd ref="10026125997"/>
  <nd ref="10026125998"/>
  <tag k="highway" v="residential"/>
  <tag k="source" v="maxar"/>
 </way>
 <way id="1094676579" visible="true" version="1" changeset="126204959" timestamp="2022-09-15T05:03:06Z" user="VLD258" uid="10979442">
  <nd ref="10026095007"/>
  <nd ref="10026095008"/>
  <tag k="highway" v="residential"/>
  <tag k="source" v="maxar"/>
 </way>
 <way id="1094676580" visible="true" version="2" changeset="131174331" timestamp="2023-01-12T07:38:51Z" user="Kavithaptpm" uid="12266079">
  <nd ref="10026095009"/>
  <nd ref="10026095010"/>
  <nd ref="10026095011"/>
  <nd ref="10026135757"/>
  <nd ref="10026095012"/>
  <nd ref="10026135758"/>
  <nd ref="10026135756"/>
  <nd ref="10026095013"/>
  <nd ref="10026095014"/>
  <nd ref="10026095015"/>
  <nd ref="10026135755"/>
  <nd ref="10026095016"/>
  <nd ref="10026135717"/>
  <nd ref="10026135718"/>
  <nd ref="10026135719"/>
  <nd ref="10026135754"/>
  <nd ref="10026135751"/>
  <nd ref="10026135752"/>
  <nd ref="10026135753"/>
  <nd ref="10026135720"/>
  <nd ref="10026135749"/>
  <nd ref="10026135772"/>
  <nd ref="10026135748"/>
  <nd ref="10026135750"/>
  <nd ref="10026135747"/>
  <nd ref="10026135746"/>
  <nd ref="10542472899"/>
  <nd ref="10026135721"/>
  <nd ref="10026135744"/>
  <nd ref="10026135745"/>
  <nd ref="10026135722"/>
  <nd ref="10026135742"/>
  <nd ref="10026135743"/>
  <nd ref="10026135723"/>
  <nd ref="10026135741"/>
  <nd ref="10026135724"/>
  <nd ref="10026135725"/>
  <nd ref="10026135738"/>
  <nd ref="10026135739"/>
  <nd ref="10026135740"/>
  <nd ref="10026135726"/>
  <nd ref="10026135736"/>
  <nd ref="10026135727"/>
  <nd ref="10026135737"/>
  <nd ref="10026135728"/>
  <nd ref="10026135734"/>
  <nd ref="10026135735"/>
  <nd ref="10026135729"/>
  <nd ref="10026135733"/>
  <nd ref="10026135732"/>
  <nd ref="10026135731"/>
  <nd ref="10026135730"/>
  <tag k="highway" v="residential"/>
  <tag k="source" v="maxar"/>
 </way>
 <way id="1094676583" visible="true" version="1" changeset="126204959" timestamp="2022-09-15T05:03:06Z" user="VLD258" uid="10979442">
  <nd ref="10026135772"/>
  <nd ref="10026135773"/>
  <tag k="highway" v="residential"/>
  <tag k="source" v="maxar"/>
 </way>
 <way id="1094679164" visible="true" version="1" changeset="126205501" timestamp="2022-09-15T05:24:57Z" user="VLD258" uid="10979442">
  <nd ref="10026157557"/>
  <nd ref="6810730857"/>
  <nd ref="6810730854"/>
  <nd ref="6810730825"/>
  <nd ref="6810730851"/>
  <nd ref="10026157543"/>
  <nd ref="10026157544"/>
  <nd ref="6810730850"/>
  <nd ref="6810730849"/>
  <nd ref="10026157559"/>
  <nd ref="10026157558"/>
  <nd ref="6810730848"/>
  <nd ref="10026157533"/>
  <nd ref="10026157535"/>
  <nd ref="10026150525"/>
  <nd ref="6810730844"/>
  <tag k="highway" v="residential"/>
 </way>
 <way id="1094679410" visible="true" version="1" changeset="126205617" timestamp="2022-09-15T05:29:16Z" user="VLD258" uid="10979442">
  <nd ref="10026159178"/>
  <nd ref="10026159177"/>
  <tag k="highway" v="residential"/>
  <tag k="source" v="maxar"/>
 </way>
 <way id="1094687959" visible="true" version="1" changeset="126207489" timestamp="2022-09-15T06:30:15Z" user="VLD258" uid="10979442">
  <nd ref="10026214454"/>
  <nd ref="10026214464"/>
  <nd ref="10026214460"/>
  <nd ref="10026214463"/>
  <nd ref="10026214461"/>
  <nd ref="10026214462"/>
  <nd ref="10026214465"/>
  <nd ref="10026214459"/>
  <nd ref="10026214455"/>
  <nd ref="10026214466"/>
  <nd ref="10026214467"/>
  <nd ref="10026214456"/>
  <nd ref="10026214469"/>
  <nd ref="10026214457"/>
  <nd ref="10026214470"/>
  <nd ref="10026214468"/>
  <nd ref="10026214471"/>
  <nd ref="10026214458"/>
  <tag k="highway" v="residential"/>
  <tag k="source" v="maxar"/>
 </way>
 <way id="1094687960" visible="true" version="1" changeset="126207489" timestamp="2022-09-15T06:30:15Z" user="VLD258" uid="10979442">
  <nd ref="10026214471"/>
  <nd ref="10026206634"/>
  <tag k="highway" v="residential"/>
  <tag k="source" v="maxar"/>
 </way>
 <way id="1094697600" visible="true" version="1" changeset="126209536" timestamp="2022-09-15T07:22:11Z" user="VLD258" uid="10979442">
  <nd ref="10026306597"/>
  <nd ref="10026306598"/>
  <nd ref="10026306599"/>
  <nd ref="10026320921"/>
  <nd ref="10026306600"/>
  <nd ref="10026320920"/>
  <nd ref="10026306601"/>
  <nd ref="10026320919"/>
  <nd ref="10026320917"/>
  <nd ref="10026320918"/>
  <nd ref="10026320955"/>
  <nd ref="10026306602"/>
  <nd ref="10026306616"/>
  <nd ref="10026306615"/>
  <nd ref="10026306614"/>
  <nd ref="10026306603"/>
  <nd ref="10026306613"/>
  <nd ref="10026306612"/>
  <nd ref="10026306604"/>
  <nd ref="10026306611"/>
  <nd ref="10026306610"/>
  <nd ref="10026306605"/>
  <nd ref="10026306609"/>
  <nd ref="10026320931"/>
  <nd ref="10026306606"/>
  <nd ref="10026306608"/>
  <nd ref="10026306607"/>
  <nd ref="10026303078"/>
  <tag k="highway" v="residential"/>
  <tag k="source" v="maxar"/>
 </way>
 <way id="1094697601" visible="true" version="1" changeset="126209536" timestamp="2022-09-15T07:22:11Z" user="VLD258" uid="10979442">
  <nd ref="10026320918"/>
  <nd ref="10026320922"/>
  <nd ref="10026320926"/>
  <nd ref="10026320927"/>
  <nd ref="10026320923"/>
  <nd ref="10026320929"/>
  <nd ref="10026320928"/>
  <nd ref="10026320924"/>
  <nd ref="10026320925"/>
  <tag k="highway" v="residential"/>
  <tag k="source" v="maxar"/>
 </way>
 <way id="1094697602" visible="true" version="1" changeset="126209536" timestamp="2022-09-15T07:22:11Z" user="VLD258" uid="10979442">
  <nd ref="10026320931"/>
  <nd ref="10026320930"/>
  <tag k="highway" v="residential"/>
  <tag k="source" v="maxar"/>
 </way>
 <way id="1094697603" visible="true" version="1" changeset="126209536" timestamp="2022-09-15T07:22:11Z" user="VLD258" uid="10979442">
  <nd ref="10026306611"/>
  <nd ref="10026320932"/>
  <nd ref="10026320937"/>
  <nd ref="10026320933"/>
  <nd ref="10026320939"/>
  <nd ref="10026320938"/>
  <nd ref="10026320940"/>
  <nd ref="10026320941"/>
  <nd ref="10026320934"/>
  <nd ref="10026320942"/>
  <nd ref="10026320943"/>
  <nd ref="10026320944"/>
  <nd ref="10026320935"/>
  <nd ref="10026320936"/>
  <tag k="highway" v="residential"/>
  <tag k="source" v="maxar"/>
 </way>
 <way id="1094697605" visible="true" version="1" changeset="126209536" timestamp="2022-09-15T07:22:11Z" user="VLD258" uid="10979442">
  <nd ref="10026320953"/>
  <nd ref="10026320954"/>
  <tag k="highway" v="residential"/>
  <tag k="source" v="maxar"/>
 </way>
 <way id="1094734298" visible="true" version="1" changeset="126216436" timestamp="2022-09-15T10:10:00Z" user="VLD258" uid="10979442">
  <nd ref="3639317467"/>
  <nd ref="10026630685"/>
  <nd ref="10026630690"/>
  <nd ref="10026630688"/>
  <nd ref="10026630689"/>
  <nd ref="10026630687"/>
  <nd ref="10026630686"/>
  <tag k="highway" v="residential"/>
  <tag k="source" v="maxar"/>
 </way>
 <way id="1094734299" visible="true" version="1" changeset="126216436" timestamp="2022-09-15T10:10:00Z" user="VLD258" uid="10979442">
  <nd ref="10026630691"/>
  <nd ref="10026630692"/>
  <nd ref="10026630694"/>
  <nd ref="10026630693"/>
  <tag k="highway" v="residential"/>
  <tag k="source" v="maxar"/>
 </way>
 <way id="1131099771" visible="true" version="1" changeset="131174331" timestamp="2023-01-12T07:38:51Z" user="Kavithaptpm" uid="12266079">
  <nd ref="10542472898"/>
  <nd ref="10542472899"/>
  <tag k="highway" v="residential"/>
 </way>
 <way id="1312945863" visible="true" version="2" changeset="157077610" timestamp="2024-09-25T11:31:08Z" user="Harish Karnatak" uid="106263">
  <nd ref="12152957495"/>
  <nd ref="12152957496"/>
  <nd ref="12152957497"/>
  <nd ref="12152957498"/>
  <nd ref="12152957499"/>
  <nd ref="12152957500"/>
  <nd ref="12152968601"/>
  <nd ref="12152968602"/>
  <nd ref="12152968603"/>
  <nd ref="12152968604"/>
  <nd ref="12152968605"/>
  <nd ref="12152957495"/>
  <tag k="building" v="yes"/>
  <tag k="layer" v="1"/>
 </way>
 <way id="1312945864" visible="true" version="1" changeset="156123535" timestamp="2024-09-03T04:03:47Z" user="Kamal Pandey" uid="8598172">
  <nd ref="12152957496"/>
  <nd ref="12152957497"/>
  <nd ref="12152957499"/>
  <nd ref="12152957500"/>
  <nd ref="12152968601"/>
  <nd ref="12152968602"/>
  <nd ref="12152968604"/>
  <nd ref="12152968605"/>
  <nd ref="12152957495"/>
  <nd ref="12152957496"/>
  <tag k="building" v="yes"/>
  <tag k="name" v="New Academic Block"/>
 </way>
 <way id="1320718814" visible="true" version="1" changeset="157457080" timestamp="2024-10-04T11:40:04Z" user="Shubhangam Garg" uid="22029285">
  <nd ref="12222182685"/>
  <nd ref="12222182686"/>
  <nd ref="12222182687"/>
  <nd ref="12222182688"/>
  <nd ref="12222182689"/>
  <nd ref="12222182690"/>
  <nd ref="12222182691"/>
  <nd ref="12222182692"/>
  <nd ref="12222182693"/>
  <nd ref="12222182694"/>
  <nd ref="12222182695"/>
  <nd ref="12222182696"/>
  <nd ref="12222182697"/>
  <nd ref="12222182698"/>
  <nd ref="12222182699"/>
  <nd ref="12222182685"/>
  <tag k="addr:city" v="Dehradun"/>
  <tag k="addr:district" v="Dehradun"/>
  <tag k="addr:housenumber" v="4"/>
  <tag k="addr:postcode" v="248001"/>
  <tag k="addr:street" v="Kalidas Road"/>
  <tag k="building:levels" v="3"/>
  <tag k="height" v="15"/>
  <tag k="landuse" v="commercial"/>
  <tag k="name" v="IIRS New Academic Building"/>
 </way>
</osm>
